id,name,complexity,bonus,task,solution,cost,rating,page_id,solution_cost,priority,company_id,is_visible,is_private,recommendation
1,Сумма 2 чисел,1,5,"<p>Дан массив целых чисел <code>nums</code> и целое число <code>target</code>. Вернуть индексы 2 чисел из массива <code>nums</code>, которые в сумме дают число <code>target</code>. Если <code>target</code> можно получить несколькими способами, то в качестве результата вернуть только один.</p><p>Пример:</p><pre><strong>Дано:</strong> nums = [2,7,11,15], target = 9
<strong>Результат:</strong> [0,1]
</pre>","<inject-highlight>class Answer:
    def twoSum(self, nums, target):
        seen = {}
        for i, v in enumerate(nums):
            remaining = target - v
            if remaining in seen:
                return [seen[remaining], i]
            seen[v] = i
        return []
</inject-highlight>",20,91.0,36,0,890.0,,True,False,
2,Преобразование массива,1,5,"<p>Дан массив целых чисел <code>nums</code> размерности <code>2n</code>. Элементы массива расположены в следующем порядке: <code>[x1,x2,...,xn,y1,y2,...,yn]</code>. Необходимо преобразовать массив к виду <code>[x1,y1,x2,y2,...,xn,yn]</code>.</p><p>Пример:</p><pre><strong>Дано:</strong> nums = [2,5,1,3,4,7], n = 3
<strong>Результат:</strong> [2,3,5,4,1,7]
</pre>","<inject-highlight>class Answer:
    def shuffle(self, nums, n):
            res = []
            for i, j in zip(nums[:n],nums[n:]):
                res += [i,j]
            return res
</inject-highlight>",20,93.0,37,0,1.0,,True,False,
3,Задача о детях и конфетах,1,5,"<p>Дан массив целых чисел <code>candies</code>, на <code>i</code> месте в котором находится количество конфет у <code>i</code> ребенка. Также дано целое число <code>extraCandies</code>. Необходимо для каждого ребенка проверить: если дать ему <code>extraCandies</code>, будет ли у него больше всего конфет?</p><p>Примечание: Одновременно может быть несколько детей с одинаково большим количеством конфет.</p><p>Пример 1:</p><pre><strong>Дано:</strong> candies = [2,3,5,1,3], extraCandies = 3
<strong>Результат:</strong> [true,true,true,false,true]
</pre><p>Пример 2:</p><pre><strong>Дано:</strong> candies = [12,1,12], extraCandies = 10
<strong>Результат:</strong> [true,false,true]
</pre>","<inject-highlight>class Answer:
    def kidsWithCandies(self, candies, extraCandies):
      m = max(candies)
      return [candie + extraCandies >= m for candie in candies]
</inject-highlight>",0,97.0,38,0,890.0,,True,False,
4,Задача о «хороших парах»,1,5,"<p>Дан массив целых чисел nums. Необходимо посчитать количество «хороших пар». Пара <code>(i, j)</code> называется хорошей, если:</p><ol><li><code>nums[i] == nums[j]</code></li><li><code>i < j</code></li></ol><p>Пример 1:</p><inject-highlight>Дано: nums = [1,2,3,1,1,3]
Результат: 4
</inject-highlight><p>Пример 2:</p><inject-highlight>Дано: nums = [1,1,1,1]
Результат: 6
</inject-highlight><p>Пример 3:</p><inject-highlight>Дано: nums = [1,2,3]
Результат: 0
</inject-highlight>","<inject-highlight>from collections import Counter

class Answer:
    def numIdenticalPairs(self, A):
        return sum(k * (k - 1) / 2 for k in Counter(A).values())
</inject-highlight>",20,89.0,39,0,890.0,,True,False,
5,Числа с четным числом цифр,1,5,"<p>Дан массив целых чисел <code>nums</code>. Найти количество чисел, у которых четное число цифр в записи числа.</p><p>Пример:</p><pre><strong>Дано:</strong> nums = [12,345,2,6,7896]
<strong>Результат:</strong> 2
</pre>","<inject-highlight>class Answer:
    def findNumbers(self, nums):
        return len([x for x in nums if len(str(x)) % 2 == 0])
</inject-highlight>",20,92.0,40,0,1.0,,True,False,
6,Максимальное количество конфет,2,10,"<p>Дан массив <code>costs</code>, где на <code>i</code> месте стоит стоимость <code>i</code> конфеты. У мальчика есть <code>coins</code> монет, и он хочет купить как можно больше конфет. Какое максимальное число конфет мальчик может купить?</p><p>Пример 1:</p><pre><strong>Дано:</strong> costs = [1,3,2,4,1], coins = 7
<strong>Результат:</strong> 4
<strong>Объяснение:</strong> Мальчик может купить конфеты с индексами 0,1,2,4, потратив на них 1 + 3 + 2 + 1 = 7.
</pre><p>Пример 2:</p><pre><strong>Дано:</strong> costs = [10,6,8,7,7,8], coins = 5
<strong>Результат:</strong> 0
<strong>Объяснение:</strong> Самая дешевая конфета стоит больше 5 монет, поэтому мальчик не сможет купить конфеты.
</pre>","<inject-highlight>class Answer:
      def maxCandies(self, costs, coins):
        costs.sort() 
        count = 0  
        for i in costs:
            if(coins-i>=0):  
                coins -= i
                count +=1
        return count
</inject-highlight>",30,93.0,46,0,1.0,,True,False,
7,Сумма непересекающихся подмассивов,2,10,"<p>Дан массив неотрицательных целых чисел <code>A</code>. Найти максимальную сумму двух непересекающихся подмассивов длины <code>L</code> и <code>M</code>, соответственно.</p><p>Пример 1:</p><pre><strong>Вход:</strong> A = [0,6,5,2,2,5,1,9,4], L = 1, M = 2
<strong>Результат:</strong> 20
<strong>Объяснение:</strong> Для получения максимальной суммы, мы выбираем [9] в качестве подмассива длины L (1), а [5, 6] в качестве подмассива длины M (2).
</pre><p>Пример 2:</p><pre><strong>Вход:</strong> A = [2,1,5,6,0,9,5,0,3,8], L = 4, M = 3
<strong>Результат:</strong> 31
<strong>Объяснение:</strong> Для получения макисмальной суммы, мы выбираем [5,6,0,9] в качестве подмассива длины 4 и [0,3,8] в качестве подмассива длины 3.
</pre>","<inject-highlight>class Solution:
    def maxSumTwoNoOverlap(self, A: List[int], L: int, M: int) -> int:
        prefix = [0]
        maxl = maxm = summ = 0
        for x in A:
            prefix.append(prefix[-1] + x)

        for x in range(M, len(prefix) - L):
            maxm = max(maxm, prefix[x] - prefix[x - M])
            summ = max(summ, maxm + prefix[x + L] - prefix[x])

        for x in range(L, len(prefix) - M):
            maxl = max(maxl, prefix[x] - prefix[x - L])
            summ = max(summ, maxl + prefix[x + M] - prefix[x])

        return summ
</inject-highlight>",30,91.0,47,0,1.0,,True,False,
8,Нахождение дубликата,2,10,"<p>Дан массив <code>nums</code>, в котором содержится <code>n+1</code> чисел в промежутке <code>[1, n]</code>. В массиве <code>nums</code> есть только одно число, которое повторяется несколько раз. Выведите это число.</p><p>Пример:</p><pre><strong>Дано:</strong> nums = [1,2,4,3,2]
<strong>Результат:</strong> 2
</pre>","<inject-highlight>class Answer:
    def findDuplicate(self, nums):
        seen = set()
        for num in nums:
            if num in seen:
                return num
            seen.add(num)
</inject-highlight>",30,95.0,48,0,1.0,,True,False,
9,Неубывающий массив,2,10,"<p>Дан массив целых чисел <code>nums</code>. Нужно проверить: можно ли сделать из <code>nums</code> неубывающий массив, изменив не более одного элемента.</p><p>Примечание: Неубывающий массив - массив, у которого каждый следующий элемент больше или равен предыдущему.</p><p>Пример 1:</p><pre><strong>Дано:</strong> nums = [4,2,3]
<strong>Результат:</strong> true
<strong>Объяснение:</strong> Мы можем заменить 4 на 1 и получить неубывающий массив.
</pre><p>Пример 2:</p><pre><strong>Дано:</strong> nums = [4,2,1]
<strong>Результат:</strong> false
<strong>Объяснение:</strong> Мы не можем получить неубывающий массив с помощью замены всего 1 элемента.
</pre>","<inject-highlight>class Answer:
    def checkPossibility(self, nums):
        num_violations = 0
        for i in range(1, len(nums)):
            if nums[i - 1] > nums[i]:
                if num_violations == 1:
                    return False
                num_violations += 1
                if i < 2 or nums[i - 2] <= nums[i]:
                    nums[i - 1] = nums[i]
                else:
                    nums[i] = nums[i - 1]
        return True
</inject-highlight>
",30,98.0,49,0,1001.0,,True,False,
10,Строго возрастающий массив,1,5,"<p>Дан массив целых чисел <code>nums</code>. За один шаг можно увеличить только один элемент массива <code>nums</code> на единицу. Какое минимальное количество шагов необходимо сделать, чтобы массив <code>nums</code> стал строго возрастающим?</p><p>Примечание: массив называется строго возрастающим, если <code>nums[i] > nums[i-1]</code> для <code>1 <= i <= n</code>.</p><p>Пример 1:</p><pre><strong>Дано:</strong> nums = [1,1,1]
<strong>Результат:</strong> 3

<strong>Объяснение:</strong>

1) Увеличиваем nums[2] на 1, получаем [1,1,2].
2) Увеличиваем nums[1] на 1, получаем [1,2,2].
3) Увеличиваем nums[2] на 1, получаем [1,2,3].
</pre><p>Пример 2:</p><pre><strong>Дано:</strong> nums = [1,5,2,4,1]
<strong>Результат:</strong> 14
</pre><p>Пример 3:</p><pre><strong>Дано:</strong> nums = [8]
<strong>Результат:</strong> 0
</pre>","<inject-highlight>class Answer:
    def minOperations(self, nums):
        count = 0
        prev = nums[0]
        for i in range(1, len(nums)):
            if nums[i] <= prev:
                count += (prev + 1 - nums[i])
                prev += 1
            else:
                prev = nums[i]
        return count
</inject-highlight>",0,89.0,50,0,1.0,,True,False,
11,Проверить валидность скобок,1,5,"<p>Дана строка <code>s</code>, которая содержит только символы <code>&#39;(&#39;</code>, <code>&#39;)&#39;</code>, <code>&#39;{&#39;</code>, <code>&#39;}&#39;</code>, <code>&#39;[&#39;</code> и <code>&#39;]&#39;</code>. Проверить, все ли скобки закрываются скобками того же вида и в правильном ли порядке закрыты все скобки. Если все правильно, то вернуть <code>true</code>, иначе <code>false</code>.</p><p>Пример 1:</p><pre><strong>Дано:</strong> s = &quot;()&quot;
<strong>Результат:</strong> true
</pre><p>Пример 2:</p><pre><strong>Дано:</strong> s = &quot;()[]{}&quot;
<strong>Результат:</strong> true
</pre><p>Пример 3:</p><pre><strong>Дано:</strong> s = &quot;([{([])}])&quot;
<strong>Результат:</strong> true
</pre><p>Пример 4:</p><pre><strong>Дано:</strong> s = &quot;()[}&quot;
<strong>Результат:</strong> False
</pre>","<inject-highlight>class Answer:
    def isValid(self, s):

        stack = []

        mapping = {"")"": ""("", ""}"": ""{"", ""]"": ""[""}

        for char in s:

            if char in mapping:

                top_element = stack.pop() if stack else '#'

                if mapping[char] != top_element:
                    return False
            else:
                stack.append(char)

        return not stack
</inject-highlight>",20,93.0,56,0,1.0,,True,False,
12,Удалить дублирующиеся соседние буквы,1,5,"<p>Дана строка <code>s</code>, состоящая только из букв английского алфавита в нижнем регистре. Необходимо полностью удалить все соседние повторяющиеся буквы и вернуть результирующю строку.</p><p><strong>Примечание.</strong> После удаления дубликатов могут возникнуть новые. Удалять дубликаты необходимо до тех пор, пока не будут удалены все повторяющиеся соседние буквы.</p><p>Пример 1:</p><pre><strong>Дано:</strong> ""abbaca""
<strong>Результат:</strong> ""ca""

<strong>Объяснение:</strong>

Т.к. после удаления «bb» получается строка «aaca», ее снова необходимо очистить, т.к. образовался новый повтор «aa».
</pre>","<inject-highlight>class Answer:
    def removeDuplicates(self, S):
        if not S:
            return S
        res = [S[0]]
        for curr in S[1:]:
            if res and curr == res[-1]:
                res.pop()
            else:
                res.append(curr)
        res = ''.join(res)
        return res
</inject-highlight>",20,90.0,57,0,1.0,,True,False,
13,Сконструировать массив из Push и Pop,1,5,"<p>Дан упорядоченный массив <code>target</code> и целое число <code>n</code>. На каждой итерации Вы будете считывать одно число из набора <code>list = {1, 2, ..., n}</code>. Необходимо сконструировать массив из команд <code>""Push""</code> и <code>""Pop""</code>, которые позволят из <code>list</code> получить <code>target</code>. Если на какой-то итерации Вы получили <code>target</code>, то нужно остановить вычисления.</p><p>Пример 1:</p><pre><strong>Дано:</strong> target = [1,3], n = 3
<strong>Результат:</strong> [""Push"",""Push"",""Pop"",""Push""]

<strong>Объяснение:</strong>

Считываем число 1 и помещаем его в массив target (""Push"") -> [1]
Считываем число 2, помещаем в массив target (""Push"") и вынимаем (""Pop"") -> [1]
Считываем число 3 и помещаем его в массив target (""Push"") -> [1, 3]
Требуемый массив target получен, необходимый набор команд: [""Push"", ""Push"", ""Pop"", ""Push""]
</pre><p>Пример 2:</p><pre><strong>Дано:</strong> target = [1, 2, 3], n = 3
<strong>Результат:</strong> [""Push"", ""Push"", ""Push""]
</pre><p>Пример 3:</p><pre><strong>Дано:</strong> target = [1, 2], n = 4
<strong>Результат:</strong> [""Push"", ""Push""]

<strong>Объяснение:</strong>

Для формирования массива target достаточно считать всего 2 числа. После этого вычисления останавливаются.
</pre>","<inject-highlight>class Answer:
    def buildArray(self, target, n):
        ans = []
        mapping = set(target)
        for i in range(1, n+1):
            ans.append('Push')
            if i not in mapping:
                ans.append('Pop')
            if i == target[-1]:
                break
        return ans
</inject-highlight>",20,94.0,58,0,1.0,,True,False,
14,Минимальная валидность скобок,2,10,"<p>Дана строка <code>s</code>, состоящая из скобок <code>(</code> и <code>)</code>. Необходимо посчитать, какое минимальное количество скобок необходимо добавить к строке <code>s</code>, чтобы каждая скобка имела закрывающую/открывающую ее пару.</p><p>Пример 1:</p><pre><strong>Дано:</strong> &quot;())&quot;
<strong>Результат:</strong> 1
</pre><p>Пример 2:</p><pre><strong>Дано:</strong> &quot;()()()&quot;
<strong>Результат:</strong> 0
</pre><p>Пример 3:</p><pre><strong>Дано:</strong> &quot;()()))&quot;
<strong>Результат:</strong> 2
</pre><p>Пример 4:</p><pre><strong>Дано:</strong> &quot;((()()))&quot;
<strong>Результат:</strong> 0
</pre>","<inject-highlight>class Answer:
    def minAddToMakeValid(self, S):
        ans = bal = 0
        for symbol in S:
            bal += 1 if symbol == '(' else -1
            if bal == -1:
                ans += 1
                bal += 1
        return ans + bal
</inject-highlight><p>Альтернативное решение:</p><inject-highlight>class Answer:
    def minAddToMakeValid(self, S):
        i = S.find('()')
        while i + 1:
            S = S[0:i] + S[i+2:]
            i = S.find('()')
        return len(S)
</inject-highlight>",30,86.0,59,0,1.0,,True,False,
15,Количество дней до потепления,2,10,"<p>Дан список <code>T</code>, в котором содержится температура за каждый день. Необходимо сделать новый список, в котором для каждого дня будет отображено - сколько дней необходимо ждать потепления. Если для конкретного дня нет возможности найти день, когда станет теплей, то в список занести <code>0</code>.</p><p>Пример:</p><pre><strong>Дано:</strong> T = [73, 74, 75, 71, 69, 72, 76, 73]
<strong>Результат:</strong> [1, 1, 4, 2, 1, 1, 0, 0]
</pre>","<inject-highlight>class Answer:
    def dailyTemperatures(self, T):
        n, right_max = len(T), float('-inf')
        res = [0] * n
        for i in range(n-1, -1, -1):
            t = T[i]
            if right_max <= t:
                right_max = t
            else:
                days = 1
                while T[i+days] <= t:
                    days += res[i+days]
                res[i] = days
        return res
</inject-highlight><p>другой вариант: </p><inject-highlight>class Answer:  
    def dailyTemperatures(self, T):
        s1, s2, i = [], [], 0
        while T:
            if s2 and T[0] > s2[-1][0]:
                s1[s2[-1][1]] = i - s2[-1][1]
                s2.pop()
            else:
                s1.append(0)
                s2.append((T.pop(0), i))
                i += 1
        return s1
</inject-highlight>",30,92.0,60,0,1.0,,True,False,
16,Вес строки со скобками,2,10,"<p>Дана сбалансированная строка <code>s</code>, содержащая только скобки <code>(</code> и <code>)</code>. Каждая скобка <code>(</code> имеет закрывающую ее пару <code>)</code>. Необходимо рассчитать «вес» строки <code>s</code>, учитывая следующие правила:</p><ol><li><code>()</code> - таким скобкам присваивается вес 1</li><li>Конкатенация пар скобок <code>AB</code> имеет вес <code>вес A + вес B</code>. В данном случае <code>A</code> и <code>B</code> - сбалансированная строка со скобками (например, <code>A = (())</code>, <code>B = ()</code>).</li><li>Конструкция <code>(A)</code> имеет вес <code>2 * вес A</code>, где <code>A</code> - сбалансированная строка скобок.</li></ol><p>Пример 1:</p><pre><strong>Дано:</strong> &quot;()&quot;
<strong>Результат:</strong> 1
</pre><p>Пример 2:</p><pre><strong>Дано:</strong> &quot;(())&quot;
<strong>Результат:</strong> 2
</pre><p>Пример 3:</p><pre><strong>Дано:</strong> &quot;()()&quot;
<strong>Результат:</strong> 2
</pre><p>Пример 4:</p><pre><strong>Дано:</strong> &quot;(()(()))&quot;
<strong>Результат:</strong> 6
</pre><p>Пример 5:</p><pre><strong>Дано:</strong> &quot;((()(()))())&quot;
<strong>Результат:</strong> 14
</pre>","<inject-highlight>class Answer:
    def scoreOfParentheses(self, S):
        stack = [0]

        for x in S:
            if x == '(':
                stack.append(0)
            else:
                v = stack.pop()
                stack[-1] += max(2 * v, 1)

        return stack.pop()</inject-highlight>",0,88.0,61,0,1.0,,True,False,
17,Стек с частотой элементов,3,20,"<p>Создайте стеко-подобную структуру данных, в которую можно добавлять элементы и извлекать самый часто встречающийся элемент.</p><p>Реализуйте класс <code>FreqStack</code>:</p><ul><li><code>FreqStack()</code> должен создавать пустой стек</li><li><code>push(value)</code> добавляет значение <code>value</code> (типа <code>int</code>) в конец стека, этот метод ничего не возвращает</li><li><code>pop()</code> извлекает из стека самый часто встречающийся элемент и удаляет его из стека</li><li><code>get()</code> возвращает список всех элементов</li></ul><p><strong>Примечание:</strong> Если несколько элементов встречаются одинаковое количество раз, то метод <code>pop</code> возвращает тот, который ближе к концу стека.</p><p>Пример 1:</p><pre>obj = FreqStack()
# Создается пустой стек

obj.push(5)
obj.push(7)
obj.push(5)
obj.push(7)
obj.push(4)
obj.push(5)
# Имеем [5,7,5,7,4,5]

obj.pop()
# Имеем [5,7,5,7,4], т.к. 5 встречается больше всего раз

obj.pop()
# Имеем [5,7,5,4], т.к. 5 и 7 встречаются одинаковое количество раз, но 7 ближе к концу стека
</pre>
","<inject-highlight>class FreqStack:
    def __init__(self):
        self.obj = []
        self.dict = {}
    def push(self, value):
        self.dict[value] = self.dict.get(value, 0) + 1
        self.obj.append(value)
    def pop(self):
        if self.dict == {}:
            return None
        dic_items = list(self.dict.items())
        max_frq = max([x[1] for x in dic_items])
        part_obj = []
        while self.obj:
            pop_item = self.obj.pop()
            if self.dict[pop_item] == max_frq:
                self.dict[pop_item] -= 1
                self.obj += part_obj
                return pop_item
            else:
                part_obj = [pop_item, ] + part_obj
    def get(self):
        return self.obj
</inject-highlight>",40,92.0,62,0,1.0,,True,False,
18,"Числа, которые делятся на все цифры",1,5,"<p>Вам задана левая и правая граница числовой последовательности. Найти все числа, которые делятся без остатка на каждую цифру, из которых это число состоит. Само собой, в записи числа не должно быть нулей.</p><p>Пример:</p><pre><strong>Дано:</strong> left = 20, right = 30
<strong>Результат:</strong> [22, 24]
</pre>","<inject-highlight>class Answer:
    def selfDividingNumbers(self, left, right):

        res = []
        for val in range(left, right+1):

            number = val
            isVal = True

            while number != 0:
                check = number%10
                if check == 0 or val%check != 0:
                    isVal = False
                    break
                number //= 10
            if isVal:
                res.append(val)

        return res</inject-highlight>",0,96.0,63,0,890.0,,True,False,
19,Максимальное число из 6 и 9,1,5,"<p>Дано целое число, состоящее только из цифр 6 и 9. Найти максимальное число, которое можно получить, заменив одну цифру на другую.</p><p><strong>Примечание:</strong> Если при замене получается число, меньше текущего, то замену делать не нужно.</p><p><strong>Пример 1:</strong></p><pre>Дано: 6666
Результат: 9666
</pre><p><strong>Пример 2:</strong></p><pre>Дано: 9699
Результат: 9999
</pre><p><strong>Пример 3:</strong></p><pre>Дано: 9999
Результат: 9999
</pre>","<p>Задача, сама по себе, довольно простая. Интуитивно понятно, что максимальное число можно получить, просто заменив «6» на «9» в старшем разряде. Сделать это очень просто: </p><ol><li>Конвертируем число в строку</li><li>Заменяем первую встретившуюся 6 на 9</li><li>Конвертируем итоговую строку в число</li></ol><p>Реализация на Python: </p><inject-highlight>class Answer:
    def maximum69Number(self, num):
            return int(str(num).replace('6', '9', 1))
</inject-highlight><p>Примечание: Метод <code>replace</code> с третьим аргументом «1» заменит только первое вхождение. </p><p>Однако, алгоритмически это не самое удачное решение, ведь оно требует 3 прохода:</p><ol><li>Проход для перевода в строку</li><li>Поиск первой шестерки</li><li>Обратная конвертация</li></ol><p>Кроме того, на интервью предпочитают видеть именно алгоритмическую имплементацию. </p><p>Давайте рассмотрим один из возможных подходов. </p><ul><li>В цикле проверяем, какое число стоит на последнем месте с помощью остатка от деления. Если «6», то запоминаем индекс числа (считаем с конца, т.е. последний элемент имеет индекс <code>0</code>). Таким образом, в конце цикла в переменной <code>sixindex</code> будет первое вхождение цифры «6», если смотреть с начала. </li><li>Отбрасываем последний разряд с помощью целочисленного деления. </li><li>Продолжаем цикл. </li></ul><p>Если цифра «6» не встречалась в исходном числе, то возвращаем исходное число. Иначе возвращаем: </p><inject-highlight>pow(10, sixindex) * 3 + num
</inject-highlight><p>Эта конструкция позволяет заменить самую первую шестерку на девятку. </p><p>Реализация на Python: </p><inject-highlight>class Answer:
    def maximum69Number (self, num):
        # Заводим счетчик итераций
        i = 0
        # Создаем копию числа, что не трогать исходное
        tem = num
        # Сохраняем индекс очередной «6»
        sixidx = -1 
        # Пока в числе есть разряды
        while tem > 0:
            # Если меньший разряд - «6»
            if tem % 10 == 6:
                # Сохраняем индекс (считаем от конца)
                sixidx = i
            # Отбрасываем последний разряд
            tem = tem//10
            # Увеличиваем счетчик итераций
            i += 1
        # Если «6» есть, меняем первую «6» на «9», иначе исходное
        return (num + 3 <em>(10</em>*sixidx)) if sixidx != -1 else num
</inject-highlight>
",20,89.0,64,0,890.0,,True,False,
20,Разница между произведением и суммой цифр,1,5,"<p>Дано целое число <code>n</code>. Найти разницу между произведение и суммой цифр в записи числа <code>n</code>.</p><p>Пример:</p><pre><strong>Дано:</strong> 128
<strong>Результат:</strong> 5
<strong>Объяснение:</strong> 1*2*8 - (1+2+8) = 16 - 11 = 5
</pre>","<inject-highlight>from functools import reduce
import operator

class Answer:
  def subtractProductAndSum(self, n):      
      A = list(map(int, str(n)))
      return reduce(operator.mul, A) - sum(A)</inject-highlight>",20,86.0,65,0,890.0,,True,False,
21,Бинарное число из связного списка в обычное,1,5,"<p>Дан <code>head</code> - первый узел односвязного списка. Значение в каждом узле этого списка - число 0 или 1. Другими словами, в связном списке хранится представление какого-то числа в двоичной системе счисления. Необходимо вернуть число в десятичной системе, представление которого хранится в односвязном списке.</p><p>Пример 1:</p><pre><strong>Дано:</strong> head = [1,0,1]
<strong>Результат:</strong> 5
</pre><p>Пример 2:</p><pre><strong>Дано:</strong> head = [0]
<strong>Результат:</strong> 0
</pre><p>Пример 3:</p><pre><strong>Дано:</strong> head = [1,0,0,1,0,0,1,1,1,0,0,0,0,0,0]
<strong>Результат:</strong> 18880
</pre>","<inject-highlight>class Answer:
    def getDecimalValue(self, head):
        num = head.val
        while head.next:
            num = num * 2 + head.next.val
            head = head.next
        return num
</inject-highlight>",20,95.0,66,0,1.0,,True,False,
22,Середина односвязного списка,1,5,"<p>Дан непустой односвязный список с начальным узлом <code>head</code>. Необходимо найти значение узла, который находится посередине этого односвязного списка.</p><p><strong>Примечание:</strong> Если в середине находится сразу 2 узла, то необходимо вернуть значение второго.</p><p>Пример 1:</p><pre><strong>Дано:</strong> [1, 2, 3, 4, 5]
<strong>Результат:</strong> 3
</pre><p>Пример 2:</p><pre><strong>Дано:</strong> [1, 2, 3, 4, 5, 6]
<strong>Результат:</strong> По центру стоят два узла: со значением 3 и 4. Выбираем второй - 4.
</pre>
","<inject-highlight>class ListNode:
     def __init__(self, val=0, next=None):
         self.val = val
         self.next = next

class Answer:
  def middleNodeValue(self, head):
        slow = fast = head
        while fast and fast.next:
            slow = slow.next
            fast = fast.next.next
        return slow.val  </inject-highlight>",20,86.0,67,0,1.0,,True,False,
23,Реверс односвязаного списка,1,5,"<p>Дан односвязный список с начальным узлом <code>head</code>. Необходимо сделать реверс этого списка и вернуть получившийся список.</p><p>Пример:</p><pre><strong>Дано:</strong> [1, 2, 3, 4, 5]
<strong>Решение:</strong> [5, 4, 3, 2, 1]
</pre>","<inject-highlight>class Answer:
    def reverseList(self, head):
        pre, cur = None, head
        while cur:
            cur.next, pre, cur = pre, cur, cur.next
        return pre</inject-highlight>",20,92.0,68,0,1.0,,True,False,
24,Объединение отсортированных односвязных списков,1,5,"<p>Даны два отсортированных односвязных списка. Необходимо объединить их и вернуть итоговый отсортированный односвязный список.</p><p><strong>Примечание:</strong> Если в списках есть дублирующиеся значения, то их необходимо оставить.</p><p><strong>Примечание:</strong> Оба списка отсортированы таким образом, что они неубывают.</p><p>Пример 1:</p><pre><strong>Дано:</strong> [1, 2, 3], [2, 3, 4]
<strong>Результат:</strong> [1, 2, 2, 3, 3, 4]
</pre><p>Пример 2:</p><pre><strong>Дано:</strong> [1, 2, 3], [1, 9, 10]
<strong>Результат:</strong> [1, 1, 2, 3, 9, 10]
</pre><p>Пример 3:</p><pre><strong>Дано:</strong> [], []
<strong>Результат:</strong> []
</pre>","<inject-highlight>class Answer:
    def mergeTwoLists(self, a, b):
        if a and b:
            if a.val > b.val:
                a, b = b, a
            a.next = self.mergeTwoLists(a.next, b)
        return a or b
</inject-highlight>",20,99.0,69,0,1.0,,True,False,
25,Связный список с дубликатами,1,5,"<p>Дан отсортированный односвязный список. Необходимо удалить узлы с дублирующимися значениями и вернуть также отсортированный односвязный список без дубликатов.</p><p>Пример:</p><pre><strong>Дано:</strong> [1, 2, 3, 4, 4, 5]
<strong>Результат:</strong> [1, 2, 3, 4, 5]
</pre><p><em>Примечание: Узлы в списке расположены таким образом, что значения организованы в порядке неубывания при увеличении номера узла.</em></p>","<inject-highlight>class Answer:
    def deleteDuplicates(self, head):
        cur = head
        while cur:
            while cur.next and cur.next.val == cur.val:
                cur.next = cur.next.next
            cur = cur.next
        return head
</inject-highlight>",20,92.0,70,0,1.0,,True,False,
26,Первый узел пересечения связных списков,2,10,"<p>Даны первые узлы двух односвязных списков: </p><ul><li><code>headA</code> - начальный узел списка <code>A</code></li><li><code>headB</code> - начальный узел списка <code>B</code></li></ul><p>В некотором узле списке пересекаются. Необходимо найти и вернуть первый узел, в котором значения списков <code>A</code> и <code>B</code> совпадут. </p><p>Если пересечений у списков нет, то вернуть <code>NULL</code>.</p><p>Пример 1:</p><pre><strong>Дано:</strong> [1, 2, 3, 4, 5], [8, 9, 4, 5]

1 -> 2 -> 3 -
              \\
                > 4 -> 5
              /
     8 -> 9 -        

<strong>Результат:</strong> 4
</pre><p>Пример 2:</p><pre><strong>Дано:</strong> [1, 2, 3, 4, 5], [10, 11, 3, 4, 5]

 1 ->  2 -
            \\
              > 3 -> 4 -> 5
            /
10 -> 11 -   

<strong>Результат:</strong> 3
</pre><p>Пример 3:</p><pre><strong>Дано:</strong> [1, 2, 3], [4, 5, 6, 7]

1 -> 2 -> 3
4 -> 5 -> 6 -> 7

<strong>Результат:</strong> NULL
</pre>","<inject-highlight>class Answer:
    def getIntersectionNode(self, headA, headB):
            if headA is None or headB is None:
                return None
    
            pa = headA
            pb = headB
    
            while pa is not pb:
                pa = headB if pa is None else pa.next
                pb = headA if pb is None else pb.next
    
            return pa 
</inject-highlight>",30,91.0,71,0,1.0,,True,False,
27,Сдвинуть узлы связного списка,2,10,"<p>Дан односвязный список с начальным узлом <code>head</code>. Необходимо сдвинуть узлы на заданное число <code>k</code>.</p><p>Пример 1:</p><pre><strong>Дано:</strong> [1, 2, 3, 4, 5], k = 1
<strong>Результат:</strong> [5, 1, 2, 3, 4]
</pre><p>Пример 2:</p><pre><strong>Дано:</strong> [1, 2, 3, 4, 5], k = 2
<strong>Результат:</strong> [4, 5, 1, 2, 3]
</pre><p>Пример 3:</p><pre><strong>Дано:</strong> [1, 2, 3, 4, 5], k = 3
<strong>Результат:</strong> [3, 4, 5, 1, 2]
</pre>","<inject-highlight>class ListNode:
     def __init__(self, val=0, next=None):
         self.val = val
         self.next = next

class Answer:
    def rotateRight(self, head, k):
        
        if not head:
            return None
        
        lastElement = head
        length = 1

        while ( lastElement.next ):
            lastElement = lastElement.next
            length += 1

        k = k % length
            
        lastElement.next = head
        
        tempNode = head
        for _ in range( length - k - 1 ):
            tempNode = tempNode.next

        answer = tempNode.next
        tempNode.next = None
        
        return answer
</inject-highlight>",30,94.0,72,0,1.0,,True,False,
28,Вставка связного списка в другой список,2,10,"<p>Дано два односвязных списка <code>list1</code> и <code>list2</code>. Также дан индекс <code>a</code> и индекс <code>b</code>. Необходимо из списка <code>list1</code> убрать узлы с <code>a</code> по <code>b</code>, а на их место вставить список <code>list2</code>. В качестве результата необходимо вернуть первый узел нового списка.</p><p>Пример:</p><pre><strong>Дано:</strong> list1 = [1, 2, 3, 4, 5, 6, 7], list2 = [8, 9, 10], a = 3, b = 5
<strong>Результат:</strong> [1, 2, 3, 8, 9, 10, 7]
</pre>","<inject-highlight>class Answer:
    def mergeInBetween(self, list1, a, b, list2):

        ptr1 = list1
        ptr2 = list1
        i, j = 0, 0

        while i!=a-1:
            ptr1 = ptr1.next
            i += 1

        while j!=b:
            ptr2 = ptr2.next
            j += 1

        ptr1.next = list2

        while list2.next!=None:
            list2 = list2.next

        list2.next = ptr2.next

        return list1</inject-highlight>",30,98.0,73,0,1.0,,True,False,
29,Поменять местами элементы связного списка,2,10,"<p>Дан односвязный список и его начальный узел <code>head</code>. Также дано целое число <code>k</code>. Необходимо поменять местами k-ый элемент с начала списка и k-ый элемент с конца списка. В качестве результата необходимо возвратить первый элемент итогового списка.</p><p>Пример:</p><pre><strong>Дано:</strong> [1, 2, 3, 4, 5], k = 2
<strong>Результат:</strong> [1, 4, 3, 2, 5]
</pre>","<inject-highlight>class Answer:
    def swapNodes(self, head, k):

        slow, fast = head, head

        for _ in range(k - 1):
            fast = fast.next
        first = fast

        while fast.next:
            slow, fast = slow.next, fast.next

        first.val, slow.val = slow.val, first.val

        return head
</inject-highlight>",30,92.0,74,0,1.0,,True,False,
37,Быстрая сортировка,1,5,<p>Реализуйте сортировку массива методом быстрой сортировки.</p>,"<inject-highlight>class Answer:
    def partition(self, nums, low, high):

        pivot = nums[(low + high) // 2]
        i = low - 1
        j = high + 1
        while True:
            i += 1
            while nums[i] < pivot:
                i += 1

            j -= 1
            while nums[j] > pivot:
                j -= 1

            if i >= j:
                return j

            nums[i], nums[j] = nums[j], nums[i]

    def quick_sort(self, nums):
        def _quick_sort(items, low, high):
            if low < high:
                split_index = self.partition(items, low, high)
                _quick_sort(items, low, split_index)
                _quick_sort(items, split_index + 1, high)

        _quick_sort(nums, 0, len(nums) - 1)
</inject-highlight>",20,98.0,83,0,1.0,,True,False,
30,Переупорядочить связный список по индексам,2,10,"<p>Дан односвязный список с начальным узлом <code>head</code>. Необходимо переупорядочить этот список таким образом, что сначала будут идти все узлы с нечетными индексами из начального списка, а затем все с четными индексами.</p><p><strong>Примечание:</strong> Обратите внимание, что индексы узлов должны рассчитываться по изначальному списку.</p><p>Пример:</p><pre><strong>Дано:</strong> [1, 2, 2, 4, 4, 6, 7]
<strong>Результат:</strong> [1, 2, 4, 7, 2, 4, 6]
</pre>","<inject-highlight>class Answer:
    def oddEvenList(self, head):

        if not head:
            return head

        odd = head 
        even = head.next 
        eHead = even

        while even and even.next:

            odd.next = odd.next.next
            even.next = even.next.next

            odd = odd.next
            even = even.next

        odd.next = eHead 

        return head 
</inject-highlight>",30,96.0,75,0,1.0,,True,False,
31,Отсортировать массив по частоте вхождения элементов,1,5,"<p>Дан массив целых чисел nums. Необходимо отсортировать массив по возрастанию частоты вхождения элементов в массив. Если несколько значений встречаются в массиве одинаковое количество раз, то необходимо такие элементы расположить по убыванию значений.</p><p>Пример 1:</p><pre><strong>Дано:</strong> [1, 2, 2, 3, 4, 4]
<strong>Результат:</strong> [3, 1, 4, 4, 2, 2]

<strong>Объяснение:</strong>

1 и 3 встречаются в исходном массиве по одному разу. Т.к. 3 > 1, ставим его на первое место.

На втором получается единица. 2 и 4 также встречаются одинаковое количество раз - по 2.

Значит ставим 4 на третью позицию, потому что 4 > 2, а двойку - в конец.
</pre><p>Пример 2:</p><pre><strong>Дано:</strong> [1, 1, 1, 2, 2, 3, 3, 4]
<strong>Результат:</strong> [4, 3, 3, 2, 2, 1, 1, 1]
</pre>","<inject-highlight>from collections import Counter
class Answer:
    def frequencySort(self, A):
        count = Counter(A)
        return sorted(A, key=lambda x: (count[x], -x))</inject-highlight>",20,90.0,77,0,1.0,,True,False,
32,Сортировка пузырьком,1,5,<p>Реализуйте сортировку массива пузырьком.</p>,"<inject-highlight>class Answer:
    def bubble_sort(self, nums):        
        swapped = True
        while swapped:
            swapped = False
            for i in range(len(nums) - 1):
                if nums[i] > nums[i + 1]:                   
                    nums[i], nums[i + 1] = nums[i + 1], nums[i]                    
                    swapped = True
            return nums
</inject-highlight>",20,92.0,78,0,1.0,,True,False,
33,Сортировка выборкой,1,5,<p>Реализуйте сортировку массива выборкой.</p>,"<inject-highlight>class Answer:
    def selection_sort(self, nums):
        
        for i in range(len(nums)):
            
            lowest_value_index = i
            
            for j in range(i + 1, len(nums)):
                if nums[j] < nums[lowest_value_index]:
                    lowest_value_index = j
           
            nums[i], nums[lowest_value_index] = nums[lowest_value_index], nums[i]
            
        return nums
</inject-highlight>",20,90.0,79,0,1.0,,True,False,
34,Сортировка вставками,1,5,<p>Реализуйте сортировку массива вставками.</p>,"<inject-highlight>class Answer:
    def insertion_sort(self, nums):
           
        for i in range(1, len(nums)):
            item_to_insert = nums[i]

            j = i - 1

            while j >= 0 and nums[j] > item_to_insert:
                nums[j + 1] = nums[j]
                j -= 1

            nums[j + 1] = item_to_insert
</inject-highlight>",20,88.0,80,0,1.0,,True,False,
35,Сортировка кучей,1,5,<p>Реализуйте сортировку массива кучей.</p>,"<inject-highlight>class Answer:
    def heapify(self, nums, heap_size, root_index):
            
        largest = root_index
        left_child = (2 * root_index) + 1
        right_child = (2 * root_index) + 2

        if left_child < heap_size and nums[left_child] > nums[largest]:
            largest = left_child

        if right_child < heap_size and nums[right_child] > nums[largest]:
            largest = right_child

        if largest != root_index:
            nums[root_index], nums[largest] = nums[largest], nums[root_index]
            self.heapify(nums, heap_size, largest)

    def heap_sort(self, nums):
        n = len(nums)

        for i in range(n, -1, -1):
            self.heapify(nums, n, i)

        for i in range(n - 1, 0, -1):
            nums[i], nums[0] = nums[0], nums[i]
            self.heapify(nums, i, 0)
</inject-highlight>",20,87.0,81,0,1.0,,True,False,
36,Сортировка слиянием,1,5,<p>Реализуйте сортировку массива слиянием.</p>,"<inject-highlight>class Answer:
    def merge(self, left_list, right_list):
        sorted_list = []
        left_list_index = right_list_index = 0

        
        left_list_length, right_list_length = len(left_list), len(right_list)

        for _ in range(left_list_length + right_list_length):
            if left_list_index < left_list_length and right_list_index < right_list_length:

                if left_list[left_list_index] <= right_list[right_list_index]:
                    sorted_list.append(left_list[left_list_index])
                    left_list_index += 1

                else:
                    sorted_list.append(right_list[right_list_index])
                    right_list_index += 1


            elif left_list_index == left_list_length:
                sorted_list.append(right_list[right_list_index])
                right_list_index += 1

            elif right_list_index == right_list_length:
                sorted_list.append(left_list[left_list_index])
                left_list_index += 1

        return sorted_list

    def merge_sort(self, nums):

        if len(nums) <= 1:
            return nums

        mid = len(nums) // 2

        left_list = self.merge_sort(nums[:mid])
        right_list = self.merge_sort(nums[mid:])

        return self.merge(left_list, right_list)
</inject-highlight>",20,86.0,82,0,1.0,,True,False,
38,TOP ↑ | Задача FizzBuzz,1,5,"<h2>Задание</h2><p>Напишите функцию <code>fizzbuzztest</code>, которая возвращает массив, который формируется по следующим правилам:</p><ol><li>Обрабатываются числа от 1 до 100</li><li>Если число кратно трем, то в массив заносим слово <code>Fizz</code></li><li>Если число кратно пяти, то в массив заносим слово <code>Buzz</code></li><li>Если число кратно и трем, и пяти, то в массив заносим слово <code>FizzBuzz</code></li><li>Если число не кратно ни одному их этих чисел, то в массив нужно поместить просто само число</li></ol><p><strong>Примечание:</strong> Массив чисел для обработки задавайте непосредственно внутри функции - функция не принимает аргументы.</p><p><strong>Пример:</strong></p><pre>Дано: [1, 2, 3, 4, 5...15...]
Результат: [1, 2, Fizz, 4, Buzz, ... FizzBuzz, ...]
</pre><h2>Дополнительная информация</h2><p>Обратите внимание, что шаблон решения представлен в виде (на примере языка Python):</p><inject-highlight>class Answer:
    def function(self, arg1, arg2):
        # напишите свой код ниже

        return res
</inject-highlight><p>Здесь <code>function</code> - функция, которую вам нужно написать (от задачи к задаче ее имя меняется), а <code>arg1, arg2</code> - аргументы этой функции.</p><p>Чтобы решить задачу, напишите свой код между комментарием и выражением <code>return ...</code>.</p><p>Если вы хотите промежуточно посмотреть, что вернет написанный вами код, воспользуйтесь конструкцией и нажмите кнопку Выполнить:</p><inject-highlight>print(Answer().function(arg1, arg2))
</inject-highlight><p>Если вам нужно импортировать какой-то модуль, указывайте модуль до <code>class Answer</code>. Например:</p><inject-highlight>import mymodule 

class Answer:
    ...
</inject-highlight><p><strong>Полный пример:</strong></p><inject-highlight># импортируем модуль
import collections

class Answer:
    def problemSolve(self, n, m):
        # напишите свой код ниже
        ...
        return res

# промежуточно смотрим результат
print(Answer().problemSolve(n=2, m=3))
</inject-highlight>","<h4>Попытка 1</h4><p>Первое, что приходит в голову - в цикле проверять выполнение каждого условия и в зависимости от результата выводить число, Fizz или Buzz.</p><p>Вот так выглядит код в первой итерации:</p><inject-highlight>class Answer:
    def fizzbuzztest(self):
        res = []
        for x in range(1, 101):            
            if x%3 == 0 and x%5 == 0:
                res.append(""FizzBuzz"")
            elif x%3 == 0:
                res.append(""Fizz"")
            elif x%5 == 0:
                res.append(""Buzz"")
            else:
                res.append(x)
        return res
</inject-highlight><p>Однако, тут сразу можно дать несколько рекомендаций. Некоторые в коде уже учтены, а некоторые просто нужно принять к сведению.</p><ul><li>Лучше проверять делимость на 15, а не на 3 и 5 по-отдельности. Причина проста - одно вычисление быстрее, чем 2.</li><li>Проверять делимость лучше с помощью оператора %, а не с помощью функций. Оператор работает быстрей.</li></ul><p>Можно еще придумать ряд правил. Главное, понимать, что задача не просто на «умение написать код». С помощью этой задачи также проверяется, насколько Вы умеете код оптимизировать. Чем «экономней» будет Ваш цикл, тем лучше.</p><p>В интернете Вы найдете огромное количество реализаций этого алгоритма. Какие из них правильные?... Сложно сказать. Скорее всего, правильным кодом будет тот, который сидит у Вашего интервьюера в голове :) Так что не пытайтесь найти «секретный ключ» - просто сравните большое количество вариантов, найдите разницу между ними и выберите самый эффективный с точки зрения производительности и сложности алгоритма.</p><h4>Попытка 2</h4><p>Давайте рассмотрим еще несколько реализаций. Например, здесь с помощью строк мы уменьшаем количество условных блоков на 1.</p><inject-highlight>class Answer:
    def fizzbuzztest(self):
        res = []
        for x in range(1, 101):
            s = ''
            if x%3 == 0:
                 s += 'Fizz'
            if x%5 == 0:
                 s += 'Buzz'
            if s == '':
                 s = x
            res.append(s)
        return res
</inject-highlight><p>Вот еще пример - в одну строку. Многим такое не нравится, но это очень «по-питонячи».</p><inject-highlight>class Answer:
    def fizzbuzztest(self):
      return [""Fizz""*(not n % 3) + ""Buzz""*(not n % 5) or n for n in range(1, 101)]
</inject-highlight>",0,95.0,84,0,900.0,,True,False,
39,Решето Эратосфена,1,5,"<p>Напишите функцию <code>sieve</code>, которая будет возвращать список всех простых чисел меньше заданного <code>n</code>. Для этого можно воспользоваться решетом Эратосфена.</p><h2>Алгоритм</h2><p>Для нахождения всех простых чисел не больше заданного числа <code>n</code>, следуя методу Эратосфена, нужно выполнить следующие шаги:</p><ol><li>Выписать подряд все целые числа от двух до <code>n: (2, 3, 4, …, n)</code>.</li><li>Пусть переменная <code>p</code> изначально равна <code>2</code> — первому простому числу.</li><li>Зачеркнуть в списке числа от <code>2p</code> до <code>n</code> считая шагами по <code>p</code> (это будут числа кратные <code>p: 2p, 3p, 4p, …</code>).</li><li>Найти первое незачёркнутое число в списке, большее чем <code>p</code>, и присвоить значению переменной <code>p</code> это число.</li><li>Повторять шаги <code>3</code> и <code>4</code>, пока возможно.</li><li>Теперь все незачёркнутые числа в списке — это все простые числа от <code>2</code> до <code>n</code>.</li></ol><p><strong>Важно:</strong> Алгоритм нужно вывести в виде списка. </p>","<inject-highlight>class Answer:
    def sieve(self, n):      
        a = []
        for i in range(n + 1):
            a.append(i)

        a[1] = 0

        i = 2
        while i <= n:
            if a[i] != 0:
                j = i + i
                while j <= n:
                    a[j] = 0
                    j = j + i
            i += 1
            
        a = [el for el in a if el]
        return a
</inject-highlight>",20,86.0,85,0,890.0,,True,False,
40,ООП: Создание класса изображений,1,5,"<p>Создайте класс Image таким образом, чтобы выполнялись следующие условия:</p><ul><li>При создании объекта мы должны передать в качестве аргумента имя файла</li><li>При создании объекта атрибут <code>type</code> должен стать равным расширению (расширение можно получить из названия). Допустимые расширения: <code>png, jpg, jpeg</code>. Если расширение недопустимо, вызвать исключение. <code>ValueError(""Неправильное расширение"")</code></li><li>Метод <code>printType</code> должен выводить на экран значение атрибута <code>type</code></li><li>Должна быть предусмотрена возможность вызывать метод <code>describe()</code> без создания экземпляра класса. Метод должен выводить сообщение <code>Вы можете вызвать этот метод без создания экземпляра класса</code></li></ul><p>Пример:</p><inject-highlight>Image.describe()
# Вы можете вызвать этот метод без создания экземпляра класса

obj = Image('myface.png')
obj.printType()
#png

obj = Image('myface.avi')
# ValueError(""Неправильное расширение"")
</inject-highlight>","<p>Давайте разберем каждый пункт задачи отдельно. </p><p>> При создании объекта мы должны передать в качестве аргумента имя файла</p><p>Другими словами, конструктор должен принимать дополнительный аргумент. Как мы знаем, конструктор в Python реализуется с помощью магического метода <code>__init__(self, ...)</code>. Здесь <code>self</code> - аргумент, который неявно принимает ссылку на сам объект класса, а <code>...</code> - любые дополнительные аргументы. Значит наш конструктор должен выглядеть так: </p><inject-highlight>def __init__(self, filename):
    ...
</inject-highlight><p>Далее: </p><p>> При создании объекта атрибут <code>type</code> должен стать равным расширению (расширение можно получить из названия). Допустимые расширения: <code>png, jpg, jpeg</code>. Если расширение недопустимо, вызвать исключение</p><p>Опять же, «при создании объекта» = «при вызове конструктора». Т.к. в конструктор мы передаем название файла, а не его расширение, то вытащить расширение мы можем с помощью разбивки по разделителю-точке: </p><inject-highlight>filename.rsplit(""."", maxsplit = 1)[1]
</inject-highlight><p>Помимо этого, нам необходимо осуществлять проверку - допустимо ли указанное расширение. Для этого предлагается завести атрибут <code>ALLOWED_TYPES</code>, который в списке будет хранить список разрешенных расширений. При вызове конструктора мы будем проверять, есть ли переданное расширение в списке разрешенных. Если нет - вызываем <code>ValueError</code>.</p><p>Таким образом, класс будет выглядеть так: </p><inject-highlight>class Image:
    ALLOWED_TYPES = ['png', 'jpg', 'jpeg']

    def __init__(self, filename):

        filetype = filename.rsplit(""."", maxsplit = 1)[1]

        if filetype not in self.ALLOWED_TYPES:
            raise ValueError(""Неправильное расширение"")      

        self.type = filetype
</inject-highlight><p>Идем дальше: </p><p>> Метод <code>printType</code> должен выводить на экран значение атрибута <code>type</code></p><p>Очевидно, что метод <code>printType</code> - метод, привязанный к конкретному экземпляру, т.к. значение <code>type</code> у каждого экземпляра свое. А значит первым аргументом этого метода должна идти ссылка на экземпляр класса - <code>self</code>. Для вывода на экран можно использовать f-строки или любой другой способ форматирования строк - например, %-форматирование или функцию <code>format</code>. </p><inject-highlight>def printType(self):
    print(self.type)
</inject-highlight><p>Последний пункт: </p><p>> Должна быть предусмотрена возможность вызывать метод <code>describe()</code> без создания экземпляра класса. Метод должен выводить сообщение <code>Вы можете вызвать этот метод без создания экземпляра класса</code></p><p>Методы, которые могут быть вызываны без создания экземпляра класса, а просто напрямую из класса, называются статическими. В Python такие методы обрамляются декоратором <code>staticmethod</code>. Их отличительная черта - у них нет первого аргумента <code>self</code>, т.к. они не привязаны к конкретному экземпляру. Более того, в Python вообще нет необходимости создавать статические методы - их можно просто вынести из класса и вызывать как отдельные функции. Однако, с архитектурной точки зрения иногда бывает удобно держать их внутри класса. В остальном они ведут себя полностью как обычные функции. </p><inject-highlight>@staticmethod
def describe():
    print('Вы можете вызвать этот метод без создания экземпляра класса')
</inject-highlight><p>Таким образом, итоговый класс с решением примет вид:</p><inject-highlight>class Image:
    ALLOWED_TYPES = ['png', 'jpg', 'jpeg']

    def __init__(self, filename):

        filetype = filename.rsplit(""."", maxsplit = 1)[1]

        if filetype not in self.ALLOWED_TYPES:
            raise ValueError(""Неправильное расширение"")      

        self.type = filetype

  
    def printType(self):
        print(self.type)

  
    @staticmethod
    def describe():
        print('Вы можете вызвать этот метод без создания экземпляра класса')
</inject-highlight><p>Методы, которые можно вызвать напрямую из класса, называются статическими. </p><p>Все операции, которые должны происходить при создании нового объекта, нужно поместить в конструктор класса. </p>",20,96.0,86,0,900.0,,True,False,
41,ООП: Создать класс Counter,1,5,"<p>Создайте класс <code>Counter</code>. При создании объекта данного класса должен инициализироваться счетчик <code>value</code> со значением 0. В классе должны быть определены 2 метода - <code>inc</code> и <code>dec</code>. Метод <code>inc</code> должен увеличивать значение <code>value</code> на 1, а метод <code>dec</code> - уменьшать на 1. Затем создайте класс-наследник <code>NonDecreasingCounter</code>, в котором операция <code>dec</code> не будет совершать никаких действий, а операция <code>inc</code> останется той же.</p><p>Пример:</p><pre>cntr = NonDecreasingCounter()

cntr.inc()
# 1
cntr.inc()
# 2
cntr.dec()
# 2</pre>","<p>Давайте сначала разберемся с классом <code>Counter</code>. По условию сказано: </p><pre>объекта данного класса должен инициализироваться счетчик<code>value</code> со значением 0</pre><p>Из этого мы делаем вывод, что в конструкторе класса должен создаваться атрибут <code>value</code> со значением 0: </p><pre>class Counter:
    def __init__(self):
        self.value = 0</pre><p>В классе должны быть также описаны 2 метода - <code>inc</code> и <code>dec</code>, которые привязаны к конкретному экземпляру класса и изменяют значение атрибута <code>value</code>. Значит на вход этих методов подается только один аргумент - <code>self</code>, т.е. ссылка на сам экземпляр класса. </p><p>В итоге, класс <code>Counter</code> примет вид: </p><pre>class Counter:
    def __init__(self):
        self.value = 0

    def inc(self):
        self.value += 1

    def dec(self):
        self.value -= 1</pre><p>С классом <code>NonDecreasingCounter</code> все немного иначе. По условию задачи мы понимаем, что <code>NonDecreasingCounter</code> должен наследоваться от <code>Counter</code>, т.к. метод <code>inc</code> должен работать аналогично. </p><p><strong>Примечание:</strong> Можно, конечно, вручную прописать такую же логику работу метода <code>inc</code> в классе <code>NonDecreasingCounter</code>, но встает вопрос - а зачем? :)</p>
<p>Наследование класса в Python выглядит так: </p><pre>class NonDecreasingCounter(Counter):</pre><p>Последний шаг - переопределить метод <code>dec</code> таким образом, чтобы он не выполнял никаких действий. Это можно сделать с помощью оператора <code>pass</code>: </p><pre>def dec(self):
    pass</pre><p>Таким образом, класс <code>NonDecreasingCounter</code> будет выглядеть так: </p><pre>class NonDecreasingCounter(Counter):
    def dec(self):
        pass</pre>",0,92.0,87,0,890.0,,True,False,
42,ООП: Счетчик объектов,1,5,"<p>Создайте класс <code>MyClass</code>, в котором будет определен метод <code>count</code>, возвращающий количество созданных экземпляров данного класса. Должна быть предусмотрена возможность вызывать метод без создания экземпляра класса.</p><p>Пример:</p><pre>obj1 = MyClass()
obj2 = MyClass()
obj3 = MyClass()

MyClass.count()
# 3</pre>","<p>Перед Вами типичная задача на работу с атрибутами и методами класса. </p><p>Атрибуты и методы класса отличаются от обычных атрибутов и методов тем, что привязаны не к конкретному экземпляру, а ко всему классу в целом. </p><p>Абстрактный пример:</p><p><em>У каждого человека, живущего в России, есть свои особенности - цвет глаз, длина волос и т.д. Однако, численность страны не привязана к конкретному человеку: она зависит от общего количества людей в стране. В данном случае «Россияне» - класс, «человек» - экземпляр класса, «численность населения» - атрибут класса, «цвет глаз» - атрибут конкретного экземпляра.</em></p><p>В таком случае, нам необходимо сделать 3 вещи: </p><ol><li>Создать счетчик объектов, который будет атрибутом класса</li><li>При создании каждого нового экземпляра увеличивать счетчик объектов на 1</li><li>Создать метод класса <code>count</code>, который будет выводить на экран количество объектов</li></ol><p>Итак, рассмотрим по шагам. </p><h2>Создаем счетчик</h2><p>Чтобы создать атрибут класса, достаточно объявить его непосредственно в классе: </p><inject-highlight>class MyClass:
    TOTAL_OBJECTS=0</inject-highlight><p>В таком случае, мы сможем напрямую работать с этим атрибутом: <code>MyClass.TOTAL_OBJECTS</code>.</p><h2>Увеличиваем счетчик</h2><p>Чтобы при создании нового объекта увеличивать заведенный ранее счетчик на 1, необходимо определить эту операцию внутри конструктора класса. Конструктор класса - метод, который неявно вызывается всякий раз, когда мы создаем новый объект данного класса. В Python конструктором выступает магический метод <code>__init__</code>. </p><inject-highlight>class MyClass:
    TOTAL_OBJECTS=0

    def __init__(self):
        MyClass.TOTAL_OBJECTS +=  1</inject-highlight><h2>Выводим количество объектов</h2><p>Последним шагом нам нужно определить классовый метод <code>count</code>. Мы знаем, что обычные методы принимают первым аргументом ссылку на сам объект - обычно это <code>self</code>. Метод класса же принимает ссылку не на конкретный объект, а на класс в целом - <code>cls</code>. </p><p>Помимо этого, в Python методы класса принято оборачивать декоратором <code>@classmethod</code>. </p><inject-highlight>@classmethod
def count(cls):
    print(&quot;Total objects: &quot;, cls.TOTAL_OBJECTS)</inject-highlight><p>Таким образом, класс <code>MyClass</code> примет вид: </p><inject-highlight>class MyClass:

    TOTAL_OBJECTS=0

    def __init__(self):
        MyClass.TOTAL_OBJECTS +=  1

    @classmethod
    def count(cls):
        return cls.TOTAL_OBJECTS</inject-highlight>",0,99.0,88,0,900.0,,True,False,
61,Элементы с четными индексами,1,5,"<p>На вход подается массив целых чисел <code>arr</code>. Написать функцию <code>even</code>, которая возвращает список значений из исходного списка <code>arr</code>, у которых четные индексы (индексацию считать с единицы).</p><pre><strong>Дано:</strong> [1, 2, 3, 4, 4, 4]
<strong>Результат:</strong> [2, 4, 4]
</pre>","<inject-highlight>class Answer:
    def even(self, arr):
        return [x for (i,x) in enumerate(arr) if i%2!=0]
</inject-highlight><p>Вариант решения без использования <code>list comprehension</code>:</p><inject-highlight>class Answer:
    def even(self, arr):
        return arr[1::2]
</inject-highlight>",20,98.0,109,0,890.0,,True,False,
43,TOP ↑ | Поиск самого частого символа,1,5,"<p>Дана строка <code>str</code>. Необходимо написать функцию, которая принимает на вход строку и выводит кортеж из двух элементов:</p><ol><li>Самый часто встречающийся символ</li><li>Количество его повторов</li></ol><p><strong>Примечание 1:</strong> Если несколько символов встречаются одинаковое количество раз, то вывести любой из кортежей.</p><p><strong>Примечание 2:</strong> Пробел и знаки препинания тоже считаются символами.</p><p>Пример 1:</p><pre><strong>Дано:</strong> str = 'hello world'
<strong>Результат:</strong> ('l', 3)
</pre><p>Пример 2:</p><pre><strong>Дано:</strong> 'aaa bbb cc'
<strong>Результат:</strong> ('a', 3)
</pre>","<p>Конечно, решить данную задачу можно с помощью циклов методом перебора. Однако, встроенные модули Python предлагают большой набор инструментов для решения типовых задач (а это типовая задача). </p><p>Для подсчета количества элементов можно воспользоваться словарем <code>Counter</code> из модуля <code>collections</code>. Он принимает на вход объект и возвращает словарь: </p><ul><li>Ключи: элементы исходного объекта</li><li>Значения: количество вхождений каждого элемента</li></ul><p>Чтобы вывести только самый частый элемент, не обязательно потом производить сортировку словаря или выполнять другие действия. Это также типовая задача в Python и для нее в словаре <code>Counter</code> описан специальный метод - <code>most_common</code>. Этот метод принимает на вход число <code>n</code> и возвращает <code>n</code> самых частых элементов. </p><p>Таким образом, ответ можно записать так:</p><inject-highlight>from collections import Counter

class Answer:  
  def max_char(self, str1):
        temp = Counter(str1)
        self.max_char = temp.most_common(1)
        return self.max_char[0]
</inject-highlight>",20,88.0,89,0,900.0,,True,False,
44,Транспонирование матрицы,2,10,"<p>Дана матрица <code>matrix</code>, заданная списком. Напишите функцию <code>transp</code>, которая будет транспонировать данную матрицу максимально удобным и элегантным способом, который предоставляет язык Python.</p><p>Пример:</p><pre><strong>Дано:</strong> matrix = [[1, 2, 3], [1, 2, 3]]
<strong>Результат:</strong> [[1, 1], [2, 2], [3, 3]]
</pre>","<p>Это одна из задач на использование «синтаксического сахара» языка Python. Владение такими приемами очень положительно демонстрирует опыт разработчика. </p><p>Максимально элегантное решение этой задачи можно получить с помощью связки: </p><pre>генератор списков + распаковка + функция zip</pre><p>Давайте разберем по шагам.</p><p>Чтобы получить из исходного списка 2 списка (<code>[[1, 2, 3], [1, 2, 3]]</code> -&gt; <code>[1, 2, 3], [1, 2, 3]</code>), можно воспользоваться операцией распаковки <code>*</code>.</p><p>Попарно сцепить элементы на одинаковых позициях двух списков можно с помощью функции <code>zip</code>. Если на вход этой функции подать 2 списка одинаковой длины, то она сформирует новый список, где первым элементом будет кортеж из 2 элементов: 1 элемент 1 списка и 1 элемент 2 списка; 2 элементом список из 2 элемента 1 списка и 2 элемента 2 списка и т.д.</p><p>Например:</p><p><code>[1, 2, 3], [1, 2, 3]</code> -&gt; <code>[(1, 1), (2, 2), (3, 3)]</code></p><p>Объединив эти 2 операции, мы можем получить:</p><pre>matrix = [[1, 2, 3], [1, 2, 3]]

zip(*matrix)
# [(1, 1), (2, 2), (3, 3)]</pre><p><strong>Примечание:</strong> Если быть совсем точным, то <code>zip</code> вернет не список, как мы показали, а <code>zip object</code>, но для наглядности мы вывели результат списком. </p>
<p>Мы получили список из кортежей, а нам нужен список из списков. Идем дальше. </p><p>Теперь остается лишь превратить каждый кортеж в список. Это можно сделать с помощью генератора списков (<code>list comprehension</code>), применив к каждому кортежу функцию <code>list</code>: </p><pre>[list(i) for i in zip(*matrix)]</pre><p>Таким образом, ответ будет выглядеть следующим образом:</p><pre>class Answer:
    def transp(self, matrix):
      return [list(i) for i in zip(*matrix)]</pre>",30,96.0,90,0,900.0,,True,False,
45,Поиск всех возможных перестановок,1,5,"<p>Дан список чисел <code>arr</code>. Написать функцию <code>perms</code>, которая возвращает список из кортежей со всеми возможными перестановками из исходных чисел.</p><p>Пример:</p><pre><strong>Дано:</strong> [1, 2, 3]
<strong>Результат:</strong> [(1, 2, 3), (1, 3, 2), (2, 1, 3), (2, 3, 1), (3, 1, 2), (3, 2, 1)]
</pre>","<p>Для решения этой задачи достаточно воспользоваться стандартным модулем itertools, который реализует большое количество итераторов для эффективного решения стандартных задач с помощью цикла. </p><p>Очевидно, что решая эту задачу «в лоб», нам было бы необходимо пробежаться по всем элементам массива и для каждого несколькими вложенными циклами найти все возможные перестановки. Однако, в itertools эту задачу уже решает функция <code>permutations</code>: она принимает на вход список и возвращает <code>itertools.permutations object</code> со всеми возможными перестановками. </p><p>Чтобы получить требуемый ответ, необходимо применить к результату функции <code>permutations</code> функцию <code>list</code>, чтобы преобразовать ответ в список. </p><p>Таким образом, ответ будет выглядеть следующим образом:</p><pre>import itertools

class Answer:
  def perms(self, arr):
      return list(itertools.permutations(arr))</pre>",20,99.0,91,0,900.0,,True,False,
46,Генератор чисел Фибоначчи,1,5,"<p>Дано целое число <code>n</code>. Написать функцию-генератор <code>fibonacci</code>, которая будет возвращать <code>n</code> первых чисел Фиббоначи при вызове метода <code>next</code>.</p><p><strong>Пример:</strong></p><pre><strong>Дано:</strong> n = 5
<strong>Результат:</strong>

res = fibonacci(5)
next(res)
# 1
next(res)
# 1
next(res)
# 2
next(res)
# 3
next(res)
# 5
</pre><p><strong>Примечание:</strong> Первый член ряда - число <code>0</code> из ряда Фибоначчи необходимо выкинуть.</p>","<p>Для того, чтобы при вызове функции <code>next</code> отдавать очередное число Фибоначчи и запоминать текущее состояние, нужно реализовать «ленивое вычисление» - т.е. вычислять не все числа меньше заданного сразу, а постепенно, «когда попросят». В Python такое реализуется с помощью генераторов. </p><p>Для того, чтобы сделать из обычной функции генератор, нужно вместо <code>return</code> использовать <code>yield</code>. В результате получится не функция, которую можно вызвать и получить результат её работы, а итерируемый объект, из которого можно последовательно выдёргивать результаты его работы до тех пор, пока не будет исполнена последняя строчка кода генератора, либо не будет выполнен выход командой <code>return</code>. При этом после выдачи результата командой <code>yield</code> состояние генератора, все его внутренние переменные сохраняются. При следующей попытке выдернуть элемент из генератора работа начнётся со строчки, следующей за <code>yield</code>.</p><p>Что касается алгоритма поиска чисел Фибоначчи, то он таков: </p><ol><li>Первые 2 числа (<code>a</code> и <code>b</code>) равны единице</li><li>Для всех <code>i</code> меньше <code>n</code> возвращаем значение <code>a</code>, а затем переопределяем: теперь <code>a=b</code>, а <code>b=a+b</code></li></ol><p>Таким образом, решение будет выглядеть так:</p><inject-highlight>class Answer:
  def fibonacci(self, n):
          a, b = 1, 1
          for i in range(n):
              yield a
              a, b = b, a + b
</inject-highlight>",20,94.0,92,0,890.0,,True,False,
62,Символы строки на четных позициях,1,5,"<p>На вход подается строка <code>str</code>. Напишите функцию <code>even_pos</code>, которая будет возвращать символы на четных позициях.</p><p>Пример:</p><pre><strong>Дано:</strong> &#39;abcdef&#39;
<strong>Результат:</strong> &#39;ace&#39;
</pre>","<inject-highlight>class Answer:
      def even_pos(self, str):
        return str[::2]</inject-highlight>",20,93.0,110,0,890.0,,True,False,
47,Поиск НОД,1,5,"<p>Даны 2 целых числа <code>n</code> и <code>m</code>. Написать функцию <code>gcd</code>, которая возвращает наибольший общий делитель (НОД) этих двух чисел.</p><p>Пример:</p><pre><strong>Дано:</strong> n = 54, m = 24
<strong>Результат:</strong> 6
</pre>","<p>Для решения этой задачи необходимо запрограммировать алгоритм Евклида: </p><ol><li>Последовательно находим остаток от деления первого числа на второе</li><li>Переопределяем: первое число равняется второму, а второе - остатку</li><li>Продолжаем поиск, пока остаток не равен нулю (т.е. пока числане сравняются)</li></ol><p>Ответом будет число, которому стали равны <code>a</code> и <code>b</code> одновременно. </p><p>Таким образом, решение задачи можно записать так:</p><pre>class Answer:
  def gcd(self, a, b):
    while b:
      a, b = b, a%b
    return a</pre>",20,86.0,93,0,890.0,,True,False,
48,Вставка кортежа в кортеж,1,5,"<p>Дан кортеж <code>init</code>, целое число <code>ind</code> и кортеж <code>add</code>. Необходимо написать функцию <code>tuplex</code>, которая позволит вставить элементы кортежа <code>add</code> в кортеж <code>init</code>, начиная с позиции <code>ind</code> и вывести получившийся кортеж.</p><p>Пример:</p><pre><strong>Дано:</strong> init = (1, 2, 3, 4, 5, 6, 7), ind = 3, add = (100, 100, 100)
<strong>Результат:</strong> (1, 2, 3, 100, 100, 100, 4, 5, 6, 7)
</pre>","<p>Конкатенация массивов/кортежей с «разрывом» исходного массива/кортежа - абсолютно стандартная операция. Решается такая задача в Python с помощью срезов и конкатенации. </p><ol><li>Массивы и кортежи в Python - итерируемые объекты и поддерживают срезы. Например, <code>tup[:5]</code> вернет первые 5 элементов, а <code>tup[5:]</code> все элементы после 5.</li><li>Конкатенация нескольких контейнеров делается с помощью операции сложения <code>«+»</code>. Например, <code>tup1 + tup2 + tup3</code>.</li></ol><p>Соответственно, чтобы решить задачу, нужно: </p><ol><li>Взять кортеж из элементов до позиции <code>ind</code></li><li>Присоединить кортеж <code>add</code></li><li>Присоединить кортеж из элементов после позиции <code>ind</code></li></ol><p>Таким образом, решение можно сформулировать так:</p><pre>class Answer:
  def tuplex(self, init, ind, add):
          return init[:ind] + add + init[ind:]</pre>",20,92.0,94,0,890.0,,True,False,
49,Контроль за именованными аргументами,1,5,"<p>Необходимо создать функцию <code>strict</code>, которая будет принимать два именованных аргумента, которые являются целыми числами: <code>n</code> и <code>m</code>, и возвращать их сумму. При этом если функция будет вызываться без названий аргументов, должна появляться ошибка.</p><p>Пример 1:</p><pre><strong>Дано:</strong> strict(n = 1, m = 2)
<strong>Результат:</strong> 3
</pre><p>Пример 2:</p><pre><strong>Дано:</strong> strict(n = 1, 2)
<strong>Результат:</strong> TypeError
</pre><p>Пример 3:</p><pre><strong>Дано:</strong> strict(1, 2)
<strong>Результат:</strong> TypeError
</pre>","<p>В Python мы можем передавать аргументы функции без указания имени и по имени. В первом случае аргументы обычно называются позиционными (<code>positional arguments</code>), а во втором – именованными (<code>keyword arguments</code>). Строгих правил на этот счет нет, кроме того, что ВСЕ позиционные аргументы должны идти до именованных, иначе возникнет ошибка: </p><pre>test(x=25, y=5, 5)
# SyntaxError: positional argument follows keyword argument</pre><p>Тем не менее, если мы придерживаемся этого правила, то мы сами можем выбирать - указывать имя аргумента или нет. Например, этот код не вызовет ошибку: </p><pre>test(25, 5, 5)</pre><p>Однако, с помощью оператора звездочки (астериск, <code>*</code>), мы можем еще более строго контролировать передачу переменных. Например, мы можем строго запретить позиционные аргументы и «заставить» передавать только именованные аргументы. Для этого при определении функции, перед первым «обязательным» именованным аргументом нужно поставить астериск. </p><p>Таким образом, ответ можно записать так:</p><pre>class Answer:
  def strict_func(self, *, n, m):
    return n+m</pre>",0,90.0,95,0,900.0,,True,False,
50,Комбинированный список из разных структур,1,5,"<p>Дан список целых чисел <code>A</code>, кортеж <code>B</code> и множество <code>C</code>. Реализовать функцию <code>combine</code>, которая максимально элегантным способом будет формировать список, состоящий из элементов всех трех структур данных.</p><p>Пример:</p><pre><strong>Дано:</strong> A = [1, 2, 3], B = (4, 5, 6), C = {4, 5, 6}
<strong>Результат:</strong> [1, 2, 3, 4, 5, 6, 4, 5, 6]
</pre>","<p>Объединение данных из разных структур (кортежей, словарей, множеств и т.д.) - довольно распространенная задача. Для ее решения существует множество способов. Например, создать пустой список и в трех циклах по каждой структуре добавлять туда информацию:</p><pre>A = [1, 2, 3], B = (4, 5, 6), C = {4, 5, 6}

D = []

for i in A:
 D.append(i)

for i in B:
 D.append(i)

for i in C:
 D.append(i)</pre><p>Однако, очевидно, что это очень неоптимальный и «некрасивый» способ решения данной задачи. Для «красивого» решения можно воспользоваться полезной фичей языка Python - распаковкой. </p><p>Операция распаковки (<code>*</code>) позволяет «вытащить» элементы из каждой структуры данных, избавившись тем самым от ограничения каждой из структур и получив просто «голые» элементы. Распаковав таким образом каждую структуру, остается только объединить все получившиеся элементы в один список. </p><p>Сделать это можно следующим образом:</p><pre>class Answer:
 def combine(self, A, B, C):
     return [*A, *B, *C]</pre>",20,95.0,96,0,900.0,,True,False,
73,Продажи за 2019 и 2020 год,2,10,"<h2>Дано</h2><p>Есть таблица анализов <code>Analysis</code>:</p><inject-highlight>+-------+---------+---------+----------+----------+
| an_id | an_name | an_cost | an_price | an_group |
+-------+---------+---------+----------+----------+
</inject-highlight><ul><li><code>an_id</code> - ID анализа</li><li><code>an_name</code> - Название анализа</li><li><code>an_cost</code> - Себестоимость анализа</li><li><code>an_price</code> - Розничная цена анализа</li><li><code>an_group</code> - Группа анализов</li></ul><p>Есть таблица групп анализов <code>Groups</code>:</p><inject-highlight>+-------+---------+---------+
| gr_id | gr_name | gr_temp |
+-------+---------+---------+
</inject-highlight><ul><li><code>gr_id</code> - ID группы</li><li><code>gr_name</code> - Название группы</li><li><code>gr_temp</code> - Температурный режим хранения</li></ul><p>Есть таблица заказов <code>Orders</code>:</p><inject-highlight>+--------+--------------+---------+
| ord_id | ord_datetime | ord_an  |
+--------+--------------+---------+
</inject-highlight><ul><li><code>ord_id</code> - ID заказа</li><li><code>ord_datetime</code> - Дата и время заказа</li><li><code>ord_an</code> - ID анализа</li></ul><h2>Задание</h2><p>Для каждого анализа вывести: ID анализа, кол-во продаж за 2019 год и кол-во продаж за 2020 год.</p>","<inject-highlight>WITH sales as
(
  SELECT o.ord_an as an, EXTRACT(YEAR FROM o.ord_datetime) as year, COUNT(o.ord_an) as cnt
  FROM Orders o
  WHERE DATE(o.ord_datetime) BETWEEN '2019.01.01' AND '2020.12.31'
  GROUP BY EXTRACT(YEAR FROM o.ord_datetime), o.ord_an
)
  SELECT s.an,
         MAX(CASE WHEN s.year = '2019' THEN s.cnt ELSE 0 END) as year2019,
         MAX(CASE WHEN s.year = '2020' THEN s.cnt ELSE 0 END) as year2020
  FROM sales s
  JOIN Analysis a
  ON s.an = a.an_id
  GROUP BY s.an

--Или

  SELECT o.ord_an as an,
       sum(case when EXTRACT(YEAR FROM o.ord_datetime) = '2019' then 1 else 0 end) as year2019,
       sum(case when EXTRACT(YEAR FROM o.ord_datetime) = '2020' then 1 else 0 end) as year2020
  FROM Orders o
  WHERE DATE(o.ord_datetime) BETWEEN to_date('2019.01.01', 'yyyy.mm.dd')
                                 AND to_date('2020.12.31', 'yyyy.mm.dd')
  GROUP BY o.ord_an;

--Или

SELECT o.ord_an as an,
       count(case when EXTRACT(YEAR FROM o.ord_datetime) = '2019' then 1 end) as year2019,
       count(case when EXTRACT(YEAR FROM o.ord_datetime) = '2020' then 1 end) as year2020
  FROM Orders o
  WHERE DATE(o.ord_datetime) BETWEEN to_date('2019.01.01', 'yyyy.mm.dd')
                                 AND to_date('2020.12.31', 'yyyy.mm.dd')
  GROUP BY o.ord_an;</inject-highlight>",30,99.0,113,0,890.0,,True,False,
51,Попарно сцепить два списка разной длины,1,5,"<p>Дано два списка: <code>A</code> и <code>B</code>. Список <code>A</code> содержит в себе целочисленный номер, а список <code>B</code> - строки произвольной длины. Необходимо написать функцию <code>pairs</code>, которая будет возвращать список, состоящий из кортежей с двумя элементами: номер из списка <code>A</code> и строка из списка <code>B</code>.</p><p><strong>Примечание 1:</strong> Первому элементу списка <code>A</code> ставится в соответствие первый элемент списка <code>B</code>, второму - второй и так далее.</p><p><strong>Примечание 2:</strong> Если длина какого-то из списков больше, то отсутствующие значения необходимо заполнять нулями.</p><p>Пример:</p><pre><strong>Дано:</strong> A = [1, 2, 3], B = ['aa', 'vv']
<strong>Результат:</strong> [(1, 'aa'), (2, 'vv'), (3, 0)]
</pre>","<p>Задача «сцепки» элементов из нескольких контейнеров часто встречается в Python. Например, при одновременном итерировании по нескольким спискам. Обычно такую задачу решают с помощью функции <code>zip</code>: </p><inject-highlight>for name, surname in zip(names, surnames):
  ...
</inject-highlight><p>Однако, здесь задача немного сложней, потому что исходные списки могут быть разной длины. Функция <code>zip</code> в таком случае сформирует пары в соответствии с меньшей длиной. Как быть? </p><p>Есть еще одна функция - <code>zip_longest</code> из модуля <code>itertools</code>. Принцип ее работы аналогичен функции <code>zip</code> за той лишь разницей, что результат формируется в соответствии с длиной большего контейнера. </p><p>Но встает вопрос - а чем заполняются пропуски из меньшего контейнера? Обычно это <code>None</code>, но с помощью параметра <code>fillvalue</code> мы можем сами регулировать заполнение пропусков. </p><p>Таким образом, ответ будет выглядеть так:</p><inject-highlight>from itertools import zip_longest

class Answer:
  def pairs(self, A, B):
    return list(zip_longest(A, B, fillvalue = 0))
</inject-highlight>",20,94.0,97,0,890.0,,True,False,
52,Сделать плоскими все кортежи,1,5,"<p>На вход подается массив <code>arr</code> состоящий из произвольного количества кортежей, в каждом из которых также содержится произвольное количество элементов. Необходимо написать фукнцию <code>flat</code>, которая будет возвращать список из всех элементов, входящих в состав каждого кортежа.</p><p>Пример:</p><pre><strong>Дано:</strong> arr = [(1, 2, &#39;a&#39;), (&#39;bb&#39;, ), (&#39;cc&#39;, &#39;dd&#39;, 1)]
<strong>Результат:</strong> [1, 2, &#39;a&#39;, &#39;bb&#39;, &#39;cc&#39;, &#39;dd&#39;, 1]
</pre>","<p>Перед Вами задача на перебор вложенных списков/кортежей - абсолютно типовая операция, которая встречается повсеместно. Решить ее можно, например, «в лоб» - простым перебором: </p><pre>res = []

for subarr in arr:
  for el in subarr:
    res.append(el)</pre><p>Однако, Python славится своими решениями-однострочниками, поэтому и эту задачу можно решить всего в одну строку с помощью генератора списков. </p><p>Мы привыкли, что list comprehension выглядит так: <code>[x for x in arr]</code>. Но на самом деле генератор списков может заменить и вложенный цикл, например, двойной (как в примере выше). В таком случае случае сначала записывается <code>for - in</code> для внешнего цикла, а потом только для внутреннего. </p><p>Таким образом, решение можно записать так:</p><pre>class Answer:
  def flat(self, arr):
    return [i for subarr in arr for i in subarr]</pre>",20,94.0,98,0,890.0,,True,False,
53,Нумерованные кортежи из списка элементов,1,5,"<p>Дан список <code>arr</code> с произвольным количеством элементов. Необходимо написать функцию <code>tuple_creator</code>, которая вернет список кортежей, каждый из которых будет содержать порядковый номер и элемент списка <code>arr</code>. При этом нумерацию нужно начинать не с нуля, а с некоторого заданного числа <code>n</code>.</p><p>Пример:</p><pre><strong>Дано:</strong> arr = [&#39;aaa&#39;, 125, &#39;bbb&#39;], n = 3
<strong>Результат:</strong> [(3, &#39;aaa&#39;), (4, 125), (5, &#39;bbb&#39;)]
</pre>","<p>Вернуть список из элементов некоторого контейнера и их порядковых номеров - типовая задача в Python. Особенно актуально это для циклов и решается это с помощью <code>enumerate</code>. Эта функция как раз и формирует из контейнера с данными с список с кортежами <code>(порядковый номер, значение элемента)</code>. </p><p>Сравните: </p><pre>for i in range(len(arr)):
  print(f&#39;{i}-ый элемент: {arr[i]}&#39;)</pre><p>и</p><pre>for i, el in enumerate(arr):
  print(f&#39;{i}-ый элемент: {el}&#39;)</pre><p>Очевидно, что второй вариант более читаемый и выглядит более профессионально. </p><p>Помимо всего прочего, функция <code>enumerate</code> принимает необязательный аргумент <code>start</code> - с какого индекса начинать нумерацию элементов. По умолчанию он равен <code>0</code>. </p><p>Таким образом, решение можно записать так:</p><pre>class Answer:
  def tuple_creator(self, arr, n):
    return list(enumerate(arr, start = n))</pre>",0,90.0,101,0,890.0,,True,False,
54,Поиск общих элементов двух множеств,1,5,"<p>Дано два множества: <code>st1</code> и <code>st2</code>. Написать функцию <code>set_comp</code>, которая будет возвращать <code>True</code>, если <code>st1</code> и <code>st2</code> не имеют общих элементов и <code>False</code> иначе.</p><p>Пример 1:</p><pre><strong>Дано:</strong> st1 = {1, 2, 3}, st2 = {2, 3, 4}
<strong>Результат:</strong> False
</pre><p>Пример 2:</p><pre><strong>Дано:</strong> st1 = {1, 2, 3}, st2 = {20, 30, 40}
<strong>Результат:</strong> True
</pre>","<p>Множества в Python имеют большое количество стандартных методов, которые позволяют решать типовые задачи без написания дополнительного кода. Например, пересечения множеств, объединение множеств, проверка соответствия элементов в нескольких множествах и так далее. Одна из таких задач - проверка наличия общих элементов в двух множествах. </p><p>Такая проверка делается с помощью метода <code>isdisjoint</code>: </p><pre>set1.isdisjoint(set2)</pre><p>Метод <code>isdisjoint</code> возвращает <code>True</code>, если <code>set1</code> и <code>set2</code> не имеют общих элементов и <code>False</code> иначе. Таким образом, ответ можно записать так:</p><pre>class Answer:
  def set_comp(self, st1, st2):
    return st1.isdisjoint(st2)</pre>",20,99.0,102,0,890.0,,True,False,
55,Определение анаграммов,1,5,"<p>Даны два слова: <code>word1</code> и <code>word2</code>. Написать функцию <code>anagram</code> для определения, являются ли эти слова анаграммами.</p><p><strong>Примечание:</strong> Анаграммами называются слова, которые состоят из одного и того же набора букв (и имеют одинаковую длину).</p><p>Пример 1:</p><pre><strong>Дано:</strong> word1 = 'Hello', word2 = 'Helo'
<strong>Результат:</strong> False
</pre><p>Пример 2:</p><pre><strong>Дано:</strong> word1 = 'насос', word2 = 'сосна'
<strong>Результат:</strong> True
</pre>
","<p>Задача на определение анаграммов - классическая задача с собеседования на роль разработчика. </p><p>Обычно эта задача решается следующим образом: программист пишет цикл, в котором пробегается по буквам в каждом слове и с помощью какой-нибудь структуры (например, словаря) количество раз, которое каждая буква встречается в слове. Затем два словаря просто сравниваются и получается ответ. </p><p>В Python эту задачу можно решить с помощью встроенного словаря <code>Counter</code> из модуля <code>collections</code>, который сам считает частоту вхождения каждой буквы в слово. В итоге остается только сравнить два этих словаря и все. </p><p>Таким образом, ответ можно записать так:</p><pre>from collections import Counter

class Answer:
  def anagram(self, word1, word2):
    return Counter(word1) == Counter(word2)</pre>",20,94.0,103,0,900.0,,True,False,
56,Декоратор для названия функции,1,5,"<p>Написать декоратор <code>printing</code>, который будет выводить на экран название функции, к которой он применяется, во время ее вызова.</p>
","<p>Наш декоратор должен состоять из 2 частей: </p><ol><li>Внешняя функция - принимает на вход декорируемую функцию. Эта функция должна возвращать функцию-обертку.</li><li>Внутренняя функция - делает <code>print</code> названия декорируемой функции</li></ol><p>Чтобы получить название функции, можно обратиться к атрибуту <code>__name__</code>. </p><p>Таким образом, ответ можно записать так:</p><pre>class Answer:
  def printing(self, func):
      def wrapper():
          print(func.__name__)
      return wrapper</pre>",20,91.0,104,0,900.0,,True,False,
57,Словарь с частотой уникальных символов,1,5,"<p>На вход подается строка <code>str</code>. Необходимо написать функцию <code>magic_dict</code>, которая будет составлять словарь, в котором ключами будут уникальные символы из <code>str</code>, а значениями - количество вхождений этих символов в строку <code>str</code>. При этом расположены элементы словаря должны быть в порядке лексикографического возрастания ключей.</p><p>Пример:</p><pre><strong>Дано:</strong> str = &#39;abcacdabcacdaaeee&#39;
<strong>Результат:</strong> {&#39;a&#39;: 6, &#39;b&#39;: 2, &#39;c&#39;: 4, &#39;d&#39;: 2, &#39;e&#39;: 3}
</pre>","<p>Подсчет количества уникальных элементов - типовая задача в любой области программирования. В данном случае необходимо посчитать количество повторов каждого символа в строке. </p><p>Для начала, нужно вспомнить, что строка - итерируемый объект в Python. А значит для подсчета элементов мы можем воспользоваться словарем <code>Counter</code> из модуля <code>collections</code>. Он принимает на вход итерируемый объект и возвращает словарь вида: </p><pre>{
  &#39;элемент&#39;: &#39;кол-во повторений&#39;
}</pre><p>В конце нужно преобразовать словарь <code>Counter</code> в обычный словарь Python с помощью функции <code>dict</code>. </p><p>Таким образом, решение можно записать так:</p><pre>class Answer:
  def magic_dict(self, str):
    from collections import Counter
    return dict(Counter(str))</pre>",0,99.0,105,0,900.0,,True,False,
58,Валидатор паролей,2,10,"<p>На вход подается строка <code>str</code>, которая содержит пароли, разделенные между собой запятыми. По правилам сайта, все пароли должны соответствовать следующим правилам:</p><ul><li>Минимальная длина пароля - 6 символов</li><li>Максимальная длина пароля - 12 символов</li><li>Должна быть минимум 1 буква из [a-z]</li><li>Должна быть минимум 1 цифра из [0-9]</li><li>Должна быть минимум 1 буква из [A-Z]</li><li>Должен быть минимум 1 символ из [$#@]</li></ul><p>Необходимо создать функцию <code>validator</code>, которая будет проверять все поданные на вход пароли и возвращать новую строку, состоящую из валидных паролей. Каждый пароль должен быть отделен от следующего запятой.</p><p>Пример:</p><pre><strong>Дано:</strong> &#39;adcd12$, az09A@, az09A$$&#39;
<strong>Решение:</strong> &#39;az09A@, az09A$$&#39;</pre>","<p>Валидация полей - типичная задача, например, в формах регистрации на сайте. Чаще всего такой класс задача решается с помощью регулярных выражений. </p><p>В нашем примере необходимо отвалидировать набор паролей, которые подаются на вход в виде строки через запятую. Соответственно, сначала необходимо преобразовать такую строку в список из отдельных паролей - это можно сделать с помощью метода <code>split</code>: </p><inject-highlight>items = [x for x in str.split(',')]
</inject-highlight><p>Далее необходимо проверить каждый пароль на соответствие условиям. Для этого пробегаемся по каждому паролю в цикле:</p><inject-highlight>for p in items:
</inject-highlight><p>Проверить длину пароля можно с помощью функции <code>len</code>. Реализовать остальные проверки можно с помощью регулярных выражений. В Python для этого используется модуль <code>re</code>. </p><p>В нашем решении мы намеренно выносим каждую проверку в отдельный блок <code>if</code>, чтобы наглядно проиллюстрировать каждое условие. Мы использовали функцию <code>re.search</code>, которая сканирует строку и ищет совпадения. Если совпадения найдены, то возвращается соответствующий <code>match object</code>, иначе - <code>None</code>. </p><p>Если пароль прошел все проверки (то есть цикл не прервался на более ранних стадиях с помощью оператора <code>continue</code>), мы добавляем пароль в массив с отвалидированными паролями <code>value</code>. В конце остается конвертировать массив обратно в строку - это делается с помощью строкового метода <code>join</code>. </p><p>Таким образом, ответ можно записать так:</p><inject-highlight>import re

class Answer:
    def validator(self, str):
        import re
        value = []
        items=[x for x in str.split(',')]
        for p in items:
            p = p.strip()
            if len(p) < 6 or len(p) > 12:
                continue
            else:
                pass
            if not re.search(""[a-z]"",p):
                continue
            elif not re.search(""[0-9]"",p):
                continue
            elif not re.search(""[A-Z]"",p):
                continue
            elif not re.search(""[$#@]"",p):
                continue
            else:
                pass
            value.append(p)
        return "", "".join(value)
</inject-highlight>",30,89.0,106,0,890.0,,False,False,
59,Вывести документацию к функции,1,5,"<h2>Задание</h2><p>Создайте функцию возведения в квадрат <code>pow</code> таким образом, чтобы вызов атрибута <code>__doc__</code> выводил бы на экран строку <code>Это документация к этой функции</code>.</p>","<p>Атрибут <code>__doc__</code> в Python позволяет вывести документацию к соответствующему объекту. Например, если у Вас есть класс <code>Test</code>, то вызов <code>Test.__doc__</code> выведет строковое представление документации. </p><p><em>Примечание:</em> Стоит отметить, что функции в Python тоже являются объектами, поэтому их это тоже касается. </p><p>Для того, чтобы задокументировать функцию, достаточно добавить строку, обрамленную тройными кавычками.</p><p>Таким образом, ответ можно записать так:</p><inject-highlight>class Answer:
    def pow(self, x):
        '''Это документация к этой функции'''
        return x**2
</inject-highlight>",20,93.0,107,0,900.0,,True,False,
60,Произведение всех членов массива,1,5,"<p>Напишите функцию <code>multiplier</code>, которая будет возвращать произведение всех членов массива <code>arr</code>.</p><p>Пример:</p><pre><strong>Дано:</strong> [1, 2, 3, 4, 5]
<strong>Результат:</strong> 120
</pre>","<inject-highlight>from functools import reduce
class Answer:
    def multiplier(self, arr):        
        return reduce(lambda x, y: x*y, arr)</inject-highlight>",20,98.0,108,0,890.0,,True,False,
63,Анализы в диапазоне цен,1,5,"<h2>Дано</h2><p>Есть таблица анализов <code>Analysis</code>:</p><inject-highlight>+-------+---------+---------+----------+----------+
| an_id | an_name | an_cost | an_price | an_group |
+-------+---------+---------+----------+----------+
</inject-highlight><ul><li><code>an_id</code> - ID анализа</li><li><code>an_name</code> - Название анализа</li><li><code>an_cost</code> - Себестоимость анализа</li><li><code>an_price</code> - Розничная цена анализа</li><li><code>an_group</code> - Группа анализов</li></ul><p>Есть таблица групп анализов <code>Groups</code>:</p><inject-highlight>+-------+---------+---------+
| gr_id | gr_name | gr_temp |
+-------+---------+---------+
</inject-highlight><ul><li><code>gr_id</code> - ID группы</li><li><code>gr_name</code> - Название группы</li><li><code>gr_temp</code> - Температурный режим хранения</li></ul><p>Есть таблица заказов <code>Orders</code>:</p><inject-highlight>+--------+--------------+---------+
| ord_id | ord_datetime | ord_an  |
+--------+--------------+---------+
</inject-highlight><ul><li><code>ord_id</code> - ID заказа</li><li><code>ord_datetime</code> - Дата и время заказа</li><li><code>ord_an</code> - ID анализа</li></ul><h2>Задание</h2><p>Вывести все анализы, которые в рознице стоят от 250 до 500 рублей. Ответ должен содержать:</p><ul><li>ID анализа</li><li>Название анализа</li><li>Цену анализа</li></ul>","<inject-highlight>SELECT an_id, an_name, an_price
FROM Analysis
WHERE an_price BETWEEN 250 AND 500</inject-highlight>",0,87.0,41,0,890.0,,True,False,
64,Продажи в апреле 2020,1,5,"<h2>Дано</h2><p>Есть таблица анализов <code>Analysis</code>:</p><inject-highlight>+-------+---------+---------+----------+----------+
| an_id | an_name | an_cost | an_price | an_group |
+-------+---------+---------+----------+----------+
</inject-highlight><ul><li><code>an_id</code> - ID анализа</li><li><code>an_name</code> - Название анализа</li><li><code>an_cost</code> - Себестоимость анализа</li><li><code>an_price</code> - Розничная цена анализа</li><li><code>an_group</code> - Группа анализов</li></ul><p>Есть таблица групп анализов <code>Groups</code>:</p><inject-highlight>+-------+---------+---------+
| gr_id | gr_name | gr_temp |
+-------+---------+---------+
</inject-highlight><ul><li><code>gr_id</code> - ID группы</li><li><code>gr_name</code> - Название группы</li><li><code>gr_temp</code> - Температурный режим хранения</li></ul><p>Есть таблица заказов <code>Orders</code>:</p><inject-highlight>+--------+--------------+---------+
| ord_id | ord_datetime | ord_an  |
+--------+--------------+---------+
</inject-highlight><ul><li><code>ord_id</code> - ID заказа</li><li><code>ord_datetime</code> - Дата и время заказа</li><li><code>ord_an</code> - ID анализа</li></ul><h2>Задание</h2><p>Вывести все номера заказов, которые были совершены в апреле 2020 года. Ответ должен содержать:</p><ul><li>ID заказа</li><li>дату-время заказа</li></ul><p>Результат отсортируйте по возрастанию даты и времени. </p>","<inject-highlight>SELECT ord_id, ord_datetime
FROM Orders
WHERE DATE(ord_datetime) BETWEEN '2020-04-01' AND '2020-04-30'
ORDER BY DATE(ord_datetime)</inject-highlight>",20,100.0,42,0,890.0,,True,False,
65,Режим хранения анализов,1,5,"<h2>Дано</h2><p>Есть таблица анализов <code>Analysis</code>:</p><inject-highlight>+-------+---------+---------+----------+----------+
| an_id | an_name | an_cost | an_price | an_group |
+-------+---------+---------+----------+----------+
</inject-highlight><ul><li><code>an_id</code> - ID анализа</li><li><code>an_name</code> - Название анализа</li><li><code>an_cost</code> - Себестоимость анализа</li><li><code>an_price</code> - Розничная цена анализа</li><li><code>an_group</code> - Группа анализов</li></ul><p>Есть таблица групп анализов <code>Groups</code>:</p><inject-highlight>+-------+---------+---------+
| gr_id | gr_name | gr_temp |
+-------+---------+---------+
</inject-highlight><ul><li><code>gr_id</code> - ID группы</li><li><code>gr_name</code> - Название группы</li><li><code>gr_temp</code> - Температурный режим хранения</li></ul><p>Есть таблица заказов <code>Orders</code>:</p><inject-highlight>+--------+--------------+---------+
| ord_id | ord_datetime | ord_an  |
+--------+--------------+---------+
</inject-highlight><ul><li><code>ord_id</code> - ID заказа</li><li><code>ord_datetime</code> - Дата и время заказа</li><li><code>ord_an</code> - ID анализа</li></ul><h2>Задание</h2><p>Вывести все заказы, которые содержат анализы, предполагающие режим хранения 22. Ответ должен содержать ID заказа, ID анализа, название анализа и режим хранения.</p>","<inject-highlight>SELECT o.ord_id, o.ord_an, a.an_name, g.gr_temp
FROM Orders o
JOIN Analysis a
ON o.ord_an = a.an_id
JOIN Groups g
ON a.an_group = g.gr_id
WHERE g.gr_temp = 22
</inject-highlight>",20,93.0,43,0,890.0,,True,False,
66,Анализ крови,1,5,"<h2>Дано</h2><p>Есть таблица анализов <code>Analysis</code>:</p><inject-highlight>+-------+---------+---------+----------+----------+
| an_id | an_name | an_cost | an_price | an_group |
+-------+---------+---------+----------+----------+
</inject-highlight><ul><li><code>an_id</code> - ID анализа</li><li><code>an_name</code> - Название анализа</li><li><code>an_cost</code> - Себестоимость анализа</li><li><code>an_price</code> - Розничная цена анализа</li><li><code>an_group</code> - Группа анализов</li></ul><p>Есть таблица групп анализов <code>Groups</code>:</p><inject-highlight>+-------+---------+---------+
| gr_id | gr_name | gr_temp |
+-------+---------+---------+
</inject-highlight><ul><li><code>gr_id</code> - ID группы</li><li><code>gr_name</code> - Название группы</li><li><code>gr_temp</code> - Температурный режим хранения</li></ul><p>Есть таблица заказов <code>Orders</code>:</p><inject-highlight>+--------+--------------+---------+
| ord_id | ord_datetime | ord_an  |
+--------+--------------+---------+
</inject-highlight><ul><li><code>ord_id</code> - ID заказа</li><li><code>ord_datetime</code> - Дата и время заказа</li><li><code>ord_an</code> - ID анализа</li></ul><h2>Задание</h2><p>Найти все уникальные названия анализов, которые фигурировали в заказах и имеют в названии любую форму слова <code>кровь</code>.</p><p><strong>Примечание:</strong> Обратите внимание, что названия могут быть написаны любым регистром.</p><p>Необходимо вывести столбцы: </p><li>название анализа (<code>an_name</code>)</li></ul>","<inject-highlight>SELECT DISTINCT a.an_name
FROM Orders o
JOIN Analysis a
ON o.ord_an = a.an_id
WHERE a.an_name ilike '%кров%'
</inject-highlight>Или:</p><inject-highlight>SELECT DISTINCT a.an_name
FROM Orders o
JOIN Analysis a
ON o.ord_an = a.an_id
WHERE LOWER(a.an_name) like '%кров%'
</inject-highlight>",20,96.0,44,0,890.0,,True,False,
67,Задача на расчет наценки,1,5,"<h2>Дано</h2><p>Есть таблица анализов <code>Analysis</code>:</p><inject-highlight>+-------+---------+---------+----------+----------+
| an_id | an_name | an_cost | an_price | an_group |
+-------+---------+---------+----------+----------+
</inject-highlight><ul><li><code>an_id</code> - ID анализа</li><li><code>an_name</code> - Название анализа</li><li><code>an_cost</code> - Себестоимость анализа</li><li><code>an_price</code> - Розничная цена анализа</li><li><code>an_group</code> - Группа анализов</li></ul><p>Есть таблица групп анализов <code>Groups</code>:</p><inject-highlight>+-------+---------+---------+
| gr_id | gr_name | gr_temp |
+-------+---------+---------+
</inject-highlight><ul><li><code>gr_id</code> - ID группы</li><li><code>gr_name</code> - Название группы</li><li><code>gr_temp</code> - Температурный режим хранения</li></ul><p>Есть таблица заказов <code>Orders</code>:</p><inject-highlight>+--------+--------------+---------+
| ord_id | ord_datetime | ord_an  |
+--------+--------------+---------+
</inject-highlight><ul><li><code>ord_id</code> - ID заказа</li><li><code>ord_datetime</code> - Дата и время заказа</li><li><code>ord_an</code> - ID анализа</li></ul><h2>Задание</h2><p>Рассчитать и вывести наценку для каждой строки таблицы Заказов. Рассчитанную наценку округлите до 3 знака после запятой и выразите в % (то есть не <code>0.01</code>, а <code>1</code>).</p><p><strong>Примечание:</strong> Наценка рассчитывается по формуле: <em>Наценка = (Розница - Себестоимость)/Себестоимость</em></p><h2>Вывод результатов</h2><p><strong>Результат должен содержать столбцы:</strong></p><ul><li><code>ord_id</code> - ID заказа</li><li><code>ord_datetime</code> - дата и время заказа</li><li><code>ord_an</code> - ID анализа</li><li><code>markup</code> - рассчитанная наценка</li></ul><p><strong>Сортировка ответа:</strong> не предусмотрена.</p><p><strong>Используемая СУБД:</strong> PostgreSQL. </p>","<inject-highlight>SELECT o.*, round((a.an_price - a.an_cost)::numeric/a.an_cost*100, 3) as Markup
FROM Orders o
JOIN Analysis a
ON o.ord_an = a.an_id
</inject-highlight>",20,100.0,45,0,890.0,,True,False,
74,Среднемесячное количество продаж больше 2,2,10,"<h2>Дано</h2>
<p>Есть таблица анализов <code>Analysis</code>:</p>
<inject-highlight>+-------+---------+---------+----------+----------+
| an_id | an_name | an_cost | an_price | an_group |
+-------+---------+---------+----------+----------+
</inject-highlight>
<ul>
<li><code>an_id</code> - ID анализа</li>
<li><code>an_name</code> - Название анализа</li>
<li><code>an_cost</code> - Себестоимость анализа</li>
<li><code>an_price</code> - Розничная цена анализа</li>
<li><code>an_group</code> - Группа анализов</li>
</ul>
<p>Есть таблица групп анализов <code>Groups</code>:</p>
<inject-highlight>+-------+---------+---------+
| gr_id | gr_name | gr_temp |
+-------+---------+---------+
</inject-highlight>
<ul>
<li><code>gr_id</code> - ID группы</li>
<li><code>gr_name</code> - Название группы</li>
<li><code>gr_temp</code> - Температурный режим хранения</li>
</ul>
<p>Есть таблица заказов <code>Orders</code>:</p>
<inject-highlight>+--------+--------------+---------+
| ord_id | ord_datetime | ord_an  |
+--------+--------------+---------+
</inject-highlight>
<ul>
<li><code>ord_id</code> ID заказа</li>
<li><code>ord_datetime</code> Дата и время заказа</li>
<li><code>ord_an</code> ID анализа</li>
</ul>
<h2>Задание</h2>
<p>Вывести ID анализов, у которых среднемесячное количество заказов больше 2 в 2020 году.</p>
<p>Вывести столбцы:</p>
<ul>
<li>ID анализа - <code>an_id</code></li>
<li>среднемесячное кол-во заказов - <code>cnt</code></li>
</ul>
<p><strong>Важно:</strong> Обратите внимание, что название столбцов в ответе должно в точности совпадать с условием.</p>
<p><strong>Важно:</strong> Рассчитанную наценку округлите до 3 знака после запятой.</p>
<p><strong>Важно:</strong> Результат отсортируйте по убыванию поля <code>cnt</code></p>","<p>Чтобы решить задачу, нам необходимо:</p>
<ul>
<li>Соединить таблицы <code>Orders</code> и <code>Analysis</code>, чтобы сопоставить дату продажи и анализ</li>
<li>Наложить фильтр на год продажи</li>
<li>Сгруппировать по анализам</li>
<li>Посчитать общее количество проданных анализов, деленное на 12 месяцев в году - так мы получим среднемесячное значение для каждого анализа</li>
<li>Оставить только те анализы, для которых рассчитанная величина получилась больше <code>2</code></li>
</ul>
<p>Чтобы извлечь год из даты, можно использовать функцию <code>EXTRACT</code> или <code>TO_CHAR</code>.</p>
<p>Чтобы разделить целое число (результат функции <code>COUNT</code>) на другое целое число (12 месяцев) и получить дробный ответ, не забудьте преобразовать числитель или знаменатель к типу <code>numeric</code>.</p>
<p>Таким образом, решение можно записать так:</p>
<inject-highlight>SELECT a.an_id,  ROUND(COUNT(*)::NUMERIC / 12, 3) AS cnt
FROM Orders o
JOIN Analysis a
ON o.ord_an = a.an_id
WHERE EXTRACT(YEAR FROM o.ord_datetime) = 2020
GROUP BY a.an_id
HAVING COUNT(*)::NUMERIC / 12 &gt; 2
ORDER BY cnt DESC
</inject-highlight>",30,86.0,114,0,900.0,,True,False,
68,Анализы в апреле 2018,1,5,"<h2>Дано</h2><p>Есть таблица анализов <code>Analysis</code>:</p><inject-highlight>+-------+---------+---------+----------+----------+
| an_id | an_name | an_cost | an_price | an_group |
+-------+---------+---------+----------+----------+
</inject-highlight><ul><li><code>an_id</code> - ID анализа</li><li><code>an_name</code> - Название анализа</li><li><code>an_cost</code> - Себестоимость анализа</li><li><code>an_price</code> - Розничная цена анализа</li><li><code>an_group</code> - Группа анализов</li></ul><p>Есть таблица групп анализов <code>Groups</code>:</p><inject-highlight>+-------+---------+---------+
| gr_id | gr_name | gr_temp |
+-------+---------+---------+
</inject-highlight><ul><li><code>gr_id</code> - ID группы</li><li><code>gr_name</code> - Название группы</li><li><code>gr_temp</code> - Температурный режим хранения</li></ul><p>Есть таблица заказов <code>Orders</code>:</p><inject-highlight>+--------+--------------+---------+
| ord_id | ord_datetime | ord_an  |
+--------+--------------+---------+
</inject-highlight><ul><li><code>ord_id</code> - ID заказа</li><li><code>ord_datetime</code> - Дата и время заказа</li><li><code>ord_an</code> - ID анализа</li></ul><h2>Задание</h2><p>Отобрать все анализы, которые были заказаны в апреле 2018 года. Необходимо вывести только один столбец - название анализа. </p>","<inject-highlight>SELECT DISTINCT a.an_name
FROM Orders o
JOIN Analysis a
ON o.ord_an = a.an_id
WHERE DATE(o.ord_datetime) BETWEEN '2018-04-01' AND '2018-04-30'</inject-highlight>",20,97.0,51,0,890.0,,True,False,
69,TOP ↑ | Продажи анализов в течение недели,1,5,"<h2>Дано</h2><p>Есть таблица анализов <code>Analysis</code>:</p><inject-highlight>+-------+---------+---------+----------+----------+
| an_id | an_name | an_cost | an_price | an_group |
+-------+---------+---------+----------+----------+
</inject-highlight><ul><li><code>an_id</code> - ID анализа</li><li><code>an_name</code> - Название анализа</li><li><code>an_cost</code> - Себестоимость анализа</li><li><code>an_price</code> - Розничная цена анализа</li><li><code>an_group</code> - Группа анализов</li></ul><p>Есть таблица групп анализов <code>Groups</code>:</p><inject-highlight>+-------+---------+---------+
| gr_id | gr_name | gr_temp |
+-------+---------+---------+
</inject-highlight><ul><li><code>gr_id</code> - ID группы</li><li><code>gr_name</code> - Название группы</li><li><code>gr_temp</code> - Температурный режим хранения</li></ul><p>Есть таблица заказов <code>Orders</code>:</p><inject-highlight>+--------+--------------+---------+
| ord_id | ord_datetime | ord_an  |
+--------+--------------+---------+
</inject-highlight><ul><li><code>ord_id</code> - ID заказа</li><li><code>ord_datetime</code> - Дата и время заказа</li><li><code>ord_an</code> - ID анализа</li></ul><h2>Задание</h2><p>Для всех анализов, которые продавались 5 февраля 2020 и всю следующую неделю, вывести:</p><ul><li><code>an_name</code></li><li><code>an_cost</code></li><li><code>ord_datetime</code></li></ul><p>Результат отсортируйте по возрастанию столбцов:</p><ul><li><code>ord_datetime</code></li><li><code>an_cost</code></li></ul>","<inject-highlight>SELECT a.an_name, a.an_cost, o.ord_datetime
FROM Analysis a
JOIN Orders o
ON o.ord_an = a.an_id
WHERE o.ord_datetime BETWEEN '2020-02-05' and '2020-02-05'::TIMESTAMP + INTERVAL '1 week'
ORDER BY ord_datetime, an_cost
</inject-highlight>",0,90.0,52,0,900.0,,True,False,
70,"Анализы, которые не продавались за период",1,5,"<h2>Дано</h2><p>Есть таблица анализов <code>Analysis</code>:</p><inject-highlight>+-------+---------+---------+----------+----------+
| an_id | an_name | an_cost | an_price | an_group |
+-------+---------+---------+----------+----------+
</inject-highlight><ul><li><code>an_id</code> - ID анализа</li><li><code>an_name</code> - Название анализа</li><li><code>an_cost</code> - Себестоимость анализа</li><li><code>an_price</code> - Розничная цена анализа</li><li><code>an_group</code> - Группа анализов</li></ul><p>Есть таблица групп анализов <code>Groups</code>:</p><inject-highlight>+-------+---------+---------+
| gr_id | gr_name | gr_temp |
+-------+---------+---------+
</inject-highlight><ul><li><code>gr_id</code> - ID группы</li><li><code>gr_name</code> - Название группы</li><li><code>gr_temp</code> - Температурный режим хранения</li></ul><p>Есть таблица заказов <code>Orders</code>:</p><inject-highlight>+--------+--------------+---------+
| ord_id | ord_datetime | ord_an  |
+--------+--------------+---------+
</inject-highlight><ul><li><code>ord_id</code> - ID заказа</li><li><code>ord_datetime</code> - Дата и время заказа</li><li><code>ord_an</code> - ID анализа</li></ul><h2>Задание</h2><p>Вывести название всех анализов, которые не продавались с 1 по 3 мая 2020 года.</p>","<inject-highlight>SELECT DISTINCT a.an_name
FROM Analysis a
LEFT JOIN
(
  SELECT *
  FROM Orders o
  WHERE o.ord_datetime BETWEEN '2020-05-01' AND '2020-05-03'
) o
ON o.ord_an = a.an_id
WHERE o.ord_an IS NULL</inject-highlight>",20,93.0,53,0,900.0,,True,False,
71,Средняя наценка по годам,1,5,"<h2>Дано</h2><p>Есть таблица анализов <code>Analysis</code>:</p><inject-highlight>+-------+---------+---------+----------+----------+
| an_id | an_name | an_cost | an_price | an_group |
+-------+---------+---------+----------+----------+
</inject-highlight><ul><li><code>an_id</code> - ID анализа</li><li><code>an_name</code> - Название анализа</li><li><code>an_cost</code> - Себестоимость анализа</li><li><code>an_price</code> - Розничная цена анализа</li><li><code>an_group</code> - Группа анализов</li></ul><p>Есть таблица групп анализов <code>Groups</code>:</p><inject-highlight>+-------+---------+---------+
| gr_id | gr_name | gr_temp |
+-------+---------+---------+
</inject-highlight><ul><li><code>gr_id</code> - ID группы</li><li><code>gr_name</code> - Название группы</li><li><code>gr_temp</code> - Температурный режим хранения</li></ul><p>Есть таблица заказов <code>Orders</code>:</p><inject-highlight>+--------+--------------+---------+
| ord_id | ord_datetime | ord_an  |
+--------+--------------+---------+
</inject-highlight><ul><li><code>ord_id</code> - ID заказа</li><li><code>ord_datetime</code> - Дата и время заказа</li><li><code>ord_an</code> - ID анализа</li></ul><h2>Задание</h2><p>Вывести из таблицы Заказов информацию по средней наценке с разбивкой по годам.</p><p><strong>Примечание:</strong> Наценка рассчитывается по формуле <strong>Наценка = (Розница - Себестоимость)/Себестоимость</strong></p><p>Необходимо вывести столбцы:</p><ul><li>год (<code>Year</code>)</li><li>средняя наценка (<code>Mean_markup</code>) </li></ul><p>Результат отсортируйте по возрастанию года. </p>","<inject-highlight>SELECT EXTRACT(YEAR FROM o.ord_datetime) AS Year,
       AVG((a.an_price - a.an_cost)::NUMERIC/a.an_cost) AS Mean_markup
FROM Orders o
JOIN Analysis a
ON o.ord_an = a.an_id
GROUP BY EXTRACT(YEAR FROM o.ord_datetime)
ORDER BY Year
</inject-highlight>
",0,95.0,54,0,890.0,,True,False,
72,Округлить и отфильтровать наценку,1,5,"<h2>Дано</h2><p>Есть таблица анализов <code>Analysis</code>:</p><inject-highlight>+-------+---------+---------+----------+----------+
| an_id | an_name | an_cost | an_price | an_group |
+-------+---------+---------+----------+----------+
</inject-highlight><ul><li><code>an_id</code> - ID анализа</li><li><code>an_name</code> - Название анализа</li><li><code>an_cost</code> - Себестоимость анализа</li><li><code>an_price</code> - Розничная цена анализа</li><li><code>an_group</code> - Группа анализов</li></ul><p>Есть таблица групп анализов <code>Groups</code>:</p><inject-highlight>+-------+---------+---------+
| gr_id | gr_name | gr_temp |
+-------+---------+---------+
</inject-highlight><ul><li><code>gr_id</code> - ID группы</li><li><code>gr_name</code> - Название группы</li><li><code>gr_temp</code> - Температурный режим хранения</li></ul><p>Есть таблица заказов <code>Orders</code>:</p><inject-highlight>+--------+--------------+---------+
| ord_id | ord_datetime | ord_an  |
+--------+--------------+---------+
</inject-highlight><ul><li><code>ord_id</code> - ID заказа</li><li><code>ord_datetime</code> - Дата и время заказа</li><li><code>ord_an</code> - ID анализа</li></ul><h2>Задание</h2><p>Округлите наценку на каждую позицию из таблицы Заказов до ближайшего десятка. Выберите только те строки, где наценка больше 50%.</p><p><em>Примечание. Наценка рассчитывается по формуле</em> <strong>Наценка = (Розница - Себестоимость)/Себестоимость</strong></p>","<inject-highlight>SELECT res.*
FROM (
  SELECT o.*,  ROUND((a.an_price - a.an_cost)/a.an_cost::NUMERIC*100, -1) as Markup
  FROM Orders o
  JOIN Analysis a
  ON o.ord_an = a.an_id
  ) res
WHERE res.Markup > 50</inject-highlight>",20,94.0,55,0,890.0,,True,False,
75,Группа продаж в течение последнего года,2,10,"<h2>Дано</h2><p>Есть таблица анализов <code>Analysis</code>:</p><inject-highlight>+-------+---------+---------+----------+----------+
| an_id | an_name | an_cost | an_price | an_group |
+-------+---------+---------+----------+----------+
</inject-highlight><ul><li><code>an_id</code> - ID анализа</li><li><code>an_name</code> - Название анализа</li><li><code>an_cost</code> - Себестоимость анализа</li><li><code>an_price</code> - Розничная цена анализа</li><li><code>an_group</code> - Группа анализов</li></ul><p>Есть таблица групп анализов <code>Groups</code>:</p><inject-highlight>+-------+---------+---------+
| gr_id | gr_name | gr_temp |
+-------+---------+---------+
</inject-highlight><ul><li><code>gr_id</code> - ID группы</li><li><code>gr_name</code> - Название группы</li><li><code>gr_temp</code> - Температурный режим хранения</li></ul><p>Есть таблица заказов <code>Orders</code>:</p><inject-highlight>+--------+--------------+---------+
| ord_id | ord_datetime | ord_an  |
+--------+--------------+---------+
</inject-highlight><ul><li><code>ord_id</code> ID заказа</li><li><code>ord_datetime</code> Дата и время заказа</li><li><code>ord_an</code> ID анализа</li></ul><h2>Задание</h2><p>Вывести: </p><ul><li>ID анализа</li><li>его количество продаж в штуках в течение предыдущего года до 01.03.2020</li><li>поле Группа (<code>gr</code>)</li></ul><p>Если количество чеков больше 10 и меньше или равно 20, то Группа = 1. Если больше 20, то 2. Если меньше 10, то 0.</p><p>Результат отсортировать по полю <code>an_id</code>.</p>","<inject-highlight>SELECT res.an_id, res.Amount,
  CASE
    WHEN res.Amount > 20 THEN 2
	  WHEN res.Amount > 10 AND res.Amount <= 20 THEN 1
    ELSE 0
  END gr
FROM (
  SELECT a.an_id, COUNT(o.ord_an) as Amount
  FROM Orders o
  JOIN Analysis a
  ON o.ord_an = a.an_id
  WHERE o.ord_datetime < DATE('2020-03-01') AND o.ord_datetime > DATE('2020-03-01') - INTERVAL '1 year'
  GROUP BY a.an_id
) res
ORDER BY res.an_id
</inject-highlight>",30,91.0,115,0,900.0,,True,False,
76,Помесячный прирост продаж с разбивкой по группе,2,10,"<h2>Дано</h2><p>Есть таблица анализов <code>Analysis</code>:</p><inject-highlight>+-------+---------+---------+----------+----------+
| an_id | an_name | an_cost | an_price | an_group |
+-------+---------+---------+----------+----------+
</inject-highlight><ul><li><code>an_id</code> - ID анализа</li><li><code>an_name</code> - Название анализа</li><li><code>an_cost</code> - Себестоимость анализа</li><li><code>an_price</code> - Розничная цена анализа</li><li><code>an_group</code> - Группа анализов</li></ul><p>Есть таблица групп анализов <code>Groups</code>:</p><inject-highlight>+-------+---------+---------+
| gr_id | gr_name | gr_temp |
+-------+---------+---------+
</inject-highlight><ul><li><code>gr_id</code> - ID группы</li><li><code>gr_name</code> - Название группы</li><li><code>gr_temp</code> - Температурный режим хранения</li></ul><p>Есть таблица заказов <code>Orders</code>:</p><inject-highlight>+--------+--------------+---------+
| ord_id | ord_datetime | ord_an  |
+--------+--------------+---------+
</inject-highlight><ul><li><code>ord_id</code> - ID заказа</li><li><code>ord_datetime</code> - Дата и время заказа</li><li><code>ord_an</code> - ID анализа</li></ul><h2>Задание</h2><p>Нарастающим итогом рассчитать, как увеличивалось количество проданных тестов каждый месяц каждого года с разбивкой по группе.</p><p>Вывести столбцы: </p><ol><li>год <code>year</code></li><li>месяц <code>month</code></li><li>группу <code>group</code></li><li>количество проданных тестов <code>sum</code></li></ol>","<inject-highlight>WITH sales as
(
  SELECT TO_CHAR(o.ord_datetime, 'YYYY') AS year,
         TO_CHAR(o.ord_datetime, 'MM') AS month,
         a.an_group AS group,
         COUNT(o.ord_an)::SMALLINT AS cnt
  FROM Orders o
  JOIN Analysis a
  ON o.ord_an = a.an_id
  GROUP BY year, month, a.an_group
)
  SELECT s.year, s.month, s.group,
         SUM(s.cnt) OVER(PARTITION BY s.group, s.year ORDER BY s.year, s.month) AS sum
  FROM sales AS s
  ORDER BY s.group, s.year, s.month
</inject-highlight>",30,96.0,116,0,890.0,,True,False,
77,Прирост продаж для анализов с условием,2,10,"<h2>Дано</h2><p>Есть таблица анализов <code>Analysis</code>:</p><inject-highlight>+-------+---------+---------+----------+----------+
| an_id | an_name | an_cost | an_price | an_group |
+-------+---------+---------+----------+----------+
</inject-highlight><ul><li><code>an_id</code> - ID анализа</li><li><code>an_name</code> - Название анализа</li><li><code>an_cost</code> - Себестоимость анализа</li><li><code>an_price</code> - Розничная цена анализа</li><li><code>an_group</code> - Группа анализов</li></ul><p>Есть таблица групп анализов <code>Groups</code>:</p><inject-highlight>+-------+---------+---------+
| gr_id | gr_name | gr_temp |
+-------+---------+---------+
</inject-highlight><ul><li><code>gr_id</code> - ID группы</li><li><code>gr_name</code> - Название группы</li><li><code>gr_temp</code> - Температурный режим хранения</li></ul><p>Есть таблица заказов <code>Orders</code>:</p><inject-highlight>+--------+--------------+---------+
| ord_id | ord_datetime | ord_an  |
+--------+--------------+---------+
</inject-highlight><ul><li><code>ord_id</code> - ID заказа</li><li><code>ord_datetime</code> - Дата и время заказа</li><li><code>ord_an</code> - ID анализа</li></ul><h2>Задание</h2><p>Помесячно вывести прирост количества продаж в процентах относительно предыдущего месяца для всех анализов в 2020 году, где в названии в любом месте располагается слово ""кров"" или ""тестостерон"" в любом регистре. </p><p>Вывести:</p><ul><li><code>name</code> - название анализа</li><li><code>month</code> - месяц</li><li><code>current_cnt</code> - продажи за текущий месяц</li><li><code>prev_cnt</code> - продажи за предыдущий месяц</li><li><code>change</code> - прирост в процентах</li></ul><p>Результат отсортируйте по возрастанию столбцов:</p><ul><li><code>name</code></li><li><code>month</code></li></ul><p>Величину <code>change</code> округлите до 3 знака после запятой. В случае <code>NULL</code> выведите <code>0</code>.</p>","<inject-highlight>WITH sales as
(
  SELECT a.an_name as name,
         COUNT(o.ord_an) as cnt,
         TO_CHAR(o.ord_datetime, 'MM') as month
  FROM Analysis a
  JOIN Orders o
  ON a.an_id = o.ord_an
  WHERE lower(a.an_name) similar to '%(кров|тестостерон)%'
  AND TO_CHAR(o.ord_datetime, 'YYYY') = '2020'
  GROUP BY TO_CHAR(o.ord_datetime, 'MM'), a.an_name
),
t as
(
  SELECT s.name,
         s.month,
         s.cnt as current_cnt,
         LAG(s.cnt) OVER(PARTITION by s.name ORDER BY s.month) as prev_cnt
  FROM sales s
)
SELECT  name,
        month,
        current_cnt,
        prev_cnt,
        ROUND(COALESCE((current_cnt - prev_cnt)::NUMERIC/(prev_cnt)*100, 0), 3) as change
FROM t
ORDER BY name, month
</inject-highlight>",0,95.0,117,0,890.0,,True,False,
78,Проранжировать продажи по группам в разрезе лет,2,10,"<h2>Дано</h2><p>Есть таблица анализов <code>Analysis</code>:</p><inject-highlight>+-------+---------+---------+----------+----------+
| an_id | an_name | an_cost | an_price | an_group |
+-------+---------+---------+----------+----------+
</inject-highlight><ul><li><code>an_id</code> - ID анализа</li><li><code>an_name</code> - Название анализа</li><li><code>an_cost</code> - Себестоимость анализа</li><li><code>an_price</code> - Розничная цена анализа</li><li><code>an_group</code> - Группа анализов</li></ul><p>Есть таблица групп анализов <code>Groups</code>:</p><inject-highlight>+-------+---------+---------+
| gr_id | gr_name | gr_temp |
+-------+---------+---------+
</inject-highlight><ul><li><code>gr_id</code> - ID группы</li><li><code>gr_name</code> - Название группы</li><li><code>gr_temp</code> - Температурный режим хранения</li></ul><p>Есть таблица заказов <code>Orders</code>:</p><inject-highlight>+--------+--------------+---------+
| ord_id | ord_datetime | ord_an  |
+--------+--------------+---------+
</inject-highlight><ul><li><code>ord_id</code> - ID заказа</li><li><code>ord_datetime</code> - Дата и время заказа</li><li><code>ord_an</code> - ID анализа</li></ul><h2>Задание</h2><p>Для каждого года в отдельности проранжировать продажи по группам анализов. Если для каких-то групп в рамках одного года продажи сопадают, то им присваивать одинаковое место. Ранги должны идти без разрывов.</p><p>Вывести столбцы: </p><ul><li>ID группы</li><li>год </li><li>количество продаж (<code>cnt</code>)</li><li>ранг (<code>rnk</code>)</li></ul>","<inject-highlight>SELECT g.gr_id AS id, 
  TO_CHAR(o.ord_datetime, 'YYYY') as year,
  COUNT(o.ord_id) as cnt,
  DENSE_RANK() OVER (PARTITION BY TO_CHAR(o.ord_datetime, 'YYYY') ORDER BY COUNT(o.ord_id) DESC) AS rnk
FROM Orders AS o
JOIN Analysis AS a
  ON o.ord_an = a.an_id
JOIN Groups AS g
  ON a.an_group = g.gr_id
GROUP BY year, g.gr_id
ORDER BY year, rnk, g.gr_id 
</inject-highlight>",30,86.0,118,0,890.0,,True,False,
79,Проверить падение продаж 3 года подряд,2,10,"<h2>Дано</h2><p>Есть таблица анализов <code>Analysis</code>:</p><inject-highlight>+-------+---------+---------+----------+----------+
| an_id | an_name | an_cost | an_price | an_group |
+-------+---------+---------+----------+----------+
</inject-highlight><ul><li><code>an_id</code> - ID анализа</li><li><code>an_name</code> - Название анализа</li><li><code>an_cost</code> - Себестоимость анализа</li><li><code>an_price</code> - Розничная цена анализа</li><li><code>an_group</code> - Группа анализов</li></ul><p>Есть таблица групп анализов <code>Groups</code>:</p><inject-highlight>+-------+---------+---------+
| gr_id | gr_name | gr_temp |
+-------+---------+---------+
</inject-highlight><ul><li><code>gr_id</code> - ID группы</li><li><code>gr_name</code> - Название группы</li><li><code>gr_temp</code> - Температурный режим хранения</li></ul><p>Есть таблица заказов <code>Orders</code>:</p><inject-highlight>+--------+--------------+---------+
| ord_id | ord_datetime | ord_an  |
+--------+--------------+---------+
</inject-highlight><ul><li><code>ord_id</code> - ID заказа</li><li><code>ord_datetime</code> - Дата и время заказа</li><li><code>ord_an</code> - ID анализа</li></ul><h2>Задание</h2><p>Помесячно проверить: если суммарное количество продаж в течение трех месяцев подряд падают, то вывести в столбец <code>Result</code> 1, иначе 0.</p><p>Результат должен содержать столбцы:</p><ul><li>год (<code>year</code>)</li><li>месяц (<code>month</code>)</li><li>кол-во продаж за позапрошлый месяц (<code>prev2_cnt</code>)</li><li>кол-во продаж за прошлый месяц (<code>prev_cnt</code>)</li><li>кол-во продаж за текущий месяц (<code>cur_cnt</code>)</li><li>результат (<code>result</code>)</li></ul><p>Результат отсортируйте по возрастанию столбцов:</p><ul><li><code>year</code></li><li><code>month</code></li></ul>","<p>Чтобы решить эту задачу, необходимо:</p>
<ul>
<li>Посчитать для каждой строки текущее количество продаж, количество продаж за предыдущий месяц и за месяц назад. Обратите внимание: учитываться может несколько лет сразу - важно правильно обработать переход через год.</li>
</ul>
<p>Посчитать предыдущие значения можно с помощью оконной функции <code>LAG</code>. Правильно обработать даты можно указав внутри окна сортировку по <code>TO_CHAR(ord_datetime, 'YYYY-MM')</code>:</p>
<inject-highlight>SELECT
  TO_CHAR(ord_datetime, 'YYYY-MM') AS year_month,
  TO_CHAR(ord_datetime, 'YYYY') AS year,
  TO_CHAR(ord_datetime, 'MM') AS month,
  LAG(COUNT(*), 2) OVER (ORDER BY TO_CHAR(ord_datetime, 'YYYY-MM')) AS prev2_cnt,
  LAG(COUNT(*), 1) OVER (ORDER BY TO_CHAR(ord_datetime, 'YYYY-MM')) AS prev_cnt,
  COUNT(*) AS cur_cnt
FROM Orders
GROUP BY year_month, year, month
</inject-highlight>
<p>Группировка нужна для произведения расчета <code>COUNT(*)</code> в рамках каждого месяца.</p>
<ul>
<li>После этого дело остается за малым - нужно просто сравнить попарно <code>prev_cnt</code> с <code>cur_cnt</code> и <code>prev2_cnt</code> с <code>prev_cnt</code>. Обе разности должны быть больше 0</li>
</ul>
<p>Таким образом, итоговое решение можно записать так:</p>
<inject-highlight>WITH sales AS (
  SELECT
    TO_CHAR(ord_datetime, 'YYYY-MM') AS year_month,
    TO_CHAR(ord_datetime, 'YYYY') AS year,
    TO_CHAR(ord_datetime, 'MM') AS month,
    LAG(COUNT(*), 2) OVER (ORDER BY TO_CHAR(ord_datetime, 'YYYY-MM')) AS prev2_cnt,
    LAG(COUNT(*), 1) OVER (ORDER BY TO_CHAR(ord_datetime, 'YYYY-MM')) AS prev_cnt,
    COUNT(*) AS cur_cnt
  FROM Orders
  GROUP BY year_month, year, month
)
SELECT year, month, prev2_cnt, prev_cnt, cur_cnt,
  CASE
    WHEN (prev_cnt - cur_cnt) &gt; 0 AND (prev2_cnt - prev_cnt) &gt; 0 THEN 1
    ELSE 0
  END AS result
FROM sales
ORDER BY year, month
</inject-highlight>",30,89.0,119,0,890.0,,True,False,
80,Изучить самую дорогую и самую дешевую позицию ,2,10,"<h2>Дано</h2><p>Есть таблица анализов <code>Analysis</code>:</p><inject-highlight>+-------+---------+---------+----------+----------+
| an_id | an_name | an_cost | an_price | an_group |
+-------+---------+---------+----------+----------+
</inject-highlight><ul><li><code>an_id</code> - ID анализа</li><li><code>an_name</code> - Название анализа</li><li><code>an_cost</code> - Себестоимость анализа</li><li><code>an_price</code> - Розничная цена анализа</li><li><code>an_group</code> - Группа анализов</li></ul><p>Есть таблица групп анализов <code>Groups</code>:</p><inject-highlight>+-------+---------+---------+
| gr_id | gr_name | gr_temp |
+-------+---------+---------+
</inject-highlight><ul><li><code>gr_id</code> - ID группы</li><li><code>gr_name</code> - Название группы</li><li><code>gr_temp</code> - Температурный режим хранения</li></ul><p>Есть таблица заказов <code>Orders</code>:</p><inject-highlight>+--------+--------------+---------+
| ord_id | ord_datetime | ord_an  |
+--------+--------------+---------+
</inject-highlight><ul><li><code>ord_id</code> - ID заказа</li><li><code>ord_datetime</code> - Дата и время заказа</li><li><code>ord_an</code> - ID анализа</li></ul><h2>Задание</h2><p>Для каждого дня найти самую дорогую и самую дешевую позицию в нем и посчитать среднюю стоимость самых дорогих и среднюю стоимость самых дешевых позиций. </p><p><strong>Примечание:</strong> Если за день было продано несколько позиций с одинаковой ценой, то учитывать только одну.</p><p>Результат должен содержать столбцы:</p><ul><li>средняя стоимость самых дорогих позиций (<code>avg_exp</code>)</li><li>средняя стоимость самых дешевых позиций (<code>avg_cheap</code>)</li></ul>","<inject-highlight>WITH expensive AS
(
  SELECT o.ord_datetime,
     o.ord_id,
         o.ord_an,
         a.an_price,
         ROW_NUMBER() OVER(PARTITION BY o.ord_datetime ORDER BY a.an_price DESC) as exp_rnk,
         ROW_NUMBER() OVER(PARTITION BY o.ord_datetime ORDER BY a.an_price) as cheap_rnk
  FROM Orders o
  JOIN Analysis a
  ON o.ord_an = a.an_id
)
select AVG(case when cheap_rnk = 1 then an_price  end) as avg_cheap,
       AVG(case when exp_rnk = 1 then an_price  end) as avg_exp
 from expensive
</inject-highlight>",30,87.0,120,0,890.0,,True,False,
81,Найти ID с самым большим количеством заказов по годам,2,10,"<h2>Дано</h2><p>Есть таблица анализов <code>Analysis</code>:</p><inject-highlight>+-------+---------+---------+----------+----------+
| an_id | an_name | an_cost | an_price | an_group |
+-------+---------+---------+----------+----------+
</inject-highlight><ul><li><code>an_id</code> - ID анализа</li><li><code>an_name</code> - Название анализа</li><li><code>an_cost</code> - Себестоимость анализа</li><li><code>an_price</code> - Розничная цена анализа</li><li><code>an_group</code> - Группа анализов</li></ul><p>Есть таблица групп анализов <code>Groups</code>:</p><inject-highlight>+-------+---------+---------+
| gr_id | gr_name | gr_temp |
+-------+---------+---------+
</inject-highlight><ul><li><code>gr_id</code> - ID группы</li><li><code>gr_name</code> - Название группы</li><li><code>gr_temp</code> - Температурный режим хранения</li></ul><p>Есть таблица заказов <code>Orders</code>:</p><inject-highlight>+--------+--------------+---------+
| ord_id | ord_datetime | ord_an  |
+--------+--------------+---------+
</inject-highlight><ul><li><code>ord_id</code> - ID заказа</li><li><code>ord_datetime</code> - Дата и время заказа</li><li><code>ord_an</code> - ID анализа</li></ul><h2>Задание</h2><p>Выберите ID товара с самым большим количеством заказов с разбивкой по годам.</p><p>Результат должен содержать столбцы:</p><ul><li><code>year</code></li><li><code>an_id</code></li><li>количество заказов (<code>cnt</code>)</li></ul><p>Ответ отсортируйте по возрастанию столбцов:</p><ul><li><code>year</code></li><li><code>an_id</code></li></ul>","<inject-highlight>WITH sales AS
(
	SELECT EXTRACT(YEAR FROM o.ord_datetime) as year, a.an_id, COUNT(DISTINCT o.ord_id) as cnt
	FROM Orders o
	JOIN Analysis a
	ON o.ord_an = a.an_id
	GROUP BY EXTRACT(YEAR FROM o.ord_datetime), a.an_id
),
ranks AS
(
	SELECT *, RANK() OVER(PARTITION BY year ORDER BY cnt DESC) as rnk
	FROM sales
)
	SELECT year, an_id, cnt
	FROM ranks
	WHERE rnk = 1
  ORDER BY year, an_id
</inject-highlight><p>Или</p><inject-highlight>WITH sales AS
(
 SELECT EXTRACT(YEAR FROM o.ord_datetime) as year, a.an_id, COUNT(DISTINCT o.ord_id) as cnt
 FROM Orders o
 JOIN Analysis a
 ON o.ord_an = a.an_id
 GROUP BY EXTRACT(YEAR FROM o.ord_datetime), a.an_id
)
SELECT *
FROM sales
WHERE (year, cnt) IN (SELECT year, MAX(cnt) FROM sales GROUP BY year)
ORDER BY year, an_id
</inject-highlight>
",30,100.0,121,0,890.0,,True,False,
82,Сделать из «длинной» таблицы «широкую»,3,20,"<p>Рассмотрим 2 таблицы:</p><p><code>LongTable</code>:</p><inject-highlight>+---------+--------+-----------------------+
|  Name   |   key  |        value          |
+---------+--------+-----------------------+
| Ivanov  |   FIO  |  Иванов Иван Иванович |
+---------+--------+-----------------------+
| Ivanov  | Phone  |  +(7) 111-1111111     |
+---------+--------+-----------------------+
| Ivanov  | Email  | ivanov@ivanov.com     |
+---------+--------+-----------------------+
| Petrov  |   FIO  | Петров Петр Петрович  |
+---------+--------+-----------------------+
| Petrov  | Phone  |  +(7) 222-2222222     |
+---------+--------+-----------------------+
| Petrov  | Email  | petrov@petrov.com     |
+---------+--------+-----------------------+
</inject-highlight><p><code>WideTable</code>:</p><inject-highlight>+---------+----------------------+------------------+-------------------+
|   Name  |         FIO          |      Phone       |       Email       |
+---------+----------------------+------------------+-------------------+
| Ivanov  | Иванов Иван Иванович | +(7) 111-1111111 | ivanov@ivanov.com |
+---------+----------------------+------------------+-------------------+
| Petrov  | Петров Петр Петрович | +(7) 222-2222222 | petrov@petrov.com |
+---------+----------------------+------------------+-------------------+
</inject-highlight><p>Как из таблицы <code>LongTable</code> получить <code>WideTable</code>? Предполагается чтение таблицы один раз и отсутствие соединений.</p><p>Ответ отсортируйте по полю <code>name</code>.</p>","<inject-highlight>SELECT Name,
       MAX(CASE WHEN key = 'FIO' THEN value END) AS FIO,
       MAX(CASE WHEN key = 'Phone' THEN value END) AS Phone,
       MAX(CASE WHEN key = 'Email' THEN value END) AS Email
FROM LongTable
GROUP BY Name
ORDER BY Name
</inject-highlight>",40,92.0,122,0,899.0,,True,False,
83,Сделать из «широкой» таблицы «длинную»,3,20,"<p>Рассмотрим 2 таблицы:</p><p><code>LongTable</code>:</p><inject-highlight>+---------+--------+-----------------------+
|  Name   |   key  |        value          |
+---------+--------+-----------------------+
| Ivanov  |   FIO  |  Иванов Иван Иванович |
+---------+--------+-----------------------+
| Ivanov  | Phone  |  +(7) 111-1111111     |
+---------+--------+-----------------------+
| Ivanov  | Email  | ivanov@ivanov.com     |
+---------+--------+-----------------------+
| Petrov  |   FIO  | Петров Петр Петрович  |
+---------+--------+-----------------------+
| Petrov  | Phone  |  +(7) 222-2222222     |
+---------+--------+-----------------------+
| Petrov  | Email  | petrov@petrov.com     |
+---------+--------+-----------------------+
</inject-highlight><p><code>WideTable</code>:</p><inject-highlight>+---------+----------------------+------------------+-------------------+
|   Name  |         FIO          |      Phone       |       Email       |
+---------+----------------------+------------------+-------------------+
| Ivanov  | Иванов Иван Иванович | +(7) 111-1111111 | ivanov@ivanov.com |
+---------+----------------------+------------------+-------------------+
| Petrov  | Петров Петр Петрович | +(7) 222-2222222 | petrov@petrov.com |
+---------+----------------------+------------------+-------------------+
</inject-highlight><p>Как из таблицы <code>WideTable</code> получить <code>LongTable</code>?</p><p>Отсортируйте ответ по столбцам:</p><ul><li><code>Name</code></li><li><code>key</code></li><li><code>value</code></li></ul>","<inject-highlight>SELECT Name, 'FIO' AS key, FIO AS value
FROM WideTable
UNION
SELECT Name, 'Phone' AS key, Phone AS value
FROM WideTable
UNION
SELECT Name, 'Email' AS key, Email AS value
FROM WideTable
ORDER BY Name, key, value
</inject-highlight>",0,92.0,127,0,900.0,,True,False,
84,Удалить полные дубликаты,2,10,"<p>Рассмотрим таблицу балансов клиентов <strong>ClientBalance</strong></p>
<pre>+-------------+-------------+-----------------------+------------------------+ 
|  client_id  | client_name |  client_balance_date  |  client_balance_value  | 
+-------------+-------------+-----------------------+------------------------+ 
</pre><ul><li>client_id - Идентификатор клиента</li><li>client_name - ФИО клиента</li><li>client_balance_date - Дата баланса клиента</li><li>client_balance_value - Значение баланса клиента</li></ul><p>В данной таблице в какой-то момент времени появились полные дубли. Предложите способ для избавления от них без создания промежуточных таблиц.</p>","<inject-highlight>DELETE FROM ClientBalance
WHERE ctid IN
  (
  SELECT ctid
     FROM
         (
          SELECT ctid,
                 ROW_NUMBER() OVER (PARTITION BY client_id, 
                                                 client_name, 
                                                 client_balance_date, 
                                                 client_balance_value 
                                    ORDER BY 1) AS rn
          FROM ClientBalance
         ) t
    WHERE rn > 1
  )</inject-highlight>",30,100.0,128,0,890.0,,False,False,
90,Отфильтрованные продажи в период дат,1,5,"<h2>Дано</h2><p>Есть таблица анализов <code>Analysis</code>:</p><inject-highlight>+-------+---------+---------+----------+----------+
| an_id | an_name | an_cost | an_price | an_group |
+-------+---------+---------+----------+----------+
</inject-highlight><ul><li><code>an_id</code> - ID анализа</li><li><code>an_name</code> - Название анализа</li><li><code>an_cost</code> - Себестоимость анализа</li><li><code>an_price</code> - Розничная цена анализа</li><li><code>an_group</code> - Группа анализов</li></ul><p>Есть таблица групп анализов <code>Groups</code>:</p><inject-highlight>+-------+---------+---------+
| gr_id | gr_name | gr_temp |
+-------+---------+---------+
</inject-highlight><ul><li><code>gr_id</code> - ID группы</li><li><code>gr_name</code> - Название группы</li><li><code>gr_temp</code> - Температурный режим хранения</li></ul><p>Есть таблица заказов <code>Orders</code>:</p><inject-highlight>+--------+--------------+---------+
| ord_id | ord_datetime | ord_an  |
+--------+--------------+---------+
</inject-highlight><ul><li><code>ord_id</code> - ID заказа</li><li><code>ord_datetime</code> - Дата и время заказа</li><li><code>ord_an</code> - ID анализа</li></ul><h2>Задание</h2><p>Найти количество продаж с разбивкой по датам в период дат с '2019-10-25' до '2019-11-02'. Оставить только те строки, где количество заказов больше 5.</p><p>Результат должен содержать столбец с датой и количеством <code>cnt</code>.</p>","<inject-highlight>SELECT o.ord_datetime, COUNT(DISTINCT o.ord_id) as cnt
FROM Orders o
WHERE o.ord_datetime BETWEEN '2019-10-25' and '2019-11-02'
GROUP BY o.ord_datetime
HAVING COUNT(o.ord_id) > 5
</inject-highlight>",20,87.0,134,0,890.0,,True,False,
85,Перемножить последовательность чисел,3,20,"<p>Рассмотрим таблицу <code>Numbers</code>, представляющую собой последовательность чисел</p><inject-highlight>+-----+
|  a  |
+-----+
|  1  |
|  2  |
|  3  |
|  4  |
|  6  |
|  7  |
|  10 |
|  11 |
|  12 |
|  13 |
|  15 |
|  17 |
+-----+
</inject-highlight><p>Задача состоит в том, чтобы перемножить все значения между собой. Ответ необходимо вывести в столбце <code>multiplier</code>.</p>
","<p><strong>Решение 1</strong></p><p>Решение 1 использует основные правила работы с логарифмами. Но является изящным, но не точным, т.к. потенциально может накопиться ошибка:</p><inject-highlight>SELECT CAST(10^(SUM(LOG10(a))) AS bigint)
FROM numbers
</inject-highlight><p><strong>Решение 2</strong></p><p>Второе решение использует рекурсивный подход:</p><inject-highlight>WITH recursive A(multiplier, rn) AS
(
SELECT cast(a as bigint) as multiplier,
       rn
FROM B
WHERE rn = 1
UNION ALL
SELECT multiplier * b.a as multiplier,
       B.rn as rn
FROM A
JOIN B
ON A.rn + 1 = B.rn
),
B AS
(
SELECT a,
ROW_NUMBER() OVER (ORDER BY a) AS rn
FROM numbers
)
SELECT multiplier
FROM a
WHERE rn = (SELECT MAX(rn) FROM a)
</inject-highlight>",0,91.0,129,0,890.0,,True,False,
86,Интервалы подряд идущих чисел,3,20,"<p>Рассмотрим таблицу <code>Numbers</code>, представляющую собой последовательность чисел</p><inject-highlight>+-----+
|  a  |
+-----+
|  1  |
|  2  |
|  3  |
|  4  |
|  6  |
|  7  |
|  10 |
|  11 |
|  12 |
|  13 |
|  15 |
|  17 |
+-----+
</inject-highlight><p>Задача состоит в том, чтобы вернуть интервалы подряд идущих чисел.Результатом будет таблица из 2 столбцов <code>start</code> и <code>end</code>:</p><inject-highlight>+-------+-----+
| start | end |
+-------+-----+
|   1   |  4  |
+-------+-----+
|   6   |  7  |
+-------+-----+
|  10   | 13  |
+-------+-----+
|  15   | 15  |
+-------+-----+
|  17   | 17  |
+-------+-----+
</inject-highlight><p>Результат отсортируйте по возрастанию интервалов. </p>","<inject-highlight>WITH a AS
(
SELECT a, a - ROW_NUMBER() OVER (ORDER BY a ASC) AS diff
FROM Numbers
)
SELECT MIN(a) AS start, MAX(a) AS end
FROM a
GROUP BY diff
ORDER BY start
</inject-highlight>",40,85.0,130,0,890.0,,True,False,
87,Фиксация входа-выхода сотрудников,3,20,"<p>Рассмотрим таблицу фиксации прохода через турникет <strong>gate</strong></p><pre>+------------+---------------+--------------+
|  employee  |   check_time  |  is_entered  |
+------------+---------------+--------------+
</pre><ul><li>employee - имя сотрудника</li><li>check_time - время фиксации прохода</li><li>is_entered - вход - 1, выход 0</li></ul><p>Известно, что за каждым входом следует выход. В начале дня всегда вход, последний - всегда выход.</p><p>Необходимо вывести сотрудников и дни, когда они находились на рабочем месте менее 8 часов.</p><p>Итоговая таблица должна иметь вид:</p><pre>+------------+--------------+-------+
|  employee  |  check_date  |  sum  |
+------------+--------------+-------+
</pre><p>Здесь <code>sum</code> - количество фактически отработанных часов. </p>","<inject-highlight>WITH a AS 
(
SELECT employee,
       check_time::DATE AS check_date,
       COALESCE(
           CASE 
                WHEN is_entered = False 
                THEN check_time - LAG(check_time) OVER (
                    PARTITION BY employee, check_time::DATE
                    ORDER BY check_time) 
                END, 
           INTERVAL '0'
        ) AS diff
FROM gate
)
SELECT employee, check_date, SUM(diff)
FROM a
GROUP BY employee, check_date
HAVING SUM(diff) < INTERVAL '8 hours'
</inject-highlight>",40,99.0,131,0,890.0,,True,False,
88,Найти анализы из заданных категорий,1,5,"<h2>Дано</h2><p>Есть таблица анализов <code>Analysis</code>:</p><inject-highlight>+-------+---------+---------+----------+----------+
| an_id | an_name | an_cost | an_price | an_group |
+-------+---------+---------+----------+----------+
</inject-highlight><ul><li><code>an_id</code> - ID анализа</li><li><code>an_name</code> - Название анализа</li><li><code>an_cost</code> - Себестоимость анализа</li><li><code>an_price</code> - Розничная цена анализа</li><li><code>an_group</code> - Группа анализов</li></ul><p>Есть таблица групп анализов <code>Groups</code>:</p><inject-highlight>+-------+---------+---------+
| gr_id | gr_name | gr_temp |
+-------+---------+---------+
</inject-highlight><ul><li><code>gr_id</code> - ID группы</li><li><code>gr_name</code> - Название группы</li><li><code>gr_temp</code> - Температурный режим хранения</li></ul><p>Есть таблица заказов <code>Orders</code>:</p><inject-highlight>+--------+--------------+---------+
| ord_id | ord_datetime | ord_an  |
+--------+--------------+---------+
</inject-highlight><ul><li><code>ord_id</code> ID заказа</li><li><code>ord_datetime</code> Дата и время заказа</li><li><code>ord_an</code> ID анализа</li></ul><h2>Задание</h2><p>Найти анализы с наценкой выше 35% или из 7 категории. Если какие-то анализы относятся сразу к двум категориям, то их необходимо оставить.</p><p><strong>Примечание:</strong> Наценка рассчитывается по формуле <code>Наценка = (Розница - Себестоимость)/Себестоимость</code></p><p>Необходимо вывести:</p><ul><li>все столбцы из таблицы <code>Analysis</code></li><li>рассчитанную наценку (назовите столбец <code>charge</code>)</li></ul><p>Наценку округлите до 3 знака после запятой и выведите в виде %, то есть <code>3</code>, а не <code>0,03</code>. </p>
","<inject-highlight>SELECT a.*, ROUND((a.an_price - a.an_cost)::NUMERIC/a.an_cost*100, 3) AS charge FROM analysis a
WHERE (a.an_price - a.an_cost)::NUMERIC/a.an_cost*100 > 35
UNION ALL
SELECT a.*, ROUND((a.an_price - a.an_cost)::NUMERIC/a.an_cost*100, 3) AS charge
FROM analysis a WHERE a.an_group = 7
</inject-highlight>",20,94.0,132,0,890.0,,True,False,
89,Самый продаваемый анализ,1,5,"<h2>Дано</h2><p>Есть таблица анализов <code>Analysis</code>:</p><inject-highlight>+-------+---------+---------+----------+----------+
| an_id | an_name | an_cost | an_price | an_group |
+-------+---------+---------+----------+----------+
</inject-highlight><ul><li><code>an_id</code> - ID анализа</li><li><code>an_name</code> - Название анализа</li><li><code>an_cost</code> - Себестоимость анализа</li><li><code>an_price</code> - Розничная цена анализа</li><li><code>an_group</code> - Группа анализов</li></ul><p>Есть таблица групп анализов <code>Groups</code>:</p><inject-highlight>+-------+---------+---------+
| gr_id | gr_name | gr_temp |
+-------+---------+---------+
</inject-highlight><ul><li><code>gr_id</code> - ID группы</li><li><code>gr_name</code> - Название группы</li><li><code>gr_temp</code> - Температурный режим хранения</li></ul><p>Есть таблица заказов <code>Orders</code>:</p><inject-highlight>+--------+--------------+---------+
| ord_id | ord_datetime | ord_an  |
+--------+--------------+---------+
</inject-highlight><ul><li><code>ord_id</code> - ID заказа</li><li><code>ord_datetime</code> - Дата и время заказа</li><li><code>ord_an</code> - ID анализа</li></ul><h2>Задание</h2><p>Найти анализ, который продавался больше всего раз за весь период времени. </p><p>Результат должен содержать ID анализа и количество:</p><pre>+---------+-------+
|  an_id  |  cnt  |
+---------+-------+
</pre>","<inject-highlight>SELECT a.an_id, COUNT(o.ord_id) AS cnt
FROM Analysis a
JOIN Orders o
ON a.an_id = o.ord_an
GROUP BY a.an_id
ORDER BY cnt DESC
LIMIT 1</inject-highlight>",20,88.0,133,0,890.0,,True,False,
91,Нарастающий итог продаж,1,5,"<h2>Дано</h2><p>Есть таблица анализов <code>Analysis</code>:</p><inject-highlight>+-------+---------+---------+----------+----------+
| an_id | an_name | an_cost | an_price | an_group |
+-------+---------+---------+----------+----------+
</inject-highlight><ul><li><code>an_id</code> - ID анализа</li><li><code>an_name</code> - Название анализа</li><li><code>an_cost</code> - Себестоимость анализа</li><li><code>an_price</code> - Розничная цена анализа</li><li><code>an_group</code> - Группа анализов</li></ul><p>Есть таблица групп анализов <code>Groups</code>:</p><inject-highlight>+-------+---------+---------+
| gr_id | gr_name | gr_temp |
+-------+---------+---------+
</inject-highlight><ul><li><code>gr_id</code> - ID группы</li><li><code>gr_name</code> - Название группы</li><li><code>gr_temp</code> - Температурный режим хранения</li></ul><p>Есть таблица заказов <code>Orders</code>:</p><inject-highlight>+--------+--------------+---------+
| ord_id | ord_datetime | ord_an  |
+--------+--------------+---------+
</inject-highlight><ul><li><code>ord_id</code> - ID заказа</li><li><code>ord_datetime</code> - Дата и время заказа</li><li><code>ord_an</code> - ID анализа</li></ul><h2>Задание</h2><p>Нарастающим итогом вывести увеличение общей суммы продаж с каждым новым заказом в порядке увеличения <code>ID</code>.</p><p>Итоговая таблица должна содержать столбцы: </p><ul><li><code>dt</code> - дату заказа</li><li><code>ord_id</code> - ID заказа</li><li><code>cumsum</code> - накопительный итог</li></ul><p>Результат отсортируйте по <code>id</code> заказа. </p>","<inject-highlight>SELECT DATE(o.ord_datetime) AS dt,
       o.ord_id,
       SUM(a.an_price) OVER(ORDER BY o.ord_id) AS cumsum
FROM Orders o
JOIN Analysis a
ON o.ord_an = a.an_id
ORDER BY o.ord_id
</inject-highlight>
",0,88.0,135,0,890.0,,True,False,
92,Нумерация строк по дате,1,5,"<h2>Дано</h2><p>Есть таблица анализов <code>Analysis</code>:</p><inject-highlight>+-------+---------+---------+----------+----------+
| an_id | an_name | an_cost | an_price | an_group |
+-------+---------+---------+----------+----------+
</inject-highlight><ul><li><code>an_id</code> - ID анализа</li><li><code>an_name</code> - Название анализа</li><li><code>an_cost</code> - Себестоимость анализа</li><li><code>an_price</code> - Розничная цена анализа</li><li><code>an_group</code> - Группа анализов</li></ul><p>Есть таблица групп анализов <code>Groups</code>:</p><inject-highlight>+-------+---------+---------+
| gr_id | gr_name | gr_temp |
+-------+---------+---------+
</inject-highlight><ul><li><code>gr_id</code> - ID группы</li><li><code>gr_name</code> - Название группы</li><li><code>gr_temp</code> - Температурный режим хранения</li></ul><p>Есть таблица заказов <code>Orders</code>:</p><inject-highlight>+--------+--------------+---------+
| ord_id | ord_datetime | ord_an  |
+--------+--------------+---------+
</inject-highlight><ul><li><code>ord_id</code> - ID заказа</li><li><code>ord_datetime</code> - Дата и время заказа</li><li><code>ord_an</code> - ID анализа</li></ul><h2>Задание</h2><p>В рамках каждого дня пронумеруйте строки, опираясь на дату и время заказа (по убыванию). Для каждого нового дня нумерация должна начинаться заново. </p><p>Результат должен содержать столбцы:</p><ul><li><code>dt</code> - только дата</li><li><code>ord_datetime</code> - дата и время заказа</li><li><code>ord_id</code> - номер заказа</li><li><code>ord_an</code> - название анализа</li><li><code>rn</code> - порядковый номер строки</li></ul><p>Ответ отсортируйте по:</p><ul><li><code>dt</code></li><li><code>ord_datetime</code></li></ul>","<inject-highlight>SELECT DATE(o.ord_datetime) as dt,
       o.ord_datetime,
       o.ord_id,
       o.ord_an,
       ROW_NUMBER() OVER(
         PARTITION BY DATE(o.ord_datetime)
         ORDER BY o.ord_datetime DESC
        ) AS rn
FROM Orders o
ORDER BY dt, o.ord_datetime
</inject-highlight>",20,92.0,136,0,890.0,,True,False,
93,Анализы с нечетным ID и заданной себестоимостью,1,5,"<h2>Дано</h2><p>Есть таблица анализов <code>Analysis</code>:</p><inject-highlight>+-------+---------+---------+----------+----------+
| an_id | an_name | an_cost | an_price | an_group |
+-------+---------+---------+----------+----------+
</inject-highlight><ul><li><code>an_id</code> - ID анализа</li><li><code>an_name</code> - Название анализа</li><li><code>an_cost</code> - Себестоимость анализа</li><li><code>an_price</code> - Розничная цена анализа</li><li><code>an_group</code> - Группа анализов</li></ul><p>Есть таблица групп анализов <code>Groups</code>:</p><inject-highlight>+-------+---------+---------+
| gr_id | gr_name | gr_temp |
+-------+---------+---------+
</inject-highlight><ul><li><code>gr_id</code> - ID группы</li><li><code>gr_name</code> - Название группы</li><li><code>gr_temp</code> - Температурный режим хранения</li></ul><p>Есть таблица заказов <code>Orders</code>:</p><inject-highlight>+--------+--------------+---------+
| ord_id | ord_datetime | ord_an  |
+--------+--------------+---------+
</inject-highlight><ul><li><code>ord_id</code> - ID заказа</li><li><code>ord_datetime</code> - Дата и время заказа</li><li><code>ord_an</code> - ID анализа</li></ul><h2>Задание</h2><p>Выведите анализы с нечетным ID, у которых себестоимость больше 100. </p><p>Результат должен содержать столбцы:</p><ul><li>ID анализа</li><li>Название анализа</li><li>Себестоимость</li></ul>
","<inject-highlight>SELECT a.an_id, a.an_name, a.an_cost
FROM Analysis a
WHERE a.an_id % 2 = 1 AND a.an_cost > 100</inject-highlight>",20,96.0,137,0,890.0,,True,False,
94,Третий анализ по количеству продаж,2,10,"<h2>Дано</h2><p>Есть таблица анализов <code>Analysis</code>:</p><inject-highlight>+-------+---------+---------+----------+----------+
| an_id | an_name | an_cost | an_price | an_group |
+-------+---------+---------+----------+----------+
</inject-highlight><ul><li><code>an_id</code> - ID анализа</li><li><code>an_name</code> - Название анализа</li><li><code>an_cost</code> - Себестоимость анализа</li><li><code>an_price</code> - Розничная цена анализа</li><li><code>an_group</code> - Группа анализов</li></ul><p>Есть таблица групп анализов <code>Groups</code>:</p><inject-highlight>+-------+---------+---------+
| gr_id | gr_name | gr_temp |
+-------+---------+---------+
</inject-highlight><ul><li><code>gr_id</code> - ID группы</li><li><code>gr_name</code> - Название группы</li><li><code>gr_temp</code> - Температурный режим хранения</li></ul><p>Есть таблица заказов <code>Orders</code>:</p><inject-highlight>+--------+--------------+---------+
| ord_id | ord_datetime | ord_an  |
+--------+--------------+---------+
</inject-highlight><ul><li><code>ord_id</code> - ID заказа</li><li><code>ord_datetime</code> - Дата и время заказа</li><li><code>ord_an</code> - ID анализа</li></ul><h2>Задание</h2><p>Вывести третий анализ по количеству продаж за весь период.</p><p>Результат должен содержать столбцы:</p><ul><li>ID анализа</li><li>Название анализа</li><li>Количество продаж <code>cnt</code></li><li>Ранг анализа в зависимости от продаж <code>rn</code></li></ul>","<inject-highlight>WITH support AS (
  SELECT a.an_id, a.an_name, COUNT(o.ord_id) AS cnt
  FROM Analysis a
  JOIN Orders o
  ON a.an_id = o.ord_an
  GROUP BY a.an_id
),
support2 AS (

  SELECT *, ROW_NUMBER() OVER(ORDER BY cnt DESC) AS rn
  FROM support
)
SELECT *
FROM support2
WHERE rn = 3</inject-highlight>",0,91.0,138,0,890.0,,True,False,
95,Группы и температурный режим анализов,1,5,"<h2>Дано</h2><p>Есть таблица анализов <code>Analysis</code>:</p><inject-highlight>+-------+---------+---------+----------+----------+
| an_id | an_name | an_cost | an_price | an_group |
+-------+---------+---------+----------+----------+
</inject-highlight><ul><li><code>an_id</code> - ID анализа</li><li><code>an_name</code> - Название анализа</li><li><code>an_cost</code> - Себестоимость анализа</li><li><code>an_price</code> - Розничная цена анализа</li><li><code>an_group</code> - Группа анализов</li></ul><p>Есть таблица групп анализов <code>Groups</code>:</p><inject-highlight>+-------+---------+---------+
| gr_id | gr_name | gr_temp |
+-------+---------+---------+
</inject-highlight><ul><li><code>gr_id</code> - ID группы</li><li><code>gr_name</code> - Название группы</li><li><code>gr_temp</code> - Температурный режим хранения</li></ul><p>Есть таблица заказов <code>Orders</code>:</p><inject-highlight>+--------+--------------+---------+
| ord_id | ord_datetime | ord_an  |
+--------+--------------+---------+
</inject-highlight><ul><li><code>ord_id</code> - ID заказа</li><li><code>ord_datetime</code> - Дата и время заказа</li><li><code>ord_an</code> - ID анализа</li></ul><h2>Задание</h2><p>Напишите запрос, в котором для каждого анализа будет выведены название группы и нужный температурный режим.</p><p>Результат должен содержать столбцы:</p><ul><li>ID анализа</li><li>Название анализа</li><li>Название группы</li><li>Температурный режим</li></ul>","<inject-highlight>SELECT a.an_id, a.an_name, g.gr_name, g.gr_temp
FROM Analysis a
JOIN Groups g
ON a.an_group = g.gr_id</inject-highlight>",20,95.0,139,0,890.0,,True,False,
96,Сотрудники с большой зарплатой,1,5,"<p>Рассмотрим таблицу <code>Employee</code></p><inject-highlight>+----+-------+--------+-----------+
| Id | Name  | Salary | ManagerId |
+----+-------+--------+-----------+
| 1  | Joe   | 70000  | 3         |
| 2  | Henry | 80000  | 4         |
| 3  | Sam   | 60000  | NULL      |
| 4  | Max   | 90000  | NULL      |
+----+-------+--------+-----------+
</inject-highlight><ul><li><code>ID</code> - идентификатор сотрудника</li><li><code>Name</code> - имя сотрудника</li><li><code>Salary</code> - зарплата сотрудника</li><li><code>ManagerId</code> - ID начальника (это поле связано с полем ID)</li></ul><p>Необходимо вывести имена всех сотрудников, у которых зарплата больше, чем у их менеджеров.</p>","<inject-highlight>SELECT a.NAME AS Employee
FROM Employee AS a 
JOIN Employee AS b
ON a.ManagerId = b.Id
AND a.Salary > b.Salary</inject-highlight>",20,90.0,140,0,890.0,,True,False,
119,SQL. ДЗ 1. Возраст клиентов,1,0,"<h2>Дано</h2><p>Дана таблица <strong>clients</strong>:</p><inject-highlight>+---------+-------+------------+---------+---------+----------+------------+
|  id_cl  |  fio  |  birthday  |  phone  |  email  |  notice  |  discount  |
+---------+-------+------------+---------+---------+----------+------------+</inject-highlight><p>Описание полей: </p><p>- <code>id_cl</code> - идентификатор клиента</p><p>- <code>fio</code> - фамилия, имя и отчество</p><p>- <code>birthday</code> - дата рождения</p><p>- <code>phone</code> - телефон </p><p>- <code>email</code> - почтовый адрес</p><p>- <code>notice</code> - заметка</p><p>- <code>discount</code> - наличие персональной скидки</p><h2>Задание</h2><p>Вывести клиентов из таблицы <code>clients</code> старше 1990 года. </p><p> </p><p>Ответ должен содержать 2 поля – <code>fio</code> и <code>birthday</code>. </p>","<inject-highlight>SELECT fio, birthday 
FROM clients c  
WHERE c.birthday < '1990-01-01'
</inject-highlight>",0,90.0,176,0,2000.0,,True,True,
97,"Анализы, которые никогда не заказывались",1,5,"<h2>Дано</h2><p>Есть таблица анализов <code>Analysis</code>:</p><inject-highlight>+-------+---------+---------+----------+----------+
| an_id | an_name | an_cost | an_price | an_group |
+-------+---------+---------+----------+----------+
</inject-highlight><ul><li><code>an_id</code> - ID анализа</li><li><code>an_name</code> - Название анализа</li><li><code>an_cost</code> - Себестоимость анализа</li><li><code>an_price</code> - Розничная цена анализа</li><li><code>an_group</code> - Группа анализов</li></ul><p>Есть таблица групп анализов <code>Groups</code>:</p><inject-highlight>+-------+---------+---------+
| gr_id | gr_name | gr_temp |
+-------+---------+---------+
</inject-highlight><ul><li><code>gr_id</code> - ID группы</li><li><code>gr_name</code> - Название группы</li><li><code>gr_temp</code> - Температурный режим хранения</li></ul><p>Есть таблица заказов <code>Orders</code>:</p><inject-highlight>+--------+--------------+---------+
| ord_id | ord_datetime | ord_an  |
+--------+--------------+---------+
</inject-highlight><ul><li><code>ord_id</code> - ID заказа</li><li><code>ord_datetime</code> - Дата и время заказа</li><li><code>ord_an</code> - ID анализа</li></ul><h2>Задание</h2><p>Выведите ID и названия всех анализов, которые никогда не заказывались.</p>","<inject-highlight>SELECT a.an_id, a.an_name
FROM Analysis a
RIGHT JOIN Orders o
ON a.an_id = o.ord_an
WHERE o.ord_an IS NULL</inject-highlight>",20,92.0,141,0,890.0,,True,False,
98,Рост продаж по сравнению с предыдущим днем,1,5,"<h2>Дано</h2><p>Дана таблица продаж <code>sales</code>:</p><inject-highlight>+-----------+----------+-----------+
|    id     |   date   |   value   |
+-----------+----------+-----------+
</inject-highlight><ul><li><code>id</code> - ID продажи</li><li><code>date</code> - дата продажи</li><li><code>value</code> - сумма продажи</li></ul><h2>Задание</h2><p>Необходимо вывести информацию о продажах за те даты, когда продажи были больше, чем за предыдущий день из таблицы <code>sales</code>.</p><p>Необходимо вывести столбцы:</p><ul><li><code>date</code></li><li><code>value</code> - сумма за данный день</li><li><code>lg</code> - сумма за прошлый день </li></ul><p>Результат отсортируйте по полю <code>date</code>. </p>","<inject-highlight>WITH t AS (
  SELECT date, SUM(value) AS value
  FROM sales
  GROUP BY date
), 
t1 AS (
  SELECT date,
        value,
        COALESCE(LAG(value) OVER(ORDER BY date), 0) AS lg
  FROM t
)
SELECT * FROM t1
WHERE value > lg
ORDER BY date
</inject-highlight>",20,92.0,144,0,890.0,,True,False,
99,Расположение студентов после пересадки,2,10,"<p>Дана таблица <strong>Students</strong>, где указана информация о том, где сидит каждый студент:</p><pre>+----------+----------+
|   seat   |   name   |
+----------+----------+</pre><ul><li>seat - Номер места студента (автоинкрементное поле, пропусков нет)</li><li>name - имя студента</li></ul><p>Было принято решение поменять студентов, которые сидят рядом, местами. Напишите SELECT-запрос, который из исходной таблицы сформирует расположение студентов после пересадки.</p><p>Примечание: 1 меняется местом со 2, 3 с 4 и так далее. Если студентов нечетное количество, то последний студент не пересаживается, а остается на своем месте.</p>","<inject-highlight>SELECT
(
  CASE
  WHEN MOD(seat,2)=1 AND seat != (SELECT COUNT(*) FROM Students) THEN seat+1
  WHEN MOD(seat,2)=0 THEN seat-1
  ELSE seat END
),
  name
FROM Students
ORDER BY 1</inject-highlight>",0,98.0,145,0,890.0,,True,False,
100,Проранжировать баллы,1,5,"<p>Дана таблица <strong>Scores</strong>:</p><ul><li>ID</li><li>Score</li></ul><inject-highlight>+----+-------+
| Id | Score |
+----+-------+
| 1  | 3.50  |
| 2  | 3.65  |
| 3  | 4.00  |
| 4  | 3.85  |
| 5  | 4.00  |
| 6  | 3.65  |
+----+-------+
</inject-highlight><p>Нужно проранжировать строки по убыванию поля <code>Score</code>. Если значения совпадают, то нужно присвоить одинаковый ранг. Разрывов в нумерации быть не должно.</p><p>Поле с рангом назовите <code>rnk</code>.</p>
","<inject-highlight>SELECT score, DENSE_RANK() OVER(ORDER BY score DESC) AS rnk
FROM Scores
ORDER BY score DESC</inject-highlight>",20,99.0,146,0,890.0,,True,False,
101,Не менее трех значений подряд,2,10,"<h2>Дано </h2><p>Дана таблица <code>Logs</code>:</p><inject-highlight>+--------+---------+
|   ID   |   Num   |
+--------+---------+
</inject-highlight><h2>Задание</h2><p>Найти все <code>Num</code>, которые встречаются не менее трех раз подряд. Результат выведите в столбце <code>ConsecutiveNums</code>.</p><p>Числа выведите без повторов - чтобы одно число в столбце <code>ConsecutiveNums</code> встречалось только 1 раз. </p><p>Результат отсортируйте по убыванию.</p>","<inject-highlight>SELECT DISTINCT t.Num AS ConsecutiveNums
FROM (
  SELECT LAG(Num) OVER(ORDER BY Id) AS lg, 
         Num, 
         LEAD(Num) OVER(ORDER BY Id) AS ld 
  FROM Logs
  ) t
WHERE t.ld = t.Num AND t.lg = t.Num
ORDER BY t.Num DESC
</inject-highlight>",30,87.0,147,0,890.0,,True,False,
102,Вторая по размеру зарплата,2,10,"<p>Дана таблица <strong>Employee</strong>:</p><ul><li>ID</li><li>Salary</li></ul><p><pre>+----+--------+
| Id | Salary |
+----+--------+
| 1  | 100    |
| 2  | 200    |
| 3  | 300    |
+----+--------+</pre></p><p>Вывести 2 по размеру зарплату.</p>
","<inject-highlight>SELECT t.Salary
FROM  (
  SELECT salary, ROW_NUMBER() OVER(ORDER BY Salary DESC) AS rnk 
  FROM Employee
  ) t
WHERE t.rnk = 2</inject-highlight>",30,97.0,148,0,890.0,,True,False,
103,ООП: Проверить фатальность сделки,2,10,"<ol><li>Создайте класс <code>Organization</code>. </li><li>В классе опишите атрибут <code>is_opened</code>, который по умолчанию будет равен <code>True</code>, т.е. компания работает.  </li><li>Создайте метод <code>makeDeal</code>, который принимает на вход параметр <code>isFatal</code> - фатальная сделка или нет. По умолчанию должно быть <code>False</code>. </li><li>Внутри метода реализуйте проверку: если <code>isFatal</code> принимает значение <code>True</code>, то атрибут <code>is_opened</code> должен поменяться на <code>False</code> у всех объектов одновременно.</li></ol><p><strong>Пример:</strong></p>
<pre>a = Organization() 
b = Organization() 

a.makeDeal(False)

print(a.is_opened)
# True
print(b.is_opened)
# True

b.makeDeal(True)

print(a.is_opened)
# False
print(b.is_opened)
# False
</pre>","<p>Перед Вами типичная задача на работу с атрибутами и методами класса и конкретного экземпляра класса. </p><p>Атрибуты и методы класса отличаются от обычных атрибутов и методов тем, что привязаны не к конкретному экземпляру, а ко всему классу в целом. </p><p>Абстрактный пример:</p><p><em>У каждого человека, живущего в России, есть свои особенности - цвет глаз, длина волос и т.д. Однако, численность страны не привязана к конкретному человеку: она зависит от общего количества людей в стране. В данном случае «Россияне» - класс, «человек» - экземпляр класса, «численность населения» - атрибут класса, «цвет глаз» - атрибут конкретного экземпляра.</em></p><p>Давайте по шагам разберем каждый пункт. </p><blockquote><p>В классе опишите атрибут <code>is_opened</code>, который по умолчанию будет равен <code>True</code>, т.е. компания работает</p></blockquote><p>По условию, мы должны создать классовый атрибут (т.е. который будет принимать одинаковое значение для всех экземпляров класса). Это делается простым объявлением атрибута прямо внутри класса, вне всех методов: </p><pre>class Organization: 
    is_opened = True</pre><p>Далее: </p><blockquote><p>Создайте метод <code>makeDeal</code>, который принимает на вход параметр <code>isFatal</code> - фатальная сделка или нет. По умолчанию должно быть <code>False</code></p></blockquote><p>На этом шаге мы должны описать метод <code>makeDeal</code>, который привязан не ко всему классу, а к конкретному экземпляру. Такие методы в качестве первого аргумента всегда принимают ссылку на объект - обычно это <code>self</code>. Помимо этого, метод <code>makeDeal</code> должен принимать дополнительный параметр <code>isFatal</code> с заданным по умолчанию значением <code>False</code>. </p><p>Задать такой метод можно следующим образом:</p><pre>def makeDeal(self, fatal = False): </pre><p>Переходим к последнему шагу:</p><blockquote><p>Внутри метода реализуйте проверку: если <code>isFatal</code> принимает значение <code>True</code>, то атрибут <code>is_opened</code> должен поменяться на <code>False</code> у всех объектов одновременно</p></blockquote><p>Получается, что внутри <code>makeDeal</code> мы должны выполнять проверку аргумента <code>isFatal</code> и изменять значение атрибута класса <code>is_opened</code>, если <code>True</code>. </p><p><em>Примечание: <code>is_opened</code> поменяет свое значение для всех экземпляров сразу, т.к. этот атрибут привязан к классу, а не к конкретному объекту.</em></p><p>Такая проверка реализовывается следующим образом: </p><pre>if fatal: 
    Organization.is_opened = False</pre><p>Таким образом, итоговый класс будет определяться так:</p><pre>class Organization: 
    is_opened = True

    def makeDeal(self, fatal = False): 
        if fatal: 
            Organization.is_opened = False</pre>",30,96.0,153,0,900.0,,True,False,
104,ООП: Шаблон Синглтон,2,10,"<p>Реализуйте класс <code>Reader</code>, который будет устроен по ООП-шаблону <code>Singleton</code>. </p><p><em>Шаблон Singleton (одиночка) используется, когда необходимо иметь всегда только один экземпляр данного класса. Например, это используется при создании подключения к БД или при журналировании. Если экземпляр уже существует, то новый экземпляр не создается - программа использует уже созданный.</em></p><p>При написании класса <code>Reader</code> предусмотрите, чтобы всегда создавался только один экземпляр. </p><p>Внутри класса создайте метод <code>setPath</code>, который будет принимать на вход строку <code>path</code> - путь до файла, который нужно прочитать. Внутри метода необходимо присваивать атрибуту <code>path</code> значение переданного параметра. </p><p><strong>Важно:</strong> Атрибут <code>path</code> должен быть доступен только для экземпляра класса: напрямую из класса вызывать его должно быть нельзя.  </p>","<p>Singleton - один из самых известных и, в то же время, спорных шаблонов в объектно-ориентированном программировании. Несмотря на горячие споры по поводу его использования, область его применения достаточно широка, а задачи на этот паттерн периодически попадаются на технических собеседованиях. </p><p>Итак, давайте начнем разбираться по пунктам. </p><p>Во-первых, нам нужно обеспечить единственность экземпляра - если объект класса <code>Reader</code> уже создан, то новый создавать не нужно. Из этого мы понимаем, что при попытке создания каждого нового объекта мы должены выполнять проверку - существует ли уже объект этого класса или нет. Но каким образом мы можем это проверить? </p><p>Классический подход такой - описать классовый атрибут (например, <code>instance</code>), в который при создании первого экземпляра будет записываться результат. Соответственно, при каждой новой попытке создать экземпляр класса мы будем проверять и видеть, что атрибут <code>instance</code> уже определен, а значит создавать новый экземпляр не нужно. </p><p>Однако, как осуществлять такую проверку? Ведь конструктором класса является метод <code>__init__</code>, который уже сам по себе привязан к конкретному объекту, а значит одновременно будет создано несколько объектов, что противоречит условию задачи. </p><p>На самом деле, перед вызовом <code>__init__</code>, который является методом конкретного экземпляра, вызывается классовый метод <code>__new__</code>, который привязан не к конкретному экземпляру, а к классу в целом. Поэтому определив проверку внутри метода <code>__new__</code>, мы сможем контролировать количество объектов. </p><p>Хорошо, с этим тоже разобрались, но остается вопрос - а как быть, когда экземпляр создается первый раз - ведь атрибут <code>instance</code> еще не определен, а значит проверить его нельзя. На самом деле можно. Например, можно использовать метод <code>hasattr</code>:</p><pre>class Reader:

    # Определяем классовый метод<code>__new__</code>
    # Первый аргумент -<code>cls</code> - ссылка на класс
    def __new__(cls):

        # Определяем проверку: «если в классе нет атрибута instance»
        if not hasattr(cls, &#39;instance&#39;):
            ...</pre><p>Внутри проверки поведение должно быть следующее:</p><ul><li>если атрибута <code>instance</code> нет, то создаем новый экземпляр </li><li>если атрибут уже есть, то ничего не делаем</li><li>в обоих вариантах в результате возвращаем <code>instance</code></li></ul><p>Создать новый экземпляр можно с помощью функции <code>super</code>, которая вызовет метод <code>__new__</code> из нашего класса. </p><p>Тогда в итоговом варианте метод <code>__new__</code> будет выглядеть следущим образом: </p><pre>class Reader:
    def __new__(cls):
        if not hasattr(cls, &#39;instance&#39;):

            # Передаем в<code>super</code> название класса и метод, который вызываем (</code>__new__</code>)
            cls.instance = super(Reader, cls).__new__(cls)
        
        # В обоих случаях возвращаем атрибут instance
        return cls.instance</pre><p>По сути, мы реализовали шаблон Синглтон - теперь всегда будет существовать только один экземпляр класса <code>Reader</code>. </p><p>Осталось только определить метод <code>setPath</code>, который связан с конкретным экземпляром и устанавливает для данного экземпляра значение атрибута <code>path</code>. </p><p><em>Примечание: Напомним, что методы экземпляра класса принимают первым аргументом ссылку на сам объект - <code>self</code>.</em></p><p>Определение метода <code>setPath</code> будет выглядеть так: </p><pre>def setPath(self, path):
    self.path = path</pre><p>Таким образом, итоговый класс <code>Reader</code> будет опеределяться так:</p><pre>class Reader:

    def __new__(cls):
        if not hasattr(cls, &#39;instance&#39;):
            cls.instance = super(Reader, cls).__new__(cls)
        return cls.instance

    def setPath(self, path):
        self.path = path</pre>",30,98.0,154,0,890.0,,True,False,
105,ООП: Кастомный класс целых чисел,1,5,"<p>Создайте класс <code>MyInt</code>, который будет наследоваться от стандартных целых чисел Python. Единственное отличие этого класса должно заключаться в том, что при вызове функции <code>print</code> будет выводиться не просто значение числа, а строка: </p><pre>Значение: N</pre><p>где N - значение числа. </p><p><strong>Пример:</strong></p>
<pre>a = MyInt(5)
print(a)
# Значение: 5</pre>","<p>Задачи на изменение поведения базовых структур данных - классический способ проверить знание концепции наследования, а также «начинки» основных типов данных. В подавляющем большинстве случаев такие задачи заключаются в переопределении магических методов, которые отвечают за арифмитические операции, операции сравнения и работу стандартных функций. </p><p>В данной задаче нам необходимо создать класс <code>MyInt</code> - наследник обычных целых чисел <code>Int</code> и изменить поведение встроенной функции <code>print</code>. Результат <code>print</code> зависит от того, как внутри класса определен метод <code>__str__</code>. Соответственно, его мы и будем переопределять: </p><pre># MyInt наследуется от Int
class MyInt(int):
    # Переопределяем __str__ для MyInt
    def __str__(self):</pre><p>По условию задачи, мы должны получать строку <code>Значение: N</code>, где <code>N</code> - значение числа. В Python получить значение объекта-числа внутри класса можно с помощью метода <code>__int__</code>, т.е.: </p><pre>self.__int__()</pre><p>вернет численное значение данного объекта. </p><p>Таким образом, нам остается добавить нужную строку в <code>return</code> метода <code>__str__</code> и получить ответ:</p><pre>class MyInt(int):
    def __str__(self):
        return f&#39;Значение: {self.__int__()}&#39;</pre>",20,95.0,155,0,901.0,,True,False,
106,Декоратор для контроля уникальности аргументов,2,10,"<p>Напишите декоратор <code>RepeatDecorator</code>, который проверяет, запускалась ли ранее обернутая функция с заданными позиционными аргументами. Если такие аргументы уже подавались на вход данной функции, то нужно вывести на экран сообщение: <strong>«Функция с такими аргументами уже запускалась!»</strong>. </p>
<p><strong>Примечание:</strong> Если одна функция запускалась с заданными аргументами, а потом другая запускается с теми же аргументами, то декоратор не должен выводить сообщение. </p>
<p><strong>Пример</strong></p>
<pre>func1(1, 2)
&gt; Ничего не выводится
func1(2, 1)
&gt; Ничего не выводится
func1(3, 1)
&gt; Ничего не выводится
func1(1, 2)
# Функция с такими аргументами уже запускалась!

func2(1, 2)
&gt; Ничего не выводится, т.к. функция другая
func2(1, 2)
# Функция с такими аргументами уже запускалась!</pre>","<inject-highlight>class Answer:
  def RepeatDecorator(self, func=None):
          store = set()
          def wrapper(*args):
              if args in store:
                  print('Функция с такими аргументами уже запускалась!')
              else:
                  store.add(args)
          return wrapper
</inject-highlight>",0,96.0,157,0,890.0,,True,False,
107,Декоратор для замера времени,2,10,"<p>Напишите декоратор <code>TimeDecorator</code>, который будет замерять время выполнения декорированной функции. Исходная функция должна возвращать результат, а декоратор должен просто выводить строку <code>&quot;Затрачено N секунд&quot;</code> на экран. </p><p><strong>Пример:</strong></p>
<pre>def func(...):
  ... 
  print(&#39;Я закончила работать!&#39;)

func()
# Затрачено 0.5 секунд
# Я закончила работать!</pre>","<inject-highlight>from time import time
class Answer:
  def TimeDecorator(self, func):
      def wrapper(*args, **kwargs):
          start = time()
          res = func(*args, **kwargs)
          print(f'Затрачено {time() - start} секунд')
          return res
      return wrapper</inject-highlight>",30,89.0,158,0,900.0,,True,False,
108,Декоратор для предотвращения ошибок,2,10,"<p>Создать декоратор <code>SedativeDecorator</code>, который будет запускать задекорированную функцию и выполнять одно из действий: </p><ul><li>Если функция выполнилась без ошибок, то возвращать строку <code>&quot;Все ок&quot;</code></li><li>Если во время выполнения фукнции возникла ошибка, то возвращать строковое представление ошибки</li></ul><p><strong>Пример:</strong></p>
<pre>&gt; Функция отрабатывает нормально
func(1)
# Все ок

&gt; Функция должна кинуть ValueError
func(2)
# &#39;ValueError&#39;</pre>","<inject-highlight>class Answer:
    def SedativeDecorator(self, func):
        def wrapper(*args, **kwargs):
            try:
                func(*args, **kwargs)
                return 'Все ок'
            except Exception as exc:
                return repr(exc)
        return wrapper</inject-highlight>",30,94.0,159,0,900.0,,True,False,
109,ООП: Задача о сложении людей,1,5,"<p>Задайте класс <code>Person</code> следующим образом:</p><ul><li>при создании конструктор должен принимать на вход имя и записывать его в атрибут <code>name</code></li><li>операция сложения («+») должна быть реализована таким образом, чтобы результатом была строка вида <code>&lt;name&gt; и &lt;добавляемое значение&gt;</code></li></ul><p><strong>Пример:</strong></p>
<pre>me = Person(&#39;IT Resume&#39;)
print(me.name)
# IT Resume

print(me + &#39;Вы&#39;)
# IT Resume и Вы
</pre>
","<p>Это еще одна типичная задача для проверки понимания, что находится у структур данных «под капотом», т.е. как работают магические методы в Python. </p><p>Итак, давайте разберем по пунктам. </p><p>Во-первых, необходимо определить конструктор класса таким образом, чтобы он принимал на вход аргумент <code>name</code> и записывал его в атрибут экземпляра класса. </p><p><strong>Примечание:</strong> Конструктор в Python определяется с помощью метода <code>__init__</code>. </p>
<p><strong>Примечание:</strong> Атрибут экземпляра класса имеет отношение к конкретному экземпляру, а не к классу в целом, поэтому определяются такие атрибуты внутри методов. </p>
<p>Получается, конструктор класса будет определяться так:</p><pre>class Person:
    def __init__(self, name):
        self.name = name</pre><p>Теперь мы переходим к основной части задания - изменить поведение арифметического оператора сложения. Все арифмитические операции, как и работа основных функций, определяется внутри класса с помощью магических методов. В частности, операция сложения определяется с помощью метода <code>__add__</code>. Тогда получается, что все, что нам необходимо - определить метод <code>__add__</code>: </p><pre>def __add__(self, value):
    return f&#39;{self.name} и {value}&#39;</pre><p>Таким образом, итоговый класс будет выглядеть так:</p><pre>class Person:
    def __init__(self, name):
        self.name = name
    def __add__(self, value):
        return f&#39;{self.name} и {value}&#39;</pre>",20,95.0,156,0,890.0,,True,False,
110,Pandas: Динамика продаж,1,5,"<p>Дан датафрейм Pandas, состоящий из 1 столбца - <code>sales</code>. В нем содержатся продажи за некоторый период времени: отдельная строка - отдельный период времени. </p><p>Необходимо в исходный датафрейм добавить 2 столбца: </p><ul><li><code>prev_sales</code> - продажи за предыдущий период</li><li><code>inc</code> - рост продаж по сравнению с предыдущим периодом</li></ul><p>Данное преобразование необходимо совершать с помощью функции <code>evalInc</code>. На вход подается исходный датафрейм, функция должна возвращать преобразованный датафрейм. </p><p><strong>Примечание:</strong> Значения в столбце <code>inc</code> должны быть выражены в % (т.е. не <code>0.01</code>, а <code>1</code>) и округлены до 2 знаков после запятой.</p>
<p><strong>Примечание:</strong> Если для данной записи нет предыдущего значения, то <code>prev_sales</code> должно быть <code>NaN</code>. </p>","<p>В аналитике данных стандартная задача - создать новый столбец, полученный сдвигом значений в другом столбце на шаг <code>N</code>. В библиотеке <code>Pandas</code> такая задача решается с помощью функции <code>shift</code>, которая принимает в качестве аргумента шаг сдвига.</p><p>Чтобы добавить еще один столбец с рассчитанным приростом продаж, необходимо воспользоваться формулой: </p><p><code>(текущие продажи  - предыдущие продажи)/предыдущие продажи</code></p><p>Это позволит узнать, как изменились продажи в текущем периоде относительно предыдущего периода. </p><p>Таким образом, итоговое решение можно записать так:</p><pre>import pandas as pd

class Answer:
    def evalInc(self, df):
        df[&#39;prev_sales&#39;] = df.shift(1)
        df[&#39;inc&#39;] = round((df[&#39;sales&#39;]-df[&#39;prev_sales&#39;])/df[&#39;prev_sales&#39;]*100, 2)
        return df</pre>
",20,97.0,165,0,890.0,,True,False,
111,Pandas: Рассчитать среднее время пребывания,1,5,"<p>Дано 3 датафрейма: <code>df1</code>, <code>df2</code>, и <code>df3</code>, состоящие из 3 полей: </p><pre>+-----------+-----------+-----------+
|   page1   |   page2   |   page3   |
+-----------+-----------+-----------+</pre><p>Каждая строка датафрейма - информация о времени, которое пользователь провел на той или иной странице сайта.</p><ul><li><code>page1</code> - общая страница с тестами</li><li><code>page2</code> - страница с вопросами</li><li><code>page3</code> - страница с ответами</li></ul><p>Каждый из датафреймов содержит полностью идентичные названия и типы столбцов - просто в каждом из них содержится информация за разный промежуток времени. </p><p>Вам необходимо: </p><ul><li>Объединить все датафреймы в один</li><li>Удалить строки, где есть хотя бы один пропуск</li><li>Добавить строку <code>Mean</code> в конец датафрейма, в которой будет рассчитано среднее значение по каждому из столбцов</li></ul><p>На выходе функции должен возвращаться итоговый датафрейм.</p><p>Другими словами, бизнес-задача формулируется так: найти среднее время пребывания на каждой из страниц только для тех пользователей, которые прошли тест до конца. </p><p><strong>Примечание:</strong> Тест считается пройденным до конца только в том случае, если пользователь попал на страницу с ответами. При другом раскладе пользователь попасть на эту страницу не может. </p>","<p>Первым делом необходимо объединить исходные датафреймы в один. Это можно сделать с помощью функции <code>pd.concat</code>. </p><p>Т.к. наши наборы данных уже являются датафреймами Pandas, нам будет достаточно воспользоваться функцией <code>pd.concat</code>,  которая принимает набор объектов вида <code>Series</code> или <code>Dataframe</code>. В нашем случае, мы подаем на вход список из датафремов. </p><p>Далее, чтобы удалить строки с пропусками, можно воспользоваться функцией <code>dropna</code>. По умолчанию удаляются строки, в которых есть хотя бы один пропуск (<code>how=&quot;any&quot;</code>). Если нужно удалить только те строки, где все значения пропущены, то указываем аргумент (<code>how=&quot;all&quot;</code>).</p><p>На последнем шаге нам нужно создать в конце датафрейма строку, в которой будут содержаться средние значения по каждой странице. Создать новую строку можно с помощью функции <code>loc</code>, которая оперирует строками и столбцами по названию. Рассчитать же среднее значение можно с помощью функции <code>mean</code>. </p><pre>import pandas as pd

# df1 = [
#     {&#39;page1&#39;: 1, &#39;page2&#39;: 25, &#39;page3&#39;: 3}, 
#     {&#39;page1&#39;: 4, &#39;page2&#39;: 58, &#39;page3&#39;: 1}, 
#     {&#39;page1&#39;: 1.5, &#39;page2&#39;: 8, &#39;page3&#39;: 0.5}
#     ]

# df2 = [
#      {&#39;page1&#39;: 2, &#39;page2&#39;: 11, &#39;page3&#39;: None}, 
#      {&#39;page1&#39;: 5, &#39;page2&#39;: 21, &#39;page3&#39;: 5}, 
#      {&#39;page1&#39;: 0.1, &#39;page2&#39;: 38, &#39;page3&#39;: 15}
#      ]

# df3 = [
#      {&#39;page1&#39;: 2, &#39;page2&#39;: 11, &#39;page3&#39;: 40}, 
#      {&#39;page1&#39;: 5, &#39;page2&#39;: 15, &#39;page3&#39;: None}, 
#      {&#39;page1&#39;: 4, &#39;page2&#39;: 21, &#39;page3&#39;: 13}
#      ]

# df1, df2, df3 = [pd.DataFrame(df) for df in [df1, df2, df3]]

class Answer:
    def calcMean(self, df1, df2, df3):
        df = pd.concat([df1, df2, df3])
        df = df.dropna()
        df.loc[&#39;Mean&#39;] = df.mean()

        return df</pre>",0,89.0,167,0,900.0,,True,False,
112,Pandas: Объединить датафреймы по ключу,1,5,"<p>Дано 2 Pandas-датафрема. Датафрейм <code>sales</code>:</p><pre>+-------------+--------------+-------------+
|  ProductID  |    Amount    |     Sum     |
+-------------+--------------+-------------+</pre><p>Датафрейм <code>Products</code>:</p><pre>+-------------+------------------+
|  ProductID  |    ProductName   |
+-------------+------------------+</pre><p>Реализуйте аналог Excel-функции <code>VLOOKUP</code> (или <code>ВПР</code>): необходимо написать функцию <code>vlookup</code>, которая принимает на вход 2 исходных датафрейма, а возвращает новый датафрейм вида: </p><pre>+-------------+--------------+-------------+-------------+
|  ProductID  |    Amount    |     Sum     | ProductName |
+-------------+--------------+-------------+-------------+</pre><p>Естественно, поле <code>ProductID</code> является ключом в двух таблицах. </p><p><strong>Важно:</strong> Если в таблице <code>sales</code> есть запись с каким-то <code>ProductID</code>, но в таблице <code>Products</code> такого <code>ProductID</code> нет, то в итоговом датафрейме эта строка должна фигурировать, но в столбце <code>ProductName</code> должно быть <code>NaN</code>.</p>","<p>Объединение двух таблиц по ключу - стандартная задача в дата-аналитике. И если в Excel такая задача решается с помощью функции <code>VLOOKUP</code>, то в Pandas это можно сделать с помощью функции <code>merge</code>. </p><p><em>Примечание:</em> Функция <code>merge</code>, как и <code>VLOOKUP</code> - аналоги различных <code>JOIN</code> в языке SQL. </p><p>Аргументы функции <code>merge</code>: </p><ul><li>Левая таблица</li><li>Правая таблица</li><li>В аргумент <code>on</code> передаем название ключа, по которому идет объединение.</li></ul><p><strong>Важно:</strong> Название столбца, которое передается в аргумент <code>on</code> должно быть одинаковым в обоих таблицах. Если это не так, то нужно воспользоваться <code>left_on</code> и <code>right_on</code>. </p>
<p>Интересным моментом в данной задаче также является условие, что все строки «левой» таблицы <code>sales</code> должны присутствовать в итоговом датафрейме, вне зависимости от наличия соответствующего <code>ProductID</code> в таблице <code>Products</code>. Такой вид соединения называется левым и в Pandas достигается с помощью аргумента <code>how=&#39;left&#39;</code>. </p><pre>import pandas as pd

# sales = [
#     {&#39;ProductID&#39;: 1, &#39;Amount&#39;: 5, &#39;Sum&#39;: 528},
#     {&#39;ProductID&#39;: 2, &#39;Amount&#39;: 2, &#39;Sum&#39;: 624}, 
#     {&#39;ProductID&#39;: 2, &#39;Amount&#39;: 1, &#39;Sum&#39;: 312}, 
#     {&#39;ProductID&#39;: 3, &#39;Amount&#39;: 1, &#39;Sum&#39;: 10}, 
#     {&#39;ProductID&#39;: 4, &#39;Amount&#39;: 8, &#39;Sum&#39;: 10842}, 
#     {&#39;ProductID&#39;: 4, &#39;Amount&#39;: 3, &#39;Sum&#39;: 4065}, 
#     {&#39;ProductID&#39;: 5, &#39;Amount&#39;: 1, &#39;Sum&#39;: 1024}
# ]


# products = [
#     {&#39;ProductID&#39;: 1, &#39;ProductName&#39;: &#39;Apple&#39;},
#     {&#39;ProductID&#39;: 2, &#39;ProductName&#39;: &#39;Mango&#39;}, 
#     {&#39;ProductID&#39;: 3, &#39;ProductName&#39;: &#39;Banana&#39;}, 
#     {&#39;ProductID&#39;: 4, &#39;ProductName&#39;: &#39;Orange&#39;}
# ]

# sales, products = pd.DataFrame(sales), pd.DataFrame(products)


class Answer:
    def vlookup(self, sales, products):
        df = pd.merge(sales, products, how=&quot;left&quot;, on=&#39;ProductID&#39;)
        return df</pre>",20,98.0,168,0,900.0,,True,False,
113,Pandas: Агрегирование продаж и возвратов,1,5,"<p>Дан датафрейм Pandas <code>Sales</code>, в котором хранятся продажи и возвраты:</p><pre>+------------+--------------+--------------+-----------+
|    Shop    |   Employee   |     Type     |    Sum    |
+------------+--------------+--------------+-----------+</pre><p>Описание полей: </p><ul><li>Shop - название магазина</li><li>Employee - имя сотрудника</li><li>Type - тип транзакции (продажа - 1, возврат - 2)</li><li>Sum - сумма транзакции</li></ul><p>Руководитель просит подбить итоги в разрезе каждого сотрудника в каждом отдельном магазине: </p><ul><li>Сколько возвратов и сколько продаж было? </li><li>Какая сумма продаж и возвратов?</li><li>Какая средняя сумма продажи и возврата?</li></ul><p>Результат необходимо оформить в виде датафрейма следующего вида: </p><pre>+------------+--------------+--------------+--------------+-----------+---------------+
|    Shop    |   Employee   |     Type     |    Amount    |    Sum    |      Avg      |
+------------+--------------+--------------+--------------+-----------+---------------+</pre><p><strong>Примечание:</strong> После всех преобразований все поля (<code>Shop, Employee, Type, Amount, Sum, Avg</code>) должны быть столбцами итогового датафрейма <code>df</code>. Другими словами, например, конструкция <code>df[&#39;Shop&#39;]</code> не должна выдавать ошибку. </p>","<p>Группировка и расчет агрегированных характеристик - типичная бизнес-задача (да и не только бизнес). </p><p>В Pandas группировка делается с помощью функции <code>groupby</code>, которая принимает в качестве аргумента список с названиями столбцов для группировки. То есть в нашем случае это будет выглядеть так: </p><inject-highlight>df.groupby(['Shop', 'Employee', 'Type'])
</inject-highlight><p>После группировки нам необходимо провести расчет аргрегированных характеристик: сумму, количество и среднее значение элементов в каждой группе. В Pandas это можно сделать с помощью функции <code>agg</code>. Эта функция обычно принимает в качестве аргумента словарь следующего вида: </p><inject-highlight>agg(
    {
        'column_name': 'function_to_apply',
        'column_name': 'function_to_apply', 
        ... 
    }
)
</inject-highlight><p>Если же мы хотим применить сразу несколько функций к одному столбцу, то можно написать еще проще, передав все необходимые функции списком: </p><inject-highlight>agg(
    {
        'column_name': ['function_to_apply1', 'function_to_appl2', 'function_to_apply3'],       
        ... 
    }
)
</inject-highlight><p>Также можно использовать эту функцию с лямбда-функциями: </p><inject-highlight>agg(
    {
        'column_name': lambda x: max(x) - 1,       
        ... 
    }
)
</inject-highlight><p>Однако, все эти варианты нам не подходят, т.к. нам нужно задавать собственные имена столбцов. Для этого, начиная с Pandas 0.25.0 существует именованная агрегация, основанная на кортежах: </p><inject-highlight>agg(
    name = ('column_name', 'function_to_apply'),
    name = ('column_name', 'function_to_apply'),
    ...
)
</inject-highlight><p>Вот этим вариантом мы и воспользуемся: </p><inject-highlight>df = df.groupby(['Shop', 'Employee', 'Type']).agg(
            Amount = ('Sum', 'count'),
            Sum = ('Sum', sum), 
            Avg = ('Sum', 'mean')
        )
</inject-highlight><p>Однако, остался еще один пункт задания. Если мы попробуем прогнать код <code>df['Shop']</code>, то мы получим ошибку <code>KeyError: 'Shop'</code>. Это происходит потому что после группировки столбцы датафрейма теперь называются <code>index</code>. Чтобы вернуться к привычным столбцам, достаточно использовать функцию <code>reset_index()</code>. </p><p>Таким образом, итоговое решение будет выглядет так:</p><inject-highlight>import pandas as pd

l = [
    {'Shop': ""Yakimanka"", 'Employee': ""Anna"", 'Type': 1, 'Sum': 528},
    {'Shop': ""Yakimanka"", 'Employee': ""Fedor"", 'Type': 2, 'Sum': 632},
    {'Shop': ""Butovo"", 'Employee': ""Peter"", 'Type': 1, 'Sum': 115},
    {'Shop': ""Yakimanka"", 'Employee': ""Anna"", 'Type': 1, 'Sum': 1024},
    {'Shop': ""Butovo"", 'Employee': ""Peter"", 'Type': 1, 'Sum': 1754},
    {'Shop': ""Butovo"", 'Employee': ""Peter"", 'Type': 1, 'Sum': 111},
    {'Shop': ""Kamenka"", 'Employee': ""Max"", 'Type': 1, 'Sum': 499},
    {'Shop': ""Kamenka"", 'Employee': ""Max"", 'Type': 2, 'Sum': 23},
    {'Shop': ""Butovo"", 'Employee': ""Jugen"", 'Type': 1, 'Sum': 214},
    {'Shop': ""Kamenka"", 'Employee': ""Max"", 'Type': 1, 'Sum': 964},
    {'Shop': ""Yakimanka"", 'Employee': ""Fedor"", 'Type': 2, 'Sum': 100},
    {'Shop': ""Butovo"", 'Employee': ""Jugen"", 'Type': 1, 'Sum': 10000}
]

df = pd.DataFrame(l)

class Answer:
    def grouping(self, df):
        df = df.groupby(['Shop', 'Employee', 'Type']).agg(
            Amount = ('Sum', 'count'),
            Sum = ('Sum', sum), 
            Avg = ('Sum', 'mean')
        ).reset_index()

        return df
</inject-highlight>",20,91.0,170,0,900.0,,True,False,
120,SQL. ДЗ 1. Начало телефонного номера,1,0,"<h2>Дано</h2><p>Дана таблица <strong>sales_man</strong>:</p><inject-highlight>+----------+-------+------------+---------+---------+-----------+
|  id_man  |  fio  |  birthday  |  phone  |  email  |  boss_id  |
+----------+-------+------------+---------+---------+-----------+</inject-highlight><p>Описание полей: </p><p>- <code>id_man</code> - идентификатор сотрудника</p><p>- <code>fio</code> - фамилия, имя и отчество сотрудника</p><p>- <code>birthday</code> - дата рождения сотрудника</p><p>- <code>phone</code> - телефон </p><p>- <code>email</code> - почтовый адрес</p><p>- <code>boss_id</code> - идентификатор начальника</p><h2>Задание</h2><p>Вывести сотрудников из таблицы <code>sales_man</code>, чей телефон начинается на <code>896</code>. </p><p> </p><p>Ответ должен содержать 2 поля – <code>fio</code> и <code>phone</code>.</p>
","<inject-highlight>SELECT fio, phone 
FROM sales_man s  
WHERE s.phone LIKE '896%' </inject-highlight>",0,94.0,177,0,2000.0,,True,True,
114,"Найти округа, в которых не было покупок",1,5,"<p>Дана таблица заказов <strong>C_ORDERS</strong>: </p>
<pre>+---------------------------+
|          C_ORDERS         |
+---------------------------+
|  PK  |      ID_ORDERS     |
+---------------------------+
|      |      DATE_ORDER    |
|      |      ID_CUSTOMER   |
|      |      PRICE         |
|      |      DATE_DELIVERY |
|      |      DATE_PAYMENT  |
|      |      INSTRUCTION   |
|      |      WEIGHT        |
+---------------------------+</pre><p>Дана таблица с деталями заказов <strong>ORDER_DETAILS</strong>:</p>
<pre>+---------------------------+
|       ORDER_DETAILS       |
+---------------------------+
|  PK  |  ID_ORDER_DETAILS  |
+---------------------------+
|      |  TOTAL_PRICE       |
|      |  ID_ORDERS         |
|      |  ID_PRODUCT        |
|      |  KEY_PRODUCER      |
|      |  QUANTITY          |
+---------------------------+</pre><p>Таблицы <code>ORDER_DETAILS</code> и <code>C_ORDERS</code> связаны по полю <code>ID_ORDERS</code>.</p><p>Дана таблица магазина <strong>STORE</strong>:</p>
<pre>+---------------------------+
|           STORE           |
+---------------------------+
|  PK  |     ID_PRODUCT     |
+---------------------------+
|      |     UNIT_PRICE     |
|      |     KEY_PRODUCER   |
|      |     UNITS          |
|      |     DESCR          |
|      |     NOTE           |
+---------------------------+</pre><p>Таблицы <code>ORDER_DETAILS</code> и <code>STORE</code> связаны по полю <code>ID_PRODUCT</code>.</p><p>Дана таблица производителей <strong>PRODUCER</strong>:</p>
<pre>+---------------------------+
|           PRODUCER        |
+---------------------------+
|  PK  |    KEY_PRODUCER    |
+---------------------------+
|      |    NAME_PRODUCER   |
+---------------------------+</pre><p>Таблицы <code>STORE</code> и <code>PRODUCER</code> связаны по полю <code>KEY_PRODUCER</code>.</p><p>Дана таблица покупателей <strong>CUSTOMER</strong>:</p>
<pre>+---------------------------+
|          CUSTOMER         |
+---------------------------+
|  PK  |    ID_CUSTOMER     |
+---------------------------+
|      |    ADDRESS_1       |
|      |    ADDRESS_2       |
|      |    COMAPNY         |
|      |    FIRST_NAME      |
|      |    COUNTY_CODE     |
|      |    TOWN            |
|      |    LAST_NAME       |
|      |    POSTCODE        |
|      |    TELEPHONE       |
+---------------------------+</pre><p>Таблицы <code>C_ORDERS</code> и <code>CUSTOMER</code> связаны по полю <code>ID_CUSTOMER</code>.</p><p>Дана таблица округов <strong>COUNTY</strong>:</p>
<pre>+---------------------------+
|           COUNTY          |
+---------------------------+
|  PK  |    COUNTY_CODE     |
+---------------------------+
|      |    NAME            |
+---------------------------+</pre><p>Таблицы <code>CUSTOMER</code> и <code>COUNTY</code> связаны по полю <code>COUNTY_CODE</code>.</p><p>Необходимо найти названия всех округов, жители которых никогда не совершали покупки в этом магазине. </p>","<p>Можно решить эту задачу от обратного - сначала найти все <code>county_code</code> для тех округов, в которых жители совершали покупки в этом магазине. Затем отобрать имена округов (<code>county.name</code>) только для тех округов, чьих кодов нет в результате предыдущего шага. Сделать это можнно с помощью подзапроса и <code>NOT IN</code>: </p><inject-highlight>SELECT name FROM county WHERE county_code NOT IN (
	SELECT coun.county_code FROM county coun
	JOIN customer cus ON coun.county_code=cus.county_code
	JOIN c_orders ord ON cus.id_customer=ord.id_customer
	JOIN order_details orddet ON ord.id_orders=orddet.id_orders
	JOIN store st ON orddet.id_product=st.id_product
)
</inject-highlight>",20,93.0,171,0,890.0,,True,False,
115,Снизить цену для отмеченных товаров,1,5,"<p>Дана таблица заказов <strong>C_ORDERS</strong>: </p>
<pre>+---------------------------+
|          C_ORDERS         |
+---------------------------+
|  PK  |      ID_ORDERS     |
+---------------------------+
|      |      DATE_ORDER    |
|      |      ID_CUSTOMER   |
|      |      PRICE         |
|      |      DATE_DELIVERY |
|      |      DATE_PAYMENT  |
|      |      INSTRUCTION   |
|      |      WEIGHT        |
+---------------------------+</pre><p>Дана таблица с деталями заказов <strong>ORDER_DETAILS</strong>:</p>
<pre>+---------------------------+
|       ORDER_DETAILS       |
+---------------------------+
|  PK  |  ID_ORDER_DETAILS  |
+---------------------------+
|      |  TOTAL_PRICE       |
|      |  ID_ORDERS         |
|      |  ID_PRODUCT        |
|      |  KEY_PRODUCER      |
|      |  QUANTITY          |
+---------------------------+</pre><p>Таблицы <code>ORDER_DETAILS</code> и <code>C_ORDERS</code> связаны по полю <code>ID_ORDERS</code>.</p><p>Дана таблица магазина <strong>STORE</strong>:</p>
<pre>+---------------------------+
|           STORE           |
+---------------------------+
|  PK  |     ID_PRODUCT     |
+---------------------------+
|      |     UNIT_PRICE     |
|      |     KEY_PRODUCER   |
|      |     UNITS          |
|      |     DESCR          |
|      |     NOTE           |
+---------------------------+</pre><p>Таблицы <code>ORDER_DETAILS</code> и <code>STORE</code> связаны по полю <code>ID_PRODUCT</code>.</p><p>Дана таблица производителей <strong>PRODUCER</strong>:</p>
<pre>+---------------------------+
|           PRODUCER        |
+---------------------------+
|  PK  |    KEY_PRODUCER    |
+---------------------------+
|      |    NAME_PRODUCER   |
+---------------------------+</pre><p>Таблицы <code>STORE</code> и <code>PRODUCER</code> связаны по полю <code>KEY_PRODUCER</code>.</p><p>Дана таблица покупателей <strong>CUSTOMER</strong>:</p>
<pre>+---------------------------+
|          CUSTOMER         |
+---------------------------+
|  PK  |    ID_CUSTOMER     |
+---------------------------+
|      |    ADDRESS_1       |
|      |    ADDRESS_2       |
|      |    COMAPNY         |
|      |    FIRST_NAME      |
|      |    COUNTY_CODE     |
|      |    TOWN            |
|      |    LAST_NAME       |
|      |    POSTCODE        |
|      |    TELEPHONE       |
+---------------------------+</pre><p>Таблицы <code>C_ORDERS</code> и <code>CUSTOMER</code> связаны по полю <code>ID_CUSTOMER</code>.</p><p>Дана таблица округов <strong>COUNTY</strong>:</p>
<pre>+---------------------------+
|           COUNTY          |
+---------------------------+
|  PK  |    COUNTY_CODE     |
+---------------------------+
|      |    NAME            |
+---------------------------+</pre><p>Таблицы <code>CUSTOMER</code> и <code>COUNTY</code> связаны по полю <code>COUNTY_CODE</code>.</p><p>Написать SELECT-запрос для уменьшения цены на 20% для тех продуктов в таблице <code>STORE</code>, которые содержат пометку <code>note = DISCOUNT</code>. Вывести необходимо все строки из таблицы <code>STORE</code> + столбец <code>price_with_discount</code> c рассчитанной ценой. </p><p><strong>Примечание:</strong> Если пометки нет, то необходимо оставить исходную цену. </p>
<p><strong>Важно:</strong> Обратите внимание, что Вам нужно написать именно SELECT-запрос, а не UPDATE, т.е. содержимое таблицы в БД менять не нужно. </p>","<p>Это классическая задача на использование условного оператора <code>CASE</code>. </p><p>Нам необходимо создать расчетный столбец, который будет формироваться по следующим правилам: </p><ul><li>Если есть пометка <code>DISCOUNT</code>, то снижаем цену на 20% (то есть умножаем исходную на 0.8)</li><li>Если пометки нет, оставляем старую цену</li></ul><p>Чтобы дать столбцу с <code>CASE</code> нужное нам имя, после закрывающего оператора <code>END</code> необходимо указать алиас: <code>AS our_name</code>.</p><p>С помощью оператора <code>CASE</code> решение можно записать следующим образом:</p><pre>SELECT *,
  CASE
    WHEN note = &#39;DISCOUNT&#39; THEN unit_price*0.8
    ELSE unit_price
  END AS price_with_discount
FROM store</pre>",20,92.0,172,0,890.0,,True,False,
116,Найти все пары различных клиентов,1,5,"<p>Дана таблица заказов <strong>C_ORDERS</strong>: </p>
<pre>+---------------------------+
|          C_ORDERS         |
+---------------------------+
|  PK  |      ID_ORDERS     |
+---------------------------+
|      |      DATE_ORDER    |
|      |      ID_CUSTOMER   |
|      |      PRICE         |
|      |      DATE_DELIVERY |
|      |      DATE_PAYMENT  |
|      |      INSTRUCTION   |
|      |      WEIGHT        |
+---------------------------+</pre><p>Дана таблица с деталями заказов <strong>ORDER_DETAILS</strong>:</p>
<pre>+---------------------------+
|       ORDER_DETAILS       |
+---------------------------+
|  PK  |  ID_ORDER_DETAILS  |
+---------------------------+
|      |  TOTAL_PRICE       |
|      |  ID_ORDERS         |
|      |  ID_PRODUCT        |
|      |  KEY_PRODUCER      |
|      |  QUANTITY          |
+---------------------------+</pre><p>Таблицы <code>ORDER_DETAILS</code> и <code>C_ORDERS</code> связаны по полю <code>ID_ORDERS</code>.</p><p>Дана таблица магазина <strong>STORE</strong>:</p>
<pre>+---------------------------+
|           STORE           |
+---------------------------+
|  PK  |     ID_PRODUCT     |
+---------------------------+
|      |     UNIT_PRICE     |
|      |     KEY_PRODUCER   |
|      |     UNITS          |
|      |     DESCR          |
|      |     NOTE           |
+---------------------------+</pre><p>Таблицы <code>ORDER_DETAILS</code> и <code>STORE</code> связаны по полю <code>ID_PRODUCT</code>.</p><p>Дана таблица производителей <strong>PRODUCER</strong>:</p>
<pre>+---------------------------+
|           PRODUCER        |
+---------------------------+
|  PK  |    KEY_PRODUCER    |
+---------------------------+
|      |    NAME_PRODUCER   |
+---------------------------+</pre><p>Таблицы <code>STORE</code> и <code>PRODUCER</code> связаны по полю <code>KEY_PRODUCER</code>.</p><p>Дана таблица покупателей <strong>CUSTOMER</strong>:</p>
<pre>+---------------------------+
|          CUSTOMER         |
+---------------------------+
|  PK  |    ID_CUSTOMER     |
+---------------------------+
|      |    ADDRESS_1       |
|      |    ADDRESS_2       |
|      |    COMAPNY         |
|      |    FIRST_NAME      |
|      |    COUNTY_CODE     |
|      |    TOWN            |
|      |    LAST_NAME       |
|      |    POSTCODE        |
|      |    TELEPHONE       |
+---------------------------+</pre><p>Таблицы <code>C_ORDERS</code> и <code>CUSTOMER</code> связаны по полю <code>ID_CUSTOMER</code>.</p><p>Дана таблица округов <strong>COUNTY</strong>:</p>
<pre>+---------------------------+
|           COUNTY          |
+---------------------------+
|  PK  |    COUNTY_CODE     |
+---------------------------+
|      |    NAME            |
+---------------------------+</pre><p>Таблицы <code>CUSTOMER</code> и <code>COUNTY</code> связаны по полю <code>COUNTY_CODE</code>.</p><p>Найти все пары различных клиентов (поле <code>FIRST_NAME</code>) из города <code>Moscow</code>. Результатом запроса должны быть 2 столбца: <code>customer1</code> и <code>customer2</code>. </p>","<p>Задача на соединение таблицы с самой собой - довольно редкий тип задач, однако, иногда это встречается в реальной жизни. </p><p>Классический способ решения таких задач - использование <code>CROSS JOIN</code>. </p><p>Чтобы соединение отработало корректно, нужно наложить фильтр на город в обоих таблицах, т.к. иначе соединение может произойти так: <em>все клиенты из Москвы со всеми клиентами вообще</em>. </p><p>Таким образом, ответ можно записать так:</p><inject-highlight>SELECT c1.first_name as customer1, c2.first_name as customer2
FROM customer c1 
CROSS JOIN customer c2 
WHERE c1.town='Moscow' AND c2.town='Moscow'
AND c1.first_name <> c2.first_name
</inject-highlight>",0,96.0,173,0,890.0,,True,False,
117,SQL. ДЗ 1. Анализы в диапазоне цен,1,0,"<h2>Дано</h2><p>Дана таблица <strong>analysis</strong>:</p><inject-highlight>+---------+--------+-----------+---------------+-------------+--------------+-----------------+--------+--------+
|  id_an  |  name  |  id_type  |  preanalysis  |  id_cat_an  |  cost_price  |  selling_price  |  term  |  info  |
+---------+--------+-----------+---------------+-------------+--------------+-----------------+--------+--------+</inject-highlight><p>Описание полей:</p><p>- <code>id_an</code> - идентификатор анализа</p><p>- <code>name</code> - название анализа</p><p>- <code>id_type</code> - тип анализа</p><p>- <code>preanalysis</code> - требуется ли специальная преаналитика</p><p>- <code>id_cat_an</code> - идентификатор категории</p><p>- <code>cost_price</code> - закупочная цена</p><p>- <code>selling_price</code> - розничная цена</p><p>- <code>term</code> - температурный режим</p><p>- <code>info</code> - дополнительная информация</p><h2>Задание</h2><p>Выведите строки таблицы <code>analysis</code>, у которых розничная цена между 200 и 300. </p><p> </p><p>Ответ должен содержать 2 поля – <code>id_an</code> и <code>selling_price</code>. </p>","<inject-highlight>SELECT id_an, selling_price
FROM analysis
WHERE selling_price BETWEEN 200 AND 300</inject-highlight>",0,89.0,174,0,2000.0,,True,True,
118,SQL. ДЗ 1. Уникальные типы анализов,1,0,"<h2>Дано</h2><p>Дана таблица <strong>analysis</strong>:</p><inject-highlight>+---------+--------+-----------+---------------+-------------+--------------+-----------------+--------+--------+
|  id_an  |  name  |  id_type  |  preanalysis  |  id_cat_an  |  cost_price  |  selling_price  |  term  |  info  |
+---------+--------+-----------+---------------+-------------+--------------+-----------------+--------+--------+</inject-highlight><p>Описание полей:</p><p>- <code>id_an</code> - идентификатор анализа</p><p>- <code>name</code> - название анализа</p><p>- <code>id_type</code> - тип анализа</p><p>- <code>preanalysis</code> - требуется ли специальная преаналитика</p><p>- <code>id_cat_an</code> - идентификатор категории</p><p>- <code>cost_price</code> - закупочная цена</p><p>- <code>selling_price</code> - розничная цена</p><p>- <code>term</code> - температурный режим</p><p>- <code>info</code> - дополнительная информация</p><h2>Задание</h2><p>Выведите уникальные <code>id_type</code> из таблицы <code>analysis</code>, для которых розничная цена между 200 и 300. </p><p> </p><p>Ответ должен содержать 1 поле – <code>id_type</code>. </p>","<inject-highlight>SELECT DISTINCT id_type
FROM analysis
WHERE selling_price BETWEEN 200 AND 300</inject-highlight>",0,85.0,175,0,2000.0,,True,True,
121,SQL. ДЗ 1. Конец телефонного номера,1,0,"<h2>Дано</h2><p>Дана таблица <strong>sales_man</strong>:</p><inject-highlight>+----------+-------+------------+---------+---------+-----------+
|  id_man  |  fio  |  birthday  |  phone  |  email  |  boss_id  |
+----------+-------+------------+---------+---------+-----------+</inject-highlight><p>Описание полей: </p><p>- <code>id_man</code> - идентификатор сотрудника</p><p>- <code>fio</code> - фамилия, имя и отчество сотрудника</p><p>- <code>birthday</code> - дата рождения сотрудника</p><p>- <code>phone</code> - телефон </p><p>- <code>email</code> - почтовый адрес</p><p>- <code>boss_id</code> - идентификатор начальника</p><h2>Задание</h2><p>Вывести сотрудников из таблицы <code>sales_man</code>, чей телефон заканчивается на <code>2</code>. </p><p> </p><p>Ответ должен содержать 2 поля – <code>fio</code> и <code>phone</code>. </p>","<inject-highlight>SELECT fio, phone 
FROM sales_man s  
WHERE s.phone LIKE '%2' </inject-highlight>",0,85.0,178,0,2000.0,,True,True,
122,SQL. ДЗ 1. Поиск по слову в названии,1,0,"<h2>Дано</h2><p>Дана таблица <strong>analysis</strong>:</p><inject-highlight>+---------+--------+-----------+---------------+-------------+--------------+-----------------+--------+--------+
|  id_an  |  name  |  id_type  |  preanalysis  |  id_cat_an  |  cost_price  |  selling_price  |  term  |  info  |
+---------+--------+-----------+---------------+-------------+--------------+-----------------+--------+--------+</inject-highlight><p>Описание полей:</p><p>- <code>id_an</code> - идентификатор анализа</p><p>- <code>name</code> - название анализа</p><p>- <code>id_type</code> - тип анализа</p><p>- <code>preanalysis</code> - требуется ли специальная преаналитика</p><p>- <code>id_cat_an</code> - идентификатор категории</p><p>- <code>cost_price</code> - закупочная цена</p><p>- <code>selling_price</code> - розничная цена</p><p>- <code>term</code> - температурный режим</p><p>- <code>info</code> - дополнительная информация</p><h2>Задание</h2><p>Найти все анализы из таблицы <code>analysis</code>, которые содержат в названии слово <code>Крови</code>. </p><p> </p><p>Ответ должен содержать 1 поле – <code>name</code>.</p>","<inject-highlight>SELECT name 
FROM analysis a 
WHERE UPPER(name) LIKE '%КРОВИ%' </inject-highlight>",0,89.0,179,0,2000.0,,True,True,
123,NEW! SQL. ДЗ 1. Расчет наценки,1,0,"<h2>Дано</h2><p>Дана таблица <strong>analysis</strong>:</p><inject-highlight>+---------+--------+-----------+---------------+-------------+--------------+-----------------+--------+--------+
|  id_an  |  name  |  id_type  |  preanalysis  |  id_cat_an  |  cost_price  |  selling_price  |  term  |  info  |
+---------+--------+-----------+---------------+-------------+--------------+-----------------+--------+--------+</inject-highlight><p>Описание полей:</p><p>- <code>id_an</code> - идентификатор анализа</p><p>- <code>name</code> - название анализа</p><p>- <code>id_type</code> - тип анализа</p><p>- <code>preanalysis</code> - требуется ли специальная преаналитика</p><p>- <code>id_cat_an</code> - идентификатор категории</p><p>- <code>cost_price</code> - закупочная цена</p><p>- <code>selling_price</code> - розничная цена</p><p>- <code>term</code> - температурный режим</p><p>- <code>info</code> - дополнительная информация</p><h2>Задание</h2><p>Выведите все столбцы из таблицы <code>analysis</code> и дополнительно создайте расчетный столбец с посчитанной наценкой. Столбец назовите <code>markup</code>. Результат округлите до 3 знака после запятой.</p><p><strong>Примечание:</strong> Наценка должна быть рассчитана в %, то есть не <code>0,1</code>, а <code>10</code>. </p>","<inject-highlight>SELECT *, 
       ROUND((selling_price-cost_price)/cost_price*100, 3) AS Markup
FROM analysis</inject-highlight>",0,90.0,180,0,2000.0,,True,True,
124,SQL. ДЗ 1. Найти ошибку в запросе,1,0,"<h2>Дано</h2><p>Дана таблица <strong>sales_man</strong>:</p><inject-highlight>+----------+-------+------------+---------+---------+-----------+
|  id_man  |  fio  |  birthday  |  phone  |  email  |  boss_id  |
+----------+-------+------------+---------+---------+-----------+</inject-highlight><p>Описание полей: </p><p>- <code>id_man</code> - идентификатор сотрудника</p><p>- <code>fio</code> - фамилия, имя и отчество сотрудника</p><p>- <code>birthday</code> - дата рождения сотрудника</p><p>- <code>phone</code> - телефон </p><p>- <code>email</code> - почтовый адрес</p><p>- <code>boss_id</code> - идентификатор начальника</p><h2>Задание</h2><p>Переписать запрос таким образом, чтобы он работал без ошибок. </p><p>Неправильный запрос:</p><inject-highlight>SELECT s.fio, EXTRACT(YEAR FROM s.birthday) AS birth_year 
FROM sales_man s 
WHERE birth_year > 1985</inject-highlight>","<inject-highlight>SELECT s.fio, EXTRACT(YEAR FROM s.birthday) AS birth_year 
FROM sales_man s 
WHERE EXTRACT(YEAR FROM s.birthday) > 1985</inject-highlight>",0,99.0,181,0,2000.0,,True,True,
125,SQL. ДЗ 1. Нечетные ID,1,0,"<h2>Дано</h2><p>Дана таблица <strong>sales_man</strong>:</p><pre>+----------+-------+------------+---------+---------+-----------+
|  id_man  |  fio  |  birthday  |  phone  |  email  |  boss_id  |
+----------+-------+------------+---------+---------+-----------+
</pre><p>Описание полей: </p><ul><li><code>id_man</code> - идентификатор сотрудника</li><li><code>fio</code> - фамилия, имя и отчество сотрудника</li><li><code>birthday</code> - дата рождения сотрудника</li><li><code>phone</code> - телефон </li><li><code>email</code> - почтовый адрес</li><li><code>boss_id</code> - идентификатор начальника</li></ul><h2>Задание</h2><p>Вывести из таблицы sales_man все строки с нечетным <code>id_man</code>.</p><p>Ответ должен содержать все столбцы <code>id_man</code> и <code>fio</code>. </p>","<inject-highlight>SELECT id_man, fio 
FROM sales_man s 
WHERE s.id_man % 2 != 0</inject-highlight>",0,93.0,182,0,2000.0,,True,True,
162,Numpy. ДЗ 2: Создание интервала и расширение размерности,2,0,"<p>Вам заданы три числа:</p><ul><li><code>start</code></li><li><code>stop</code></li><li><code>step</code></li></ul><p>Значения всех трех чисел вам заранее неизвестны. </p><p>Для начала, необходимо составить последовательность равномерно распределенных чисел в диапазоне <code>start:stop</code> с шагом <code>step</code>. Последовательность должна быть представлена массивом Numpy.</p><p>Далее, вы собираетесь подавать эту последовательность на вход нейронной сети. Основное требование сети: входной массив данных должен иметь размерность <code>(observations, size)</code>, где:</p><ul><li><code>observations</code> - количество наблюдений (в нашем случае <code>1</code>, т.к. мы сгенерировали всего 1 последовательность)</li><li><code>size</code> - количество чисел в сгенерированной последовательности</li></ul><p>Трансформируйте полученную последовательность таким образом, чтобы она имело нужную размерность. </p><p><strong>Важно:</strong> Не используйте функцию <code>reshape</code> - воспользуйтесь другими методами Numpy.</p><h2>Задание</h2><p>Напишите функцию <code>AddDim</code>, которая будет возвращать сгенерированную последовательность с добавленным единичным измерением. </p><p>Функция <code>AddDim</code> принимает на вход числа <code>start</code>, <code>stop</code>, <code>step</code>.</p><p>Функция должна возвращать результирующий массив.</p><p><strong>Пример:</strong></p><pre>start = 1, stop = 10, step = 2

Ответ:

[[1 3 5 7 9]]
</pre><h2>Дополнительная информация</h2><p>Обратите внимание, что шаблон решения представлен в виде (на примере языка Python):</p><inject-highlight>class Answer:
    def function(self, arg1, arg2):
        # напишите свой код ниже

        return res
</inject-highlight><p>Здесь <code>function</code> - функция, которую вам нужно написать (от задачи к задаче ее имя меняется), а <code>arg1, arg2</code> - аргументы этой функции.</p><p>Чтобы решить задачу, напишите свой код между комментарием и выражением <code>return ...</code>.</p><p>Если вы хотите промежуточно посмотреть, что вернет написанный вами код, воспользуйтесь конструкцией и нажмите кнопку Выполнить:</p><inject-highlight>print(Answer().function(arg1, arg2))
</inject-highlight><p>Если вам нужно импортировать какой-то модуль, указывайте модуль до <code>class Answer</code>. Например:</p><inject-highlight>import mymodule 

class Answer:
    ...
</inject-highlight><p><strong>Полный пример:</strong></p><inject-highlight># импортируем модуль
import collections

class Answer:
    def problemSolve(self, n, m):
        # напишите свой код ниже
        ...
        return res

# промежуточно смотрим результат
print(Answer().problemSolve(n=2, m=3))
</inject-highlight>","<inject-highlight>import numpy as np

class Answer:
    def AddDim(self, start, stop, step):
        seq = np.arange(start, stop, step)      
        res = np.expand_dims(seq, axis=0)        
        return res
</inject-highlight>",0,99.0,224,0,1850.0,,True,True,
126,NEW! SQL. ДЗ 1. Фильтр и сортировка розничной цены,1,0,"<h2>Дано</h2><p>Дана таблица <strong>analysis</strong>:</p><inject-highlight>+---------+--------+-----------+---------------+-------------+--------------+-----------------+--------+--------+
|  id_an  |  name  |  id_type  |  preanalysis  |  id_cat_an  |  cost_price  |  selling_price  |  term  |  info  |
+---------+--------+-----------+---------------+-------------+--------------+-----------------+--------+--------+</inject-highlight><p>Описание полей:</p><p>- <code>id_an</code> - идентификатор анализа</p><p>- <code>name</code> - название анализа</p><p>- <code>id_type</code> - тип анализа</p><p>- <code>preanalysis</code> - требуется ли специальная преаналитика</p><p>- <code>id_cat_an</code> - идентификатор категории</p><p>- <code>cost_price</code> - закупочная цена</p><p>- <code>selling_price</code> - розничная цена</p><p>- <code>term</code> - температурный режим</p><p>- <code>info</code> - дополнительная информация</p><h2>Задание</h2><p>Вывести все строки из таблицы <code>analysis</code>, для которых розничная цена больше 100 и меньше 1000, отсортировав их по убыванию розничной цены. </p><p>Ответ должен содержать столбцы <code>id_an</code>, <code>selling_price</code>, <code>name</code>. </p>","<inject-highlight>SELECT id_an, selling_price, name
FROM analysis
WHERE selling_price > 100 
AND selling_price < 1000
ORDER BY selling_price DESC</inject-highlight>",0,97.0,183,0,2000.0,,True,True,
127,NEW! SQL. ДЗ 1. Смешанная сортировка,1,0,"<h2>Дано</h2><p>Дана таблица <strong>analysis</strong>:</p><inject-highlight>+---------+--------+-----------+---------------+-------------+--------------+-----------------+--------+--------+
|  id_an  |  name  |  id_type  |  preanalysis  |  id_cat_an  |  cost_price  |  selling_price  |  term  |  info  |
+---------+--------+-----------+---------------+-------------+--------------+-----------------+--------+--------+</inject-highlight><p>Описание полей:</p><p>- <code>id_an</code> - идентификатор анализа</p><p>- <code>name</code> - название анализа</p><p>- <code>id_type</code> - тип анализа</p><p>- <code>preanalysis</code> - требуется ли специальная преаналитика</p><p>- <code>id_cat_an</code> - идентификатор категории</p><p>- <code>cost_price</code> - закупочная цена</p><p>- <code>selling_price</code> - розничная цена</p><p>- <code>term</code> - температурный режим</p><p>- <code>info</code> - дополнительная информация</p><h2>Задание</h2><p>Вывести все строки из таблицы <code>analysis</code>, отсортировав их по возрастанию категории и по убыванию закупочной цены в рамках каждой категории. </p><p>Ответ должен содержать столбцы <code>id_an</code>, <code>name</code>, <code>id_cat_an</code>, <code>cost_price</code>. </p>","<inject-highlight>SELECT id_an, name, id_cat_an, cost_price
FROM analysis
ORDER BY id_cat_an, cost_price DESC</inject-highlight>",0,94.0,184,0,2000.0,,True,True,
128,NEW! SQL. ДЗ 2. Фильтр строк неравенством,1,0,"<h2>Дано</h2><p>Дана таблица <strong>analysis</strong>:</p><inject-highlight>+---------+--------+-----------+---------------+-------------+--------------+-----------------+--------+--------+
|  id_an  |  name  |  id_type  |  preanalysis  |  id_cat_an  |  cost_price  |  selling_price  |  term  |  info  |
+---------+--------+-----------+---------------+-------------+--------------+-----------------+--------+--------+</inject-highlight><p>Описание полей:</p><p>- <code>id_an</code> - идентификатор анализа</p><p>- <code>name</code> - название анализа</p><p>- <code>id_type</code> - тип анализа</p><p>- <code>preanalysis</code> - требуется ли специальная преаналитика</p><p>- <code>id_cat_an</code> - идентификатор категории</p><p>- <code>cost_price</code> - закупочная цена</p><p>- <code>selling_price</code> - розничная цена</p><p>- <code>term</code> - температурный режим</p><p>- <code>info</code> - дополнительная информация</p><h2>Задание</h2><p>Вывести все строки из таблицы <code>analysis</code>, где значение <code>id_type</code> не равно <code>1</code>.</p><p>Ответ должен содержать столбцы <code>id_an</code>, <code>name</code>, <code>id_type</code>. </p>","<inject-highlight>SELECT id_an, name, id_type
FROM analysis
WHERE id_type != 1</inject-highlight>",0,93.0,185,0,2000.0,,True,True,
129,NEW! SQL. ДЗ 2. Фильтр по длине слов,1,0,"<h2>Дано</h2><p>Дана таблица <strong>analysis</strong>:</p><inject-highlight>+---------+--------+-----------+---------------+-------------+--------------+-----------------+--------+--------+
|  id_an  |  name  |  id_type  |  preanalysis  |  id_cat_an  |  cost_price  |  selling_price  |  term  |  info  |
+---------+--------+-----------+---------------+-------------+--------------+-----------------+--------+--------+</inject-highlight><p>Описание полей:</p><p>- <code>id_an</code> - идентификатор анализа</p><p>- <code>name</code> - название анализа</p><p>- <code>id_type</code> - тип анализа</p><p>- <code>preanalysis</code> - требуется ли специальная преаналитика</p><p>- <code>id_cat_an</code> - идентификатор категории</p><p>- <code>cost_price</code> - закупочная цена</p><p>- <code>selling_price</code> - розничная цена</p><p>- <code>term</code> - температурный режим</p><p>- <code>info</code> - дополнительная информация</p><h2>Задание</h2><p>Вывести все строки из таблицы <code>analysis</code>, где название длинней 20 букв или короче 10.</p><p>Ответ должен содержать столбцы <code>id_an</code>, <code>name</code>, <code>length</code>.</p","<inject-highlight>SELECT id_an, name, LENGTH(name) AS length
FROM analysis
WHERE LENGTH(name) > 20
OR LENGTH(name) < 10</inject-highlight>
",0,99.0,186,0,2000.0,,True,True,
130,NEW! SQL. ДЗ 2. Комбинирование условий фильтрации,1,0,"<h2>Дано</h2><p>Дана таблица <strong>analysis</strong>:</p><inject-highlight>+---------+--------+-----------+---------------+-------------+--------------+-----------------+--------+--------+
|  id_an  |  name  |  id_type  |  preanalysis  |  id_cat_an  |  cost_price  |  selling_price  |  term  |  info  |
+---------+--------+-----------+---------------+-------------+--------------+-----------------+--------+--------+</inject-highlight><p>Описание полей:</p><p>- <code>id_an</code> - идентификатор анализа</p><p>- <code>name</code> - название анализа</p><p>- <code>id_type</code> - тип анализа</p><p>- <code>preanalysis</code> - требуется ли специальная преаналитика</p><p>- <code>id_cat_an</code> - идентификатор категории</p><p>- <code>cost_price</code> - закупочная цена</p><p>- <code>selling_price</code> - розничная цена</p><p>- <code>term</code> - температурный режим</p><p>- <code>info</code> - дополнительная информация</p><h2>Задание</h2><p>Вывести все строки из таблицы <code>analysis</code>, которые принадлежат 1 категории и одновременно с этим их розничная цена принадлежит диапазону 200 - 300 рублей (включительно), либо которые принадлежат 6 категории, но стоят меньше 1000. </p><p>Ответ должен содержать столбцы <code>id_an</code>, <code>name</code>, <code>id_cat_an</code>, <code>selling_price</code>.</p>","<inject-highlight>SELECT id_an, name, id_cat_an, selling_price
FROM analysis
WHERE (id_cat_an = 1 AND selling_price BETWEEN 200 AND 300)
OR (id_cat_an = 6 AND selling_price < 1000)
</inject-highlight>",0,87.0,187,0,2000.0,,True,True,
131,NEW! SQL. ДЗ 2. Поиск значений из списка,1,0,"<h2>Дано</h2><p>Дана таблица <strong>analysis</strong>:</p><inject-highlight>+---------+--------+-----------+---------------+-------------+--------------+-----------------+--------+--------+
|  id_an  |  name  |  id_type  |  preanalysis  |  id_cat_an  |  cost_price  |  selling_price  |  term  |  info  |
+---------+--------+-----------+---------------+-------------+--------------+-----------------+--------+--------+</inject-highlight><p>Описание полей:</p><p>- <code>id_an</code> - идентификатор анализа</p><p>- <code>name</code> - название анализа</p><p>- <code>id_type</code> - тип анализа</p><p>- <code>preanalysis</code> - требуется ли специальная преаналитика</p><p>- <code>id_cat_an</code> - идентификатор категории</p><p>- <code>cost_price</code> - закупочная цена</p><p>- <code>selling_price</code> - розничная цена</p><p>- <code>term</code> - температурный режим</p><p>- <code>info</code> - дополнительная информация</p><h2>Задание</h2><p>Вывести все строки из таблицы <code>analysis</code>, в которых название является одним из <em>АЛТ, ГГТ, АКТГ, Базовый</em>. Результат необходимо отсортировать по убыванию закупочный цены. </p><p>Ответ должен содержать столбцы <code>id_an</code>, <code>name</code>, <code>cost_price</code>.</p>
","<inject-highlight>SELECT id_an, name, cost_price
FROM analysis
WHERE name IN ('АЛТ', 'ГГТ', 'АКТГ', 'Базовый')
ORDER BY cost_price DESC</inject-highlight>",0,97.0,188,0,2000.0,,True,True,
132,NEW! SQL. ДЗ 2. Отсутствие пропусков,1,0,"<h2>Дано</h2><p>Дана таблица <strong>analysis</strong>:</p><inject-highlight>+---------+--------+-----------+---------------+-------------+--------------+-----------------+--------+--------+
|  id_an  |  name  |  id_type  |  preanalysis  |  id_cat_an  |  cost_price  |  selling_price  |  term  |  info  |
+---------+--------+-----------+---------------+-------------+--------------+-----------------+--------+--------+</inject-highlight><p>Описание полей:</p><p>- <code>id_an</code> - идентификатор анализа</p><p>- <code>name</code> - название анализа</p><p>- <code>id_type</code> - тип анализа</p><p>- <code>preanalysis</code> - требуется ли специальная преаналитика</p><p>- <code>id_cat_an</code> - идентификатор категории</p><p>- <code>cost_price</code> - закупочная цена</p><p>- <code>selling_price</code> - розничная цена</p><p>- <code>term</code> - температурный режим</p><p>- <code>info</code> - дополнительная информация</p><h2>Задание</h2><p>Вывести все строки из таблицы <code>analysis</code>, в которых заполнена дополнительная информация. </p><p>Ответ должен содержать столбцы <code>id_an</code>, <code>name</code>, <code>info</code>.</p>","<inject-highlight>SELECT id_an, name, info
FROM analysis
WHERE info IS NOT NULL</inject-highlight>",0,94.0,189,0,2000.0,,True,True,
133,NEW! SQL. ДЗ 2. Регулярные выражения,2,0,"<h2>Дано</h2><p>Дана таблица <strong>clients</strong>:</p><inject-highlight>+---------+-------+------------+---------+---------+----------+------------+
|  id_cl  |  fio  |  birthday  |  phone  |  email  |  notice  |  discount  |
+---------+-------+------------+---------+---------+----------+------------+</inject-highlight><p>Описание полей: </p><p>- <code>id_cl</code> - идентификатор клиента</p><p>- <code>fio</code> - фамилия, имя и отчество</p><p>- <code>birthday</code> - дата рождения</p><p>- <code>phone</code> - телефон </p><p>- <code>email</code> - почтовый адрес</p><p>- <code>notice</code> - заметка</p><p>- <code>discount</code> - наличие персональной скидки</p><h2>Задание</h2><p>Вывести клиентов из таблицы <code>clients</code>, у которых почта удовлетворяет шаблону: <em>в основной части почтового адреса присутствует хотя бы одна буква «а», а после символа @ идет либо iitp.ru, либо mail.ru.</em></p><p>Ответ должен содержать 2 столбца: <code>id_cl</code> и <code>email</code>.</p>
","<inject-highlight>SELECT id_cl, email
FROM clients
WHERE email SIMILAR TO '_*a_*@(iitp.ru|mail.ru)'</inject-highlight>
",0,96.0,190,0,2000.0,,True,True,
134,SQL. ДЗ 3. Смоделировать EXCEPT через JOIN,1,0,"<h2>Дано</h2><p>Дана таблица <strong>analysis</strong>:</p><inject-highlight>+---------+--------+-----------+---------------+-------------+--------------+-----------------+--------+--------+
|  id_an  |  name  |  id_type  |  preanalysis  |  id_cat_an  |  cost_price  |  selling_price  |  term  |  info  |
+---------+--------+-----------+---------------+-------------+--------------+-----------------+--------+--------+
</inject-highlight><p>Описание полей:</p><ul><li><code>id_an</code> - идентификатор анализа</li><li><code>name</code> - название анализа</li><li><code>id_type</code> - тип анализа</li><li><code>preanalysis</code> - требуется ли специальная преаналитика</li><li><code>id_cat_an</code> - идентификатор категории</li><li><code>cost_price</code> - закупочная цена</li><li><code>selling_price</code> - розничная цена</li><li><code>term</code> - температурный режим</li><li><code>info</code> - дополнительная информация</li></ul><p>Дана таблица <strong>category_an</strong>:</p><inject-highlight>+-------------+--------+---------------+
|  id_cat_an  |  name  |  description  |
+-------------+--------+---------------+
</inject-highlight><p>Описание полей:</p><ul><li><code>id_cat_an</code> - идентификатор категории</li><li><code>name</code> - название категории</li><li><code>description</code> - описание группы</li></ul><h2>Задание</h2><p>Смоделировать <code>EXCEPT</code> с помощью <code>JOIN</code>. Вывести категорию, анализы которой не представлены в таблице <code>analysis</code>? Данные по категориям содержаться в таблице <code>category_an</code>. </p><p>Ответ должен содержать только одно поле – <code>id_cat_an</code>. </p><p><strong>Важно:</strong> В запросе можно использовать только <code>JOIN</code> – использование <code>EXCEPT</code> не допускается. </p>","<inject-highlight>SELECT c.id_cat_an 
FROM category_an c 
LEFT JOIN analysis A ON a.id_cat_an = c.id_cat_an 
WHERE A.id_cat_an IS NULL  
</inject-highlight>",0,95.0,191,0,2000.0,,True,True,
135,"SQL. ДЗ 3. Категории анализов, которые не заказывали",2,0,"<h2>Дано</h2><p>Дана таблица <strong>orderitems</strong>:</p><inject-highlight>+-------------+------------+---------+----------+
|  id_orders  |  item_num  |  id_an  |  status  |
+-------------+------------+---------+----------+</inject-highlight><p>Описание полей:</p><p>- <code>id_orders</code> - идентификатор заказа</p><p>- <code>item_num</code> - номер позиции</p><p>- <code>id_an</code> - идентификатор анализа</p><p>- <code>status</code> - статус</p><p>Дана таблица <strong>category_an</strong>:</p><inject-highlight>+-------------+--------+---------------+
|  id_cat_an  |  name  |  description  |
+-------------+--------+---------------+</inject-highlight><p>Описание полей:</p><p>- <code>id_cat_an</code> - идентификатор категории</p><p>- <code>name</code> - название категории</p><p>- <code>description</code> - описание группы</p><p>Дана таблица <strong>analysis</strong>:</p><inject-highlight>+---------+--------+-----------+---------------+-------------+--------------+-----------------+--------+--------+
|  id_an  |  name  |  id_type  |  preanalysis  |  id_cat_an  |  cost_price  |  selling_price  |  term  |  info  |
+---------+--------+-----------+---------------+-------------+--------------+-----------------+--------+--------+</inject-highlight><p>Описание полей:</p><p>- <code>id_an</code> - идентификатор анализа</p><p>- <code>name</code> - название анализа</p><p>- <code>id_type</code> - тип анализа</p><p>- <code>preanalysis</code> - требуется ли специальная преаналитика</p><p>- <code>id_cat_an</code> - идентификатор категории</p><p>- <code>cost_price</code> - закупочная цена</p><p>- <code>selling_price</code> - розничная цена</p><p>- <code>term</code> - температурный режим</p><p>- <code>info</code> - дополнительная информация</p><h2>Задание</h2><p>Вывести названия категорий из таблицы <code>category_an</code>, которые не встречаются в таблице <code>orderitems</code>. </p><p>Ответ должен содержать только одно поле – <code>name</code> из таблицы <code>category_an</code>.</p>","<inject-highlight>SELECT c.name AS name 
FROM orderitems o 
JOIN analysis a ON o.id_an=a.id_an
RIGHT JOIN category_an c ON a.id_cat_an = c.id_cat_an
WHERE o.id_an IS NULL </inject-highlight>",0,88.0,192,0,2000.0,,True,True,
136,SQL. ДЗ 3. Фильтр по наценке и по группе,1,0,"<h2>Дано</h2><p>Дана таблица <strong>analysis</strong>:</p><inject-highlight>+---------+--------+-----------+---------------+-------------+--------------+-----------------+--------+--------+
|  id_an  |  name  |  id_type  |  preanalysis  |  id_cat_an  |  cost_price  |  selling_price  |  term  |  info  |
+---------+--------+-----------+---------------+-------------+--------------+-----------------+--------+--------+</inject-highlight><p>Описание полей:</p><p>- <code>id_an</code> - идентификатор анализа</p><p>- <code>name</code> - название анализа</p><p>- <code>id_type</code> - тип анализа</p><p>- <code>preanalysis</code> - требуется ли специальная преаналитика</p><p>- <code>id_cat_an</code> - идентификатор категории</p><p>- <code>cost_price</code> - закупочная цена</p><p>- <code>selling_price</code> - розничная цена</p><p>- <code>term</code> - температурный режим</p><p>- <code>info</code> - дополнительная информация</p><h2>Задание</h2><p>С помощью оператора <code>UNION</code> найти анализы из таблицы <code>analysis</code> с наценкой выше 35% или из 7 категории. Повторяющиеся строки необходимо оставить. </p><p>Ответ должен содержать 3 поля – <code>name</code>, <code>id_cat_an</code> и рассчитанную Вами наценку в столбце <code>markup</code>. </p><p><strong>Примечание:</strong> в запросе необходимо использовать именно оператор UNION, а не просто комбинированные условия. </p>","<inject-highlight>SELECT a.name, a.id_cat_an, (a.selling_price - a.cost_price)/a.cost_price*100 AS markup 
FROM analysis a
WHERE (a.selling_price - a.cost_price)/a.cost_price*100 > 35 
UNION ALL 
SELECT a.name, a.id_cat_an, (a.selling_price - a.cost_price)/a.cost_price*100 AS markup 
FROM analysis a 
WHERE a.id_cat_an = 7
</inject-highlight>",0,95.0,193,0,2000.0,,True,True,
137,NEW! SQL. ДЗ 3. Минимальное значение по лексикографическому принципу,1,0,"<h2>Дано</h2><p>Дана таблица <strong>analysis</strong>:</p><inject-highlight>+---------+--------+-----------+---------------+-------------+--------------+-----------------+--------+--------+
|  id_an  |  name  |  id_type  |  preanalysis  |  id_cat_an  |  cost_price  |  selling_price  |  term  |  info  |
+---------+--------+-----------+---------------+-------------+--------------+-----------------+--------+--------+</inject-highlight><p>Описание полей:</p><p>- <code>id_an</code> - идентификатор анализа</p><p>- <code>name</code> - название анализа</p><p>- <code>id_type</code> - тип анализа</p><p>- <code>preanalysis</code> - требуется ли специальная преаналитика</p><p>- <code>id_cat_an</code> - идентификатор категории</p><p>- <code>cost_price</code> - закупочная цена</p><p>- <code>selling_price</code> - розничная цена</p><p>- <code>term</code> - температурный режим</p><p>- <code>info</code> - дополнительная информация</p><p>Дана таблица <strong>types_an</strong>:</p><inject-highlight>+-----------+--------+---------------+
|  id_type  |  name  |  description  |
+-----------+--------+---------------+</inject-highlight><p>Описание полей:</p><p>- <code>id_type</code> - идентификатор типа</p><p>- <code>name</code> - название типа</p><p>- <code>description</code> - описание типа</p><h2>Задание</h2><p>Выбрать самое минимальное (с лексикографической точки зрения) название типа среди тех анализов, что присутствуют в таблице <code>analysis</code>. </p><p>Ответ должен содержать поле <code>name</code> из таблицы <code>types_an</code>.</p><p><strong>Примечание:</strong> Лексикографический порядок сортировки учитывает регистр букв и их порядковый номер по алфавиту. </p>","<inject-highlight>SELECT MIN(t.name)
FROM types_an t
JOIN analysis a
ON a.id_type=t.id_type</inject-highlight>",0,100.0,194,0,2000.0,,True,True,
138,NEW! SQL. ДЗ 3. Транзитивная связь,1,0,"<h2>Дано</h2><p>Дана таблица <strong>clients</strong>:</p><inject-highlight>+---------+-------+------------+---------+---------+----------+------------+
|  id_cl  |  fio  |  birthday  |  phone  |  email  |  notice  |  discount  |
+---------+-------+------------+---------+---------+----------+------------+</inject-highlight><p>Описание полей: </p><p>- <code>id_cl</code> - идентификатор клиента</p><p>- <code>fio</code> - фамилия, имя и отчество</p><p>- <code>birthday</code> - дата рождения</p><p>- <code>phone</code> - телефон </p><p>- <code>email</code> - почтовый адрес</p><p>- <code>notice</code> - заметка</p><p>- <code>discount</code> - наличие персональной скидки</p><p>Дана таблица <strong>orders</strong>:</p><inject-highlight>+-------------+-------------+--------------+----------+---------+----------+
|  id_orders  |  order_num  |  order_date  |  id_man  |  id_cl  |  status  |
+-------------+-------------+--------------+----------+---------+----------+</inject-highlight><p>Описание полей: </p><p>- <code>id_orders</code> - идентификатор заказа </p><p>- <code>order_num</code> - текстовый номер заказа</p><p>- <code>order_date</code> - дата заказа</p><p>- <code>id_man</code> - идентификатор сотрудника</p><p>- <code>id_cl</code> - идентификатор клиента</p><p>- <code>status</code> - статус заказа</p><p>Дана таблица <strong>orderitems</strong>:</p><inject-highlight>+-------------+------------+---------+----------+
|  id_orders  |  item_num  |  id_an  |  status  |
+-------------+------------+---------+----------+</inject-highlight><p>Описание полей:</p><p>- <code>id_orders</code> - идентификатор заказа</p><p>- <code>item_num</code> - номер позиции</p><p>- <code>id_an</code> - идентификатор анализа</p><p>- <code>status</code> - статус</p><p>Дана таблица <strong>analysis</strong>:</p><inject-highlight>+---------+--------+-----------+---------------+-------------+--------------+-----------------+--------+--------+
|  id_an  |  name  |  id_type  |  preanalysis  |  id_cat_an  |  cost_price  |  selling_price  |  term  |  info  |
+---------+--------+-----------+---------------+-------------+--------------+-----------------+--------+--------+</inject-highlight><p>Описание полей:</p><p>- <code>id_an</code> - идентификатор анализа</p><p>- <code>name</code> - название анализа</p><p>- <code>id_type</code> - тип анализа</p><p>- <code>preanalysis</code> - требуется ли специальная преаналитика</p><p>- <code>id_cat_an</code> - идентификатор категории</p><p>- <code>cost_price</code> - закупочная цена</p><p>- <code>selling_price</code> - розничная цена</p><p>- <code>term</code> - температурный режим</p><p>- <code>info</code> - дополнительная информация</p><p>Дана таблица <strong>category_an</strong>:</p><inject-highlight>+-------------+--------+---------------+
|  id_cat_an  |  name  |  description  |
+-------------+--------+---------------+</inject-highlight><p>Описание полей:</p><p>- <code>id_cat_an</code> - идентификатор категории</p><p>- <code>name</code> - название категории</p><p>- <code>description</code> - описание группы</p><h2>Задание</h2><p>Вывести ФИО клиентов, которые когда-либо заказывали анализы из категории «Микроэлементы».</p><p>Ответ должен содержать поле <code>fio</code> из таблицы <code>clients</code>.</p>","<inject-highlight>SELECT fio 
FROM clients cl
JOIN orders ord
ON cl.id_cl=ord.id_cl
JOIN orderitems oi
ON ord.id_orders=oi.id_orders
JOIN analysis an
ON oi.id_an=an.id_an
JOIN category_an cat
ON an.id_cat_an=cat.id_cat_an
WHERE cat.name = 'Микроэлементы'</inject-highlight>",0,90.0,195,0,2000.0,,True,True,
139,SQL. ДЗ 4. Количество чеков по сотрудникам,1,0,"<h2>Дано</h2><p>Дана таблица <code>transactions</code>:</p><inject-highlight>+------+------------------+-----------+---------------+--------+-------+--------+------------+----------+-----------+-----------+------------+-----------+---------------+
|  id  |  id_transaction  |  card_id  |  maincard_id  |  date  |  sum  |  type  |  employee  |  doc_id  |  cash_id  |  shop_id  |  doc_type  |  disc_id  |  disc_source  |
+------+------------------+-----------+---------------+--------+-------+--------+------------+----------+-----------+-----------+------------+-----------+---------------+
</inject-highlight><p>Описание полей: </p><ul><li><code>id</code> - идентификатор записи</li><li><code>id_transaction</code> - идентификатор транзакции</li><li><code>card_id</code> - номер карты</li><li><code>maincard_id</code> - номер мастер-карты</li><li><code>date</code> - дата и время траназакции</li><li><code>sum</code> - сумма транзакции</li><li><code>type</code> - тип транзакции</li><li><code>employee</code> - сотрудник</li><li><code>doc_id</code> - идентификатор чека</li><li><code>cash_id</code> - номер кассы</li><li><code>shop_id</code> - номер магазина</li><li><code>doc_type</code> - тип документа</li><li><code>disc_id</code> - идентификатор скидки</li><li><code>disc_source</code> - источник скидки</li></ul><h2>Задание</h2><p>Найти сотрудников с количеством чеков меньше 8 на основании таблицы <code>transactions</code>. </p><p>Ответ должен содержать 2 поля – <code>employee</code> и <code>amount</code> - рассчитанное количество чеков. </p>","<inject-highlight>SELECT employee, COUNT(DISTINCT doc_id) AS amount
FROM transactions
GROUP BY employee
HAVING COUNT(DISTINCT doc_id) < 8 
</inject-highlight>
",0,95.0,196,0,2000.0,,True,True,
140,SQL. ДЗ 4. Сотрудники с максимальными накоплениями,1,0,"<h2>Дано</h2><p>Дана таблица <code>transactions</code>:</p><inject-highlight>+------+------------------+-----------+---------------+--------+-------+--------+------------+----------+-----------+-----------+------------+-----------+---------------+
|  id  |  id_transaction  |  card_id  |  maincard_id  |  date  |  sum  |  type  |  employee  |  doc_id  |  cash_id  |  shop_id  |  doc_type  |  disc_id  |  disc_source  |
+------+------------------+-----------+---------------+--------+-------+--------+------------+----------+-----------+-----------+------------+-----------+---------------+
</inject-highlight><p>Описание полей: </p><ul><li><code>id</code> - идентификатор записи</li><li><code>id_transaction</code> - идентификатор транзакции</li><li><code>card_id</code> - номер карты</li><li><code>maincard_id</code> - номер мастер-карты</li><li><code>date</code> - дата и время траназакции</li><li><code>sum</code> - сумма транзакции</li><li><code>type</code> - тип транзакции</li><li><code>employee</code> - сотрудник</li><li><code>doc_id</code> - идентификатор чека</li><li><code>cash_id</code> - номер кассы</li><li><code>shop_id</code> - номер магазина</li><li><code>doc_type</code> - тип документа</li><li><code>disc_id</code> - идентификатор скидки</li><li><code>disc_source</code> - источник скидки</li></ul><p>Дана таблица <code>types</code>:</p><inject-highlight>+------+--------+
|  id  |  name  |
+------+--------+
</inject-highlight><p>Описание полей: </p><ul><li><code>id</code> - идентификатор типа</li><li><code>name</code> - название</li></ul><h2>Задание</h2><p>Найти сотрудника с максимальными накоплениями на основании таблицы <code>transactons</code>. </p><p>Ответ должен содержать 2 поля – <code>employee</code> и рассчитанную сумму накоплений - поле <code>summ</code>. </p>
","<inject-highlight>SELECT employee, SUM(sum) as summ
FROM transactions 
WHERE type = 0 
GROUP BY employee 
ORDER BY summ DESC 
LIMIT 1
</inject-highlight>
",0,90.0,197,0,2000.0,,True,True,
141,SQL. ДЗ 4. Начисления с разбивкой по сотрудникам и по типу скидки,1,0,"<h2>Дано</h2><p>Дана таблица <code>transactions</code>:</p><inject-highlight>+------+------------------+-----------+---------------+--------+-------+--------+------------+----------+-----------+-----------+------------+-----------+---------------+
|  id  |  id_transaction  |  card_id  |  maincard_id  |  date  |  sum  |  type  |  employee  |  doc_id  |  cash_id  |  shop_id  |  doc_type  |  disc_id  |  disc_source  |
+------+------------------+-----------+---------------+--------+-------+--------+------------+----------+-----------+-----------+------------+-----------+---------------+
</inject-highlight><p>Описание полей: </p><ul><li><code>id</code> - идентификатор записи</li><li><code>id_transaction</code> - идентификатор транзакции</li><li><code>card_id</code> - номер карты</li><li><code>maincard_id</code> - номер мастер-карты</li><li><code>date</code> - дата и время траназакции</li><li><code>sum</code> - сумма транзакции</li><li><code>type</code> - тип транзакции</li><li><code>employee</code> - сотрудник</li><li><code>doc_id</code> - идентификатор чека</li><li><code>cash_id</code> - номер кассы</li><li><code>shop_id</code> - номер магазина</li><li><code>doc_type</code> - тип документа</li><li><code>disc_id</code> - идентификатор скидки</li><li><code>disc_source</code> - источник скидки</li></ul><p>Дана таблица <code>discounts</code>:</p><inject-highlight>+------+---------+
|  id  |  value  |
+------+---------+
</inject-highlight><p>Описание полей: </p><ul><li><code>id</code> - идентификатор скидки</li><li><code>value</code> - размер скидки</li></ul><h2>Задание</h2><p>Вывести начисления с разбивкой по сотрудникам и по типу скидки на основании таблицы <code>transactions</code>, а также добавить соответствующее значение скидки из таблицы <code>discounts</code>.</p><p>Ответ должен содержать 3 поля – <code>employee</code>, <code>value</code> и рассчитанные начисления в столбце <code>accruals</code>. Результат должен быть упорядочен по сотрудникам в порядке возрастания и по начислениям в порядке убывания.  </p>","<inject-highlight>SELECT t.employee, d.value, sum(t.sum) AS accruals
FROM transactions t 
JOIN discounts d 
ON t.disc_id=d.id 
WHERE t.type = 0 
GROUP BY t.employee, d.value 
ORDER BY employee, accruals DESC
</inject-highlight>
",0,96.0,198,0,2000.0,,True,True,
142,SQL. ДЗ 4. Чеки за период дат,1,0,"<h2>Дано</h2><p>Дана таблица <code>transactions</code>:</p><inject-highlight>+------+------------------+-----------+---------------+--------+-------+--------+------------+----------+-----------+-----------+------------+-----------+---------------+
|  id  |  id_transaction  |  card_id  |  maincard_id  |  date  |  sum  |  type  |  employee  |  doc_id  |  cash_id  |  shop_id  |  doc_type  |  disc_id  |  disc_source  |
+------+------------------+-----------+---------------+--------+-------+--------+------------+----------+-----------+-----------+------------+-----------+---------------+
</inject-highlight><p>Описание полей: </p><ul><li><code>id</code> - идентификатор записи</li><li><code>id_transaction</code> - идентификатор транзакции</li><li><code>card_id</code> - номер карты</li><li><code>maincard_id</code> - номер мастер-карты</li><li><code>date</code> - дата и время траназакции</li><li><code>sum</code> - сумма транзакции</li><li><code>type</code> - тип транзакции</li><li><code>employee</code> - сотрудник</li><li><code>doc_id</code> - идентификатор чека</li><li><code>cash_id</code> - номер кассы</li><li><code>shop_id</code> - номер магазина</li><li><code>doc_type</code> - тип документа</li><li><code>disc_id</code> - идентификатор скидки</li><li><code>disc_source</code> - источник скидки</li></ul><h2>Задание</h2><p>Найти количество чеков в период дат <code>2019-10-25</code> - <code>2019-11-02</code> с группировкой по датам. </p><p>Ответ должен содержать 2 поля – <code>date</code> и <code>amount</code> - рассчитанное количество чеков. </p>","<p>Первый вариант, классический:</p><inject-highlight>SELECT DATE(date), COUNT(DISTINCT doc_id) AS amount
FROM transactions 
WHERE DATE(DATE) BETWEEN '2019-10-25' AND '2019-11-02'
GROUP BY(DATE(DATE))
</inject-highlight><p>Более наглядно, с помощью Common Table Expressions (CTE):</p><inject-highlight>WITH temp AS (
    SELECT DATE(date) as date, doc_id
    FROM transactions
)
SELECT date, COUNT(DISTINCT doc_id) AS amount
FROM temp
WHERE date BETWEEN '2019-10-25' AND '2019-11-02'
GROUP BY date
</inject-highlight>",0,94.0,199,0,2000.0,,True,True,
143,SQL. ДЗ 4. Поиск дублей группировкой,2,0,"<h2>Дано</h2><p>Дана таблица <code>transactions</code>:</p><inject-highlight>+------+------------------+-----------+---------------+--------+-------+--------+------------+----------+-----------+-----------+------------+-----------+---------------+
|  id  |  id_transaction  |  card_id  |  maincard_id  |  date  |  sum  |  type  |  employee  |  doc_id  |  cash_id  |  shop_id  |  doc_type  |  disc_id  |  disc_source  |
+------+------------------+-----------+---------------+--------+-------+--------+------------+----------+-----------+-----------+------------+-----------+---------------+
</inject-highlight><p>Описание полей: </p><ul><li><code>id</code> - идентификатор записи</li><li><code>id_transaction</code> - идентификатор транзакции</li><li><code>card_id</code> - номер карты</li><li><code>maincard_id</code> - номер мастер-карты</li><li><code>date</code> - дата и время траназакции</li><li><code>sum</code> - сумма транзакции</li><li><code>type</code> - тип транзакции</li><li><code>employee</code> - сотрудник</li><li><code>doc_id</code> - идентификатор чека</li><li><code>cash_id</code> - номер кассы</li><li><code>shop_id</code> - номер магазина</li><li><code>doc_type</code> - тип документа</li><li><code>disc_id</code> - идентификатор скидки</li><li><code>disc_source</code> - источник скидки</li></ul><h2>Задание</h2><p>В таблице <code>transactions</code> в какой-то момент появилась дублирующаяся строка. Выведите эту строку с помощью оператора <code>GROUP BY</code>. </p><p>Ответ должен содержать все поля, кроме поля <code>id</code>. </p><p><strong>Примечание:</strong> Будем называть строки одинаковыми, если значения всех полей, кроме <code>id</code>, совпадает. <code>ID</code> - автоинкрементный ключ, который по умолчанию при добавлении новой строки сам всегда увеличивается на 1. </p>","<inject-highlight>SELECT id_transaction, card_id, maincard_id, date, sum, type, employee, doc_id, cash_id, shop_id, doc_type, disc_id, disc_source
FROM transactions
GROUP BY id_transaction, card_id, maincard_id, date, sum, type, employee, doc_id, cash_id, shop_id, doc_type, disc_id, disc_source
HAVING COUNT(*) > 1
</inject-highlight>",0,98.0,200,0,2000.0,,True,True,
144,NEW! SQL. ДЗ 4. Фильтрация агрегированных значений,2,0,"<h2>Дано</h2><p>Дана таблица <code>transactions</code>:</p><inject-highlight>+------+------------------+-----------+---------------+--------+-------+--------+------------+----------+-----------+-----------+------------+-----------+---------------+
|  id  |  id_transaction  |  card_id  |  maincard_id  |  date  |  sum  |  type  |  employee  |  doc_id  |  cash_id  |  shop_id  |  doc_type  |  disc_id  |  disc_source  |
+------+------------------+-----------+---------------+--------+-------+--------+------------+----------+-----------+-----------+------------+-----------+---------------+
</inject-highlight><p>Описание полей: </p><ul><li><code>id</code> - идентификатор записи</li><li><code>id_transaction</code> - идентификатор транзакции</li><li><code>card_id</code> - номер карты</li><li><code>maincard_id</code> - номер мастер-карты</li><li><code>date</code> - дата и время траназакции</li><li><code>sum</code> - сумма транзакции</li><li><code>type</code> - тип транзакции</li><li><code>employee</code> - сотрудник</li><li><code>doc_id</code> - идентификатор чека</li><li><code>cash_id</code> - номер кассы</li><li><code>shop_id</code> - номер магазина</li><li><code>doc_type</code> - тип документа</li><li><code>disc_id</code> - идентификатор скидки</li><li><code>disc_source</code> - источник скидки</li></ul><p>Дана таблица <code>discounts</code>:</p><inject-highlight>+------+---------+
|  id  |  value  |
+------+---------+
</inject-highlight><p>Описание полей: </p><ul><li><code>id</code> - идентификатор скидки</li><li><code>value</code> - размер скидки</li></ul><h2>Задание</h2><p>Посчитайте макисмальный % накопления, который был у каждого клиента из таблицы <code>transactions</code>. Посчитайте общую сумму накоплений по каждому клиенту. Посчитайте количество купленных позиций каждым клиентом. Выведите в результате только тех клиентов, у которых максимальный % накопления равен 7 или тех, у кого сумма накоплений больше 20 и куплено менее 5 позиций.</p><p>Ответ должен содержать поля: </p><ul><li><code>card_id</code> - идентификатор карты (то есть клиента)</li><li><code>max_perc</code> - максимальный процент накопления</li><li><code>summ</code> - общая сумма накоплений</li><li><code>amount</code> - количество купленных позиций </li></ul>","<inject-highlight>SELECT card_id, MAX(d.value) AS max_perc, SUM(t.sum) AS summ, COUNT(*) as amount
FROM transactions t
JOIN discounts d
ON t.disc_id=d.id
WHERE type = 0
GROUP BY t.card_id
HAVING MAX(d.value) = 7 OR SUM(t.sum) > 20 AND COUNT(*) < 5
</inject-highlight>",0,90.0,201,0,2000.0,,True,True,
145,NEW! SQL. ДЗ 4. Второй и третий сотрудник,2,0,"<h2>Дано</h2><p>Дана таблица <code>transactions</code>:</p><inject-highlight>+------+------------------+-----------+---------------+--------+-------+--------+------------+----------+-----------+-----------+------------+-----------+---------------+
|  id  |  id_transaction  |  card_id  |  maincard_id  |  date  |  sum  |  type  |  employee  |  doc_id  |  cash_id  |  shop_id  |  doc_type  |  disc_id  |  disc_source  |
+------+------------------+-----------+---------------+--------+-------+--------+------------+----------+-----------+-----------+------------+-----------+---------------+
</inject-highlight><p>Описание полей: </p><ul><li><code>id</code> - идентификатор записи</li><li><code>id_transaction</code> - идентификатор транзакции</li><li><code>card_id</code> - номер карты</li><li><code>maincard_id</code> - номер мастер-карты</li><li><code>date</code> - дата и время траназакции</li><li><code>sum</code> - сумма транзакции</li><li><code>type</code> - тип транзакции</li><li><code>employee</code> - сотрудник</li><li><code>doc_id</code> - идентификатор чека</li><li><code>cash_id</code> - номер кассы</li><li><code>shop_id</code> - номер магазина</li><li><code>doc_type</code> - тип документа</li><li><code>disc_id</code> - идентификатор скидки</li><li><code>disc_source</code> - источник скидки</li></ul><h2>Задание</h2><p>Вывести сотрудников, которые по величине накоплений находятся на втором и третьем месте на основании таблицы <code>transactions</code>. </p><p>Ответ должен содержать столбцы <code>employee</code> и <code>summ</code> - столбец с накоплениями.</p>","<inject-highlight>SELECT employee, SUM(sum) AS summ
FROM transactions
WHERE type = 0
GROUP BY employee
ORDER BY summ DESC
LIMIT 2
OFFSET 1
</inject-highlight>",0,90.0,202,0,2000.0,,True,True,
168,[Тестовое Альфа-банк] Покупки товара после 10 октября 2021,1,10,"<blockquote>Эта задача взята из тестового задания на позицию Аналитика в Альфа-банк</blockquote><h2>Дано</h2><p>Дана таблица клиентов <code>customer</code>:</p><inject-highlight>+---------------+-------------+-------------+-----------+--------------+---------------+--------+-------------+------------+-------------+
|  ID_CUSTOMER  |  ADDRESS_1  |  ADDRESS_2  |  COMPANY  |  FIRST_NAME  |  COUNTY_CODE  |  TOWN  |  LAST_NAME  |  POSTCODE  |  TELEPHONE  |
+---------------+-------------+-------------+-----------+--------------+---------------+--------+-------------+------------+-------------+
</inject-highlight><p>Дана таблица товаров <code>skus</code>:</p><inject-highlight>+------+---------+------------+
|  id  |  price  |  category  |
+------+---------+------------+
</inject-highlight><p>Дана таблица продаж <code>purchases</code>:</p><inject-highlight>+------+--------------+-----------+----------+
|  id  |  created_at  |  user_id  |  sku_id  |
+------+--------------+-----------+----------+
</inject-highlight><h2>Задание</h2><p>Необходимо вывести количество людей, которые покупали товар с <code>id = 5</code> после 10 октября 2021 (включительно).</p><h2>Дополнительная информация</h2><p>Итоговая таблица должна иметь вид: </p><inject-highlight>+---------+
|  count  |
+---------+
|    n    |
+---------+
</inject-highlight><p><strong>Важно:</strong> Названия столбцов должны в точности совпадать.</p>","<inject-highlight>SELECT COUNT(DISTINCT user_id)
FROM purchases 
WHERE sku_id = 5 
AND created_at >= '2021-10-10'
</inject-highlight>",20,99.0,230,0,1012.0,,True,False,
146,SQL. ДЗ 5. Нарастающий итог,2,0,"<h2>Дано</h2><p>Дана таблица <code>transactions</code>:</p><inject-highlight>+------+------------------+-----------+---------------+--------+-------+--------+------------+----------+-----------+-----------+------------+-----------+---------------+
|  id  |  id_transaction  |  card_id  |  maincard_id  |  date  |  sum  |  type  |  employee  |  doc_id  |  cash_id  |  shop_id  |  doc_type  |  disc_id  |  disc_source  |
+------+------------------+-----------+---------------+--------+-------+--------+------------+----------+-----------+-----------+------------+-----------+---------------+
</inject-highlight><p>Описание полей: </p><ul><li><code>id</code> - идентификатор записи</li><li><code>id_transaction</code> - идентификатор транзакции</li><li><code>card_id</code> - номер карты</li><li><code>maincard_id</code> - номер мастер-карты</li><li><code>date</code> - дата и время траназакции</li><li><code>sum</code> - сумма транзакции</li><li><code>type</code> - тип транзакции</li><li><code>employee</code> - сотрудник</li><li><code>doc_id</code> - идентификатор чека</li><li><code>cash_id</code> - номер кассы</li><li><code>shop_id</code> - номер магазина</li><li><code>doc_type</code> - тип документа</li><li><code>disc_id</code> - идентификатор скидки</li><li><code>disc_source</code> - источник скидки</li></ul><h2>Задание</h2><p>Вывести <code>id</code> транзакции, сумму текущего списания/начисления для данной транзакции, а также общий баланс списаний/начислений нарастающим итогом. </p><p>Ответ должен содержать 3 поля – <code>id_transaction</code>, <code>summ</code> (уже с учетом знака минус, если это списание) и <code>cumsum</code> - рассчитанный нарастающий итог. </p>
","<inject-highlight>SELECT t2.id_transaction, 
       t2.sum AS summ,
       SUM(t2.sum) OVER (ORDER BY t2.id_transaction) AS cumsum 
FROM(
    SELECT id_transaction, 
        CASE
            WHEN TYPE = 1 THEN -sum
            ELSE sum
        END 
    FROM transactions
    ) t2
</inject-highlight>",0,92.0,203,0,2000.0,,True,True,
147,SQL. ДЗ 5. Нумерация строк чека,2,0,"<h2>Дано</h2><p>Дана таблица <code>transactions</code>:</p><inject-highlight>+------+------------------+-----------+---------------+--------+-------+--------+------------+----------+-----------+-----------+------------+-----------+---------------+
|  id  |  id_transaction  |  card_id  |  maincard_id  |  date  |  sum  |  type  |  employee  |  doc_id  |  cash_id  |  shop_id  |  doc_type  |  disc_id  |  disc_source  |
+------+------------------+-----------+---------------+--------+-------+--------+------------+----------+-----------+-----------+------------+-----------+---------------+
</inject-highlight><p>Описание полей: </p><ul><li><code>id</code> - идентификатор записи</li><li><code>id_transaction</code> - идентификатор транзакции</li><li><code>card_id</code> - номер карты</li><li><code>maincard_id</code> - номер мастер-карты</li><li><code>date</code> - дата и время траназакции</li><li><code>sum</code> - сумма транзакции</li><li><code>type</code> - тип транзакции</li><li><code>employee</code> - сотрудник</li><li><code>doc_id</code> - идентификатор чека</li><li><code>cash_id</code> - номер кассы</li><li><code>shop_id</code> - номер магазина</li><li><code>doc_type</code> - тип документа</li><li><code>disc_id</code> - идентификатор скидки</li><li><code>disc_source</code> - источник скидки</li></ul><h2>Задание</h2><p>Вывести номер чека, дату покупки и порядковый номер строки для конкретного чека. </p><p>Ответ должен содержать 3 поля – <code>doc_id</code>, <code>date</code>, <code>num</code> - рассчитанную нумерацию строк. </p>","<inject-highlight>SELECT doc_id, 
       DATE(date) AS date, 
       ROW_NUMBER() OVER(PARTITION BY doc_id) AS num
FROM transactions 
ORDER BY 1
</inject-highlight>",0,91.0,204,0,2000.0,,True,True,
148,NEW! SQL. ДЗ 5. Ранжирование с разрывами,2,0,"<h2>Дано</h2><p>Дана таблица <code>transactions</code>:</p><inject-highlight>+------+------------------+-----------+---------------+--------+-------+--------+------------+----------+-----------+-----------+------------+-----------+---------------+
|  id  |  id_transaction  |  card_id  |  maincard_id  |  date  |  sum  |  type  |  employee  |  doc_id  |  cash_id  |  shop_id  |  doc_type  |  disc_id  |  disc_source  |
+------+------------------+-----------+---------------+--------+-------+--------+------------+----------+-----------+-----------+------------+-----------+---------------+
</inject-highlight><p>Описание полей: </p><ul><li><code>id</code> - идентификатор записи</li><li><code>id_transaction</code> - идентификатор транзакции</li><li><code>card_id</code> - номер карты</li><li><code>maincard_id</code> - номер мастер-карты</li><li><code>date</code> - дата и время траназакции</li><li><code>sum</code> - сумма транзакции</li><li><code>type</code> - тип транзакции</li><li><code>employee</code> - сотрудник</li><li><code>doc_id</code> - идентификатор чека</li><li><code>cash_id</code> - номер кассы</li><li><code>shop_id</code> - номер магазина</li><li><code>doc_type</code> - тип документа</li><li><code>disc_id</code> - идентификатор скидки</li><li><code>disc_source</code> - источник скидки</li></ul><h2>Задание</h2><p>Проранжируйте абсолютные значения начислений и списаний из таблицы <code>transactions</code> в рамках каждого сотрудника. Расчет ранга должен идти по убыванию абсолютного значения. Если для одного сотрудника встречается несколько одинаковых значений, то им должен быть присвоен одинаковый ранг. При этом следующий ранг должен идти с разрывом, например:</p><inject-highlight>+---------+--------+
|  value  |  rank  |
+---------+--------+
|   10    |    1   |
|    5    |    2   |
|    5    |    2   |
|    1    |    4   |
+---------+--------+
</inject-highlight><p>Ответ должен содержать 4 поля: <code>employee</code>, <code>type</code>, <code>sum</code>, <code>rnk</code> - рассчитанный ранг.</p>
","<inject-highlight>SELECT employee, 
       type, 
       sum, 
       RANK() OVER(PARTITION BY employee ORDER BY sum DESC) AS rnk 
FROM transactions
</inject-highlight>",0,96.0,205,0,2000.0,,True,True,
149,NEW! SQL. ДЗ 5. Ранжирование без разрывов,2,0,"<h2>Дано</h2><p>Дана таблица <code>transactions</code>:</p><inject-highlight>+------+------------------+-----------+---------------+--------+-------+--------+------------+----------+-----------+-----------+------------+-----------+---------------+
|  id  |  id_transaction  |  card_id  |  maincard_id  |  date  |  sum  |  type  |  employee  |  doc_id  |  cash_id  |  shop_id  |  doc_type  |  disc_id  |  disc_source  |
+------+------------------+-----------+---------------+--------+-------+--------+------------+----------+-----------+-----------+------------+-----------+---------------+
</inject-highlight><p>Описание полей: </p><ul><li><code>id</code> - идентификатор записи</li><li><code>id_transaction</code> - идентификатор транзакции</li><li><code>card_id</code> - номер карты</li><li><code>maincard_id</code> - номер мастер-карты</li><li><code>date</code> - дата и время траназакции</li><li><code>sum</code> - сумма транзакции</li><li><code>type</code> - тип транзакции</li><li><code>employee</code> - сотрудник</li><li><code>doc_id</code> - идентификатор чека</li><li><code>cash_id</code> - номер кассы</li><li><code>shop_id</code> - номер магазина</li><li><code>doc_type</code> - тип документа</li><li><code>disc_id</code> - идентификатор скидки</li><li><code>disc_source</code> - источник скидки</li></ul><h2>Задание</h2><p>Проранжируйте абсолютные значения начислений и списаний из таблицы <code>transactions</code> в рамках каждого сотрудника. Расчет ранга должен идти по убыванию абсолютного значения. Если для одного сотрудника встречается несколько одинаковых значений, то им должен быть присвоен одинаковый ранг. При этом следующий ранг должен идти без разрыва, например:</p><inject-highlight>+---------+--------+
|  value  |  rank  |
+---------+--------+
|   10    |    1   |
|    5    |    2   |
|    5    |    2   |
|    1    |    3   |
+---------+--------+
</inject-highlight><p>Ответ должен содержать 4 поля: <code>employee</code>, <code>type</code>, <code>sum</code>, <code>rnk</code> - рассчитанный ранг.</p>
","<inject-highlight>SELECT employee, 
       type, 
       sum, 
       DENSE_RANK() OVER(PARTITION BY employee ORDER BY sum DESC) AS rnk 
FROM transactions
</inject-highlight>",0,89.0,206,0,2000.0,,True,True,
150,NEW! SQL. ДЗ 5. Следующее/предыдущее значение,2,0,"<h2>Дано</h2><p>Дана таблица <code>transactions</code>:</p><inject-highlight>+------+------------------+-----------+---------------+--------+-------+--------+------------+----------+-----------+-----------+------------+-----------+---------------+
|  id  |  id_transaction  |  card_id  |  maincard_id  |  date  |  sum  |  type  |  employee  |  doc_id  |  cash_id  |  shop_id  |  doc_type  |  disc_id  |  disc_source  |
+------+------------------+-----------+---------------+--------+-------+--------+------------+----------+-----------+-----------+------------+-----------+---------------+
</inject-highlight><p>Описание полей: </p><ul><li><code>id</code> - идентификатор записи</li><li><code>id_transaction</code> - идентификатор транзакции</li><li><code>card_id</code> - номер карты</li><li><code>maincard_id</code> - номер мастер-карты</li><li><code>date</code> - дата и время траназакции</li><li><code>sum</code> - сумма транзакции</li><li><code>type</code> - тип транзакции</li><li><code>employee</code> - сотрудник</li><li><code>doc_id</code> - идентификатор чека</li><li><code>cash_id</code> - номер кассы</li><li><code>shop_id</code> - номер магазина</li><li><code>doc_type</code> - тип документа</li><li><code>disc_id</code> - идентификатор скидки</li><li><code>disc_source</code> - источник скидки</li></ul><h2>Задание</h2><p>Для каждой строки вывести предыдущее и следующее значение <code>sum</code> в рамках текущего документа. Если предыдущего/следующего значения нет, вывести NULL. </p><p><strong>Примечание:</strong> «Предыдущий» и «следующий» обозначают: предыдущая и следующая строка в порядке возрастания столбца <code>id</code> в рамках одного документа.</p><p>Ответ должен содержать 5 полей - <code>id</code>, <code>doc_id</code>, <code>sum</code>, <code>ld</code> - следующее значение, <code>lg</code> - предыдущее значение.</p>
","<inject-highlight>SELECT id, 
       doc_id, 
       sum, 
       LEAD(sum) OVER(PARTITION BY doc_id ORDER BY id) AS ld, 
       LAG(sum) OVER(PARTITION BY doc_id ORDER BY id) AS lg
FROM transactions
</inject-highlight>",0,88.0,207,0,2000.0,,True,True,
151,NEW! SQL. ДЗ 6. Прирост начислений,2,0,"<h2>Дано</h2><p>Дана таблица <code>transactions</code>:</p><inject-highlight>+------+------------------+-----------+---------------+--------+-------+--------+------------+----------+-----------+-----------+------------+-----------+---------------+
|  id  |  id_transaction  |  card_id  |  maincard_id  |  date  |  sum  |  type  |  employee  |  doc_id  |  cash_id  |  shop_id  |  doc_type  |  disc_id  |  disc_source  |
+------+------------------+-----------+---------------+--------+-------+--------+------------+----------+-----------+-----------+------------+-----------+---------------+
</inject-highlight><p>Описание полей: </p><ul><li><code>id</code> - идентификатор записи</li><li><code>id_transaction</code> - идентификатор транзакции</li><li><code>card_id</code> - номер карты</li><li><code>maincard_id</code> - номер мастер-карты</li><li><code>date</code> - дата и время траназакции</li><li><code>sum</code> - сумма транзакции</li><li><code>type</code> - тип транзакции</li><li><code>employee</code> - сотрудник</li><li><code>doc_id</code> - идентификатор чека</li><li><code>cash_id</code> - номер кассы</li><li><code>shop_id</code> - номер магазина</li><li><code>doc_type</code> - тип документа</li><li><code>disc_id</code> - идентификатор скидки</li><li><code>disc_source</code> - источник скидки</li></ul><h2>Задание</h2><p>Для каждого сотрудника посчитайте прирост суммарных начислений по сравнению с предыдущей транзакцией. Списания из расчета необходимо исключить. Если предыдущей транзакции нет, необходимо вывести NULL.</p><p><strong>Примечание:</strong> «Предыдущая» транзакция определяется по временному признаку.</p><p>Ответ должен содержать 6 полей: </p><ul><li><code>employee</code></li><li><code>id_transaction</code></li><li><code>dt</code> - дату и время</li><li><code>lg</code> - сумму накоплений в предыдущей транзакции</li><li><code>sm</code> - сумму накоплений в текущей транзакции</li><li><code>inc</code> - значение прироста</li></ul><p><strong>Важно:</strong> Прирост округлите до 2 знака после запятой.</p><p>Ответ должен быть упорядочен по сотрудникам и по дате-времени.</p>","<inject-highlight>SELECT employee, id_transaction, dt, lg, sm, ROUND((sm-lg)/lg::NUMERIC, 2) AS inc
FROM (
    SELECT employee, id_transaction, dt, lag(sm) OVER(PARTITION BY employee ORDER BY dt) AS lg, sm
    FROM (
        SELECT employee, id_transaction, SUM(sum) AS sm, MIN(date) AS dt
        FROM transactions
        WHERE type = 0
        GROUP BY employee, id_transaction
        ) t
    ) t2
ORDER BY employee, dt
</inject-highlight>",0,87.0,208,0,2000.0,,True,True,
152,NEW! SQL. ДЗ 6. Среднее значение транзакций,2,0,"<h2>Дано</h2><p>Дана таблица <code>transactions</code>:</p><inject-highlight>+------+------------------+-----------+---------------+--------+-------+--------+------------+----------+-----------+-----------+------------+-----------+---------------+
|  id  |  id_transaction  |  card_id  |  maincard_id  |  date  |  sum  |  type  |  employee  |  doc_id  |  cash_id  |  shop_id  |  doc_type  |  disc_id  |  disc_source  |
+------+------------------+-----------+---------------+--------+-------+--------+------------+----------+-----------+-----------+------------+-----------+---------------+
</inject-highlight><p>Описание полей: </p><ul><li><code>id</code> - идентификатор записи</li><li><code>id_transaction</code> - идентификатор транзакции</li><li><code>card_id</code> - номер карты</li><li><code>maincard_id</code> - номер мастер-карты</li><li><code>date</code> - дата и время траназакции</li><li><code>sum</code> - сумма транзакции</li><li><code>type</code> - тип транзакции</li><li><code>employee</code> - сотрудник</li><li><code>doc_id</code> - идентификатор чека</li><li><code>cash_id</code> - номер кассы</li><li><code>shop_id</code> - номер магазина</li><li><code>doc_type</code> - тип документа</li><li><code>disc_id</code> - идентификатор скидки</li><li><code>disc_source</code> - источник скидки</li></ul><h2>Задание</h2><p>Посчитайте суммарный подитог начислений и списаний в рамках каждой транзакции. При этом расчет должен вестись по формуле <code>все начисления - все списания</code>. Затем в столбце <code>sliding</code> для каждой транзакции посчитайте среднее значение для трех транзакций: текущей, следующей и предыдущей. Если какой-то из трех транзакций нет, то вывести <code>NULL</code>.</p><p><strong>Примечание:</strong> «Предыдущая» и «следующая» транзакция определяется по временному признаку.</p><p>Ответ должен содержать 6 полей: </p><ul><li><code>id_transaction</code></li><li><code>dt</code> - дата и время</li><li><code>total</code> - подитог текущей транзакции</li><li><code>sliding</code> - среднее значение трех транзакций</li></ul><p><strong>Важно:</strong> Среднее значение округлите до 2 знака после запятой.</p><p>Ответ должен быть упорядочен по полю <code>id_transaction</code>.</p>","<inject-highlight>SELECT id_transaction, 
       dt, 
       ROUND((lg+total+ld)/3::NUMERIC, 2) AS sliding
FROM (
    SELECT id_transaction, 
        dt, 
        LAG(total) OVER(ORDER BY dt) AS lg, 
        total, 
        LEAD(total) OVER(ORDER BY dt) AS ld
    FROM
    (
        SELECT id_transaction, 
            MAX(date) AS dt, 
            SUM(sm) AS total
        FROM (
            SELECT id_transaction, 
                date, 
                CASE 
                    WHEN type=1 THEN -sum 
                    ELSE sum 
                END sm
            FROM transactions
            ) t
    GROUP BY id_transaction
    ) t2
)t3
ORDER BY id_transaction
</inject-highlight>
",0,87.0,209,0,2000.0,,True,True,
153,NEW! | По дороге с облаками,1,5,"<p>Вы играете в компьютерную игру, где нужно перемещаться по облакам. Но не все так просто - облака бывают двух видов:</p><ul><li>обычные облачка</li><li>грозовые тучи</li></ul><p>Перемещаться можно только по облачкам - наступать на грозовые тучи нельзя. Можно делать либо один шаг, либо перепрыгивать через 1.</p><p>Облака представлены в виде последовательного массива чисел. <code>0</code> - значит облако, <code>1</code> - грозовая туча. </p><p><strong>Важно:</strong> Игра устроена таким образом, что вы всегда можете выиграть. </p><h2>Задание</h2><p>Напишите функцию <code>jumpingOnClouds</code>, которая будет возвращать минимальное количество прыжков, необходимое для окончания игры. </p><p>Функция <code>jumpingOnClouds</code> принимает на вход <code>clouds</code> - занумерованный массив с «облаками».</p><p><strong>Пример 1:</strong></p><pre>Дано: [0, 1, 0, 0, 1, 0]
Ответ: 3
</pre><p><strong>Пример 2:</strong></p><pre>Дано: [0, 1, 0, 0, 0, 1, 0]
Ответ: 3
</pre><p><strong>Пример 3:</strong></p><pre>Дано: [0, 1, 0, 1, 0, 1, 0, 0, 0]
Ответ: 4
</pre><h2>Дополнительная информация</h2><p>Обратите внимание, что шаблон решения представлен в виде (на примере языка Python):</p><inject-highlight>class Answer:
    def function(self, arg1, arg2):
        # напишите свой код ниже

        return res
</inject-highlight><p>Здесь <code>function</code> - функция, которую вам нужно написать (от задачи к задаче ее имя меняется), а <code>arg1, arg2</code> - аргументы этой функции.</p><p>Чтобы решить задачу, напишите свой код между комментарием и выражением <code>return ...</code>.</p><p>Если вы хотите промежуточно посмотреть, что вернет написанный вами код, воспользуйтесь конструкцией и нажмите кнопку Выполнить:</p><inject-highlight>print(Answer().function(arg1, arg2))
</inject-highlight><p>Если вам нужно импортировать какой-то модуль, указывайте модуль до <code>class Answer</code>. Например:</p><inject-highlight>import mymodule 

class Answer:
    ...
</inject-highlight><p><strong>Полный пример:</strong></p><inject-highlight># импортируем модуль
import collections

class Answer:
    def problemSolve(self, n, m):
        # напишите свой код ниже
        ...
        return res

# промежуточно смотрим результат
print(Answer().problemSolve(n=2, m=3))
</inject-highlight>","<p>Задача сама по себе несложная за счет того, что мы априори всегда имеем возможность выиграть. Это значит, что 2 последовательные тучи нам никогда не встретятся. </p><p>Давайте рассмотрим 2 подхода к решению задачи:</p><ol><li>Рекурсивный</li><li>Прямой</li></ol><h2>Рекурсивный подход</h2><p>Логика рекурсивного подхода:</p><ul><li>Мы находимся на первом облаке. Если мы можем перепрыгнуть через 1 облако/тучу, то перепрыгиваем и начинаем новый отсчет, как будто новая позиция - самое начало. </li><li>Если мы не можем перепрыгнуть, то двигаемся на 1 облако и начинаем новый отсчет с этой позиици. </li></ul><p>Чтобы проверить, можем ли мы перепрыгнуть, достаточно проверить, чему равен элемент <code>clouds[2]</code> (если индексация идет с 0). </p><p>Краевые варианты:</p><ul><li>Если массив состоит из 1 облака, то прыгать не нужно вообще и результат 0. </li><li>Если массив состоит из 2 облаков, то результат 0, если 2 облако - туча, и 1 - если облачко. </li></ul><p>Реализация рекурсивного подхода на Python:</p><inject-highlight>class Answer:
    def jumpingOnClouds(self, clouds):
        # если всего 1 облако
        if len(clouds) == 1 : return 0
        # если 2 облака
        if len(clouds) == 2: return 0 if clouds[1] == 1 else 1
        # если при перепрыгивании попадаем на тучу
        if clouds[2] == 1: 
            return 1 + self.jumpingOnClouds(clouds[1:])
        # если при перепрыгивании попадаем на облачко
        if clouds[2] == 0:
            return 1 + self.jumpingOnClouds(clouds[2:])
</inject-highlight><h2>Прямой подход</h2><p>Основная идея прямого подхода:</p><blockquote>Чтобы сделать минимальное количество прыжков, всегда нужно пытаться перепрыгнуть через одно облако</blockquote><p>Реализация такого подхода на Python:</p><inject-highlight>class Answer:
    def jumpingOnClouds(self, clouds):
        # кол-во облаков
        n = len(clouds)
        # счетчик прыжков
        jumps = 0
        # счетчик облаков
        i = 0
        while i < n - 1:
            # если не можем прыгнуть через 2
            if i + 2 >= n or clouds[i + 2] == 1:
                i += 1
            else:
                i += 2
            jumps += 1
        return jumps
</inject-highlight>
",20,93.0,215,0,1001.0,,True,False,
154,NEW! | Лиза и ее учебник математики,1,5,"<p>Девочка Лиза любит учиться и ей подарили новый учебник по математике. Учебник состоит из задач, которые сгруппированы по разделам - «Производные», «Интегралы» и так далее. Лиза считает, что если номер задачи в разделе совпадает с номером страницы, то такая задача - «особенная». </p><p>Учебник имеет следующую стурктуру: </p><ul><li>В книге <code>n</code> разделов. Нумерация идет от <code>1</code> до <code>n</code>. </li><li>В <code>i</code>-ом разделе содержится <code>arr[i]</code> задач. Задачи занумерованы от <code>1</code> до <code>arr[i]</code>.</li><li>На каждой странице находится <code>k</code> задач. Только на последней странице каждого раздела задач может быть меньше, чем <code>k</code>. </li><li>Каждый новый раздел начинается на новой странице. Соответственно, на одной странице никогда не будут задачи сразу с нескольких разделов. </li><li>Нумерация страниц начинается с <code>1</code>. </li></ul><h2>Задание</h2><p>Напишите функцию <code>CountSpecialProblems</code>, которая будет возвращать число «особенных» задач в Лизином учебнике. </p><p>Функция <code>CountSpecialProblems</code> принимает на вход:</p><ul><li><code>n</code> - число разделов в книге</li><li><code>k</code> - число задач на странице</li><li><code>arr</code> - массив с количеством задач в каждом разделе</li></ul><p><strong>Пример:</strong></p><pre>n = 2, k = 3, arr = [4, 2]
Ответ: 1
</pre><p><strong>Объяснение:</strong></p><p>Всего в книге 2 раздела. В первом разделе <code>arr[1] = 4</code> задачи. Максимальное число задач на страницу - <code>3</code>, значит первый раздел состоит из 2 страниц. </p><p>На странице <code>1</code> находятся задачи <code>1-3</code>. Задача с индексом <code>1</code> - особенная. На странице <code>2</code> находится только задача с индексом <code>4</code>. </p><p>Во втором разделе всего <code>2</code> задачи и все они на странице <code>3</code>, значит во втором разделе вообще нет особенных задач. </p><p>Итого ответ: 1 особенная задача. </p><p><em>Примечание: В данном случае индексация массива arr велась с 1, а не с 0.</em></p><h2>Дополнительная информация</h2><p>Обратите внимание, что шаблон решения представлен в виде (на примере языка Python):</p><inject-highlight>class Answer:
    def function(self, arg1, arg2):
        # напишите свой код ниже

        return res
</inject-highlight><p>Здесь <code>function</code> - функция, которую вам нужно написать (от задачи к задаче ее имя меняется), а <code>arg1, arg2</code> - аргументы этой функции.</p><p>Чтобы решить задачу, напишите свой код между комментарием и выражением <code>return ...</code>.</p><p>Если вы хотите промежуточно посмотреть, что вернет написанный вами код, воспользуйтесь конструкцией и нажмите кнопку Выполнить:</p><inject-highlight>print(Answer().function(arg1, arg2))
</inject-highlight><p>Если вам нужно импортировать какой-то модуль, указывайте модуль до <code>class Answer</code>. Например:</p><inject-highlight>import mymodule 

class Answer:
    ...
</inject-highlight><p><strong>Полный пример:</strong></p><inject-highlight># импортируем модуль
import collections

class Answer:
    def problemSolve(self, n, m):
        # напишите свой код ниже
        ...
        return res

# промежуточно смотрим результат
print(Answer().problemSolve(n=2, m=3))
</inject-highlight>","<p>Чтобы решить эту задачу, необходимо реализовать алгоритм: </p><ul><li>Начинаем рассматривать новую главу. Счетчик задач устанавливаем на <code>1</code>. Счетчик страниц и «особенных задач» не сбрасывается в течение работы всего алгоритма. </li><li>Начинаем итерировать по задачам.</li><li>Если номер задачи в рамках текущего раздела совпадает с номером страницы - увеличиваем <code>count</code> (счетчик «особенных задач») на 1. </li><li>Если достигнуто максимальное число задач на странице - увеличиваем номер страницы на <code>1</code>. </li><li>Если после рассмотрения последней задачи из текущего раздела мы не «перевернули страницу», то делаем это после выхода из цикла. </li></ul><p>Реализация данного алгоритма на Python:</p><inject-highlight>class Answer:
    def CountSpecialProblems(self, n, k, arr):
        page = 1
        count = 0
        
        for a in arr:
            i = 1
            while i <= a:
                if i == page: count += 1
                if i%k==0: page += 1
                i += 1
            if a%k != 0: page += 1

        return count
</inject-highlight>",0,98.0,216,0,1002.0,,True,False,
155,Numpy. ДЗ 1: Создание массива из списка,1,0,"<p>Дается произвольный стандартный список Python <code>arr</code>, состоящий из чисел. Необходимо трансформировать этот список в массив Numpy. </p><p><strong>Важно:</strong> Числа в итоговом массиве должны иметь тип <code>float</code>, даже если они представляют из себя целые числа.</p><h2>Задание</h2><p>Напишите функцию <code>ListToNumpy</code>, которая будет преобразовывать список в массив Numpy с типом <code>float</code>. </p><p>Функция <code>ListToNumpy</code> принимает на вход <code>arr</code> - массив чисел Python.</p><p><strong>Пример:</strong></p><pre>arr = [[1, 2, 3], [4, 5, 6]]

Ответ: 

[[1. 2. 3.]
 [4. 5. 6.]] 
</pre><h2>Дополнительная информация</h2><p>Обратите внимание, что шаблон решения представлен в виде (на примере языка Python):</p><inject-highlight>class Answer:
    def function(self, arg1, arg2):
        # напишите свой код ниже

        return res
</inject-highlight><p>Здесь <code>function</code> - функция, которую вам нужно написать (от задачи к задаче ее имя меняется), а <code>arg1, arg2</code> - аргументы этой функции.</p><p>Чтобы решить задачу, напишите свой код между комментарием и выражением <code>return ...</code>.</p><p>Если вы хотите промежуточно посмотреть, что вернет написанный вами код, воспользуйтесь конструкцией и нажмите кнопку Выполнить:</p><inject-highlight>print(Answer().function(arg1, arg2))
</inject-highlight><p>Если вам нужно импортировать какой-то модуль, указывайте модуль до <code>class Answer</code>. Например:</p><inject-highlight>import mymodule 

class Answer:
    ...
</inject-highlight><p><strong>Полный пример:</strong></p><inject-highlight># импортируем модуль
import collections

class Answer:
    def problemSolve(self, n, m):
        # напишите свой код ниже
        ...
        return res

# промежуточно смотрим результат
print(Answer().problemSolve(n=2, m=3))
</inject-highlight>","<inject-highlight>import numpy as np

class Answer:
    def ListToNumpy(self, arr):
        res = np.array(arr, dtype=float)
        return res
</inject-highlight>",0,93.0,217,0,1850.0,,True,True,
175,Python. ДЗ 10: Сумма векторов в n-мерном пространстве,3,0,"<p>Вектор задаётся кортежем из его координат <code>(X, Y, Z, ...)</code></p>
<p>Вектор суммы получается суммированием соответствующих координат слагаемых: <code>(X1 + X2, Y1 + Y2, Z1 + Z2, ...)</code> </p>
<p>Список <code>vectors</code> состоит из произвольного количества кортежей координат векторов: 
<code>[(X1, Y1, Z1, ...), 
  (X2, Y2, Z2, ...),
  ... 
  (Xn, Yn, Zn, ...)]</code></p>
<h2>Задание</h2>
<p>Напишите функцию <code>sum_vct</code>, которая вернёт кортеж суммарного вектора <code>(sum(Xi), sum(Yi), sum(Zi), ...)</code>, где <code>i</code> от <code>1</code> до <code>n</code>.</p>
<p>Функция <code>sum_vct</code> принимает на вход <code>vectors</code> - исходный список кортежей.</p>
<p><strong>Пример 1:</strong></p>
<pre>vectors = [(1, 2), (3, 4)]
Ответ: (4, 6)  # Вычисляется как (1 + 3, 2 + 4)
</pre>
<p><strong>Пример 2:</strong></p>
<pre>vectors = [(1, 2, 3), (4, 5, 6), (7, 8, 9)] 
Ответ: (12, 15, 18)  # Вычисляется как (1 + 4 + 7, 2 + 5 + 8, 3 + 6 + 9)
</pre>
<p><strong>Примечание:</strong> Решите задачу для произвольного количества координат в кортеже и количества векторов в списке.</p>
<h2>Дополнительная информация</h2>
<p>Обратите внимание, что шаблон решения представлен в следующем виде (на примере языка Python):</p>
<inject-highlight>class Answer:
    def function(self, arg1, arg2):
        # напишите свой код ниже

        return res
</inject-highlight>
<p>Здесь <code>function</code> - функция, которую вам нужно написать (от задачи к задаче ее имя меняется), а <code>arg1, arg2</code> - аргументы этой функции.</p>
<p>Чтобы решить задачу, напишите свой код между комментарием и выражением <code>return ...</code>.</p>
<p>Если вы хотите промежуточно посмотреть, что вернет написанный вами код, воспользуйтесь конструкцией и нажмите кнопку Выполнить:</p>
<inject-highlight>print(Answer().function(arg1, arg2))
</inject-highlight>
<p>Если вам нужно импортировать какой-то модуль, указывайте модуль до <code>class Answer</code>. Например:</p>
<inject-highlight>import mymodule 

class Answer:
    ...
</inject-highlight>
<p><strong>Полный пример:</strong></p>
<inject-highlight># импортируем модуль
import collections

class Answer:
    def problemSolve(self, n, m):
        # напишите свой код ниже
        ...
        return res

# промежуточно смотрим результат
print(Answer().problemSolve(n=2, m=3))
</inject-highlight>","<p>Самое элегантное решение использует функции <code>map()</code>, <code>sum()</code> и <code>zip()</code>. Склеиваем попарные значения координат двух векторов с помощью <code>zip()</code>, благодаря <code>map()</code> можем работать с координатами вектора как составным типом данных, и применить к каждой паре координат функцию <code>sum()</code>. Сравните это решение с вариантами ниже.</p>
<inject-highlight>class Answer:
    def sum_vct(self, vectors):
        res = [0] * len(vectors[0])
        for vct in vectors:  # вектор
            res = map(sum, zip(res, vct))

        return tuple(res)
</inject-highlight>
<p>Следующий вариант решения менее предпочтителен. Хотя мы работаем с векторами как кортежами, используем обычный цикл для координат.  </p>
<inject-highlight>class Answer:
    def sum_vct(self, vectors):
        res = [0] * len(vectors[0])
        for vct in vectors:  # вектор
            i = 0
            for crd in vct:  # координата
                res[i] += crd
                i += 1

        return tuple(res)
</inject-highlight>
<p>Следующий вариант решения считается плохим, поскольку совсем не использует преимущество языка python, его ""сахар"".</p>
<inject-highlight>class Answer:
    def sum_vct(self, vectors):
        res = [0] * len(vectors[0])
        for i in range(len(vectors)):
            for j in range(len(vectors[0])):
                res[j] += vectors[i][j]

        return tuple(res)
</inject-highlight>",0,,242,0,1910.0,,True,True,
156,Numpy. ДЗ 1: Форма и размер массива,1,0,"<p>Вам дается произвольный массив <code>arr</code>. Размерность и форма массива вам неизвестны. </p><h2>Задание</h2><p>Напишите функцию <code>ShapeSizeCalc</code>, которая будет находить форму и размер данного массива.</p><p>Функция <code>ShapeSizeCalc</code> принимает на вход <code>arr</code> - произвольный массив Numpy.</p><p>Функция должна возвращать:</p><ul><li><code>shape</code> - кортеж с размерностью массива</li><li><code>size</code> - целое число, равное количеству элементов в массиве</li></ul><p><strong>Пример:</strong></p><pre>arr = np.array([[1, 2, 3], [4, 5, 6]])

Ответ: shape = (2, 3), size = 6
</pre><h2>Дополнительная информация</h2><p>Обратите внимание, что шаблон решения представлен в виде (на примере языка Python):</p><inject-highlight>class Answer:
    def function(self, arg1, arg2):
        # напишите свой код ниже

        return res
</inject-highlight><p>Здесь <code>function</code> - функция, которую вам нужно написать (от задачи к задаче ее имя меняется), а <code>arg1, arg2</code> - аргументы этой функции.</p><p>Чтобы решить задачу, напишите свой код между комментарием и выражением <code>return ...</code>.</p><p>Если вы хотите промежуточно посмотреть, что вернет написанный вами код, воспользуйтесь конструкцией и нажмите кнопку Выполнить:</p><inject-highlight>print(Answer().function(arg1, arg2))
</inject-highlight><p>Если вам нужно импортировать какой-то модуль, указывайте модуль до <code>class Answer</code>. Например:</p><inject-highlight>import mymodule 

class Answer:
    ...
</inject-highlight><p><strong>Полный пример:</strong></p><inject-highlight># импортируем модуль
import collections

class Answer:
    def problemSolve(self, n, m):
        # напишите свой код ниже
        ...
        return res

# промежуточно смотрим результат
print(Answer().problemSolve(n=2, m=3))
</inject-highlight>","<inject-highlight>import numpy as np

class Answer:
    def ShapeSizeCalc(self, arr):
        shape = arr.shape
        size = arr.size
        return shape, size
</inject-highlight>",0,95.0,218,0,1850.0,,True,True,
157,Numpy. ДЗ 1: Индексация массива и срезы,1,0,"<p>Вам дается произвольный массив <code>arr</code>. Также заданы параметры:</p><ul><li>какие строки вывести</li><li>какие элементы включить в итоговый массив</li></ul><p>Необходимо из исходного массива сформировать новый массив по заданным правилам.</p><h2>Задание</h2><p>Напишите функцию <code>ArrayIndexing</code>, которая будет трансформировать исходный массив <code>arr</code> по заданным правилам.</p><p>Функция <code>ArrayIndexing</code> принимает на вход:</p><ul><li><code>arr</code> - произвольный массив Numpy</li><li><code>rows</code> - массив со строками, которые нужно оставить</li><li><code>val</code> - количество элементов, которые необходимо пропускать при проходе по строкам</li></ul><p><strong>Примечание:</strong> Например, если <code>val=2</code>, то в каждой строке нужно вывести только каждый 3 элемент.</p><p>Функция должна возвращать трансформированный массив.</p><p><strong>Пример:</strong></p><pre>arr = np.array([[1, 2, 3, 4], [1, 2, 3, 4], [1, 2, 3, 4]])
rows = (0, 1)
val = 2

Ответ: 

[[1 4]
 [1 4]]

</pre><h2>Дополнительная информация</h2><p>Обратите внимание, что шаблон решения представлен в виде (на примере языка Python):</p><inject-highlight>class Answer:
    def function(self, arg1, arg2):
        # напишите свой код ниже

        return res
</inject-highlight><p>Здесь <code>function</code> - функция, которую вам нужно написать (от задачи к задаче ее имя меняется), а <code>arg1, arg2</code> - аргументы этой функции.</p><p>Чтобы решить задачу, напишите свой код между комментарием и выражением <code>return ...</code>.</p><p>Если вы хотите промежуточно посмотреть, что вернет написанный вами код, воспользуйтесь конструкцией и нажмите кнопку Выполнить:</p><inject-highlight>print(Answer().function(arg1, arg2))
</inject-highlight><p>Если вам нужно импортировать какой-то модуль, указывайте модуль до <code>class Answer</code>. Например:</p><inject-highlight>import mymodule 

class Answer:
    ...
</inject-highlight><p><strong>Полный пример:</strong></p><inject-highlight># импортируем модуль
import collections

class Answer:
    def problemSolve(self, n, m):
        # напишите свой код ниже
        ...
        return res

# промежуточно смотрим результат
print(Answer().problemSolve(n=2, m=3))
</inject-highlight>","<inject-highlight>import numpy as np

class Answer:
    def ArrayIndexing(self, arr, rows, val):
        res = arr[rows, ::(val+1)]
        return res
</inject-highlight>",0,97.0,219,0,1850.0,,True,True,
158,Numpy. ДЗ 1: Статистическая обработка массива,1,0,"<p>Вам дается массив <code>arr</code> произвольной размерности. Также задан параметр <code>type</code>, который указывает, как производить статистическую обработку:</p><ul><li><code>colwise</code> - по столбцам</li><li><code>rowwise</code> - по строкам</li></ul><p>Необходимо рассчитать основные статистические характеристики с учетом параметра <code>type</code>.</p><h2>Задание</h2><p>Напишите функцию <code>CalsStatistics</code>, которая будет рассчитывать основные статистические характеристики:</p><ul><li>среднее значение</li><li>дисперсию </li><li>стандартное отклонение</li><li>сумму</li></ul><p>Если параметр <code>type</code> равен <code>colwise</code>, то расчет нужно производить по столбцам. </p><p><strong>Пример для суммы:</strong></p><pre>arr = np.array([[1, 2, 3, 4], [1, 2, 3, 4], [1, 2, 3, 4]])
type = colwise


Ответ: [ 3  6  9 12]
</pre><p>Если параметр <code>type</code> равен <code>rowwise</code>, то расчет нужно производить по строкам. </p><p><strong>Пример для суммы:</strong></p><pre>arr = np.array([[1, 2, 3, 4], [1, 2, 3, 4], [1, 2, 3, 4]])
type = rowwise


Ответ: [10 10 10]
</pre><p>Функция <code>CalsStatistics</code> принимает на вход:</p><ul><li><code>arr</code> - произвольный массив Numpy</li><li><code>type</code> - тип расчета (по строкам или по столбцам)</li></ul><p>Функция должна возвращать рассчитанные характеристики:</p><ul><li>среднее значение</li><li>дисперсию </li><li>стандартное отклонение</li><li>сумму</li></ul><p><strong>Пример:</strong></p><pre>arr = np.array([[1, 2, 3, 4], [1, 2, 3, 4], [1, 2, 3, 4]])
type = 'rowwise'


Ответ: 

среднее: array([2.5, 2.5, 2.5])
дисперсия: array([1.25, 1.25, 1.25])
ст. отклонение: array([1.11803399, 1.11803399, 1.11803399])
сумма: array([10, 10, 10])
</pre><h2>Дополнительная информация</h2><p>Обратите внимание, что шаблон решения представлен в виде (на примере языка Python):</p><inject-highlight>class Answer:
    def function(self, arg1, arg2):
        # напишите свой код ниже

        return res
</inject-highlight><p>Здесь <code>function</code> - функция, которую вам нужно написать (от задачи к задаче ее имя меняется), а <code>arg1, arg2</code> - аргументы этой функции.</p><p>Чтобы решить задачу, напишите свой код между комментарием и выражением <code>return ...</code>.</p><p>Если вы хотите промежуточно посмотреть, что вернет написанный вами код, воспользуйтесь конструкцией и нажмите кнопку Выполнить:</p><inject-highlight>print(Answer().function(arg1, arg2))
</inject-highlight><p>Если вам нужно импортировать какой-то модуль, указывайте модуль до <code>class Answer</code>. Например:</p><inject-highlight>import mymodule 

class Answer:
    ...
</inject-highlight><p><strong>Полный пример:</strong></p><inject-highlight># импортируем модуль
import collections

class Answer:
    def problemSolve(self, n, m):
        # напишите свой код ниже
        ...
        return res

# промежуточно смотрим результат
print(Answer().problemSolve(n=2, m=3))
</inject-highlight>","<inject-highlight>import numpy as np

class Answer:
    def CalsStatistics(self, arr, type):
        if type == 'colwise':
            axis = 0
        else:
            axis = 1
            
        mean = arr.mean(axis=axis)
        var = arr.var(axis=axis)
        std = arr.std(axis=axis)
        sum = arr.sum(axis=axis)
        
        return mean, var, std, sum
</inject-highlight>",0,99.0,220,0,1850.0,,True,True,
159,Numpy. ДЗ 1: Поиск аргумента максимума,1,0,"<p>Вам дается массив <code>arr</code> произвольной размерности <code>x*y</code> (то есть <code>x</code> столбцов, <code>y</code> строк).</p><p>Необходимо вернуть массив Numpy, который содержит индексы макисмальных элементов в каждой строке.</p><h2>Задание</h2><p>Напишите функцию <code>FindArgMax</code>, которая будет возвращать массив, состоящий из индексов максимальных элементов в каждой строке. </p><p>Функция <code>FindArgMax</code> принимает на вход массив <code>arr</code>.</p><p>Функция должна возвращать массив с индексами.</p><p><strong>Пример:</strong></p><pre>arr = np.array([[100, 2, 3, 4], [1, 2, 3, 4], [1, 200, 3, 4]])

Ответ: [0 3 1]
</pre><h2>Дополнительная информация</h2><p>Обратите внимание, что шаблон решения представлен в виде (на примере языка Python):</p><inject-highlight>class Answer:
    def function(self, arg1, arg2):
        # напишите свой код ниже

        return res
</inject-highlight><p>Здесь <code>function</code> - функция, которую вам нужно написать (от задачи к задаче ее имя меняется), а <code>arg1, arg2</code> - аргументы этой функции.</p><p>Чтобы решить задачу, напишите свой код между комментарием и выражением <code>return ...</code>.</p><p>Если вы хотите промежуточно посмотреть, что вернет написанный вами код, воспользуйтесь конструкцией и нажмите кнопку Выполнить:</p><inject-highlight>print(Answer().function(arg1, arg2))
</inject-highlight><p>Если вам нужно импортировать какой-то модуль, указывайте модуль до <code>class Answer</code>. Например:</p><inject-highlight>import mymodule 

class Answer:
    ...
</inject-highlight><p><strong>Полный пример:</strong></p><inject-highlight># импортируем модуль
import collections

class Answer:
    def problemSolve(self, n, m):
        # напишите свой код ниже
        ...
        return res

# промежуточно смотрим результат
print(Answer().problemSolve(n=2, m=3))
</inject-highlight>","<inject-highlight>import numpy as np

class Answer:
    def FindArgMax(self, arr):
        res = arr.argmax(axis=1)      
        return res
</inject-highlight>",0,89.0,221,0,1850.0,,True,True,
160,Numpy. ДЗ 1: Кумулятивная сумма,1,0,"<p>Вам дается массив <code>arr</code> произвольной размерности <code>x*y</code> (то есть <code>x</code> столбцов, <code>y</code> строк).</p><p>Необходимо вернуть массив Numpy той же формы, но в котором вместо исходных значений содержится рассчитанный накопительный итог по каждому столбцу. </p><h2>Задание</h2><p>Напишите функцию <code>CalcCumSum</code>, которая будет возвращать рассчитанный нарастающий итог по каждому столбцу. </p><p>Функция <code>CalcCumSum</code> принимает на вход массив <code>arr</code>.</p><p>Функция должна возвращать результирующий массив.</p><p><strong>Пример:</strong></p><pre>arr = np.array([[100, 2, 3, 4], [1, 2, 3, 4], [1, 200, 3, 4]])

Ответ:

[[100   2   3   4]
 [101   4   6   8]
 [102 204   9  12]]
</pre><h2>Дополнительная информация</h2><p>Обратите внимание, что шаблон решения представлен в виде (на примере языка Python):</p><inject-highlight>class Answer:
    def function(self, arg1, arg2):
        # напишите свой код ниже

        return res
</inject-highlight><p>Здесь <code>function</code> - функция, которую вам нужно написать (от задачи к задаче ее имя меняется), а <code>arg1, arg2</code> - аргументы этой функции.</p><p>Чтобы решить задачу, напишите свой код между комментарием и выражением <code>return ...</code>.</p><p>Если вы хотите промежуточно посмотреть, что вернет написанный вами код, воспользуйтесь конструкцией и нажмите кнопку Выполнить:</p><inject-highlight>print(Answer().function(arg1, arg2))
</inject-highlight><p>Если вам нужно импортировать какой-то модуль, указывайте модуль до <code>class Answer</code>. Например:</p><inject-highlight>import mymodule 

class Answer:
    ...
</inject-highlight><p><strong>Полный пример:</strong></p><inject-highlight># импортируем модуль
import collections

class Answer:
    def problemSolve(self, n, m):
        # напишите свой код ниже
        ...
        return res

# промежуточно смотрим результат
print(Answer().problemSolve(n=2, m=3))
</inject-highlight>","<inject-highlight>import numpy as np

class Answer:
    def CalcCumSum(self, arr):
        res = arr.cumsum(axis=0)      
        return res
</inject-highlight>",0,94.0,222,0,1850.0,,True,True,
161,Numpy. ДЗ 2: Множественные преобразования матриц,2,0,"<p>Вам даны 2 матрицы произвольного размера - <code>A</code> и <code>B</code>. Форма и размер матриц вам заранее неизвестны. </p><p>Прежде чем делать какие-то совместные операции над этими матрицами, вам нужно их подготовить. А именно, привести к форме, которая позволит эти операции делать: </p><ul><li>Матрица <code>A</code> должна иметь размерность <code>Z*2</code></li><li>Матрица <code>B</code> должна иметь размерность <code>2*Y</code></li></ul><p><strong>Примечание:</strong> Числа <code>Z</code> и <code>Y</code> вам неизвестны - они зависят от исходной размерности матриц <code>A</code> и <code>B</code>. Однако, вы точно знаете, что из <code>A</code> и <code>B</code> можно сделать матрицы указанной размерности, правильно подобрав числа <code>Z</code> и <code>Y</code>. </p><p><strong>Примечание:</strong> Если число столбцов в первой матрице равно числу строк во второй, то такое умножение допустимо. Именно для этого мы и производим обработку в предыдущем пункте.</p><p>После этого вы должны выполнить следующие совместные преобразования:</p><ol><li>Создайте единичную матрицу той же размерности, что и <code>B</code></li><li>Почленно сложите результат п.1 и <code>B</code></li><li>Умножьте матрицу <code>A</code> на результат п. 2 (матрично)</li><li>Транспонируйте полученную в п. 3 матрицу</li><li>Умножьте каждый член матрицы из п. 4 на <code>100</code></li></ol><h2>Задание</h2><p>Напишите функцию <code>TransformMatrix</code>, которая будет возвращать результат всех преобразований, описанных выше. </p><p>Функция <code>TransformMatrix</code> принимает на вход матрицы <code>A</code> и <code>B</code>, представленные в виде массивов Numpy.</p><p>Функция должна возвращать результирующий массив.</p><p><strong>Пример:</strong></p><pre>A = np.array([[1, 2, 3, 4], [4, 3, 2, 1], [5, 6, 7, 8], [9, 9, 9, 9]])
B = np.array([[1, 2, 3], [1, 2, 3], [1, 2, 3], [1, 2, 3]])

Ответ:

[[ 600 1400 1400  600 2200 3000 3600 3600]
 [ 900 2100 2100  900 3300 4500 5400 5400]
 [1200 2800 2800 1200 4400 6000 7200 7200]
 [ 600 1400 1400  600 2200 3000 3600 3600]
 [ 900 2100 2100  900 3300 4500 5400 5400]
 [1200 2800 2800 1200 4400 6000 7200 7200]]
</pre><h2>Дополнительная информация</h2><p>Обратите внимание, что шаблон решения представлен в виде (на примере языка Python):</p><inject-highlight>class Answer:
    def function(self, arg1, arg2):
        # напишите свой код ниже

        return res
</inject-highlight><p>Здесь <code>function</code> - функция, которую вам нужно написать (от задачи к задаче ее имя меняется), а <code>arg1, arg2</code> - аргументы этой функции.</p><p>Чтобы решить задачу, напишите свой код между комментарием и выражением <code>return ...</code>.</p><p>Если вы хотите промежуточно посмотреть, что вернет написанный вами код, воспользуйтесь конструкцией и нажмите кнопку Выполнить:</p><inject-highlight>print(Answer().function(arg1, arg2))
</inject-highlight><p>Если вам нужно импортировать какой-то модуль, указывайте модуль до <code>class Answer</code>. Например:</p><inject-highlight>import mymodule 

class Answer:
    ...
</inject-highlight><p><strong>Полный пример:</strong></p><inject-highlight># импортируем модуль
import collections

class Answer:
    def problemSolve(self, n, m):
        # напишите свой код ниже
        ...
        return res

# промежуточно смотрим результат
print(Answer().problemSolve(n=2, m=3))
</inject-highlight>","<inject-highlight>import numpy as np

class Answer:
    def TransformMatrix(self, A, B):   
        A = A.reshape(-1, 2)  
        B = B.reshape(2, -1)
        res = A.dot(B+np.ones_like(B)).T*100
        return res
</inject-highlight>",0,94.0,223,0,1850.0,,True,True,
163,Numpy. ДЗ 2: Конкатенация и очистка массивов,2,0,"<p>Вам на вход подаются 2 матрицы Numpy <code>A</code> и <code>B</code> произвольного размера. </p><p>Заранее вам не известно, но матрицы могут быть «грязными» - там могут присутствовать лишние размерности. </p><p><strong>Например:</strong></p><pre>Исходная размерность: (1, 2, 1, 2, 2)
Должна быть: (2, 2, 2)
</pre><p>Соответственно, первая задача - очистить матрицы от единичных размерностей.</p><p>Далее необходимо объединить матрицы «вертикально».</p><p><strong>Пример:</strong></p><pre>A

[[ 1  2  3  4  5]
 [ 6  7  8  9 10]]

B

[[ 1  3  5  7  9]
 [ 2  4  6  8 10]]

Результат

[[ 1  2  3  4  5]
 [ 6  7  8  9 10]
 [ 1  3  5  7  9]
 [ 2  4  6  8 10]]
</pre><p><strong>Примечание:</strong> Допустим, что нам заранее известно, что размерности очищенных матриц допускают такое объединение. </p><h2>Задание</h2><p>Напишите функцию <code>CombineMatrix</code>, которая будет возвращать объединенные матрицы после очистки. </p><p>Функция <code>CombineMatrix</code> принимает на вход матрицы <code>A</code>, <code>B</code>.</p><p>Функция должна возвращать результирующий массив.</p><h2>Дополнительная информация</h2><p>Обратите внимание, что шаблон решения представлен в виде (на примере языка Python):</p><inject-highlight>class Answer:
    def function(self, arg1, arg2):
        # напишите свой код ниже

        return res
</inject-highlight><p>Здесь <code>function</code> - функция, которую вам нужно написать (от задачи к задаче ее имя меняется), а <code>arg1, arg2</code> - аргументы этой функции.</p><p>Чтобы решить задачу, напишите свой код между комментарием и выражением <code>return ...</code>.</p><p>Если вы хотите промежуточно посмотреть, что вернет написанный вами код, воспользуйтесь конструкцией и нажмите кнопку Выполнить:</p><inject-highlight>print(Answer().function(arg1, arg2))
</inject-highlight><p>Если вам нужно импортировать какой-то модуль, указывайте модуль до <code>class Answer</code>. Например:</p><inject-highlight>import mymodule 

class Answer:
    ...
</inject-highlight><p><strong>Полный пример:</strong></p><inject-highlight># импортируем модуль
import collections

class Answer:
    def problemSolve(self, n, m):
        # напишите свой код ниже
        ...
        return res

# промежуточно смотрим результат
print(Answer().problemSolve(n=2, m=3))
</inject-highlight>","<inject-highlight>import numpy as np

class Answer:
    def CombineMatrix(self, A, B):
        A, B = A.squeeze(), B.squeeze()    
        res = np.concatenate((A, B), axis=0)     
        return res
</inject-highlight>",0,98.0,225,0,1850.0,,True,True,
164,Numpy. ДЗ 2: Копирование массива и поиск элементов по условиям,2,0,"<p>Вам на вход подается матрица <code>A</code> произвольного размера. </p><p>Для начала, необходимо создать матрицу <code>B</code>, которая является копией матрицы <code>A</code>. </p><p><strong>Примечание:</strong> При этом при изменении матрицы <code>A</code>, матрица <code>B</code> должна остаться неизменной.</p><p>После этого необходимо транспонировать матрицу <code>A</code>.</p><p>В конце необходимо найти и отобрать только те элементы матрицы <code>A</code>, которые больше 7 или меньше 2, вне зависимости от размерности.</p><h2>Задание</h2><p>Напишите функцию <code>CopyAndSelect</code>, которая будет возвращать:</p><ul><li>матрицу <code>B</code></li><li>матрицу <code>A</code></li><li>массив отобранных значений</li></ul><p>Функция <code>CopyAndSelect</code> принимает на вход матрицу <code>A</code>.</p><h2>Дополнительная информация</h2><p>Обратите внимание, что шаблон решения представлен в виде (на примере языка Python):</p><inject-highlight>class Answer:
    def function(self, arg1, arg2):
        # напишите свой код ниже

        return res
</inject-highlight><p>Здесь <code>function</code> - функция, которую вам нужно написать (от задачи к задаче ее имя меняется), а <code>arg1, arg2</code> - аргументы этой функции.</p><p>Чтобы решить задачу, напишите свой код между комментарием и выражением <code>return ...</code>.</p><p>Если вы хотите промежуточно посмотреть, что вернет написанный вами код, воспользуйтесь конструкцией и нажмите кнопку Выполнить:</p><inject-highlight>print(Answer().function(arg1, arg2))
</inject-highlight><p>Если вам нужно импортировать какой-то модуль, указывайте модуль до <code>class Answer</code>. Например:</p><inject-highlight>import mymodule 

class Answer:
    ...
</inject-highlight><p><strong>Полный пример:</strong></p><inject-highlight># импортируем модуль
import collections

class Answer:
    def problemSolve(self, n, m):
        # напишите свой код ниже
        ...
        return res

# промежуточно смотрим результат
print(Answer().problemSolve(n=2, m=3))
</inject-highlight>","<inject-highlight>import numpy as np

class Answer:
    def CopyAndSelect(self, A):
        B = A.copy()
        A = A.T
        mask = (A < 2) | (A > 7)
        res = A[mask]   
        return B, A, res
</inject-highlight>",0,99.0,226,0,1850.0,,True,True,
165,Numpy. ДЗ 2: Случайные числа и плоские массивы,2,0,"<p>Вам на вход подаются число <code>num</code>. </p><p>Для начала, необходимо сгенерировать массив Numpy <code>a</code>, состоящий из <code>num</code> случайных чисел. </p><p>Далее необходимо сгенерировать массив <code>b</code>, также размерности <code>num</code>, но состоящий из случайных целых чисел. </p><p><strong>Примечание:</strong> Числа должны лежать в диапазоне <code>1:10</code>.</p><p>После этого необходимо создать матрицу <code>C</code>, которая является результатом матричного умножения <code>a</code> на <code>b</code> (т.е. результатом должна быть матрица размерности <code>num*num</code>).</p><p>В конце создайте массив <code>d</code>, который будет равен «плоской» версии матрицы <code>C</code> - т.е. все измерения будут приведены к 1 строке.</p><p><strong>Важно:</strong> Постарайтесь не использовать функцию <code>reshape</code> для уплощения матрицы - воспользуйтесь другими методами.</p><h2>Задание</h2><p>Напишите функцию <code>RandomFlatten</code>, которая будет возвращать:</p><ul><li>массив <code>a</code></li><li>массив <code>b</code></li><li>матрицу <code>C</code></li><li>плоскую версию матрицы <code>C</code></li></ul><p>Функция <code>RandomFlatten</code> принимает на вход число <code>num</code>.</p><h2>Дополнительная информация</h2><p>Обратите внимание, что шаблон решения представлен в виде (на примере языка Python):</p><inject-highlight>class Answer:
    def function(self, arg1, arg2):
        # напишите свой код ниже

        return res
</inject-highlight><p>Здесь <code>function</code> - функция, которую вам нужно написать (от задачи к задаче ее имя меняется), а <code>arg1, arg2</code> - аргументы этой функции.</p><p>Чтобы решить задачу, напишите свой код между комментарием и выражением <code>return ...</code>.</p><p>Если вы хотите промежуточно посмотреть, что вернет написанный вами код, воспользуйтесь конструкцией и нажмите кнопку Выполнить:</p><inject-highlight>print(Answer().function(arg1, arg2))
</inject-highlight><p>Если вам нужно импортировать какой-то модуль, указывайте модуль до <code>class Answer</code>. Например:</p><inject-highlight>import mymodule 

class Answer:
    ...
</inject-highlight><p><strong>Полный пример:</strong></p><inject-highlight># импортируем модуль
import collections

class Answer:
    def problemSolve(self, n, m):
        # напишите свой код ниже
        ...
        return res

# промежуточно смотрим результат
print(Answer().problemSolve(n=2, m=3))
</inject-highlight>","<inject-highlight>import numpy as np

class Answer:
    def RandomFlatten(self, num):
        a = np.random.randn(num)
        b = np.random.randint(1, 10, num) 
        C = a.reshape(num, -1).dot(b.reshape(-1, num))
        d = C.ravel()
        return a, b, C, d
</inject-highlight>",0,93.0,227,0,1850.0,,True,True,
166,[Avito Weekend Offer] Найти медиану,1,5,"<blockquote>Эта задача взята с Avito Weekend Offer для аналитиков</blockquote><p>Вам дан набор чисел в виде списка Python. Необходимо найти медиану этого числового ряда.</p><h2>Задание</h2><p>Напишите функцию <code>FindMedian</code>, которая будет возвращать одно число - медианное значение. </p><p>Функция <code>FindMedian</code> принимает на вход <code>arr</code> - исходный список с числами.</p><p><strong>Пример:</strong></p><pre>arr = [1, 5, 2, 3, 6]
Ответ: 3
</pre><p><strong>Пример:</strong></p><pre>arr = [100, 5, 2, 4, 3, 6]
Ответ: 4.5
</pre><p><strong>Примечание:</strong> Если в выборке четное число элементов, то за медиану нужно взять среднее между центральными элементами (после упорядочивания).</p><h2>Дополнительная информация</h2><p>Обратите внимание, что шаблон решения представлен в виде (на примере языка Python):</p><inject-highlight>class Answer:
    def function(self, arg1, arg2):
        # напишите свой код ниже

        return res
</inject-highlight><p>Здесь <code>function</code> - функция, которую вам нужно написать (от задачи к задаче ее имя меняется), а <code>arg1, arg2</code> - аргументы этой функции.</p><p>Чтобы решить задачу, напишите свой код между комментарием и выражением <code>return ...</code>.</p><p>Если вы хотите промежуточно посмотреть, что вернет написанный вами код, воспользуйтесь конструкцией и нажмите кнопку Выполнить:</p><inject-highlight>print(Answer().function(arg1, arg2))
</inject-highlight><p>Если вам нужно импортировать какой-то модуль, указывайте модуль до <code>class Answer</code>. Например:</p><inject-highlight>import mymodule 

class Answer:
    ...
</inject-highlight><p><strong>Полный пример:</strong></p><inject-highlight># импортируем модуль
import collections

class Answer:
    def problemSolve(self, n, m):
        # напишите свой код ниже
        ...
        return res

# промежуточно смотрим результат
print(Answer().problemSolve(n=2, m=3))
</inject-highlight>","<p>Чтобы найти медиану, необходимо:</p><ul><li>Найти длину исходного массива</li><li>Отсортировать исходный массив</li><li>Если длина исходного массива четная, то возвращаем среднее арифмитическое центральных элементов, иначе сам центральный элемент</li></ul><inject-highlight>class Answer:
    def FindMedian(self, arr):
        l = len(arr)        
        if not l: return None
        middle = int(l/2)
        sorted_arr = sorted(arr)

        if l%2 == 0:
            res = (sorted_arr[middle] + sorted_arr[middle-1])/2
        else:
            res = sorted_arr[middle]

        return res
</inject-highlight>
",20,97.0,228,0,1012.0,,True,False,
167,[Avito Weekend Offer] Пересечение без дубликатов,1,5,"<blockquote>Эта задача взята с Avito Weekend Offer для аналитиков</blockquote><p>Вам дано 2 набора чисел <code>arr1</code> и <code>arr2</code> в виде списка Python. Необходимо вернуть список, состоящий из элементов пересечения. Дубликаты необходимо удалить.</p><h2>Задание</h2><p>Напишите функцию <code>PureIntersection</code>, которая будет возвращать список с уникальными элементами пересечения. </p><p>Функция <code>PureIntersection</code> принимает на вход: </p><ul><li><code>arr1</code> - первый список с числами</li><li><code>arr2</code> - второй список с числами</li></ul><p><strong>Важно:</strong> Если пересечение пустое, то возвращаем пустой список.</p><p><strong>Пример:</strong></p><pre>arr1 = [1, 2, 3], arr2 = [1, 1, 5]
Ответ: [1]
</pre><p><strong>Пример:</strong></p><pre>arr1 = [1, 2, 3], arr2 = [6, 7, 5]
Ответ: []
</pre><p><strong>Пример:</strong></p><pre>arr1 = [1, 2, 3], arr2 = [1, 2, 15, 3, 3]
Ответ: [1, 2, 3]
</pre><h2>Дополнительная информация</h2><p>Обратите внимание, что шаблон решения представлен в виде (на примере языка Python):</p><inject-highlight>class Answer:
    def function(self, arg1, arg2):
        # напишите свой код ниже

        return res
</inject-highlight><p>Здесь <code>function</code> - функция, которую вам нужно написать (от задачи к задаче ее имя меняется), а <code>arg1, arg2</code> - аргументы этой функции.</p><p>Чтобы решить задачу, напишите свой код между комментарием и выражением <code>return ...</code>.</p><p>Если вы хотите промежуточно посмотреть, что вернет написанный вами код, воспользуйтесь конструкцией и нажмите кнопку Выполнить:</p><inject-highlight>print(Answer().function(arg1, arg2))
</inject-highlight><p>Если вам нужно импортировать какой-то модуль, указывайте модуль до <code>class Answer</code>. Например:</p><inject-highlight>import mymodule 

class Answer:
    ...
</inject-highlight><p><strong>Полный пример:</strong></p><inject-highlight># импортируем модуль
import collections

class Answer:
    def problemSolve(self, n, m):
        # напишите свой код ниже
        ...
        return res

# промежуточно смотрим результат
print(Answer().problemSolve(n=2, m=3))
</inject-highlight>","<p>Чтобы найти пересечение и избавиться от дубликатов, можно действовать так:</p><ul><li>Сформировать из каждого списка множество. В Python множество содержит только уникальные элементы. </li><li>Кроме того, у множества есть встроенный метод <code>intersection</code> - воспользуемся им для нахождения пересечения</li><li>Нужно не забыть перевести результат (<code>set</code>) обратно в список (<code>list</code>) с помощью одноименной функции <code>list</code></li></ul><inject-highlight>class Answer:
    def PureIntersection(self, arr1, arr2):
        return list(set(arr1).intersection(set(arr2)))
</inject-highlight>",0,96.0,229,0,1012.0,,True,False,
169,[Тестовое Альфа-банк] Покупки телефонов в Туле по месяцам,2,10,"<blockquote>Эта задача взята из тестового задания на позицию Аналитика в Альфа-банк</blockquote><h2>Дано</h2><p>Дана таблица клиентов <code>customer</code>:</p><inject-highlight>+---------------+-------------+-------------+-----------+--------------+---------------+--------+-------------+------------+-------------+
|  ID_CUSTOMER  |  ADDRESS_1  |  ADDRESS_2  |  COMPANY  |  FIRST_NAME  |  COUNTY_CODE  |  TOWN  |  LAST_NAME  |  POSTCODE  |  TELEPHONE  |
+---------------+-------------+-------------+-----------+--------------+---------------+--------+-------------+------------+-------------+
</inject-highlight><p>Дана таблица товаров <code>skus</code>:</p><inject-highlight>+------+---------+------------+
|  id  |  price  |  category  |
+------+---------+------------+
</inject-highlight><p>Дана таблица продаж <code>purchases</code>:</p><inject-highlight>+------+--------------+-----------+----------+
|  id  |  created_at  |  user_id  |  sku_id  |
+------+--------------+-----------+----------+
</inject-highlight><h2>Задание</h2><p>Необходимо вывести количество людей из Тулы, которые покупали телефоны с разбивкой по месяцам.</p><p><strong>Примечание:</strong> Телефоны - товары с категорей <code>2</code> из таблицы <code>skus</code>.</p><p><strong>Важно:</strong> Месяца должны быть представлены не в виде цифр, а в виде английских слов.</p><p><strong>Примечание:</strong> Если один человек купил несколько раз за месяц, считаем это за одну покупку.</p><p><strong>Примечание:</strong> Предполагается, что в таблице представлены данные только за 1 год.</p><p><strong>Примечание:</strong> Используемая СУБД - PostgreSQL.</p><p><strong>Примечание:</strong> Значения в таблице представлены на латинице.</p><h2>Дополнительная информация</h2><p>Итоговая таблица должна иметь вид: </p><inject-highlight>+---------+----------+
|  month  |  people  |
+---------+----------+
|  june   |     n    |
+---------+----------+
</inject-highlight><p><strong>Важно:</strong> Названия столбцов должны в точности совпадать.</p><p><strong>Важно:</strong> Результат должен быть отсртирован по убыванию значений в столбце <code>people</code>.</p>","<inject-highlight>WITH t1 AS (
    SELECT p.*, TO_CHAR(created_at, 'month') AS month
    FROM purchases p 
    JOIN skus s 
    ON p.sku_id = s.id 
    JOIN customer c 
    ON p.user_id = c.id_customer 
    WHERE s.category = 2
    AND c.town = 'Tula'
)
SELECT month, COUNT(DISTINCT user_id) AS people
FROM t1
GROUP BY month
ORDER BY people DESC
</inject-highlight>",0,100.0,231,0,1012.0,,True,False,
170,[Тестовое Альфа-банк] Средняя стоимость 5 покупки,3,15,"<blockquote>Эта задача взята из тестового задания на позицию Аналитика в Альфа-банк</blockquote><h2>Дано</h2><p>Дана таблица клиентов <code>customer</code>:</p><inject-highlight>+---------------+-------------+-------------+-----------+--------------+---------------+--------+-------------+------------+-------------+
|  ID_CUSTOMER  |  ADDRESS_1  |  ADDRESS_2  |  COMPANY  |  FIRST_NAME  |  COUNTY_CODE  |  TOWN  |  LAST_NAME  |  POSTCODE  |  TELEPHONE  |
+---------------+-------------+-------------+-----------+--------------+---------------+--------+-------------+------------+-------------+
</inject-highlight><p>Дана таблица товаров <code>skus</code>:</p><inject-highlight>+------+---------+------------+
|  id  |  price  |  category  |
+------+---------+------------+
</inject-highlight><p>Дана таблица продаж <code>purchases</code>:</p><inject-highlight>+------+--------------+-----------+----------+
|  id  |  created_at  |  user_id  |  sku_id  |
+------+--------------+-----------+----------+
</inject-highlight><h2>Задание</h2><p>Необходимо вывести среднюю стоимость 5-ой покупки с разбивкой по городам.</p><p><strong>Примечание:</strong> Если один и тот же человек совершал покупки, но в разное время, то это считаем за разные покупки.</p><h2>Дополнительная информация</h2><p>Итоговая таблица должна иметь вид: </p><inject-highlight>+--------+--------------------------+
|  town  |  avg_price_5th_purchase  |
+--------+--------------------------+
</inject-highlight><p><strong>Важно:</strong> Названия столбцов должны в точности совпадать.</p><p><strong>Важно:</strong> Результат должен быть отсортирован по убыванию значений в столбце <code>avg_price_5th_purchase</code>.</p>","<inject-highlight>WITH rn AS (
    SELECT *, ROW_NUMBER() OVER(PARTITION BY c.town, c.id_customer ORDER BY p.created_at) AS rn
    FROM purchases p 
    JOIN skus s 
    ON p.sku_id = s.id 
    JOIN customer c 
    ON p.user_id = c.id_customer 
), 
filtered_rn AS (
    SELECT *
    FROM rn
    WHERE rn = 5
)
SELECT town, AVG(price) AS avg_price_5th_purchase
FROM filtered_rn
GROUP BY town
ORDER BY avg_price_5th_purchase DESC
</inject-highlight>",40,92.0,232,0,1012.0,,True,False,
171,[СБЕР: Junior DE & DS] Разложение на простые множители,1,5,"<blockquote>Эта задача с собеседования на позицию Junior Data Engineer & Data Science в СБЕР</blockquote><h2>Дано</h2><p>Дано число <code>n</code>. Необходимо разложить факториал этого число на простые множители и представить результат в строковом виде.</p><h2>Задание</h2><p>Напишите функцию <code>decomp</code>, которая будет возвращать строку вида <code>a^b * c^d * ... * e</code>. </p><p><strong>Примечание:</strong> Простые числа должны быть в порядке возрастания. </p><p><strong>Примечание:</strong> Когда показатель простого числа равен 1, не ставьте показатель степени.</p><p>Функция <code>decomp</code> принимает на вход только число <code>n</code>.</p><p><strong>Важно:</strong> Лишних пробелов быть не должно. Но вокруг знаков умножения должны быть пробелы.</p><p><strong>Пример:</strong></p><pre>n = 12
Ответ: 2^10 * 3^5 * 5^2 * 7 * 11</pre><p><strong>Пример:</strong></p><pre>n = 22
Ответ: 2^19 * 3^9 * 5^4 * 7^3 * 11^2 * 13 * 17 * 19</pre><h2>Дополнительная информация</h2><p>Обратите внимание, что шаблон решения представлен в виде (на примере языка Python):</p><inject-highlight>class Answer:
    def function(self, arg1, arg2):
        # напишите свой код ниже

        return res
</inject-highlight><p>Здесь <code>function</code> - функция, которую вам нужно написать (от задачи к задаче ее имя меняется), а <code>arg1, arg2</code> - аргументы этой функции.</p><p>Чтобы решить задачу, напишите свой код между комментарием и выражением <code>return ...</code>.</p><p>Если вы хотите промежуточно посмотреть, что вернет написанный вами код, воспользуйтесь конструкцией и нажмите кнопку Выполнить:</p><inject-highlight>print(Answer().function(arg1, arg2))
</inject-highlight><p>Если вам нужно импортировать какой-то модуль, указывайте модуль до <code>class Answer</code>. Например:</p><inject-highlight>import mymodule 

class Answer:
    ...
</inject-highlight><p><strong>Полный пример:</strong></p><inject-highlight># импортируем модуль
import collections

class Answer:
    def problemSolve(self, n, m):
        # напишите свой код ниже
        ...
        return res

# промежуточно смотрим результат
print(Answer().problemSolve(n=2, m=3))
</inject-highlight>","<p>Для того, чтобы найти все делители числа <code>n!</code>, воспользуемся алгоритмом перебора делителей:</p><ol><li>Начинаем перебирать делители. 2 - самый первый делитель</li><li>Проверяем - делится число <code>n</code> на данное число?</li><li>Если делится - запоминаем его и пересчитываем <code>n = n/d</code></li><li>Повторяем операцию, пока не достигаем <code>sqrt(n)</code></li></ol><p>После работы алгоритма мы получили массив всех делителей. Теперь необходимо найти - сколько раз каждый из них встречается. Сделаем это с помощью словаря <code>Counter</code> из модуля <code>collections</code>, который как раз для таких задач создан:</p><inject-highlight>count = Counter(factors)
</inject-highlight><p>В конце остается только сформировать элементы вида <code>a^b</code> и объединить их в строку. Делаем это с помощью генератора списков + метода <code>join</code>:</p><inject-highlight>decomposition = [f'{a}^{b}' if b != 1 else f'{a}' for a, b in count.items()]
res = "" * "".join(decomposition)
</inject-highlight><p>Таким образом, итоговый вариант:</p><inject-highlight>from math import factorial
from collections import Counter 

class Answer:
    def decomp(self, n):
        factors = []
        n = factorial(n)
        
        d = 2
        while d * d <= n:
            if n % d == 0:
                factors.append(d)
                n //= d
            else:
                d += 1
        if n > 1:
            factors.append(n)
        
        count = Counter(factors)
        decomposition = [f'{a}^{b}' if b != 1 else f'{a}' for a, b in count.items()]
        res = "" * "".join(decomposition)
        
        return res
</inject-highlight>",0,99.0,236,0,1013.0,,True,False,
172,Python. ДЗ 10: Найти суммы по кварталам,2,0,"<p>В списке <code>monthly</code> перечислены показатели прибора по каждому месяцу с января по декабрь.</p>
<h2>Задание</h2>
<p>Напишите функцию <code>Quarterly</code>, которая будет возвращать список - суммарные значения за каждый квартал. Первое значение - сумма за первый квартал с января по март, и так далее.</p>
<p>Функция <code>Quarterly</code> принимает на вход <code>monthly</code> - исходный список с числами.</p>
<p><strong>Пример:</strong></p>
<pre>monthly = [0.41, 2.22, 3.54, 5.79, 9.71, 9.17, 6.88, 9.55, 3.25, 0.93, 0.74, 1.27]
Ответ = [6.17, 24.67, 19.68, 2.94]
</pre>
<p><strong>Примечание:</strong> Квартальные суммы округлите до второго знака после запятой.</p>
<h2>Дополнительная информация</h2>
<p>Обратите внимание, что шаблон решения представлен в следующем виде (на примере языка Python):</p>
<inject-highlight>class Answer:
    def function(self, arg1, arg2):
        # напишите свой код ниже

        return res
</inject-highlight>
<p>Здесь <code>function</code> - функция, которую вам нужно написать (от задачи к задаче ее имя меняется), а <code>arg1, arg2</code> - аргументы этой функции.</p>
<p>Чтобы решить задачу, напишите свой код между комментарием и выражением <code>return ...</code>.</p>
<p>Если вы хотите промежуточно посмотреть, что вернет написанный вами код, воспользуйтесь конструкцией и нажмите кнопку Выполнить:</p>
<inject-highlight>print(Answer().function(arg1, arg2))
</inject-highlight>
<p>Если вам нужно импортировать какой-то модуль, указывайте модуль до <code>class Answer</code>. Например:</p>
<inject-highlight>import mymodule 

class Answer:
    ...
</inject-highlight>
<p><strong>Полный пример:</strong></p>
<inject-highlight># импортируем модуль
import collections

class Answer:
    def problemSolve(self, n, m):
        # напишите свой код ниже
        ...
        return res

# промежуточно смотрим результат
print(Answer().problemSolve(n=2, m=3))
</inject-highlight>","<p>Чтобы получить сумму значений за каждый квартал, необходимо:</p>
<ul>
<li>Достать из стека <code>monthly</code> значение по нулевому индексу с помощью <code>monthly.pop(0)</code></li>
<li>Повторить так три раза и сложить</li>
<li>Добавить сумму в список с ответом</li>
<li>Повторить всю процедуру ещё три раза</li>
</ul>
<inject-highlight>class Answer:
    def Quarterly(self, monthly):
        res = []
        for i in range(1, 5):
            res.append(round(monthly.pop(0) + monthly.pop(0) + monthly.pop(0), 2))

        return res
</inject-highlight>",0,,239,0,1910.0,,True,True,
173,Python. ДЗ 10: Удаление дубликатов в списке,2,0,"<p>Список <code>num</code> состоит из чисел, которые могут повторяться в произвольном порядке.      </p>
<h2>Задание</h2>
<p>Напишите функцию <code>del_rep</code>, которая вернёт отсортированный по возрастанию список без дубликатов.</p>
<p>Функция <code>del_rep</code> принимает на вход <code>num</code> - исходный список с числами.</p>
<p><strong>Пример:</strong></p>
<pre>num = [1, 2, 1, 2, 3, 1, 2, 3, 4]
Ответ = [1, 2, 3, 4]
</pre>
<p><strong>Примечание:</strong> Постарайтесь решить задачу без перебора значений списка.</p>
<h2>Дополнительная информация</h2>
<p>Обратите внимание, что шаблон решения представлен в следующем виде (на примере языка Python):</p>
<inject-highlight>class Answer:
    def function(self, arg1, arg2):
        # напишите свой код ниже

        return res
</inject-highlight>
<p>Здесь <code>function</code> - функция, которую вам нужно написать (от задачи к задаче ее имя меняется), а <code>arg1, arg2</code> - аргументы этой функции.</p>
<p>Чтобы решить задачу, напишите свой код между комментарием и выражением <code>return ...</code>.</p>
<p>Если вы хотите промежуточно посмотреть, что вернет написанный вами код, воспользуйтесь конструкцией и нажмите кнопку Выполнить:</p>
<inject-highlight>print(Answer().function(arg1, arg2))
</inject-highlight>
<p>Если вам нужно импортировать какой-то модуль, указывайте модуль до <code>class Answer</code>. Например:</p>
<inject-highlight>import mymodule 

class Answer:
    ...
</inject-highlight>
<p><strong>Полный пример:</strong></p>
<inject-highlight># импортируем модуль
import collections

class Answer:
    def problemSolve(self, n, m):
        # напишите свой код ниже
        ...
        return res

# промежуточно смотрим результат
print(Answer().problemSolve(n=2, m=3))
</inject-highlight>","<p>Идеальное решение - воспользоваться базовой функцией set(), которая возвращает множество без дубликатов. Далее, преобразовать его в список и отсортировать. Это решение оптимально, поскольку задача решается без медленного перебора значений списка.</p>
<inject-highlight>class Answer:
    def del_rep(self, num):

        return sorted(list(set(num)))
</inject-highlight>
<p>Можно было бы решить задачу, используя цикл <code>for</code>:</p>
<ul>
<li>Для этого заранее отсортировать список через <code>num.sort()</code> или после, при вызове цикла как <code>sorted(num)</code>.</li>
<li>Первое значение исходного списка добавить в ответ.</li>
<li>Последовательно перебрать все значения и добавить в результирующий список, только, если они ранее не встречались. </li>
<li>Благодаря сортировке сравнивать очередное значение исходного списка только с последним добавленным в результат.</li>
</ul>
<inject-highlight>class Answer:
    def del_rep(self, num):
        res = []
        for i in sorted(num):
            if not res or i != res[-1]:
                res.append(i)

        return res
</inject-highlight>
<p>Однако, так делать не стоит. Оптимально избежать перебора всех значений списка, когда есть такая возможность.</p>",0,,240,0,1910.0,,True,True,
174,Python. ДЗ 10: Счётчик частот упоминаний,3,0,"<p>Кортеж <code>names</code> состоит из имён студентов, перечисленных в произвольном порядке.      </p>
<h2>Задание</h2>
<p>Напишите функцию <code>cnt_frq</code>, которая вернёт отсортированный по алфавиту словарь имён с количеством их упоминаний.</p>
<p>Функция <code>cnt_frq</code> принимает на вход <code>names</code> - исходный кортеж с именами.</p>
<p><strong>Пример:</strong></p>
<pre>names = ('Александр', 'Василий', 'Гермиона',
         'Беатрис', 'Александр', 'Гермиона')
Ответ = {'Александр': 2, 'Беатрис': 1, 'Василий': 1, 'Гермиона': 2}
</pre>
<p><strong>Примечание:</strong> Решите задачу для произвольного количества имен в кортеже и словаре.</p>
<h2>Дополнительная информация</h2>
<p>Обратите внимание, что шаблон решения представлен в следующем виде (на примере языка Python):</p>
<inject-highlight>class Answer:
    def function(self, arg1, arg2):
        # напишите свой код ниже

        return res
</inject-highlight>
<p>Здесь <code>function</code> - функция, которую вам нужно написать (от задачи к задаче ее имя меняется), а <code>arg1, arg2</code> - аргументы этой функции.</p>
<p>Чтобы решить задачу, напишите свой код между комментарием и выражением <code>return ...</code>.</p>
<p>Если вы хотите промежуточно посмотреть, что вернет написанный вами код, воспользуйтесь конструкцией и нажмите кнопку Выполнить:</p>
<inject-highlight>print(Answer().function(arg1, arg2))
</inject-highlight>
<p>Если вам нужно импортировать какой-то модуль, указывайте модуль до <code>class Answer</code>. Например:</p>
<inject-highlight>import mymodule 

class Answer:
    ...
</inject-highlight>
<p><strong>Полный пример:</strong></p>
<inject-highlight># импортируем модуль
import collections

class Answer:
    def problemSolve(self, n, m):
        # напишите свой код ниже
        ...
        return res

# промежуточно смотрим результат
print(Answer().problemSolve(n=2, m=3))
</inject-highlight>","<p>Самое элегантное решение использует значение по умолчанию на случай отсутствия ключа в словаре, а также формирует новый итоговый отсортированный словарь из элементов неотсортированного.</p>
<inject-highlight>class Answer:
    def cnt_frq(self, names):
        d = {}
        for i in names:
            d[i] = d.get(i, 0) + 1  # Значение по умолчанию = 0

        return dict(sorted(d.items()))
</inject-highlight>
<p>Можно использовать компактную конструкцию <code>if/else</code> в одной строке или расписать полностью, а также пересобрать словарь с помощью цикла <code>for</code> </p>
<inject-highlight>class Answer:
    def cnt_frq(self, names):
        d = {}
        for i in names:
            d[i] = (d.get(i) + 1) if i in d.keys() else 1

        res = {key: d[key] for key in sorted(d.keys())}

        return res
</inject-highlight>
<p>Первый вариант - более предпочтительный.</p>",0,,241,0,1910.0,,True,True,
176,Python. ДЗ 10: Сделать вложенный список плоским,1,0,"<p>Список <code>my_list</code> состоит из нескольких списков и отдельных элементов разного типа: список, кортеж, число, булево значение. Уровень вложенности - одинарный. Элементы внутри вложенного списка не могут содержать новые списки и иные составные данные.</p>
<h2>Задание</h2>
<p>Напишите функцию <code>flt_lst</code>, которая вернёт плоский список из всех элементов <code>my_list</code>.</p>
<p>Функция <code>flt_lst</code> принимает на вход <code>my_list</code> - исходный список списков.</p>
<p><strong>Пример 1:</strong></p>
<pre>my_list = [[1, 2], (3, 4), 'Пять', 'Шесть', True, False]
Ответ = [1, 2, 3, 4, 'Пять', 'Шесть', True, False]
</pre>
<p><strong>Примечание:</strong> Решите задачу для произвольного количества и длины элементов списка <code>my_list</code>.</p>
<h2>Дополнительная информация</h2>
<p>Обратите внимание, что шаблон решения представлен в следующем виде (на примере языка Python):</p>
<inject-highlight>class Answer:
    def function(self, arg1, arg2):
        # напишите свой код ниже

        return res
</inject-highlight>
<p>Здесь <code>function</code> - функция, которую вам нужно написать (от задачи к задаче ее имя меняется), а <code>arg1, arg2</code> - аргументы этой функции.</p>
<p>Чтобы решить задачу, напишите свой код между комментарием и выражением <code>return ...</code>.</p>
<p>Если вы хотите промежуточно посмотреть, что вернет написанный вами код, воспользуйтесь конструкцией и нажмите кнопку Выполнить:</p>
<inject-highlight>print(Answer().function(arg1, arg2))
</inject-highlight>
<p>Если вам нужно импортировать какой-то модуль, указывайте модуль до <code>class Answer</code>. Например:</p>
<inject-highlight>import mymodule 

class Answer:
    ...
</inject-highlight>
<p><strong>Полный пример:</strong></p>
<inject-highlight># импортируем модуль
import collections

class Answer:
    def problemSolve(self, n, m):
        # напишите свой код ниже
        ...
        return res

# промежуточно смотрим результат
print(Answer().problemSolve(n=2, m=3))
</inject-highlight>","<p>Чтобы решить задачу необходимо:
- Инициировать результирующий список <code>res</code> пустым значением, чтобы не возникла ошибка при присвоении.
- Последовательно перебрать все элементы <code>elm</code> из списка <code>my_list</code>
- Проверить не являются ли элементы <code>elm</code> составными типами: списком <code>list</code> или кортежем <code>tuple</code>.
- Пройтись по каждому под-элементу <code>sub</code> вложенного списка/кортежа и добавить в результирующий список <code>res</code>.
- Иначе, когда это несоставной элемент <code>elm</code>, сразу добавить его в результирующий список <code>res</code>. </p>
<p>Вариант решения с <code>in</code> является предпочтительным:</p>
<inject-highlight>class Answer:
    def flt_lst(self, my_list):
        res = []
        for elm in my_list:
            # Как вариант можно использовать type() для проверки типа
            if type(elm) in (list, tuple):
                for sub in elm:
                    res.append(sub)
            else:
                res.append(elm)

        return res
</inject-highlight>
<p>Вариант решения с <code>or</code> менее предпочтительный, так как дважды проверяем переменную:</p>
<inject-highlight>class Answer:
    def flt_lst(self, my_list):
        res = []
        for elm in my_list:
            # Для примера воспользуемся isinstance() для проверки типа
            if isinstance(elm, list) or isinstance(elm, tuple):
                for sub in elm:
                    res.append(sub)
            else:
                res.append(elm)

        return res
</inject-highlight>
<p>Вариант решения с <code>elif</code> следует избегать, так как дублируется код для вариантов <code>list</code> и <code>tuple</code>:</p>
<inject-highlight>class Answer:
    def flt_lst(self, my_list):
        res = []
        for elm in my_list:
            if isinstance(elm, list):
                for sub in elm:
                    res.append(sub)
            elif isinstance(elm, tuple):
                for sub in elm:
                    res.append(sub)
            else:
                res.append(elm)

        return res
</inject-highlight>",0,,243,0,1910.0,,True,True,
177,Python. ДЗ 10: Вывести список обработанных команд,1,0,"<p>Список <code>cmd_list</code> состоит из последовательности команд: <code>'выполнить'</code>, <code>'пропустить'</code> и <code>'остановиться'</code>, следующих в произвольном порядке. </p>
<p>Если встречается команда <code>'выполнить'</code>, запоминаем её номер в результирующем списке. </p>
<p>Следует игнорировать команды <code>'пропустить'</code>. </p>
<p>Остановите выполнение задачи, когда встретится <code>'остановиться'</code>, даже, если в списке <code>cmd_list</code> остались необработанные команды.</p>
<h2>Задание</h2>
<p>Напишите функцию <code>exe_cmd</code>, которая вернёт список номеров выполненных команд, начиная с 0.</p>
<p>Функция <code>exe_cmd</code> принимает на вход <code>cmd_list</code> - исходный список команд.</p>
<p><strong>Пример 1:</strong></p>
<pre>cmd_list = ['выполнить', 'пропустить', 'выполнить', 'выполнить', 'остановиться', 'выполнить']
Ответ = [0, 2, 3]  
# Заметьте, команды 'пропустить', 'остановиться' и последняя 'выполнить' не вошли в результирующий список.
</pre>
<p><strong>Примечание:</strong> Решите задачу для произвольного количества элементов списка <code>cmd_list</code>. Список <code>cmd_list</code> может закончиться даже до появления команды <code>'остановиться'</code>.</p>
<h2>Дополнительная информация</h2>
<p>Обратите внимание, что шаблон решения представлен в следующем виде (на примере языка Python):</p>
<inject-highlight>class Answer:
    def function(self, arg1, arg2):
        # напишите свой код ниже

        return res
</inject-highlight>
<p>Здесь <code>function</code> - функция, которую вам нужно написать (от задачи к задаче ее имя меняется), а <code>arg1, arg2</code> - аргументы этой функции.</p>
<p>Чтобы решить задачу, напишите свой код между комментарием и выражением <code>return ...</code>.</p>
<p>Если вы хотите промежуточно посмотреть, что вернет написанный вами код, воспользуйтесь конструкцией и нажмите кнопку Выполнить:</p>
<inject-highlight>print(Answer().function(arg1, arg2))
</inject-highlight>
<p>Если вам нужно импортировать какой-то модуль, указывайте модуль до <code>class Answer</code>. Например:</p>
<inject-highlight>import mymodule 

class Answer:
    ...
</inject-highlight>
<p><strong>Полный пример:</strong></p>
<inject-highlight># импортируем модуль
import collections

class Answer:
    def problemSolve(self, n, m):
        # напишите свой код ниже
        ...
        return res

# промежуточно смотрим результат
print(Answer().problemSolve(n=2, m=3))
</inject-highlight>","<p>Чтобы решить задачу необходимо:
- Инициировать результирующий список <code>res</code> пустым значением, чтобы не возникла ошибка при присвоении.
- Достать из непустого списка <code>cmd_list</code> очередной элемент из его начала <code>cmd_list.pop(0)</code>.
- Проверить какая команда в элементе <code>val</code> и реализовать условия задачи:
-- Для <code>'выполнить'</code> запоминаем номер элемента в <code>res</code>,
-- Продолжаем цикл для <code>'пропустить'</code>,
-- Обрываем цикл на <code>'остановиться'</code>.
- Если в командах не встретится <code>'остановиться'</code>, выполнение завершится с концом списка.
- Если в списке <code>cmd_list</code> несколько раз присутствует <code>'остановиться'</code>, цикл остановится на первом его упоминании.</p>
<p>Предпочтительный вариант решения обходится без <code>continue</code> и <code>break</code>:</p>
<inject-highlight>class Answer:
    def exe_cmd(self, cmd_list):
        res = []
        val = ''
        i = 0
        while cmd_list and val != 'остановиться':
            val = cmd_list.pop(0)
            if val == 'выполнить':
                res.append(i)
            # проверять на 'пропустить' не обязательно
            i += 1

        return res
</inject-highlight>
<p>Следующий вариант решения следует избегать только из-за использования <code>continue</code> и <code>break</code>:</p>
<inject-highlight>class Answer:
    def exe_cmd(self, cmd_list):
        res = []
        for key, val in enumerate(cmd_list):
            if val == 'выполнить':
                res.append(key)
            elif val == 'пропустить':
                continue
            elif val == 'остановиться':
                break

        return res
</inject-highlight>

<h3>Советы:</h3>

<p>Конструкции <code>continue</code> и <code>break</code> затрудняют чтение кода и поиск багов, в реальных проектах их следует избегать. </p>
<p>Итерация <code>i += 1</code> по элементам в списке <code>list[i]</code> на каждом цикле задействует перебор списка для поиска в нём очередного i-го элемента, что неэффективно. Для сравнения итерация элементов списка <code>for x in list</code> производится последовательно за один проход. </p>
<p>Если встретите в коде <code>range(len(list))</code> или <code>list[i]</code> вместе с <code>i += 1</code>, это повод его переписать.</p>",0,,244,0,1910.0,,True,True,
178,Python. ДЗ 4: Заменить формат даты в строке,1,5,"<p>Строка <code>mile_stone</code> начинается с даты в формате YYYY-MM-DD и заканчивается описанием вехи проекта.</p>
<p>Необходимо скорректировать в строке <code>mile_stone</code> формат написания первой даты по аналогии с этими примерами:</p>
<ol>
<li><code>'2022-07-01'</code> -&gt; <code>'1 июля 2022 года'</code> пишется без <code>0</code> вначале.</li>
<li><code>'2022-12-31'</code> -&gt; <code>'31 декабря 2022 года'</code>.
и так далее по аналогии.</li>
</ol>
<h2>Задание</h2>
<p>Напишите функцию <code>rgx_wrdm</code>, которая возвращает исходную строку с переформатированной датой.</p>
<p>Функция <code>rgx_wrdm</code> принимает на вход <code>mile_stone</code> - исходную строку с датой и вехой проекта.</p>
<p><strong>Пример 1:</strong></p>
<pre>mile_stone = '2022-07-01 сдать отчётность за 6 месяцев.'
Ответ = '1 июля 2022 года сдать отчётность за 6 месяцев.'  
</pre>
<p><strong>Пример 2:</strong></p>
<pre>mile_stone = '2022-12-31 отпраздновать Новый год с командой проекта.'
Ответ = '31 декабря 2022 года отпраздновать Новый год с командой проекта.'  
</pre>
<p><strong>Примечание:</strong> Воспользуйтесь регулярным выражением для поиска и замены даты в строке.</p>
<p><strong>Примечание:</strong> Заменить нужно только первую дату, последующие даты в строке оставить неизменными.</p>
<h2>Дополнительная информация</h2>
<p>Обратите внимание, что шаблон решения представлен в следующем виде (на примере языка Python):</p>
<inject-highlight>class Answer:
    def function(self, arg1, arg2):
        # напишите свой код ниже

        return res
</inject-highlight>
<p>Здесь <code>function</code> - функция, которую вам нужно написать (от задачи к задаче ее имя меняется), а <code>arg1, arg2</code> - аргументы этой функции.</p>
<p>Чтобы решить задачу, напишите свой код между комментарием и выражением <code>return ...</code>.</p>
<p>Если вы хотите промежуточно посмотреть, что вернет написанный вами код, воспользуйтесь конструкцией и нажмите кнопку Выполнить:</p>
<inject-highlight>print(Answer().function(arg1, arg2))
</inject-highlight>
<p>Если вам нужно импортировать какой-то модуль, указывайте модуль до <code>class Answer</code>. Например:</p>
<inject-highlight>import mymodule 


class Answer:
    ...
</inject-highlight>
<p><strong>Полный пример:</strong></p>
<inject-highlight># импортируем модуль
import collections


class Answer:
    def problemSolve(self, n, m):
        # напишите свой код ниже
        ...
        return res

# промежуточно смотрим результат
print(Answer().problemSolve(n=2, m=3)) 
</inject-highlight>","<p>Чтобы решить задачу необходимо:</p>
<ul>
<li>Выполнить поиск в начале строки с помощью <code>re.match</code>.</li>
<li>С помощью <code>(\\d+)-(\\d+)-(\\d+)</code> ищем любые последовательности цифр, разделённых <code>'-'</code>,
  или жёстче ограничиваем их количество <code>[0-9]{4})-([0-9]{2})-([0-9]{2})</code>.</li>
<li>Поскольку указываем три скобки <code>(...)</code>, столько же подгрупп <code>0-2</code> вернёт <code>group()</code> из объекта <code>re.match()</code>.</li>
<li>Число должно быть без предваряющего нуля, преобразуем строку в число.</li>
<li>По номеру месяца из кортежа <code>(...)</code> достаём название. Кортеж нумеруется с нуля.
  Можно вернуть название месяца из словаря <code>{...}</code> по ключу <code>'MM'</code>.</li>
<li>Год используем без изменений.</li>
<li>Конкатенируем строки напрямую или через форматирование строки.</li>
</ul>
<inject-highlight>import re


class Answer:
    def rgx_wrdm(self, mile_stone):

        m = ('января',  'февраля', 'марта',
             'апреля',  'мая',     'июня',
             'июля',    'августа', 'сентября',
             'октября', 'ноября',  'декабря')

        r = re.compile(r'(\\d+)-(\\d+)-(\\d+)')

        d = re.match(r, mile_stone).groups()

        # Ниже в эквивалентном варианте приведено красивое решение
        d_new = str(int(d[2]))+' '+m[int(d[1])-1]+' '+d[0]+' '+'года'

        # count = 1
        return re.sub(r, d_new, mile_stone, 1)

</inject-highlight>
<p>Эквивалентный вариант решения:</p>
<inject-highlight>import re


class Answer:
    def rgx_wrdm(self, mile_stone):

        # словарь удобнее кортежа, но работает медленнее
        m = {'01': 'января',  '02': 'февраля', '03': 'марта',
             '04': 'апреля',  '05': 'мая',     '06': 'июня',
             '07': 'июля',    '08': 'августа', '09': 'сентября',
             '10': 'октября', '11': 'ноября',  '12': 'декабря'}

        # Жёстче ограничиваем количество цифр в YYYY-MM-DD
        r = re.compile(r'([0-9]{4})-([0-9]{2})-([0-9]{2})')
        # Можно было бы также проверять диапазоны дней и месяцев

        # r. вместо (r, ...)
        d = r.match(mile_stone).groups()

        # Форматируем строку, а месяц берём по ключу словаря:

        # Вариант 1 - предпочтительный:
        d_new = f'{int(d[2])} {m[d[1]]} {d[0]} года'

        # Вариант 2:
        # d_new = f'%d %s %s года'%(int(d[2]), m[d[1]], d[0])

        # Вариант 3:
        # d_new = '{0} {1} {2} года'.format(int(d[2]), m[d[1]], d[0])

        # r. вместо (r, ...)
        return r.sub(d_new, mile_stone, 1)

</inject-highlight>",0,98.0,245,0,1970.0,,False,True,
179,Python. ДЗ 4: Проверить корректность номера телефона,1,5,"<h2>Условие задачи</h2>
<p>Список <code>phones</code> содержит номера телефонов, введённые пользователями в форму.</p>
<p>Требования к номеру телефона:</p>
<ul>
<li>В номере - <code>11</code> цифр;</li>
<li>Допускается указывать <code>+</code> в начале;</li>
<li>Допустимы разделители: <code>' '</code>, <code>'-'</code>, <code>(</code> и <code>)</code> в любом месте и количестве, кроме начала;</li>
<li>Другие разделители не допускаются;</li>
<li>Первая цифра в номере должна быть <code>'7'</code> или <code>'8'</code>, другие не допускаются.</li>
</ul>
<p>Для каждого номера в списке <code>phones</code> необходимо:</p>
<ul>
<li>добавить в результирующий список номер в формате <code>'+7(123)456-7890'</code>;</li>
<li>если требования выше не выполнены, вместо номера указать число <code>-1</code>. </li>
</ul>
<h2>Задание</h2>
<p>Напишите функцию <code>rgx_phn</code>, которая возвращает список номеров в целевом формате или -1, в случае несоответствия требованиям.</p>
<p>Функция <code>rgx_phn</code> принимает на вход <code>phones</code> - исходный список с номерами.</p>
<p><strong>Пример:</strong></p>
<pre>phones = ['+7(123)456-7890', '8(123)456-7890', '+7 123 456 78901', '123 456 7890']
Ответ = ['+7(123)456-7890', '+7(123)456-7890', -1, -1] 
</pre>
<p><strong>Примечание:</strong> Воспользуйтесь регулярными выражениями.</p>
<h2>Дополнительная информация</h2>
<p>Обратите внимание, что шаблон решения представлен в следующем виде (на примере языка Python):</p>
<inject-highlight>class Answer:
    def function(self, arg1, arg2):
        # напишите свой код ниже

        return res
</inject-highlight>
<p>Здесь <code>function</code> - функция, которую вам нужно написать (от задачи к задаче ее имя меняется), а <code>arg1, arg2</code> - аргументы этой функции.</p>
<p>Чтобы решить задачу, напишите свой код между комментарием и выражением <code>return ...</code>.</p>
<p>Если вы хотите промежуточно посмотреть, что вернет написанный вами код, воспользуйтесь конструкцией и нажмите кнопку Выполнить:</p>
<inject-highlight>print(Answer().function(arg1, arg2))
</inject-highlight>
<p>Если вам нужно импортировать какой-то модуль, указывайте модуль до <code>class Answer</code>. Например:</p>
<inject-highlight>import mymodule 


class Answer:
    ...
</inject-highlight>
<p><strong>Полный пример:</strong></p>
<inject-highlight># импортируем модуль
import collections


class Answer:
    def problemSolve(self, n, m):
        # напишите свой код ниже
        ...
        return res

# промежуточно смотрим результат
print(Answer().problemSolve(n=2, m=3)) 
</inject-highlight>","<p>Чтобы решить задачу необходимо:</p>
<ul>
<li>Убрать из номера все разрешенные знаки, учитывая, что в начале идёт <code>'+'</code>;</li>
<li>Проверить, что оставшийся номер начинается на <code>'7'</code> или <code>'8'</code>;</li>
<li>Проверить, что длинна получившегося номера равна 11;
  Ожидаем только цифры без первых <code>'+7'</code> и <code>'8'</code>;</li>
<li>Взять из номера три группы <code>'123'</code> <code>'456'</code> <code>'7890'</code>;
  Проверяем, что результат не пустой;</li>
<li>Добавляем в результирующий список или отформатированный номер, или <code>-1</code></li>
</ul>
<inject-highlight>import re


class Answer:
    def rgx_phn(self, phones):

        if phones is None:
            raise AttributeError('An attribute should not be None')

        res = []

        trim = re.compile(r'(?:^\\+?|[()\\s-]*)')

        check = re.compile(r'(?:7|8)([0-9]{3})([0-9]{3})([0-9]{4})')

        for i in phones:
            t = trim.sub('', i)
            c = check.match(t)
            if (len(t) == 11 and c):
                res.append(f'+7({c[1]}){c[2]}-{c[3]}')
            else:
                res.append(-1)

        return res
</inject-highlight>",0,98.0,246,0,1970.0,,False,True,
180,Python. ДЗ 4: Даты с учетом диапазонов дней и месяцев,2,10,"<h2>Условие задачи</h2>
<p>Строка <code>dates</code> содержит даты в формате <code>YYYY-MM-DD</code>.</p>
<p>Необходимо найти только корректные даты, соответствующие условиям:</p>
<ul>
<li>в номере года - строго <code>4</code> цифры.</li>
<li>номера месяцев - от <code>01</code> до <code>12</code>.</li>
<li>дни в любом месяце - от <code>01</code> до <code>31</code>.</li>
</ul>
<p>В данной задаче:</p>
<ul>
<li>НЕ учитываем ограничения: <code>28</code>, <code>29</code>, <code>30</code> и <code>31</code> дней в месяце.</li>
<li>НЕ накладываем ограничение на диапазон номеров года. </li>
</ul>
<h2>Задание</h2>
<p>Напишите функцию <code>rgx_drng</code>, которая возвращает список дат, соответствующих критериям.</p>
<p>Функция <code>rgx_drng</code> принимает на вход <code>dates</code> - исходную строку, содержащую <code>'слово'</code>.</p>
<p><strong>Пример:</strong></p>
<pre>dates = '2022-01-01, 992022-01-0199, 2022-88-01, 2022-01-54, 1999-12-31'
Ответ = ['2022-01-01', '1999-12-31']  
</pre>
<p><strong>Примечание:</strong> Регулярное выражение необходимо оформить в строке между <code>(""""""r'\\b</code> и <code>\\b"""""")</code>.</p>
<p><strong>Примечание:</strong> Альтернативы в группе перечисляйте как <code>(?:A|B|C)</code>, если нужно применить квантификаторы, или не нужно выделять группу отдельно в <code>re.findall()</code> и др.</p>
<h2>Дополнительная информация</h2>
<p>Обратите внимание, что шаблон решения представлен в следующем виде (на примере языка Python):</p>
<inject-highlight>class Answer:
    def function(self, arg1, arg2):
        # напишите свой код ниже

        return res
</inject-highlight>
<p>Здесь <code>function</code> - функция, которую вам нужно написать (от задачи к задаче ее имя меняется), а <code>arg1, arg2</code> - аргументы этой функции.</p>
<p>Чтобы решить задачу, напишите свой код между комментарием и выражением <code>return ...</code>.</p>
<p>Если вы хотите промежуточно посмотреть, что вернет написанный вами код, воспользуйтесь конструкцией и нажмите кнопку Выполнить:</p>
<inject-highlight>print(Answer().function(arg1, arg2))
</inject-highlight>
<p>Если вам нужно импортировать какой-то модуль, указывайте модуль до <code>class Answer</code>. Например:</p>
<inject-highlight>import mymodule 


class Answer:
    ...
</inject-highlight>
<p><strong>Полный пример:</strong></p>
<inject-highlight># импортируем модуль
import collections


class Answer:
    def problemSolve(self, n, m):
        # напишите свой код ниже
        ...
        return res

# промежуточно смотрим результат
print(Answer().problemSolve(n=2, m=3))
</inject-highlight>","<p>Чтобы решить задачу необходимо определить граничные условия YYYY-MM-DD:</p>
<ul>
<li><code>[0-9]{4}</code> задаёт YYYY в диапазоне <code>0000-9999</code>.</li>
<li><code>(0[1-9]|1[0-2])</code> задаёт MM в диапазоне <code>01-12</code>: <code>01-09</code>, <code>10-12</code>.</li>
<li><code>0[1-9]|[12][0-9]|3[01]</code> задаёт DD в диапазоне  <code>01-31</code>: <code>01-09</code>, <code>10-19</code>, <code>20-29</code>, <code>30-31</code>.</li>
</ul>
<inject-highlight>import re

class Answer:
    def rgx_drng(self, dates):
#        r = r&quot;&quot;&quot;
#                \\b
#                [0-9]{4}-(?:0[1-9]|1[0-2])-(?:0[1-9]|[12][0-9]|3[01])
#                \\b
#             &quot;&quot;&quot;

        r = r&quot;&quot;&quot;
                # Ищем начало слова, в том числе YYYY-MM-DD
                \\b

                # Варианты YYYY от 0000 до 9999
                [0-9]{4}

                # Разделитель
                -

                # Варианты MM от 01 до 12: 01-09, 10-12
                (?:0[1-9]|1[0-2])

                # Разделитель
                -

                # Варианты DD от 01 до 31: 01-09, 10-19, 20-29, 30-31
                (?:0[1-9]|[12][0-9]|3[01])

                # Ищем конец слова, в том числе YYYY-MM-DD
                \\b
            &quot;&quot;&quot;

        return re.findall(re.compile(r, re.X), dates)
</inject-highlight>",0,98.0,247,0,1970.0,,False,True,
181,Python. ДЗ 4: Вернуть URL без схемы обращения к ресурсу,1,5,"<h2>Условие задачи</h2>
<p>Строка <code>web_url</code> содержит унифицированный указатель ресурса URL в формате:</p>
<pre>&lt;схема&gt;:[//[&lt;логин&gt;[:&lt;пароль&gt;]@]&lt;хост&gt;[:&lt;порт&gt;]][/&lt;URL‐путь&gt;][?&lt;параметры&gt;][#&lt;якорь&gt;]
</pre>
<p>Функция <code>rgx_no_http</code> должна возвращать URL исключая указание схемы обращения к ресурсу, такие как:</p>
<ul>
<li><code>http:\\\\</code>;</li>
<li><code>https:\\\\</code>;</li>
<li>и другие.</li>
</ul>
<h2>Задание</h2>
<p>Напишите функцию <code>rgx_no_http</code>, которая возвращает URL без указания схемы.</p>
<p>Функция <code>rgx_no_http</code> принимает на вход <code>web_url</code> - исходную строку с предложением и стоп-знаками.</p>
<p><strong>Пример:</strong></p>
<pre>web_url = 'https://itresume.ru/'
Ответ = 'itresume.ru/'
</pre>
<h2>Дополнительная информация</h2>
<p>Обратите внимание, что шаблон решения представлен в следующем виде (на примере языка Python):</p>
<inject-highlight>class Answer:
    def function(self, arg1, arg2):
        # напишите свой код ниже

        return res
</inject-highlight>
<p>Здесь <code>function</code> - функция, которую вам нужно написать (от задачи к задаче ее имя меняется), а <code>arg1, arg2</code> - аргументы этой функции.</p>
<p>Чтобы решить задачу, напишите свой код между комментарием и выражением <code>return ...</code>.</p>
<p>Если вы хотите промежуточно посмотреть, что вернет написанный вами код, воспользуйтесь конструкцией и нажмите кнопку Выполнить:</p>
<inject-highlight>print(Answer().function(arg1, arg2))
</inject-highlight>
<p>Если вам нужно импортировать какой-то модуль, указывайте модуль до <code>class Answer</code>. Например:</p>
<inject-highlight>import mymodule 


class Answer:
    ...
</inject-highlight>
<p><strong>Полный пример:</strong></p>
<inject-highlight># импортируем модуль
import collections


class Answer:
    def problemSolve(self, n, m):
        # напишите свой код ниже
        ...
        return res

# промежуточно смотрим результат
print(Answer().problemSolve(n=2, m=3))
</inject-highlight>","<p>Чтобы решить задачу необходимо: </p>
<ul>
<li>искать схему с самого начала с помощью <code>^</code>;</li>
<li>допустить один и более символов <code>.+</code> до <code>//</code>.</li>
</ul>
<inject-highlight>import re

class Answer:
    def rgx_no_http(self, web_url):

        r = r'^.+//'

        trim = re.compile(r)

        return trim.sub('', web_url)
</inject-highlight>",0,98.0,248,0,1970.0,,False,True,
182,Python. ДЗ 4: Вернуть типы и значения параметров инициализации,1,5,"<p>Напишите функцию <code>rgx_ini</code>, которая возвращает список кортежей с парами <code>('&lt;тип&gt;', '&lt;значение&gt;')</code>.</p>
<p>Функция <code>rgx_ini</code> принимает на вход <code>ini_lst</code> - исходную строку с параметрами инициализации.</p>
<p><strong>Пример 1:</strong></p>
<pre>ini_lst = 'param1=123 \\n param2=345'
Ответ = [('param1', '123'), ('param2', '345')]
</pre>
<h2>Дополнительная информация</h2>
<p>Обратите внимание, что шаблон решения представлен в следующем виде (на примере языка Python):</p>
<inject-highlight>class Answer:
    def function(self, arg1, arg2):
        # напишите свой код ниже

        return res
</inject-highlight>
<p>Здесь <code>function</code> - функция, которую вам нужно написать (от задачи к задаче ее имя меняется), а <code>arg1, arg2</code> - аргументы этой функции.</p>
<p>Чтобы решить задачу, напишите свой код между комментарием и выражением <code>return ...</code>.</p>
<p>Если вы хотите промежуточно посмотреть, что вернет написанный вами код, воспользуйтесь конструкцией и нажмите кнопку Выполнить:</p>
<inject-highlight>print(Answer().function(arg1, arg2))
</inject-highlight>
<p>Если вам нужно импортировать какой-то модуль, указывайте модуль до <code>class Answer</code>. Например:</p>
<inject-highlight>import mymodule 


class Answer:
    ...
</inject-highlight>
<p><strong>Полный пример:</strong></p>
<inject-highlight># импортируем модуль
import collections


class Answer:
    def problemSolve(self, n, m):
        # напишите свой код ниже
        ...
        return res

# промежуточно смотрим результат
print(Answer().problemSolve(n=2, m=3))
</inject-highlight>","<p>Чтобы решить задачу необходимо: </p>
<ul>
<li>искать между началом строки <code>^</code> и концом <code>$</code>;</li>
<li>с флагом <code>re.MULTILINE</code>, чтобы учитывать обрыв строки <code>
</code>; </li>
<li>искать <code>\\w+</code> - всё, что может быть частью слова, без пробелов;</li>
<li>заключить в скобки <code>(...)=(...)</code>, чтобы возвращать пары групп.</li>
</ul>
<inject-highlight>import re


class Answer:
    def rgx_ini(self, ini_lst):

        r = r'^(\\w+)=(\\w+)$'

        pattern = re.compile(r, flags=re.MULTILINE)

        return re.findall(pattern, ini_lst)

</inject-highlight>",0,98.0,249,0,1970.0,,False,True,
183,Python. ДЗ 5: Ограничить число границами диапазона,1,5,"<h2>Условие задачи</h2>
<p>Дано число <code>num</code>, которое должно попадать в диапазон между <code>n_min</code> и <code>n_max</code>. Если число выходит за его рамки, необходимо ограничить его значение границей диапазона.</p>
<h2>Задание</h2>
<p>Напишите функцию <code>lim_range</code>, которая возвращает:</p>
<ul>
<li><code>n_min</code>, если <code>num</code> меньше  <code>n_min</code>;</li>
<li><code>n_max</code>, если <code>num</code> больше  <code>n_max</code>;</li>
<li><code>num</code> в остальных случаях.</li>
</ul>
<p>Функция <code>lim_range</code> принимает на вход исходное число <code>num</code>, и числовые ограничения <code>n_min</code> снизу и <code>n_max</code> сверху.</p>
<p><strong>Примечание:</strong> Для тренировки работы с условиями, воспользуйтесь обычным <code>if-elif-else</code>.</p>
<p><strong>Пример 1:</strong></p>
<pre>num = 3.14
n_min = 10
n_max = 100
Ответ = 10  # Нижняя граница диапазона
</pre>
<p><strong>Пример 2:</strong></p>
<pre>num = 12.56
n_min = 10
n_max = 100
Ответ = 12.56  # Исходное значение
</pre>
<p><strong>Пример 3:</strong></p>
<pre>num = 314.15
n_min = 10
n_max = 100
Ответ = 100  # Верхняя граница диапазона
</pre>
<h2>Дополнительная информация</h2>
<p>Обратите внимание, что шаблон решения представлен в следующем виде (на примере языка Python):</p>
<inject-highlight>class Answer:
    def function(self, arg1, arg2):
        # напишите свой код ниже

        return res
</inject-highlight>
<p>Здесь <code>function</code> - функция, которую вам нужно написать (от задачи к задаче ее имя меняется), а <code>arg1, arg2</code> - аргументы этой функции.</p>
<p>Чтобы решить задачу, напишите свой код между комментарием и выражением <code>return ...</code>.</p>
<p>Если вы хотите промежуточно посмотреть, что вернет написанный вами код, воспользуйтесь конструкцией и нажмите кнопку Выполнить:</p>
<inject-highlight>print(Answer().function(arg1, arg2))
</inject-highlight>
<p>Если вам нужно импортировать какой-то модуль, указывайте модуль до <code>class Answer</code>. Например:</p>
<inject-highlight>import mymodule


class Answer:
    ...
</inject-highlight>
<p><strong>Полный пример:</strong></p>
<inject-highlight># импортируем модуль
import collections


class Answer:
    def problemSolve(self, n, m):
        # напишите свой код ниже
        ...
        return res

# промежуточно смотрим результат
print(Answer().problemSolve(n=2, m=3))
</inject-highlight>","<p>Чтобы решить задачу необходимо разделить диапазон на три части:</p>
<ul>
<li><code>num &lt; n_min</code> вернуть <code>n_min</code>;</li>
<li><code>n_max &lt;= num &lt;= n_max</code> вернуть <code>num</code>;</li>
<li><code>n_max &lt; num</code> вернуть <code>n_max</code>.</li>
<li>Проверяем два условия из трёх, и <code>else</code> для всего остального. </li>
</ul>
<p>Решение через <code>if-elif-else</code>:</p>
<inject-highlight>class Answer:
    def lim_range(self, num, n_min, n_max):

        if num &lt; n_min:
            res = n_min
        elif n_max &lt; num:
            res = n_max
        else:
            res = num

        return res
</inject-highlight>
<p>Решение через <code>if-else</code> в одной строке:</p>
<inject-highlight>class Answer:
    def lim_range(self, num, n_min, n_max):

        # Данное решение не рекомендуется из-за сложности прочтения
        res = n_min if num &lt; n_min else n_max if n_max &lt; num else num

        return res
</inject-highlight>
<p>Решение через <code>min()</code> и <code>max()</code> в одной строке:</p>
<inject-highlight>class Answer:
    def lim_range(self, num, n_min, n_max):

        # Данное решение не рекомендуется из-за сложности прочтения

        return min(max(n_min, num), n_max)
        # return max(min(n_max, num), n_min)
</inject-highlight>",0,98.0,250,0,1960.0,,True,True,
184,Python. ДЗ 5: Аналог switch-case в языке Python,1,5,"<h2>Условие задачи</h2>
<p>Дано значение уличной температуры <code>temp</code> в градусах Цельсия. Ощущения температуры ранжированы по следующим категориям:</p>
<pre>0 - Холодно,   менее     -20
1 - Прохладно, от -20 до   0 
2 - Зябко,     от   0 до +15
3 - Тепло,     от +15 до +25
4 - Жарко,     более     +25
</pre>
<h2>Задание</h2>
<p>Напишите функцию <code>temp_cat</code>, которая возвращает номер категории.</p>
<p>Функция <code>temp_cat</code> принимает на вход число <code>temp</code>.</p>
<p><strong>Пример 1:</strong></p>
<pre>temp = -30
Ответ = 0  # Холодно
</pre>
<p><strong>Пример 2:</strong></p>
<pre>temp = 10
Ответ = 2  # Зябко
</pre>
<p><strong>Пример 3:</strong></p>
<pre>temp = 30
Ответ = 4  # Жарко
</pre>
<h2>Дополнительная информация</h2>
<p>Обратите внимание, что шаблон решения представлен в следующем виде (на примере языка Python):</p>
<inject-highlight>class Answer:
    def function(self, arg1, arg2):
        # напишите свой код ниже

        return res
</inject-highlight>
<p>Здесь <code>function</code> - функция, которую вам нужно написать (от задачи к задаче ее имя меняется), а <code>arg1, arg2</code> - аргументы этой функции.</p>
<p>Чтобы решить задачу, напишите свой код между комментарием и выражением <code>return ...</code>.</p>
<p>Если вы хотите промежуточно посмотреть, что вернет написанный вами код, воспользуйтесь конструкцией и нажмите кнопку Выполнить:</p>
<inject-highlight>print(Answer().function(arg1, arg2))
</inject-highlight>
<p>Если вам нужно импортировать какой-то модуль, указывайте модуль до <code>class Answer</code>. Например:</p>
<inject-highlight>import mymodule 


class Answer:
    ...
</inject-highlight>
<p><strong>Полный пример:</strong></p>
<inject-highlight># импортируем модуль
import collections


class Answer:
    def problemSolve(self, n, m):
        # напишите свой код ниже
        ...
        return res

# промежуточно смотрим результат
print(Answer().problemSolve(n=2, m=3)) 
</inject-highlight>","<p>Решение через <code>if-elif-else</code>:</p>
<ul>
<li>Когда проходим все варианты с помощью <code>if-elif-else</code> достаточно указывать только одно граничное условие; </li>
<li>Например, <code>temp &lt;=  25</code> вместо <code>15 &lt; temp &lt;=  25</code>, так как одно из условий <code>15 &lt; temp</code> будет всегда проверено на предыдущем шаге. </li>
<li>Из всех проверенных условий выполнится только одно.</li>
</ul>
<inject-highlight>class Answer:
    def temp_cat(self, temp):

        # для наглядности отступы не соответствуют требованиям PEP8

        if temp &lt;=   -20:
            res = 0
        elif temp &lt;=   0:
            res = 1
        elif temp &lt;=  15:
            res = 2
        elif temp &lt;=  25:
            res = 3
        else:
            res = 4

        return res
</inject-highlight>
<p>Решение через <code>match-case</code>:</p>
<ul>
<li>Начиная с версии Python <code>3.10</code> роль аналогичной <code>switch-case</code> конструкции из других языков выполняет <code>match-case</code>.</li>
<li>В шаблон <code>case</code> можно добавить условие <code>if</code>, известное как “защита” (guard). </li>
<li>Если условие “защиты” не выполнится, <code>match</code> перейдёт к следующему блоку <code>case</code>. </li>
<li>Обратите внимание, что захват значения происходит до оценки защиты.</li>
<li>В нашем случае, захваченное значение <code>temp</code> подставляется в формулу <code>t if (15 &lt; t &lt;= 25)</code> и аналогичные.</li>
</ul>
<inject-highlight>class Answer:
    def temp_cat(self, temp):

        # для наглядности отступы не соответствуют требованиям PEP8

        match temp:
            case t if       t &lt; -20: return 0  # Холодно
            case t if -20 &lt; t &lt;=  0: return 1  # Прохладно
            case t if   0 &lt; t &lt;= 15: return 2  # Зябко
            case t if  15 &lt; t &lt;= 25: return 3  # Тепло
            case t if  25 &lt; t      : return 4  # Жарко
            # В идеале не должно выполниться
            case _                 : return 'Ошибка в условиях задачи'

        # В идеале не должно выполниться
        return 'Ошибка в match-case'
</inject-highlight>
<p>В случае словаря, проверять нужно все граничные условия. </p>
<inject-highlight>class Answer:
    def temp_cat(self, temp):

        # для наглядности отступы не соответствуют требованиям PEP8
        res = {
                      temp &lt;= -20: 0,   # Холодно
                -20 &lt; temp &lt;=   0: 1,   # Прохладно
                  0 &lt; temp &lt;=  15: 2,   # Зябко
                 15 &lt; temp &lt;=  25: 3,   # Тепло
                 25 &lt; temp:        4,   # Жарко
              }[True]

        # Следим за тем, чтобы истинным всегда было только одно условие

        return res
</inject-highlight>
<p>Решение через список кортежей:</p>
<ul>
<li>В случае кортежа, проверять нужно все граничные условия;</li>
<li>Если одна из границ <code>None</code> считаем условие выполненным - <code>True</code>.</li>
</ul>
<inject-highlight>class Answer:
    def temp_cat(self, temp):

        # для наглядности отступы не соответствуют требованиям PEP8
        temp_rng = ([(None,  -20, 0),   # Холодно
                     ( -20,    0, 1),   # Прохладно
                     (   0,   15, 2),   # Зябко
                     (  15,   25, 3),   # Тепло
                     (  25, None, 4)])  # Жарко

        for t in temp_rng:
            # Больше минимума и меньше или равно максимуму
            higher = True if t[0] is None else t[0] &lt; temp
            lower  = True if t[1] is None else        temp &lt;= t[1]
            if higher and lower:
                return t[2]

        # в идеале никогда не выполнится
        return 'Ошибка в temp_rng'
</inject-highlight>",0,98.0,251,0,1960.0,,True,True,
185,Python. ДЗ 5: Правильно обработать None,1,5,"<h2>Условие задачи</h2>
<p>Дан список <code>lst</code> из значений разного типа, включая <code>None</code>. Необходимо вернуть список без <code>None</code>, при этом правильно обработать проверку на него.  </p>
<h2>Задание</h2>
<p>Напишите функцию <code>de_none</code>, которая возвращает список исходных значений без <code>None</code>.</p>
<p>Функция <code>de_none</code> принимает на вход список <code>lst</code> из значений разного типа.</p>
<p><strong>Примечание:</strong> Для тренировки работы с условиями, воспользуйтесь обычным <code>if-elif-else</code> или тернарным <code>if-else</code> в одну строку.</p>
<p><strong>Пример:</strong></p>
<pre>lst = [None, None, 1, [], (), {}, None]
Ответ = [1, [], (), {}]
</pre>
<h2>Дополнительная информация</h2>
<p>Обратите внимание, что шаблон решения представлен в следующем виде (на примере языка Python):</p>
<inject-highlight>class Answer:
    def function(self, arg1, arg2):
        # напишите свой код ниже

        return res
</inject-highlight>
<p>Здесь <code>function</code> - функция, которую вам нужно написать (от задачи к задаче ее имя меняется), а <code>arg1, arg2</code> - аргументы этой функции.</p>
<p>Чтобы решить задачу, напишите свой код между комментарием и выражением <code>return ...</code>.</p>
<p>Если вы хотите промежуточно посмотреть, что вернет написанный вами код, воспользуйтесь конструкцией и нажмите кнопку Выполнить:</p>
<inject-highlight>print(Answer().function(arg1, arg2))
</inject-highlight>
<p>Если вам нужно импортировать какой-то модуль, указывайте модуль до <code>class Answer</code>. Например:</p>
<inject-highlight>import mymodule 


class Answer:
    ...
</inject-highlight>
<p><strong>Полный пример:</strong></p>
<inject-highlight># импортируем модуль
import collections


class Answer:
    def problemSolve(self, n, m):
        # напишите свой код ниже
        ...
        return res

# промежуточно смотрим результат
print(Answer().problemSolve(n=2, m=3)) 
</inject-highlight>","<p>Переменные в Python содержат адреса на ячейку памяти со значением, а не само значение. </p>
<p>Переменные хранятся в упорядоченной памяти - стеке, а значения переменных в неупорядоченной - куче.</p>
<p>Адрес в куче меняется при каждом изменении значения переменной. За новым адресом обращаемся в стек, чтобы знать где поискать в куче.</p>
<p>У всех констант, а том числе <code>None</code>,  адрес в стеке не меняется, не нужно лишний раз проверять, что у них лежит в куче.  </p>
<p>Выражение <code>is</code> сравнивает адреса в стеке, а <code>==</code> значения из кучи по этим адресам.</p>
<p>Эффективной проверкой на <code>None</code> является <code>is None</code> или <code>is not None</code>. </p>
<p>Не используйте <code>==</code>, <code>!=</code> и <code>&lt;&gt;</code> для <code>None</code>.</p>
<inject-highlight>class Answer:
    def de_none(self, lst):

        res = []

        for i in lst:
            if i is not None:  # Правильная обработка None
                res.append(i)

        return res
</inject-highlight>",0,98.0,252,0,1960.0,,True,True,
186,Python. ДЗ 5: Вычислить границы диапазона,2,10,"<h2>Условие задачи</h2>
<p>Дан список из последовательности уникальных чисел <code>scale</code> в порядке возрастания. Число <code>num</code> выбирается случайным образом в промежутке между минимальным и максимальным значением <code>scale</code>. В списке <code>scale</code> необходимо найти соседние числа <code>n_left</code> и <code>n_right</code>, в промежутке между которыми находится число <code>num</code>. Если в списке <code>scale</code> присутствует число <code>num</code>, оба возвращаемых значения равны <code>num</code> (отрезок нулевой длинны). </p>
<h2>Задание</h2>
<p>Напишите функцию <code>segment</code>, которая возвращает <code>(n_left, n_right)</code>, чтобы:</p>
<ul>
<li>оба числа были соседними в списке <code>scale</code> или совпадали с <code>num</code></li>
<li>выполнялось условие <code>n_left &lt;= num &lt;= n_right</code></li>
</ul>
<p>Функция <code>segment</code> принимает на вход исходное число <code>num</code> и возрастающий неповторяющийся список чисел <code>scale</code>.</p>
<p><strong>Примечание:</strong> Для тренировки работы с условиями, воспользуйтесь условием <code>if-else</code> в одной строке (тернарным выражением).</p>
<p><strong>Пример 1:</strong></p>
<pre>scale = [10, 20, 30, 40, 50]
num = 25
Ответ = (20, 30)  # 20 &lt;= 25 &lt;= 30
</pre>
<p><strong>Пример 2:</strong></p>
<pre>scale = [10, 20, 30, 40, 50]
num = 30
Ответ = (30, 30)  # Отрезок нулевой длинны
</pre>
<h2>Дополнительная информация</h2>
<p>Обратите внимание, что шаблон решения представлен в следующем виде (на примере языка Python):</p>
<inject-highlight>class Answer:
    def function(self, arg1, arg2):
        # напишите свой код ниже

        return res
</inject-highlight>
<p>Здесь <code>function</code> - функция, которую вам нужно написать (от задачи к задаче ее имя меняется), а <code>arg1, arg2</code> - аргументы этой функции.</p>
<p>Чтобы решить задачу, напишите свой код между комментарием и выражением <code>return ...</code>.</p>
<p>Если вы хотите промежуточно посмотреть, что вернет написанный вами код, воспользуйтесь конструкцией и нажмите кнопку Выполнить:</p>
<inject-highlight>print(Answer().function(arg1, arg2))
</inject-highlight>
<p>Если вам нужно импортировать какой-то модуль, указывайте модуль до <code>class Answer</code>. Например:</p>
<inject-highlight>import mymodule 


class Answer:
    ...
</inject-highlight>
<p><strong>Полный пример:</strong></p>
<inject-highlight># импортируем модуль
import collections


class Answer:
    def problemSolve(self, n, m):
        # напишите свой код ниже
        ...
        return res

# промежуточно смотрим результат
print(Answer().problemSolve(n=2, m=3)) 
</inject-highlight>","<p>Вариант решения с разделением <code>scale</code> на две части по значениям:</p>
<ul>
<li>меньше или равно <code>num</code> -&gt; возвращаем большее из них;</li>
<li>больше или равно <code>num</code> -&gt; возвращаем меньшее из них.</li>
</ul>
<inject-highlight>class Answer:
    def segment(self, num, scale):

        # для наглядности отступы не соответствуют требованиям PEP8

        n_left =  [i for i in scale if i &lt;= num     ]

        n_right = [i for i in scale if      num &lt;= i]

        return (max(n_left), min(n_right))
</inject-highlight>
<p>Решение через склеивание списка с помощью <code>zip()</code>:</p>
<p>Если в списке всего один элемент, проверяем его отдельно:</p>
<ul>
<li>при <code>len(scale) == 1</code> склеенный со сдвигом список будет пустым, отдельно проверяем <code>num == scale[0]</code> </li>
</ul>
<p>Когда два и более элемента, список можно склеить сам с собой со сдвигом на 1 элемент.</p>
<ul>
<li>если <code>scale = [10, 20, 30, 40, 50]</code>, то <code>list(zip(scale, scale[1:]))</code> будет равно: <code>[(10, 20), (20, 30), (30, 40), (40, 50)]</code></li>
<li>проверяем условие для пар элементов <code>n1 &lt; num &lt; n2</code> и совпадение со вторым элементом <code>num == n2</code>;</li>
<li>случай <code>n1 == num</code> проверять не нужно, так как первый элемент <code>scale[0]</code> проверили выше, а остальные элементы пройдут через <code>n2</code>. </li>
</ul>
<inject-highlight>class Answer:
    def segment(self, num, scale):

        # при len(scale) == 1 склеенный со сдвигом список будет пустым
        if num == scale[0]:
            return (num, num)

        for n1, n2 in zip(scale, scale[1:]):
            if n1 &lt; num &lt; n2:
                return (n1, n2)
            elif num == n2:
                return (n2, n2)

        # В идеале не должно выполниться
        return 'Ошибка в алгоритме'
</inject-highlight>
<p>Вариант решения с последовательным прохождением элементов списка:</p>
<inject-highlight>class Answer:
    def segment(self, num, scale):

        # на случай единственного элемента в списке
        if num == scale[0]:
            return (num, num)

        # работает медленно
        for i in range(len(scale)-1):
            n1 = scale[i]
            n2 = scale[i+1]
            if n1 &lt; num &lt; n2:
                return (n1, n2)
            elif num == n2:
                return (n2, n2)

        # В идеале не должно выполниться
        return 'Ошибка в алгоритме'
</inject-highlight>
<p>Еще один вариант решения с последовательным прохождением элементов списка:</p>
<inject-highlight>class Answer:
    def segment(self, num, scale):

        n1 = None

        # работает медленно
        while scale:
            n2 = scale.pop(0)
            if n2 == num:
                return (n2, n2)
            elif n1 is not None:
                if n1 &lt; num &lt; n2:
                    return (n1, n2)
            n1 = n2

        # В идеале не должно выполниться
        return 'Ошибка в алгоритме'
</inject-highlight>",0,98.0,253,0,1960.0,,True,True,
205,Python. ДЗ 9: Формирование словаря,1,5,"<p>На вход функции <code>dict_creation</code> подается 2 списка:</p>
<ul>
<li><code>ids</code></li>
<li><code>names</code> </li>
</ul>
<p>Известно, что список <code>ids</code> содержит только уникальные числа. Также известно, что списки могут быть разной длины, но длина <code>ids</code> всегда меньше. </p>
<p>Задача заключается в том, чтобы сформировать словарь вида:</p>
<inject-highlight>{
    'id': 'name'
}
</inject-highlight>
<p>Здесь <code>id</code> и <code>name</code> - элементы соответствующих списков с одинаковыми индексами. </p>
<p><strong>Важно:</strong> Решите задачу без использования циклов. </p>
<p><strong>Пример:</strong></p>
<inject-highlight>ids = [1, 2, 3]
names = ['Иван', 'Петр', 'Елена']

# результат
{
    1: 'Иван', 
    2: 'Петр', 
    3: 'Елена'
}
</inject-highlight>
<h2>Дополнительная информация</h2>
<p>Обратите внимание, что шаблон решения представлен в следующем виде (на примере языка Python):</p>
<inject-highlight>class Answer:
    def function(self, arg1, arg2):
        # напишите свой код ниже

        return res
</inject-highlight>
<p>Здесь <code>function</code> - функция, которую вам нужно написать (от задачи к задаче ее имя меняется), а <code>arg1, arg2</code> - аргументы этой функции.</p>
<p>Чтобы решить задачу, напишите свой код между комментарием и выражением <code>return ...</code>.</p>
<p>Если вы хотите промежуточно посмотреть, что вернет написанный вами код, воспользуйтесь конструкцией и нажмите кнопку Выполнить:</p>
<inject-highlight>print(Answer().function(arg1, arg2))
</inject-highlight>
<p>Если вам нужно импортировать какой-то модуль, указывайте модуль до <code>class Answer</code>. Например:</p>
<inject-highlight>import mymodule


class Answer:
    ...
</inject-highlight>
<p><strong>Полный пример:</strong></p>
<inject-highlight># импортируем модуль
import collections


class Answer:
    def problemSolve(self, n, m):
        # напишите свой код ниже
        ...
        return res

# промежуточно смотрим результат
print(Answer().problemSolve(n=2, m=3))
</inject-highlight>
","<p>Как и любую задачу этого класса, ее можно решить двумя концептуально разными способами:</p>
<ol>
<li>Через циклы</li>
<li>Через генератор словарей</li>
</ol>
<p>По условию задачи нужно использовать именно <code>dict comprehension</code>, но мы все-таки сначала покажем стандартный способ - через цикл. </p>
<p>Итак, алгоритм следующий:</p>
<ol>
<li>Берем элемент</li>
<li>Добавляем в словарь заданный ключ и соответствующее значение</li>
</ol>
<p>При этом чтобы одновременно рассматривать и ключи, и значения (т.к. они находятся в разных списках), мы будем использовать функцию <code>zip</code>.</p>
<p>В коде это будет выглядеть так:</p>
<inject-highlight>res = {}

for id, name in zip(ids, names):
    res[id] = name
</inject-highlight>
<p>Тоже самое мы можем сделать, воспользовавшись <code>dict comprehension</code>. </p>
<inject-highlight>class Answer:
    def dict_creation(self, ids, names):
        return {id: name for id, name in zip(ids, names)}
</inject-highlight>
<p><strong>Примечание:</strong> Функция <code>zip_longest</code> помогла бы нам, если нужно было бы формировать словарь, опираясь на максимальную длину из 2 списков(сейчас мы смотрим на минимальную - длину <code>ids</code>) </p>",0,98.0,272,0,1920.0,,True,True,
187,Python. ДЗ 5: Найти максимальное значение меньше заданного [1],1,5,"<h2>Условие задачи</h2>
<p>Кортеж <code>nums</code> содержит произвольное количество целых чисел в любом порядке. <code>limit</code> - содержит число, ограничивающее максимум искомого значения. Необходимо найти наибольшее значение строго меньше заданного лимита. Если такого значения нет, вернуть <code>-1</code>.</p>
<h2>Задание</h2>
<p>Напишите функцию <code>lim_max</code>, которая возвращает ограниченный максимум.</p>
<p>Функция <code>lim_max</code> принимает на вход <code>nums</code> - исходный кортеж чисел и <code>limit</code> - числовое ограничение сверху.</p>
<p><strong>Примечание:</strong> Для тренировки работы с условиями, воспользуйтесь обычным <code>if-elif-else</code>.</p>
<p><strong>Пример 1:</strong></p>
<pre>nums = (10, 20, 30, 40, 50, 60, 70, 80, 100)
limit = 50
Ответ = 40  # Наибольшее число меньше 50
</pre>
<p><strong>Пример 2:</strong></p>
<pre>nums = (100, 1, 50, 90, 2)
limit = 40
Ответ = 2  # Наибольшее число меньше 40
</pre>
<p><strong>Пример 3:</strong></p>
<pre>nums = (100, )
limit = 1
Ответ = -1  # Нет соответствующих значений
</pre>
<p><strong>Пример 4:</strong></p>
<pre>nums = ()
limit = 100
Ответ = -1  # Пустой кортеж
</pre>
<h2>Дополнительная информация</h2>
<p>Обратите внимание, что шаблон решения представлен в следующем виде (на примере языка Python):</p>
<inject-highlight>class Answer:
    def function(self, arg1, arg2):
        # напишите свой код ниже

        return res
</inject-highlight>
<p>Здесь <code>function</code> - функция, которую вам нужно написать (от задачи к задаче ее имя меняется), а <code>arg1, arg2</code> - аргументы этой функции.</p>
<p>Чтобы решить задачу, напишите свой код между комментарием и выражением <code>return ...</code>.</p>
<p>Если вы хотите промежуточно посмотреть, что вернет написанный вами код, воспользуйтесь конструкцией и нажмите кнопку Выполнить:</p>
<inject-highlight>print(Answer().function(arg1, arg2))
</inject-highlight>
<p>Если вам нужно импортировать какой-то модуль, указывайте модуль до <code>class Answer</code>. Например:</p>
<inject-highlight>import mymodule 


class Answer:
    ...
</inject-highlight>
<p><strong>Полный пример:</strong></p>
<inject-highlight># импортируем модуль
import collections


class Answer:
    def problemSolve(self, n, m):
        # напишите свой код ниже
        ...
        return res

# промежуточно смотрим результат
print(Answer().problemSolve(n=2, m=3)) 
</inject-highlight>","<p>Чтобы решить задачу необходимо:</p>
<ul>
<li>инициировать возвращаемую переменную вне цикла значением <code>-1</code>;</li>
<li>если кортеж <code>nums</code> пустой, вернуть <code>-1</code>. 
  В этом случае, цикл <code>for i in nums:</code> ни разу не выполнится.
  <code>res</code> уже и так равен <code>-1</code>; </li>
<li>если ни одно значение не меньше <code>limit</code>, вернуть <code>-1</code>;
  В этом случае, условие <code>res &lt; i &lt; limit</code> ни разу не выполнится.
  <code>res</code> уже и так равен <code>-1</code>; </li>
<li>из всех значений найти максимальное число меньше <code>limit</code>.
  По итогам цикла с условием, это значение постепенно накопит <code>res</code>. </li>
</ul>
<inject-highlight>class Answer:
    def lim_max(self, nums, limit):

        res = -1

        for i in nums:  # Это - медленно
            if res &lt; i &lt; limit:
                res = i

        return res
</inject-highlight>
<p>Хотя данный вариант решения проходит по списку только один раз, он перебирает значения один за другим. Это - медленно.</p>
<p>Данный пример приведён для тренировки работы с циклами. В дальнейшем постарайтесь избегать подобных циклов. 
В последующих задачах предложено более оптимальное решение с помощью генераторов списков (list comprehensions). </p>
<p>Хорошей практикой является проверка исключений. Обратите внимание на строки в самом начале:</p>
<inject-highlight>class Answer:
    def lim_max(self, nums, limit):

        if not isinstance(nums, tuple):
            raise AttributeError('Атрибут &quot;nums&quot; не является кортежем.')

        if not isinstance(limit, int):
            raise AttributeError('Атрибут &quot;limit&quot; не является целым числом.')

        res = -1

        for i in nums:  # Это - медленно
            if res &lt; i &lt; limit:
                res = i

        return res
</inject-highlight>",0,98.0,254,0,1960.0,,True,True,
188,Python. ДЗ 5: Найти максимальное значение меньше заданного [2],2,10,"<h2>Условие задачи</h2>
<p>Кортеж <code>nums</code> содержит произвольное количество целых чисел в любом порядке. <code>limit</code> - содержит число, ограничивающее максимум искомого значения. Необходимо найти наибольшее значение строго меньше заданного лимита. Если такого значения нет, вернуть <code>-1</code>.</p>
<h2>Задание</h2>
<p>Напишите функцию <code>lim_max</code>, которая возвращает ограниченный максимум.</p>
<p>Функция <code>lim_max</code> принимает на вход <code>nums</code> - исходный кортеж чисел и <code>limit</code> - числовое ограничение сверху.</p>
<p><strong>Примечание:</strong> Для тренировки работы с условиями, воспользуйтесь однострочным <code>val = a if True else b</code>.</p>
<p><strong>Примечание:</strong> Решите задачу с помощью генерации списка (list comprehensions).</p>
<p><strong>Пример 1:</strong></p>
<pre>nums = (10, 20, 30, 40, 50, 60, 70, 80, 100)
limit = 50
Ответ = 40  # Наибольшее число меньше 50
</pre>
<p><strong>Пример 2:</strong></p>
<pre>nums = (100, 1, 50, 90, 2)
limit = 40
Ответ = 2  # Наибольшее число меньше 40
</pre>
<p><strong>Пример 3:</strong></p>
<pre>nums = (100, )
limit = 1
Ответ = -1  # Нет соответствующих значений
</pre>
<p><strong>Пример 4:</strong></p>
<pre>nums = ()
limit = 100
Ответ = -1  # Пустой кортеж
</pre>
<h2>Дополнительная информация</h2>
<p>Обратите внимание, что шаблон решения представлен в следующем виде (на примере языка Python):</p>
<inject-highlight>class Answer:
    def function(self, arg1, arg2):
        # напишите свой код ниже

        return res

</inject-highlight>
<p>Здесь <code>function</code> - функция, которую вам нужно написать (от задачи к задаче ее имя меняется), а <code>arg1, arg2</code> - аргументы этой функции.</p>
<p>Чтобы решить задачу, напишите свой код между комментарием и выражением <code>return ...</code>.</p>
<p>Если вы хотите промежуточно посмотреть, что вернет написанный вами код, воспользуйтесь конструкцией и нажмите кнопку Выполнить:</p>
<inject-highlight>print(Answer().function(arg1, arg2))
</inject-highlight>
<p>Если вам нужно импортировать какой-то модуль, указывайте модуль до <code>class Answer</code>. Например:</p>
<inject-highlight>import mymodule 


class Answer:
    ...

</inject-highlight>
<p><strong>Полный пример:</strong></p>
<inject-highlight># импортируем модуль
import collections


class Answer:
    def problemSolve(self, n, m):
        # напишите свой код ниже
        ...
        return res

# промежуточно смотрим результат
print(Answer().problemSolve(n=2, m=3))
</inject-highlight>","<p>Чтобы решить задачу с помощью генератора списка (list comprehensions) необходимо:</p>
<ul>
<li>сгенерировать список <code>lim_nums</code> со значениями, ограниченными <code>limit</code>;</li>
<li>из всех значений найти максимальное <code>max(lim_nums)</code>;</li>
<li>если список пустой, вернуть <code>-1</code></li>
</ul>
<inject-highlight>class Answer:
    def lim_max(self, nums, limit):

        # генерируем список (list comprehensions)
        lim_nums = [i for i in nums if i &lt; limit]

        # второй раз проходим по кортежу, когда ищем максимум
        return max(lim_nums) if lim_nums else -1
</inject-highlight>
<p>Данную задачу неэффективно решать с помощью обычного цикла с проверкой на условие при последовательном переборе всех значений:</p>
<inject-highlight>class Answer:
    def lim_max(self, nums, limit):

        res = -1

        for i in nums:  # Это - медленно
            if res &lt; i &lt; limit:
                res = i

        return res
</inject-highlight>
<p>Решение с помощью генератора списка (list comprehensions) работает быстрее, но создаёт лишний список и лишний раз проходим по нему, когда ищем максимум. В последующих задачах предложено более оптимальное решение с помощью итератора (iterators).</p>
<p>Хорошей практикой является проверка исключений. Обратите внимание на строки в самом начале:</p>
<inject-highlight>class Answer:
    def lim_max(self, nums, limit):

        if not isinstance(nums, tuple):
            raise AttributeError('Атрибут &quot;nums&quot; не является кортежем.')

        if not isinstance(limit, int):
            raise AttributeError('Атрибут &quot;limit&quot; не является целым числом.')

        # генерируем список (list comprehensions)
        lim_nums = [i for i in nums if i &lt; limit]

        # второй раз проходим по кортежу, когда ищем максимум
        return max(lim_nums) if lim_nums else -1
</inject-highlight>",0,98.0,255,0,1960.0,,True,True,
189,Python. ДЗ 6: Проверка на список,1,5,"<h2>Задание</h2>
<p>Дана переменная <code>var</code>, которой присвоены данные определённого типа. Напишите функцию <code>list_check</code>, которая возвращает:</p>
<ul>
<li><code>True</code>, если <code>var</code> является списком;</li>
<li><code>False</code>, если <code>var</code> является <code>None</code> или не является списком;</li>
</ul>
<p>Функция <code>list_check</code> принимает на вход исходную переменную <code>var</code>.</p>
<p><strong>Пример 1:</strong></p>
<pre>var = ['Это', 'список']
Ответ = True
</pre>
<p><strong>Пример 2:</strong></p>
<pre>var = []  # Пустой список 
Ответ = True
</pre>
<p><strong>Пример 3:</strong></p>
<pre>var = None 
Ответ = False
</pre>
<p><strong>Пример 4:</strong></p>
<pre>var = ('Это', 'кортеж') 
Ответ = False
</pre>
<p><strong>Пример 5:</strong></p>
<pre>var = {'Это', 'множество'} 
Ответ = False
</pre>
<p><strong>Пример 6:</strong></p>
<pre>var = {'Это': 'словарь'} 
Ответ = False
</pre>
<h2>Дополнительная информация</h2>
<p>Обратите внимание, что шаблон решения представлен в следующем виде (на примере языка Python):</p>
<inject-highlight>class Answer:
    def function(self, arg1, arg2):
        # напишите свой код ниже

        return res
</inject-highlight>
<p>Здесь <code>function</code> - функция, которую вам нужно написать (от задачи к задаче ее имя меняется), а <code>arg1, arg2</code> - аргументы этой функции.</p>
<p>Чтобы решить задачу, напишите свой код между комментарием и выражением <code>return ...</code>.</p>
<p>Если вы хотите промежуточно посмотреть, что вернет написанный вами код, воспользуйтесь конструкцией и нажмите кнопку Выполнить:</p>
<inject-highlight>print(Answer().function(arg1, arg2))
</inject-highlight>
<p>Если вам нужно импортировать какой-то модуль, указывайте модуль до <code>class Answer</code>. Например:</p>
<inject-highlight>import mymodule


class Answer:
    ...
</inject-highlight>
<p><strong>Полный пример:</strong></p>
<inject-highlight># импортируем модуль
import collections


class Answer:
    def problemSolve(self, n, m):
        # напишите свой код ниже
        ...
        return res

# промежуточно смотрим результат
print(Answer().problemSolve(n=2, m=3))
</inject-highlight>","<p>Чтобы решить задачу необходимо проверить значение <code>var</code>: </p>
<ul>
<li>на <code>None</code> с помощью <code>is None</code>, НЕ используя <code>==</code>;</li>
<li>на <code>list</code> без кавычек с помощью <code>type()</code> или <code>isinstance()</code>,
  как встроенный тип данных а не его название в строке;
Можно решить через <code>if-else</code> или в одну строку.</li>
</ul>
<p>Решение через <code>type()</code>:</p>
<inject-highlight>class Answer:
    def list_check(self, var):

        if var is None:
            return False

        return type(var) == list
</inject-highlight>
<p>Тоже решение в одну строчку:</p>
<inject-highlight>class Answer:
    def list_check(self, var):

        return (var is not None) and (type(var) == list)
</inject-highlight>
<p>Решение через <code>isinstance()</code>:</p>
<inject-highlight>class Answer:
    def list_check(self, var):

        return (var is not None) and isinstance(var, list)
</inject-highlight>",0,98.0,256,0,1950.0,,True,True,
190,Python. ДЗ 6: Получить значение списка по индексу,1,5,"<h2>Задание</h2>
<p>Переменная <code>ref_list</code> содержит список, а <code>index</code> - порядковый номер, начиная с <code>0</code>. Напишите функцию <code>list_index</code>, которая возвращает:</p>
<ul>
<li>значение в списке <code>ref_list</code> по порядковому номеру <code>index</code>;</li>
<li><code>-1</code>, если <code>ref_list</code> является <code>None</code> или не является списком;</li>
<li><code>-1</code>, если в <code>ref_list</code> нет значения с порядковым номером <code>index</code>.</li>
</ul>
<p>Функция <code>list_index</code> принимает на вход исходную переменную <code>ref_list</code> и порядковый номер <code>index</code>.</p>
<p><strong>Пример 1:</strong></p>
<pre>ref_list = ['Это', 'список']
index = 1
Ответ = 'список'
</pre>
<p><strong>Пример 2:</strong></p>
<pre>ref_list = ['Это', 'список']
index = 2  # За границами списка
Ответ = -1 
</pre>
<p><strong>Пример 3:</strong></p>
<pre>ref_list = []  # Пустой список 
index = 1
Ответ = -1
</pre>
<p><strong>Пример 4:</strong></p>
<pre>ref_list = None
index = 1 
Ответ = -1
</pre>
<p><strong>Пример 5:</strong></p>
<pre>ref_list = ('Это', 'кортеж')
index = 1 
Ответ = -1
</pre>
<p><strong>Пример 6:</strong></p>
<pre>ref_list = {'Это': 'словарь'} 
index = 1
Ответ = -1
</pre>
<h2>Дополнительная информация</h2>
<p>Обратите внимание, что шаблон решения представлен в следующем виде (на примере языка Python):</p>
<inject-highlight>class Answer:
    def function(self, arg1, arg2):
        # напишите свой код ниже

        return res
</inject-highlight>
<p>Здесь <code>function</code> - функция, которую вам нужно написать (от задачи к задаче ее имя меняется), а <code>arg1, arg2</code> - аргументы этой функции.</p>
<p>Чтобы решить задачу, напишите свой код между комментарием и выражением <code>return ...</code>.</p>
<p>Если вы хотите промежуточно посмотреть, что вернет написанный вами код, воспользуйтесь конструкцией и нажмите кнопку Выполнить:</p>
<inject-highlight>print(Answer().function(arg1, arg2))
</inject-highlight>
<p>Если вам нужно импортировать какой-то модуль, указывайте модуль до <code>class Answer</code>. Например:</p>
<inject-highlight>import mymodule


class Answer:
    ...
</inject-highlight>
<p><strong>Полный пример:</strong></p>
<inject-highlight># импортируем модуль
import collections


class Answer:
    def problemSolve(self, n, m):
        # напишите свой код ниже
        ...
        return res

# промежуточно смотрим результат
print(Answer().problemSolve(n=2, m=3))
</inject-highlight>","<p>Чтобы решить задачу необходимо: </p>
<ul>
<li>проверить значение <code>ref_list</code> на <code>None</code> 
  с помощью <code>is None</code>, НЕ используя <code>==</code>;</li>
<li>сравнить тип <code>ref_list</code> c <code>list</code> без кавычек
  с помощью <code>type()</code> или <code>isinstance()</code>
  как встроенный тип данных, а не его название в строке;</li>
<li>сравнить длину списка <code>ref_list</code> и <code>index</code>, прибавив к последнему <code>1</code>, 
  так как значение длинны списка начинается с <code>1</code>, а 
  порядковый номер элементов в списке с <code>0</code>  </li>
<li>вернуть значение списка <code>ref_list</code> по порядковому номеру <code>index</code>.
Важно соблюсти порядок проверок, иначе возникнут ошибки. </li>
</ul>
<p>Решение через <code>type()</code>:</p>
<inject-highlight>class Answer:
    def list_index(self, ref_list, index):

        if ref_list is None:
            res = -1
        elif type(ref_list) != list:
            res = -1
        elif len(ref_list) &lt; index + 1:
            res = -1
        else:
            res = ref_list[index]

        return res
</inject-highlight>
<p>Решение через <code>isinstance()</code>:</p>
<inject-highlight>class Answer:
    def list_index(self, ref_list, index):

        if ref_list is None:
            res = -1
        elif not isinstance(ref_list, list):
            res = -1
        elif len(ref_list) &lt; index + 1:
            res = -1
        else:
            res = ref_list[index]

        return res
</inject-highlight>",0,98.0,257,0,1950.0,,True,True,
191,Python. ДЗ 6: Изменить структуру списка списков,1,5,"<h2>Условие задачи</h2>
<p>Переменная <code>ref_list</code> содержит список списков <code>[[...], [...]]</code>. Сначала следует список имён <code>['Имя 1', 'Имя 2', ...]</code> , следующим элементом - список фамилий <code>['Фамилия 1', 'Фамилия 2', ...]</code>. Необходимо изменить структуру списка списков, чтобы имена и фамилии шли парами: <code>['Имя 1', 'Фамилия 1']</code>, <code>['Имя 2', 'Фамилия 2']</code> и так далее <code>[['',''], ['',''], ...]</code>.</p>
<h2>Задание</h2>
<p>Напишите функцию <code>list_reorder</code>, которая возвращает:</p>
<ul>
<li>список списков <code>[['',''], ['',''], ...]</code></li>
<li>в котором имена и фамилии идут парами <code>['Имя N', 'Фамилия N']</code>.</li>
</ul>
<p>Функция <code>list_reorder</code> принимает на вход исходный список списков <code>ref_list</code>.</p>
<p><strong>Пример 1:</strong></p>
<pre>ref_list = [ ['Александр', 'Анастасия'], ['Смирнов',   'Иванова'] ]
Ответ    = [ ['Александр', 'Смирнов'],   ['Анастасия', 'Иванова'] ]
</pre>
<p><strong>Пример 2:</strong></p>
<pre>ref_list = [['Александр', 'Анастасия', 'Джеймс', 'Эмма'], ['Смирнов', 'Иванова', 'Смит', 'Джонсон']]
Ответ    = [['Александр', 'Смирнов'], ['Анастасия', 'Иванова'], ['Джеймс', 'Смит'], ['Эмма', 'Джонсон']]
</pre>
<h2>Дополнительная информация</h2>
<p>Обратите внимание, что шаблон решения представлен в следующем виде (на примере языка Python):</p>
<inject-highlight>class Answer:
    def function(self, arg1, arg2):
        # напишите свой код ниже

        return res
</inject-highlight>
<p>Здесь <code>function</code> - функция, которую вам нужно написать (от задачи к задаче ее имя меняется), а <code>arg1, arg2</code> - аргументы этой функции.</p>
<p>Чтобы решить задачу, напишите свой код между комментарием и выражением <code>return ...</code>.</p>
<p>Если вы хотите промежуточно посмотреть, что вернет написанный вами код, воспользуйтесь конструкцией и нажмите кнопку Выполнить:</p>
<inject-highlight>print(Answer().function(arg1, arg2))
</inject-highlight>
<p>Если вам нужно импортировать какой-то модуль, указывайте модуль до <code>class Answer</code>. Например:</p>
<inject-highlight>import mymodule


class Answer:
    ...
</inject-highlight>
<p><strong>Полный пример:</strong></p>
<inject-highlight># импортируем модуль
import collections


class Answer:
    def problemSolve(self, n, m):
        # напишите свой код ниже
        ...
        return res

# промежуточно смотрим результат
print(Answer().problemSolve(n=2, m=3))
</inject-highlight>","<p>Чтобы решить задачу необходимо: </p>
<ul>
<li>пройтись по всей длине нулевого и первого элементов списка <code>ref_list[0]</code>, <code>ref_list[0]</code>,
  длину списка вычислить как <code>len()</code> от нулевого или первого;</li>
<li>сформировать список из пар их элементов <code>ref_list[0][i]</code> и <code>ref_list[1][i]</code> на одинаковых позициях <code>i</code>.</li>
<li>добавить пары в список <code>res.append()</code>, предварительно присвоив переменной значение <code>res = []</code>.</li>
</ul>
<p>Решение через <code>len()</code>:</p>
<inject-highlight>class Answer:
    def list_reorder(self, ref_list):

        res = []

        for i in range(len(ref_list[0])):
            res.append([ref_list[0][i], ref_list[1][i]])

        return res
</inject-highlight>
<p>Решение через генератор списков (list comprehensions) и <code>zip()</code>:</p>
<inject-highlight>class Answer:
    def list_reorder(self, ref_list):

        return [list(i) for i in zip(ref_list[0], ref_list[1])]
</inject-highlight>
<p>Преобразуем элементы результата склейки <code>zip()</code> в тип списка, поскольку <code>zip()</code> возвращает итератор кортежей. </p>
<p>Предпочтительное решение через <code>map()</code> и <code>zip()</code>:</p>
<inject-highlight>class Answer:
    def list_reorder(self, ref_list):

        return list(map(list, zip(ref_list[0], ref_list[1])))
</inject-highlight>
<p>Преобразуем элементы результата склейки <code>zip()</code> в тип списка, поскольку <code>zip()</code> возвращает итератор кортежей.</p>",0,98.0,258,0,1950.0,,True,True,
192,Python. ДЗ 6: Расширить список с заданной позиции,1,5,"<h2>Условие задачи</h2>
<p>Дан список чисел <code>ref_list</code>. Начиная с позиции <code>start</code> нужно вставить <code>rep</code> повторений числа <code>num</code>. Если список <code>ref_list</code> короче <code>start</code>, вернуть <code>-1</code></p>
<h2>Задание</h2>
<p>Напишите функцию <code>list_insert</code>, которая возвращает список чисел, в который вставлены числа <code>num</code> в количестве <code>rep</code> с позиции <code>start</code>.</p>
<p>Функция <code>list_insert</code> принимает на вход:</p>
<ul>
<li>исходный список <code>ref_list</code></li>
<li>числовой номер позиции <code>start</code></li>
<li>число <code>num</code></li>
<li>число повторений <code>rep</code>.</li>
</ul>
<p><strong>Примечание:</strong> Решите задачу в одну строку без разбиения исходного списка на части.</p>
<p><strong>Пример 1:</strong></p>
<pre>ref_list = [0, 1, 2, 3, 4, 5]
start =  4
num   = 40
rep   =  2
Ответ = [0, 1, 2, 3, 40, 40, 4, 5]
</pre>
<p><strong>Пример 2:</strong></p>
<pre>ref_list = [0, 1]
start =  2
num   = 20
rep   =  3
Ответ = [0, 1, 20, 20, 20]
</pre>
<p><strong>Пример 3:</strong></p>
<pre>ref_list = [0, 1]
start =  5
num   = 20
rep   =  3
Ответ = -1
</pre>
<p><strong>Пример 4:</strong></p>
<pre>ref_list = []
start =  0
num   =  0
rep   =  4
Ответ = [0, 0, 0, 0]
</pre>
<h2>Дополнительная информация</h2>
<p>Обратите внимание, что шаблон решения представлен в следующем виде (на примере языка Python):</p>
<inject-highlight>class Answer:
    def function(self, arg1, arg2):
        # напишите свой код ниже

        return res
</inject-highlight>
<p>Здесь <code>function</code> - функция, которую вам нужно написать (от задачи к задаче ее имя меняется), а <code>arg1, arg2</code> - аргументы этой функции.</p>
<p>Чтобы решить задачу, напишите свой код между комментарием и выражением <code>return ...</code>.</p>
<p>Если вы хотите промежуточно посмотреть, что вернет написанный вами код, воспользуйтесь конструкцией и нажмите кнопку Выполнить:</p>
<inject-highlight>print(Answer().function(arg1, arg2))
</inject-highlight>
<p>Если вам нужно импортировать какой-то модуль, указывайте модуль до <code>class Answer</code>. Например:</p>
<inject-highlight>import mymodule


class Answer:
    ...
</inject-highlight>
<p><strong>Полный пример:</strong></p>
<inject-highlight># импортируем модуль
import collections


class Answer:
    def problemSolve(self, n, m):
        # напишите свой код ниже
        ...
        return res

# промежуточно смотрим результат
print(Answer().problemSolve(n=2, m=3))
</inject-highlight>","<p>Чтобы решить задачу необходимо:</p>
<ul>
<li>подготовить список из <code>rep</code> повторений <code>num</code>: <code>[num,] * rep</code>;</li>
<li>добавить его <code>+=</code> к списку <code>ref_list</code> начиная с позиции <code>start</code>: <code>ref_list[:start:]</code>.</li>
</ul>
<inject-highlight>class Answer:
    def list_insert(self, ref_list, start, num, rep):

        if len(ref_list) &lt; start:
            return -1

        ref_list[:start:] += [num,] * rep

        return ref_list
</inject-highlight>
<p>Можно было бы решить задачу разбиением списка на две части:</p>
<inject-highlight>class Answer:
    def list_insert(self, ref_list, start, num, rep):

        if len(ref_list) &lt; start:
            return -1

        res = ref_list[:start:] + [num,] * rep + ref_list[start::]

        return res
</inject-highlight>
<p>Однако, по условиям задачи этого делать нельзя.</p>",0,98.0,259,0,1950.0,,True,True,
193,Python. ДЗ 6: Сгенерировать список значений в заданном интервале [1],2,10,"<h2>Условие задачи</h2>
<p>Даны целые числа <code>start</code> и <code>stop</code>. Необходимо составить список из последовательных чисел в интервале <code>start</code> и <code>stop</code> включительно.</p>
<h2>Задание</h2>
<p>Напишите функцию <code>list_numbers</code>, которая возвращает список чисел от <code>start</code> до <code>stop</code> включительно.</p>
<p>Функция <code>list_numbers</code> принимает на вход целые числа <code>start</code> и <code>stop</code>.</p>
<p><strong>Примечание:</strong> Решите задачу оптимально по скорости выполнения и без лишних ресурсов.</p>
<p><strong>Пример 1:</strong></p>
<pre>start = 10
stop  = 15
Ответ = [10, 11, 12, 13, 14, 15]
</pre>
<p><strong>Пример 2:</strong></p>
<pre>start = 15
stop  = 10
Ответ = [15, 14, 13, 12, 11, 10]
</pre>
<p><strong>Пример 3:</strong></p>
<pre>start = 0
stop  = 0
Ответ = [0]
</pre>
<p><strong>Пример 4:</strong></p>
<pre>start = -2
stop  =  2
Ответ = [-2, -1, 0, 1, 2]
</pre>
<p><strong>Пример 5:</strong></p>
<pre>start =  2
stop  = -2
Ответ = [2, 1, 0, -1, -2]
</pre>
<p><strong>Пример 6:</strong></p>
<pre>start = -15
stop  = -10
Ответ = [-15, -14, -13, -12, -11, -10]
</pre>
<p><strong>Пример 7:</strong></p>
<pre>start = -10
stop  = -15
Ответ = [-10, -11, -12, -13, -14, -15]
</pre>
<h2>Дополнительная информация</h2>
<p>Обратите внимание, что шаблон решения представлен в следующем виде (на примере языка Python):</p>
<inject-highlight>class Answer:
    def function(self, arg1, arg2):
        # напишите свой код ниже

        return res
</inject-highlight>
<p>Здесь <code>function</code> - функция, которую вам нужно написать (от задачи к задаче ее имя меняется), а <code>arg1, arg2</code> - аргументы этой функции.</p>
<p>Чтобы решить задачу, напишите свой код между комментарием и выражением <code>return ...</code>.</p>
<p>Если вы хотите промежуточно посмотреть, что вернет написанный вами код, воспользуйтесь конструкцией и нажмите кнопку Выполнить:</p>
<inject-highlight>print(Answer().function(arg1, arg2))
</inject-highlight>
<p>Если вам нужно импортировать какой-то модуль, указывайте модуль до <code>class Answer</code>. Например:</p>
<inject-highlight>import mymodule


class Answer:
    ...
</inject-highlight>
<p><strong>Полный пример:</strong></p>
<inject-highlight># импортируем модуль
import collections


class Answer:
    def problemSolve(self, n, m):
        # напишите свой код ниже
        ...
        return res

# промежуточно смотрим результат
print(Answer().problemSolve(n=2, m=3))
</inject-highlight>","<p>Проще всего было бы решить задачу с помощью перебора всех значений в цикле по индексу, но это неоптимально: </p>
<inject-highlight>class Answer:
    def list_numbers(self, start, stop):

        res = []
        i = start
        step = 1

        if start &lt;= stop:
            while i &lt;= stop:
                res.append(i)
                i += step
        else:
            while i &gt;= stop:
                res.append(i)
                i -= step

        return res
</inject-highlight>
<p>То же неоптимальное решение можно написать с помощью одного цикла <code>while</code>:</p>
<inject-highlight>class Answer:
    def list_numbers(self, start, stop):

        res = []
        i = start
        step = 1

        # Прямое направление перечисление (forward) или наоборот
        fwd = 1 if start &lt;= stop else -1

        while (i &lt;= stop) if (fwd == 1) else (i &gt;= stop):
            res.append(i)
            i += step * fwd

        return res
</inject-highlight>
<p>Чтобы красиво решить задачу найдём закономерности:</p>
<p>Для случаев, когда <code>start &lt;= stop</code>:</p>
<ol>
<li><code>start, stop =  10,  15</code> </li>
<li><code>start, stop =  -2,   2</code></li>
<li><code>start, stop = -15, -10</code></li>
<li><code>start, stop =   0,   0</code></li>
</ol>
<p>работает формула <code>list(range(start, stop + 1, + 1))</code>;</p>
<p>Для случаев, когда <code>start &gt; stop</code>:</p>
<ol>
<li><code>start, stop =  15,  10</code></li>
<li><code>start, stop =   2,  -2</code></li>
<li><code>start, stop = -10, -15</code></li>
</ol>
<p>работает формула <code>list(range(start, stop - 1, - 1))</code>;</p>
<p>Объединяем оба решения в одно:</p>
<ul>
<li>начинаем со <code>start</code></li>
<li>чтобы значение <code>stop</code> попало в диапазон, добавляем <code>1</code> к <code>stop</code> в направлении перечисления <code>fwd</code>. </li>
<li>шагаем каждый <code>( : : 1)</code> шаг, в направлении перечисления <code>fwd</code>.</li>
</ul>
<inject-highlight>class Answer:
    def list_numbers(self, start, stop):

        # Прямое направление перечисление (forward) или наоборот
        fwd = 1 if start &lt;= stop else -1

        return list(range(start, stop + 1 * fwd, 1 * fwd))
</inject-highlight>",0,98.0,260,0,1950.0,,True,True,
194,Python. ДЗ 6: Сгенерировать список чисел в заданном интервале [2],3,15,"<h2>Условие задачи</h2>
<p>Даны целые числа <code>start</code> и <code>stop</code> и <code>n_div</code>. Необходимо составить список из последовательных чисел в интервале <code>start</code> и <code>stop</code> включительно, которые делятся без остатка на <code>n_div</code>. Считаем, что <code>0</code> делится без остатка на любое число, кроме <code>0</code>.</p>
<h2>Задание</h2>
<p>Напишите функцию <code>list_cond</code>, которая возвращает:</p>
<ul>
<li>список чисел от <code>start</code> до <code>stop</code> включительно, которые делятся без остатка на <code>n_div</code>;</li>
<li>если <code>n_div</code> равен <code>0</code> вернуть <code>-1</code></li>
</ul>
<p>Функция <code>list_cond</code> принимает на вход целые числа <code>start</code>, <code>stop</code> и <code>n_div</code>.</p>
<p><strong>Примечание:</strong> Решите задачу оптимально по скорости выполнения и без лишних ресурсов.</p>
<p><strong>Пример 1:</strong></p>
<pre>start = 10
stop  = 15
n_div = 2
Ответ = [10, 12, 14]  # Числа от 10 до 15, кратные 2
</pre>
<p><strong>Пример 2:</strong></p>
<pre>start = 15
stop  = 10
n_div =  2
Ответ = [14, 12, 10]  # Числа от 15 до 10, кратные 2
</pre>
<p><strong>Пример 3:</strong></p>
<pre>start = -15
stop  = -10
n_div =   3
Ответ = [-15, -12]  # Числа от -15 до -10, кратные 3
</pre>
<p><strong>Пример 4:</strong></p>
<pre>start = -10
stop  = -15
n_div =   3
Ответ = [-12, -15]  # Числа от -10 до -15, кратные 3
</pre>
<p><strong>Пример 5:</strong></p>
<pre>start = 10
stop  = 15
n_div = 34
Ответ = []  # Числа от 10 до 15, кратные 34
</pre>
<p><strong>Пример 6:</strong></p>
<pre>start = 10
stop  = 15
n_div = 0
Ответ = -1  # Деление на ноль
</pre>
<h2>Дополнительная информация</h2>
<p>Обратите внимание, что шаблон решения представлен в следующем виде (на примере языка Python):</p>
<inject-highlight>class Answer:
    def function(self, arg1, arg2):
        # напишите свой код ниже

        return res
</inject-highlight>
<p>Здесь <code>function</code> - функция, которую вам нужно написать (от задачи к задаче ее имя меняется), а <code>arg1, arg2</code> - аргументы этой функции.</p>
<p>Чтобы решить задачу, напишите свой код между комментарием и выражением <code>return ...</code>.</p>
<p>Если вы хотите промежуточно посмотреть, что вернет написанный вами код, воспользуйтесь конструкцией и нажмите кнопку Выполнить:</p>
<inject-highlight>print(Answer().function(arg1, arg2))
</inject-highlight>
<p>Если вам нужно импортировать какой-то модуль, указывайте модуль до <code>class Answer</code>. Например:</p>
<inject-highlight>import mymodule


class Answer:
    ...
</inject-highlight>
<p><strong>Полный пример:</strong></p>
<inject-highlight># импортируем модуль
import collections


class Answer:
    def problemSolve(self, n, m):
        # напишите свой код ниже
        ...
        return res

# промежуточно смотрим результат
print(Answer().problemSolve(n=2, m=3))
</inject-highlight>","<p>Проще всего было бы решить задачу с помощью цикла по индексу с дополнительным условием, но это неоптимально: </p>
<inject-highlight>class Answer:
    def list_cond(self, start, stop, n_div):

        if n_div == 0:
            return -1

        res = []
        i = start
        step = 1

        if start &lt;= stop:
            while i &lt;= stop:
                if i % n_div == 0:
                    res.append(i)
                i += step
        else:
            while i &gt;= stop:
                if i % n_div == 0:
                    res.append(i)
                i -= step

        return res
</inject-highlight>
<p>То же неоптимальное решение можно написать с помощью одного цикла <code>while</code>:</p>
<inject-highlight>class Answer:
    def list_cond(self, start, stop, n_div):

        res = []
        i = start
        step = 1

        if n_div == 0:
            return -1

        # Прямое направление перечисление (forward) или наоборот
        fwd = 1 if start &lt;= stop else -1

        while (i &lt;= stop) if (fwd == 1) else (i &gt;= stop):
            if i % n_div == 0:
                res.append(i)
            i += step * fwd

        return res
</inject-highlight>
<p>Чтобы красиво решить задачу найдём закономерности для неотсортированных диапазонов:</p>
<p>Для случаев, когда <code>start &lt;= stop</code>:</p>
<ol>
<li><code>start, stop =  10,  15</code></li>
<li><code>start, stop =  -2,   2</code></li>
<li><code>start, stop = -15, -10</code></li>
<li><code>start, stop =   0,   0</code></li>
</ol>
<p>работает формула <code>list(range(start + start % div, stop + 1, + 1))</code>;</p>
<p>Для случаев, когда <code>start &gt; stop</code>:</p>
<ol>
<li><code>start, stop =  15,  10</code></li>
<li><code>start, stop =   2,  -2</code></li>
<li><code>start, stop = -10, -15</code></li>
</ol>
<p>работает формула <code>list(range(start, stop - 1, - 1))</code>;</p>
<p>Для начала решим задачу в три этапа: </p>
<ol>
<li>Проверяем <code>n_div</code> на <code>0</code>, возвращаем <code>-1</code> если <code>0</code>;</li>
<li>Формируем полный список от <code>start</code> до <code>stop</code> включительно, для этого:</li>
<li>начинаем со <code>start</code></li>
<li>чтобы значение <code>stop</code> попало в диапазон, добавляем <code>1</code> к <code>stop</code> в направлении перечисления <code>fwd</code>. </li>
<li>шагаем каждый <code>[ : : 1]</code> шаг, в направлении перечисления <code>fwd</code>.</li>
<li>Сортируем числа с целым остатком деления <code>if n % n_div == 0</code>.</li>
</ol>
<p>Это неэффективное решение, так как в памяти формируется список с лишними значениями.</p>
<inject-highlight>class Answer:
    def list_cond(self, start, stop, n_div):

        if n_div == 0:
            return -1

        # Прямое направление перечисление (forward) или наоборот
        fwd = 1 if start &lt;= stop else -1

        # Неэффективно расходуем память
        res = list(range(start, stop + 1 * fwd, 1 * fwd))

        res = [i for i in res if (i % n_div == 0)]

        return res
</inject-highlight>
<p>Теперь создадим оптимальное решение сразу без лишних значений в списке:</p>
<ul>
<li>начинаем с ближайшего значения, которое делится на <code>n_div</code>, 
  для этого сдвигаемся от <code>start</code> в направлении перечисления <code>fwd</code> 
  на столько <code>offset</code> шагов, сколько в остатке деления недостаёт до <code>n_div</code>;</li>
<li>прыгаем через <code>[ : : n_div]</code> шагов в направлении перечисления <code>fwd</code>, 
  чтобы получить числа, делящиеся без остатка на <code>n_div</code>;</li>
<li>чтобы значение <code>stop</code> попало в диапазон, добавляем <code>1</code> к <code>stop</code> 
  в направлении перечисления <code>fwd</code>.</li>
</ul>
<inject-highlight>class Answer:
    def list_cond(self, start, stop, n_div):

        if n_div == 0:
            return -1

        # Сколько единиц не хватает до делимости без остатка на n_dev
        offset = 0 if (start % n_div == 0) else (n_div - abs(start) % n_div)

        # Прямое направление перечисление (forward) или наоборот
        fwd = 1 if start &lt;= stop else -1

        # Получаем нужный список сразу без лишних значений
        res = list(range(start + offset * fwd, stop + 1 * fwd, n_div * fwd))

        return res
</inject-highlight>",0,98.0,261,0,1950.0,,True,True,
195,Python. ДЗ 6: Прибавить число к каждому элементу списка,3,15,"<h2>Условие задачи</h2>
<p>Дан список чисел <code>ref_list</code>. Необходимо к каждому его элементу с позиции <code>start</code> до <code>stop</code> включительно, прибавить значение <code>num</code>. Если <code>ref_list</code> короче <code>start</code> или <code>stop</code> вернуть <code>-1</code>. Значение <code>start</code> может быть больше, меньше или равно <code>stop</code>.</p>
<h2>Задание</h2>
<p>Напишите функцию <code>list_add_num</code>, которая возвращает:</p>
<ul>
<li>исходный список, в котором числа на позициях от <code>start</code> до <code>stop</code> увеличены на <code>num</code>;</li>
<li>если список <code>ref_list</code> короче <code>start</code> или <code>stop</code> вернуть <code>-1</code></li>
</ul>
<p>Функция <code>list_add_num</code> принимает на вход</p>
<ul>
<li>исходный список <code>ref_list</code></li>
<li>целые числа позиций <code>start</code> и <code>stop</code></li>
<li>целое число <code>num</code></li>
</ul>
<p><strong>Примечание:</strong> Решите задачу без использования цикла.</p>
<p><strong>Пример 1:</strong></p>
<pre>ref_list = [0, 1, 2, 3, 4, 5, 6, 7, 8, 9]
start = 3
stop  = 5
num   = 100
Ответ = [0, 1, 2, 103, 104, 105, 6, 7, 8, 9]
</pre>
<p><strong>Пример 2:</strong></p>
<pre>ref_list = [0, 1, 2, 3, 4, 5, 6, 7, 8, 9]
start = 9
stop  = 6
num   = 1_000
Ответ = [0, 1, 2, 3, 4, 5, 1006, 1007, 1008, 1009]
</pre>
<p><strong>Пример 3:</strong></p>
<pre>ref_list = [0, 1, 2, 3, 4, 5, 6, 7, 8, 9]
start = 5
stop  = 5
num   = 10_000
Ответ = [0, 1, 2, 3, 4, 10005, 6, 7, 8, 9]
</pre>
<p><strong>Пример 4:</strong></p>
<pre>ref_list = [0, 1, 2, 3, 4, 5, 6, 7, 8, 9]
start = 15
stop  = 5
num   = 100_000
Ответ = -1
</pre>
<h2>Дополнительная информация</h2>
<p>Обратите внимание, что шаблон решения представлен в следующем виде (на примере языка Python):</p>
<inject-highlight>class Answer:
    def function(self, arg1, arg2):
        # напишите свой код ниже

        return res
</inject-highlight>
<p>Здесь <code>function</code> - функция, которую вам нужно написать (от задачи к задаче ее имя меняется), а <code>arg1, arg2</code> - аргументы этой функции.</p>
<p>Чтобы решить задачу, напишите свой код между комментарием и выражением <code>return ...</code>.</p>
<p>Если вы хотите промежуточно посмотреть, что вернет написанный вами код, воспользуйтесь конструкцией и нажмите кнопку Выполнить:</p>
<inject-highlight>print(Answer().function(arg1, arg2))
</inject-highlight>
<p>Если вам нужно импортировать какой-то модуль, указывайте модуль до <code>class Answer</code>. Например:</p>
<inject-highlight>import mymodule


class Answer:
    ...
</inject-highlight>
<p><strong>Полный пример:</strong></p>
<inject-highlight># импортируем модуль
import collections


class Answer:
    def problemSolve(self, n, m):
        # напишите свой код ниже
        ...
        return res

# промежуточно смотрим результат
print(Answer().problemSolve(n=2, m=3))
</inject-highlight>","<p>Для того, чтобы решить задачу:</p>
<ul>
<li>Сравниваем <code>start</code> и <code>stop</code> с длиной списка <code>ref_list</code>.
  Учитываем, что <code>start</code> и <code>stop</code> начинаются с <code>0</code>, 
  а <code>len(ref_list)</code> с <code>1</code>;</li>
<li>Учитываем перестановки <code>start</code> и <code>stop</code>: 
  c помощью <code>min(start, stop)</code> и <code>max(start, stop)</code>;</li>
<li>Формируем промежуточный список <code>num_list</code> из значений <code>num</code>, 
  которые будем добавлять от <code>start</code> до <code>stop</code>,
  список будет иметь длину <code>stop - start + 1</code>;</li>
<li>делаем нарезку (slicing) части списка, к которой будем 
  прибавлять <code>num</code>: <code>ref_list[start:stop+1:]</code>;</li>
<li>слепляем нарезку со списком <code>num_list</code> с помощью <code>zip()</code>
  получаем итератор кортежей:
  <code>((старое_значение_на_start, num), ... , (старое_значение_на_stop, num)</code></li>
<li>складываем попарные значения итератора кортежей
  с помощью <code>map(sum, ...)</code> и преобразуем итератор в список <code>list()</code>;</li>
<li>присваиваем значения части исходного списка 
  по адресам нарезки: <code>ref_list[start:stop+1:]</code>;</li>
<li>возвращаем итоговый список.</li>
</ul>
<inject-highlight>class Answer:
    def list_add_num(self, ref_list, start, stop, num):

        if len(ref_list) &lt; start + 1  or len(ref_list) &lt; stop + 1:
            return -1

        start, stop = min(start, stop), max(start, stop)

        num_range = stop - start + 1

        num_list = [num,] * num_range

        ref_list[start:stop+1:] = list(map(sum, zip(ref_list[start:stop+1:], num_list)))

        return ref_list
</inject-highlight>",0,98.0,262,0,1950.0,,True,True,
196,Python. ДЗ 7: Объединение словарей,1,5,"<p>На вход функции <code>join_dicts</code> подается 2 словаря: </p>
<ul>
<li><code>dict_1</code></li>
<li><code>dict_2</code></li>
</ul>
<p>Функция <code>join_dicts</code> должна объединить эти словари таким образом, чтобы:</p>
<ul>
<li>в итоговом словаре ключи должны идти сначала из первого словаря, потом из второго</li>
<li>если во втором словаре есть совпадающие с первым ключи, то берем значения из второго словаря</li>
</ul>
<p><strong>Пример 1:</strong></p>
<inject-highlight>dict_1 = {'a': 1, 'b': 2}
dict_2 = {'c': 3, 'a': 4}

# применяем функцию
join_dicts(dict_1, dict_2)

# результат
{
    'a': 4, 
    'b': 2, 
    'c': 3
}
</inject-highlight>
<p><strong>Пример 2:</strong></p>
<inject-highlight>dict_1 = {'a': 1, 'b': 2, 'd': 20}
dict_2 = {'c': 3, 'a': 4, 'd': [1, None]}

# применяем функцию
join_dicts(dict_1, dict_2)

# результат
{
    'a': 4,
    'b': 2,
    'd': [1, None],
    'c': 3
}
</inject-highlight>
<h2>Дополнительная информация</h2>
<p>Обратите внимание, что шаблон решения представлен в следующем виде (на примере языка Python):</p>
<inject-highlight>class Answer:
    def function(self, arg1, arg2):
        # напишите свой код ниже

        return res
</inject-highlight>
<p>Здесь <code>function</code> - функция, которую вам нужно написать (от задачи к задаче ее имя меняется), а <code>arg1, arg2</code> - аргументы этой функции.</p>
<p>Чтобы решить задачу, напишите свой код между комментарием и выражением <code>return ...</code>.</p>
<p>Если вы хотите промежуточно посмотреть, что вернет написанный вами код, воспользуйтесь конструкцией и нажмите кнопку Выполнить:</p>
<inject-highlight>print(Answer().function(arg1, arg2))
</inject-highlight>
<p>Если вам нужно импортировать какой-то модуль, указывайте модуль до <code>class Answer</code>. Например:</p>
<inject-highlight>import mymodule


class Answer:
    ...
</inject-highlight>
<p><strong>Полный пример:</strong></p>
<inject-highlight># импортируем модуль
import collections


class Answer:
    def problemSolve(self, n, m):
        # напишите свой код ниже
        ...
        return res

# промежуточно смотрим результат
print(Answer().problemSolve(n=2, m=3))
</inject-highlight>","<p>Объединение словарей - достаточно популярная задача при программировании на Python. Для ее решения можно использовать разные методы. </p>
<p>Перед тем как переходить к рассмотрению методов, стоит отметить, что объединение словарей по умолчанию происходит «справа налево», т.е. <code>dict_a &lt;- dict_b</code>. Другими словами, если в двух словарях есть общий ключ, то значение берется из правого словаря. Обратите внимание - такой пункт есть в условии нашей задачи и очень отрадно, что нам не придется прикладывать лишние усилия для его достижения. </p>
<p>Итак, давайте рассмотрим несколько вариантов. </p>
<h4>Метод <code>items</code></h4>
<p>Самый «прямолинейный» способ - воспользоваться встроенными методами и функциями. А именно: с помощью стандартного метода словарей <code>items</code> вытащить все элементы из первого и второго словаря и сцепить их с помощью функции <code>dict</code>. </p>
<inject-highlight>dict(dict_1.items() + dict_2.items())
</inject-highlight>
<p>Это вполне себе рабочий вариант, но можно и красивей. </p>
<p><strong>Примечание:</strong> Этот метод сработает в таком виде, только если значения словаря представлены обычными элементами. Если значения - например, списки или другие коллекции, то нужна будет дополнительная обработка. Например:</p>
<inject-highlight>dict(list(dict_1.items()) + list(dict_2.items()))
</inject-highlight>
<h4>Метод <code>update</code></h4>
<p>Мы можем изменить первый словарь, пополнив его значениями из второго. Результат будет аналогичный, но важный момент - структура первого словаря будет изменена. Если для вас важно оставить исходные словари в итоговом виде, то не стоит использовать этот способ. </p>
<inject-highlight>dict_1.update(dict_2)
</inject-highlight>
<p>Либо вы можете скопировать первый словарь в другую переменную и работать с ней:</p>
<inject-highlight>a = dict_1.copy()
a.update(dict_2)
</inject-highlight>
<h4>Распаковка</h4>
<p>Красивое решение можно получить с помощью астерисков (звездочек), которые распаковывают наш словарь. </p>
<inject-highlight>{**dict_1, **dict_2}
</inject-highlight>
<p>Такая конструкция распаковывает пары <code>ключ-значения</code> из обоих словарей и запаковывает их в новый словарь. Это не самое простое для понимания решения, но довольно элегантное. </p>
<h4>Оператор объединения</h4>
<p>Есть еще более «питонячий» вариант, но который работает только для версии Python выше 3.9. Здесь все аналогично, просто используется специальный оператор объединения <code>|</code>:</p>
<inject-highlight>dict_1 | dict_2
</inject-highlight>
<h4>Итог</h4>
<p>Таким образом, ответ можно записать так:</p>
<inject-highlight>class Answer:
    def join_dicts(self, dict_1, dict_2):
        return {**dict_1, **dict_2}
</inject-highlight>",0,98.0,263,0,1940.0,,True,True,
197,Python. ДЗ 7: Пополнение словаря,2,10,"<p>На вход функции <code>update_dict</code> подается 2 аргумента:</p>
<ul>
<li>словарь <code>d</code></li>
<li>словарь <code>add</code></li>
</ul>
<p>Заранее нам не известно: какие у этих словарей ключи и что является их значениями. </p>
<p>Задача состоит в том, чтобы сформировать новый словарь по следующим правилам:</p>
<ul>
<li>сначала должны идти ключи из словаря <code>d</code>, потом из <code>add</code></li>
<li>если в словарях есть совпадающие ключи, то необходимо в качестве значения для такого ключа в новом словаре вернуть список, состоящий из соответствующих значений в исходных словарях</li>
</ul>
<p><strong>Пример:</strong></p>
<inject-highlight>d = {'a': 1, 'b': 2}
add = {'c': 3, 'd': None, 'b': 4}

# применяем функцию 
update_dict(d, add)

# результат
{
    'a': 1, 
    'b': [2, 4],
    'c': 3, 
    'd': None
}
</inject-highlight>
<h2>Дополнительная информация</h2>
<p>Обратите внимание, что шаблон решения представлен в следующем виде (на примере языка Python):</p>
<inject-highlight>class Answer:
    def function(self, arg1, arg2):
        # напишите свой код ниже

        return res
</inject-highlight>
<p>Здесь <code>function</code> - функция, которую вам нужно написать (от задачи к задаче ее имя меняется), а <code>arg1, arg2</code> - аргументы этой функции.</p>
<p>Чтобы решить задачу, напишите свой код между комментарием и выражением <code>return ...</code>.</p>
<p>Если вы хотите промежуточно посмотреть, что вернет написанный вами код, воспользуйтесь конструкцией и нажмите кнопку Выполнить:</p>
<inject-highlight>print(Answer().function(arg1, arg2))
</inject-highlight>
<p>Если вам нужно импортировать какой-то модуль, указывайте модуль до <code>class Answer</code>. Например:</p>
<inject-highlight>import mymodule


class Answer:
    ...
</inject-highlight>
<p><strong>Полный пример:</strong></p>
<inject-highlight># импортируем модуль
import collections


class Answer:
    def problemSolve(self, n, m):
        # напишите свой код ниже
        ...
        return res

# промежуточно смотрим результат
print(Answer().problemSolve(n=2, m=3))
</inject-highlight>","<p>Часто бывает, что при объединении словарей необходимо не просто затирать одно значение другим, а объединять их в общую коллекцию. </p>
<p>Нам нужно действовать по алгоритму:</p>
<ol>
<li>Берем ключ из словаря <code>add</code></li>
<li>Проверяем - есть ли такой ключ в итоговом словаре</li>
<li>Если ключа нет - просто добавляем этот ключ и соответствующее значение из <code>add</code> в итоговый словарь</li>
<li>Если такой ключ уже есть - то проверяем, является ли соответствующее значение списком - то есть добавляли ли мы уже для этого ключа ранее новые значения</li>
<li>Если является списком - просто добавляем туда значение</li>
<li>Если списком не является - формируем список и добавляем значение</li>
</ol>
<p>Таким образом, решение можно выразить так:</p>
<inject-highlight>class Answer:
    def update_dict(self, d, add):
        # сначала заносим в итоговый словарь первый словарь
        res = d.copy()

        # пробегаемся по всем элементам add
        for k, v in add.items():
            # если такой ключ уже есть в res
            if k in res:
                # если значение по такому ключу - уже список
                if isinstance(res[k], list):
                    # тогда просто добавляем элемент
                    res[k].append(v)
                else:
                    # иначе формируем список
                    res[k] = [res[k], v]
            else:
                # если такого ключа вообще нет, просто добавляем
                res[k] = v

        return res
</inject-highlight>
<p><strong>Примечание:</strong> Обратите внимание, что такое решение будет у вас работать корректно, только если элементы словарей сами по себе не представлены списками. Если такое возможно, то решение нужно будет переписать. </p>
<p><strong>Пример:</strong></p>
<inject-highlight>d = {'a': [1], 'b': 2}
add = {'c': 3, 'd': None, 'b': 4, 'a': 5}

Answer().update_dict(d, add)

{
    'a': [1, 5], # а нам нужно было бы [[1], 5]
    'b': [2, 4],
    'c': 3,
    'd': None
}
</inject-highlight>
<p>Здесь все сильно зависит от задачи и нужно просто адаптировать свое решение под конкретную задачу. Однако, рассмотренный вариант встречается наиболее часто. </p>",0,98.0,264,0,1940.0,,True,True,
198,Python. ДЗ 7: Частота элементов,2,10,"<p>На вход функции <code>count_freq</code> подается строка <code>s</code>. Необходимо вернуть словарь, в котором ключами будут уникальные элементы из строки <code>s</code>, а значениями - количество вхождений этого элемента в строку <code>s</code>. </p>
<p><strong>Примечание:</strong> Ключи должны идти в порядке прохождения по строке слева направо. </p>
<p><strong>Пример 1:</strong></p>
<inject-highlight>s = 'IT Resume'

# применяем функцию 
count_freq(s)

# результат
{
    'I': 1,
    'T': 1,
    ' ': 1,
    'R': 1,
    'e': 2,
    's': 1,
    'u': 1,
    'm': 1
}
</inject-highlight>
<p><strong>Пример 2:</strong></p>
<inject-highlight>s = 'abba cabba dabba foo'

# применяем функцию 
count_freq(s)

# результат
{
    'a': 6,
    'b': 6,
    ' ': 3,
    'c': 1,
    'd': 1,
    'f': 1,
    'o': 2
}
</inject-highlight>
<h2>Дополнительная информация</h2>
<p>Обратите внимание, что шаблон решения представлен в следующем виде (на примере языка Python):</p>
<inject-highlight>class Answer:
    def function(self, arg1, arg2):
        # напишите свой код ниже

        return res
</inject-highlight>
<p>Здесь <code>function</code> - функция, которую вам нужно написать (от задачи к задаче ее имя меняется), а <code>arg1, arg2</code> - аргументы этой функции.</p>
<p>Чтобы решить задачу, напишите свой код между комментарием и выражением <code>return ...</code>.</p>
<p>Если вы хотите промежуточно посмотреть, что вернет написанный вами код, воспользуйтесь конструкцией и нажмите кнопку Выполнить:</p>
<inject-highlight>print(Answer().function(arg1, arg2))
</inject-highlight>
<p>Если вам нужно импортировать какой-то модуль, указывайте модуль до <code>class Answer</code>. Например:</p>
<inject-highlight>import mymodule


class Answer:
    ...
</inject-highlight>
<p><strong>Полный пример:</strong></p>
<inject-highlight># импортируем модуль
import collections


class Answer:
    def problemSolve(self, n, m):
        # напишите свой код ниже
        ...
        return res

# промежуточно смотрим результат
print(Answer().problemSolve(n=2, m=3))
</inject-highlight>","<p>Подсчет элементов в коллекции (в данном случае мы рассматриваем строку, как коллекцию символов) - очень распространенная задача. Сейчас мы рассмотрим именно как посчитать количество вхождения каждого символа в строку <code>s</code>, но аналогично вы можете считать количество элементов в списках и много другое. </p>
<p>Алгоритм следующий:</p>
<ol>
<li>Берем элемент коллекции</li>
<li>Смотрим - есть ли такой ключ в итоговом словаре</li>
<li>Если ключа нет - просто добавляем ключ со значением 1</li>
<li>Если ключ есть - просто добавляем 1</li>
</ol>
<p>Таким образом, решение можно записать следующим образом:</p>
<inject-highlight>class Answer:
    def count_freq(self, s):
        res = {}
        for el in s:
            if el in res:
                # вместо res[el]= res[el] + 1 мы используем +=
                res[el] += 1
            else:
                res[el] = 1
        return res
</inject-highlight>
<p>Абсолютно по той же логике вместо символов и строки вы можете считать элементы списков, например. </p>
<p>Кстати, для подсчета количества вхождений есть встроенный словарь <code>Counter</code> из модуля <code>collections</code>. Использовать его очень просто</p>
<inject-highlight>from collections import Counter

Counter(s)
# Counter({'a': 6, 'b': 6, ' ': 3, 'o': 2, 'c': 1, 'd': 1, 'f': 1})
</inject-highlight>
<p>Однако, обратите внимание - элементы отсортированы не так, как нам нужно было, а по частоте вхождения. <code>Counter</code> поддерживает гибкую настройку правил сортировки, но конкретно в этой задаче использовать его не очень удобно. Однако, сам по себе инструмент крайне удобный - стоит о нем помнить. </p>
<p><strong>Примечание:</strong> Чтобы преобразовать <code>Counter({...})</code> в обычный словарь, просто оберните его в <code>dict</code>.</p>",0,98.0,265,0,1940.0,,True,True,
199,Python. ДЗ 7: Правильное получение элемента,1,5,"<p>На вход функции <code>get_elem</code> подается словарь <code>d</code> и строка <code>k</code>. </p>
<p>Необходимо проверить - есть ли в словаре <code>d</code> запись с ключом <code>k</code>. Если есть - вернуть соответствующее этому ключу значение. Если нет - вернуть <code>None</code>. </p>
<p><strong>Пример 1:</strong></p>
<inject-highlight>d = {'a': 1, 'b': None, 'c': [1, 2]}
k = 'a'

# применяем функцию
get_elem(d, k)

# результат
1
</inject-highlight>
<p><strong>Пример 2:</strong></p>
<inject-highlight>d = {'a': 1, 'b': None, 'c': [1, 2]}
k = 'd'

# применяем функцию
get_elem(d, k)

# результат
None
</inject-highlight>
<h2>Дополнительная информация</h2>
<p>Обратите внимание, что шаблон решения представлен в следующем виде (на примере языка Python):</p>
<inject-highlight>class Answer:
    def function(self, arg1, arg2):
        # напишите свой код ниже

        return res
</inject-highlight>
<p>Здесь <code>function</code> - функция, которую вам нужно написать (от задачи к задаче ее имя меняется), а <code>arg1, arg2</code> - аргументы этой функции.</p>
<p>Чтобы решить задачу, напишите свой код между комментарием и выражением <code>return ...</code>.</p>
<p>Если вы хотите промежуточно посмотреть, что вернет написанный вами код, воспользуйтесь конструкцией и нажмите кнопку Выполнить:</p>
<inject-highlight>print(Answer().function(arg1, arg2))
</inject-highlight>
<p>Если вам нужно импортировать какой-то модуль, указывайте модуль до <code>class Answer</code>. Например:</p>
<inject-highlight>import mymodule


class Answer:
    ...
</inject-highlight>
<p><strong>Полный пример:</strong></p>
<inject-highlight># импортируем модуль
import collections


class Answer:
    def problemSolve(self, n, m):
        # напишите свой код ниже
        ...
        return res

# промежуточно смотрим результат
print(Answer().problemSolve(n=2, m=3))
</inject-highlight>","<p>Сходу кажется, что решение задачи очень простое - нужно просто подставить нужный ключ и посмотреть на результат. Однако, при попытке подставить несуществующий ключ в словарь, мы получаем ошибку:</p>
<inject-highlight>d = {'a': 1, 'b': None, 'c': [1, 2]}
k = 'd'

d[k]
# KeyError: 'd'
</inject-highlight>
<p>Тогда у нас есть 2 способа решить эту проблему:</p>
<ol>
<li>Не отступиться и чуть-чуть модернизировать решение с <code>d[k]</code></li>
<li>Посмотреть чуть в сторону и найти правильный способ</li>
</ol>
<p>Первый способ, как вы поняли - не самый предпочтительный, но тоже рабочий. </p>
<h4>TRY - EXCEPT</h4>
<p>Первый способ заключается в том, что мы пробуем подставить ключ в словарь, а если у нас возникает ошибка, то мы возвращаем <code>None</code>, как и сказано в условии задачи. </p>
<p>Достигается это с помощью конструкции <code>try - except</code>, которая отлавливает ошибки. </p>
<inject-highlight>class Answer:
    def get_elem(self, d, k):
        try:
            return d[k]
        except:
            return None
</inject-highlight>
<p>Даже внешне очевидно, что этот метод не самый предпочтительный. Однако, задачу он решит. </p>
<h4>Метод get</h4>
<p>Правильно было бы решить эту задачу с помощью метода <code>get</code>. Он работает в точности, как нам и надо:</p>
<ul>
<li>Если такой ключ есть, возвращает значение</li>
<li>Если ключа нет, возвращает <code>None</code></li>
</ul>
<p>Тут нам даже не нужно ничего придумывать и решение будет записано в одну строку. </p>
<inject-highlight>class Answer:
    def get_elem(self, d, k):
        return d.get(k)
</inject-highlight>
<p>Вообще говоря, такая задача часто встречается, например, при создании API на языке Python. И многие начинающие программисты идут по первому пути. Не надо так - намного лучше использовать метод <code>get</code>. </p>
<p><strong>Примечание:</strong> Однако, нужно ориентироваться по ситуации. Если задача такова, что у вас всегда должен приходить существующий ключ, а получение несуществующего ключа значит какую-то программную ошибку - тогда гораздо лучше использовать <code>try</code>. Просто смотрите по ситуации и выбирайте способ решения, исходя из задачи.</p>",0,98.0,266,0,1940.0,,True,True,
200,Python. ДЗ 7: Сортировка словаря,1,5,"<p>На вход функции <code>sort_dict</code> подается 3 аргумента:</p>
<ul>
<li>словарь <code>d</code></li>
<li>строка <code>type</code></li>
<li>строка <code>order</code></li>
</ul>
<p>Необходимо вернуть словарь, отсортированный по заданным правилам. Строка <code>type</code> - тип сортировки: по ключам (<code>keywise</code>) или по значениям (<code>valuewise</code>). Строка <code>order</code> - порядок сортировки: по убыванию <code>desc</code> или по возрастанию <code>asc</code>. </p>
<p><strong>Примечание:</strong> Значения словаря представлены только числами. </p>
<p><strong>Пример 1:</strong></p>
<inject-highlight>d = {'a': 1, 'b': 5, 'c': 0}
type = 'keywise'
order = 'desc'

{
    'c': 0,
    'b': 5,
    'a': 1
}
</inject-highlight>
<p><strong>Пример 2:</strong></p>
<inject-highlight>d = {'a': 1, 'b': 5, 'c': 0}
type = 'valuewise'
order = 'desc'

{
    'b': 5,
    'a': 1,
    'c': 0
}
</inject-highlight>
<p><strong>Пример 3:</strong></p>
<inject-highlight>d = {'a': 1, 'b': 5, 'c': 0}
type = 'keywise'
order = 'asc'

{
    'a': 1,
    'b': 5,
    'c': 0
}
</inject-highlight>
<p><strong>Пример 4:</strong></p>
<inject-highlight>d = {'a': 1, 'b': 5, 'c': 0}
type = 'valuewise'
order = 'asc'

{
    'c': 0,
    'a': 1,
    'b': 5
}
</inject-highlight>
<h2>Дополнительная информация</h2>
<p>Обратите внимание, что шаблон решения представлен в следующем виде (на примере языка Python):</p>
<inject-highlight>class Answer:
    def function(self, arg1, arg2):
        # напишите свой код ниже

        return res
</inject-highlight>
<p>Здесь <code>function</code> - функция, которую вам нужно написать (от задачи к задаче ее имя меняется), а <code>arg1, arg2</code> - аргументы этой функции.</p>
<p>Чтобы решить задачу, напишите свой код между комментарием и выражением <code>return ...</code>.</p>
<p>Если вы хотите промежуточно посмотреть, что вернет написанный вами код, воспользуйтесь конструкцией и нажмите кнопку Выполнить:</p>
<inject-highlight>print(Answer().function(arg1, arg2))
</inject-highlight>
<p>Если вам нужно импортировать какой-то модуль, указывайте модуль до <code>class Answer</code>. Например:</p>
<inject-highlight>import mymodule


class Answer:
    ...
</inject-highlight>
<p><strong>Полный пример:</strong></p>
<inject-highlight># импортируем модуль
import collections


class Answer:
    def problemSolve(self, n, m):
        # напишите свой код ниже
        ...
        return res

# промежуточно смотрим результат
print(Answer().problemSolve(n=2, m=3))
</inject-highlight>","<p>Данную задачу можно решить с помощью цикла или сложного <code>dict comprehension</code>, но куда лучше воспользоваться функция <code>sorted</code>. </p>
<p>Для использования <code>sorted</code> нам понадобится 3 вещи:</p>
<ol>
<li>Указать, что сортируем. В данном случае это элемента словаря <code>d</code></li>
<li>Указать, что является ключом сортировки - то есть «по чему сортируем». В нашем случае это зависит от <code>keywise</code> и <code>valuewise</code></li>
<li>Указать, в каком порядке сортируем - по возрастанию или убыванию</li>
</ol>
<p>Вся необходимая информация у нас есть, осталось в правильном виде подставить ее в функцию <code>sorted</code>. </p>
<p>Передать объем сортировки в функцию можно так:</p>
<inject-highlight>sorted(d.items())
</inject-highlight>
<p>То есть мы говорим, что сортируем ключи и значения из словаря <code>d</code>. </p>
<p>Далее, «ключ» сортировки (или проще говоря - поле, по которому сортируем) задается с помощью лямбда-функции. </p>
<p>Например:</p>
<inject-highlight>sorted(d.items(), key=lambda x: x[1])
</inject-highlight>
<p>В нашем случае <code>x</code> - это пара <code>(ключ - значение)</code>. Соответственно, <code>x[0]</code> - сортировка по ключам, <code>x[1]</code> - по значениям. </p>
<p>И последнее - порядок сортировки указывается с помощью аргумента <code>reverse</code> - либо <code>True</code> (по убыванию), либо <code>False</code> (по возрастанию). </p>
<p>Дополнительно стоит отметить, что функция <code>sorted</code> возвращает отсолртированный список кортежей, поэтому для преобразования обратно в словарь нужно добавить функцию <code>dict</code>:</p>
<inject-highlight>dict([('b', 5), ('a', 1), ('c', 0)])
# {'b': 5, 'a': 1, 'c': 0}
</inject-highlight>
<p>Зная все это, мы можем записать итоговое решение:</p>
<inject-highlight>class Answer:
    def sort_dict(self, d, type, order):
        if type == &quot;keywise&quot;:
            idx = 0
        else:
            idx = 1

        if order == &quot;desc&quot;:
            reverse = True
        else:
            reverse = False

        return dict(sorted(d.items(), key=lambda x: x[idx], reverse=reverse))
</inject-highlight>",0,98.0,267,0,1940.0,,True,True,
201,Python. ДЗ 8: Уникальные элементы списка,1,5,"<p>На вход функции <code>find_unique</code> подается список <code>arr</code>, который состоит из произвольного количества чисел. </p>
<p>Функция <code>find_unique</code> должна в качестве результата вернуть только уникальные элементы массива <code>arr</code>. </p>
<p>Результат должен быть представлен в виде списка. Список должен быть отсортирован по возрастанию.</p>
<p><strong>Пример:</strong></p>
<inject-highlight>arr = [1, 2, 1, 5, 15, 100, 0, -3, 12]

# применяем функцию
find_unique(arr)

# результат
[-3, 0, 1, 2, 5, 12, 15, 100]
</inject-highlight>
<h2>Дополнительная информация</h2>
<p>Обратите внимание, что шаблон решения представлен в следующем виде (на примере языка Python):</p>
<inject-highlight>class Answer:
    def function(self, arg1, arg2):
        # напишите свой код ниже

        return res
</inject-highlight>
<p>Здесь <code>function</code> - функция, которую вам нужно написать (от задачи к задаче ее имя меняется), а <code>arg1, arg2</code> - аргументы этой функции.</p>
<p>Чтобы решить задачу, напишите свой код между комментарием и выражением <code>return ...</code>.</p>
<p>Если вы хотите промежуточно посмотреть, что вернет написанный вами код, воспользуйтесь конструкцией и нажмите кнопку Выполнить:</p>
<inject-highlight>print(Answer().function(arg1, arg2))
</inject-highlight>
<p>Если вам нужно импортировать какой-то модуль, указывайте модуль до <code>class Answer</code>. Например:</p>
<inject-highlight>import mymodule


class Answer:
    ...
</inject-highlight>
<p><strong>Полный пример:</strong></p>
<inject-highlight># импортируем модуль
import collections


class Answer:
    def problemSolve(self, n, m):
        # напишите свой код ниже
        ...
        return res

# промежуточно смотрим результат
print(Answer().problemSolve(n=2, m=3))
</inject-highlight>","<p>Для решения этой задачи мы рассмотрим 2 пути:</p>
<ol>
<li>Ручной</li>
<li>Встроенными функциями</li>
</ol>
<h4>Ручной способ</h4>
<p>Ручной способ заключается в том, что мы создаем новый список и, пробегаясь по старому, добавляем в него элементы, если их еще там нет. В конце сортируем с помощью функции <code>sorted</code>. </p>
<p><strong>Примечание:</strong> Обатите внимание, что функция <code>sorted</code> возвращает список - это важно. </p>
<p>Такая ручная реализация выглядит примерно следующим образом:</p>
<inject-highlight>class Answer:
    def find_unique(self, arr):
        # создаем новый список
        res = []

        for el in arr:
            # если элемента нет еще в списке - добавляем
            if el not in res:
                res.append(el)

        return sorted(res)
</inject-highlight>
<p>Это рабочий способ, но можно и красивей. </p>
<h4>Встроенными функциями</h4>
<p>Если мы освежим свои знания о структурах данных в Python, то мы вспомним:</p>
<blockquote>
<p>Множество (set) - это неупорядоченная коллекция уникальных элементов</p>
</blockquote>
<p>Соответственно, вся задача заключается в том, что преобразовать наш список в множество, а потом просто результат отсортировать. Так как раньше мы уже подметили, что <code>sorted</code> возвращает всегда список (даже если на вход подать множество) - то нам даже никаких дополнительный действий делать не придется. </p>
<p>Таким образом, решение можно записать так:</p>
<inject-highlight>class Answer:
    def find_unique(self, arr):
        return sorted(set(arr))
</inject-highlight>
<p>Согласитесь, так намного изящней!</p>",0,98.0,268,0,1930.0,,True,True,
202,Python. ДЗ 8: Кортеж из списков,1,5,"<p>На вход функции <code>flat_tuple</code> подается кортеж <code>tup</code>, состоящий из произвольного количества списков. Эти списки, в свою очередь, состоят из произвольных элементов - это могут быть и числа, и строки, и <code>None</code>, и другие коллекции. </p>
<p>Задача состоит в том, чтобы максимально простым способом сделать такой кортеж «плоским». Другими словами, нужно вернуть список, состоящий из элементов всех подсписков исходного кортежа. </p>
<p><strong>Пример:</strong></p>
<inject-highlight>tup = ([1], [2, '2'], [[1, 2], [3, 4]], [], ['s'])

# результат
[1, 2, '2', [1, 2], [3, 4], 's']
</inject-highlight>
<h2>Дополнительная информация</h2>
<p>Обратите внимание, что шаблон решения представлен в следующем виде (на примере языка Python):</p>
<inject-highlight>class Answer:
    def function(self, arg1, arg2):
        # напишите свой код ниже

        return res
</inject-highlight>
<p>Здесь <code>function</code> - функция, которую вам нужно написать (от задачи к задаче ее имя меняется), а <code>arg1, arg2</code> - аргументы этой функции.</p>
<p>Чтобы решить задачу, напишите свой код между комментарием и выражением <code>return ...</code>.</p>
<p>Если вы хотите промежуточно посмотреть, что вернет написанный вами код, воспользуйтесь конструкцией и нажмите кнопку Выполнить:</p>
<inject-highlight>print(Answer().function(arg1, arg2))
</inject-highlight>
<p>Если вам нужно импортировать какой-то модуль, указывайте модуль до <code>class Answer</code>. Например:</p>
<inject-highlight>import mymodule


class Answer:
    ...
</inject-highlight>
<p><strong>Полный пример:</strong></p>
<inject-highlight># импортируем модуль
import collections


class Answer:
    def problemSolve(self, n, m):
        # напишите свой код ниже
        ...
        return res

# промежуточно смотрим результат
print(Answer().problemSolve(n=2, m=3))
</inject-highlight>","<p>Рассмотрим 3 способа решить эту задачу:</p>
<ol>
<li>Через цикл (2 способа)</li>
<li>Через двойной генератор списков</li>
</ol>
<h4>Циклы 1</h4>
<p>Самый прямолинейный и понятный способ решить эту задачу - написать двойной цикл и добавить все элементы в новый список. </p>
<inject-highlight>res = []

for sub in tup:
    for el in sub:
        res.append(el)
</inject-highlight>
<h4>Циклы 2</h4>
<p>Мы можем убрать 1 лишний цикл, воспользовавшись методом <code>extend</code>:</p>
<inject-highlight>res = []

for sub in tup:
    res.extend(sub)
</inject-highlight>
<h4>Двойной генератор списков</h4>
<p>В Python часто стараются отойти от циклов. Один из способов достичь этого - использования генераторов списков (<code>list comprehension</code>). Однако, будьте осторожны - иногда это сильно снижает читаемость кода. </p>
<p>Обычный генератор списков имеет вид:</p>
<inject-highlight>[элемент for элемент in коллекция]
</inject-highlight>
<p>Двойной же аналогичен двойному циклу <code>for</code>:</p>
<inject-highlight>[элемент for подмассив in исходная_коллекция for элемент in подмассив]
</inject-highlight>
<p>Таким образом, в нашем случае ответ можно записать так:</p>
<inject-highlight>class Answer:
    def flat_tuple(self, tup):
        return [el for sub in tup for el in sub]
</inject-highlight>",0,98.0,269,0,1930.0,,True,True,
203,Python. ДЗ 9: Сумма с условием,1,5,"<p>На вход функции <code>sum_with_condition</code> подается массив <code>arr</code>, состоящий из произвольного количества чисел. </p>
<p>Задача заключается в том, чтобы посчитать сумму всех элементов, которые без остатка делятся на 3. </p>
<p><strong>Важно:</strong> Задачу нужно решить именно с помощью <code>list comprehensions</code> - постарайтесь избегать использования циклов.</p>
<p><strong>Пример:</strong></p>
<inject-highlight>arr = [1, -1, 0, -3, 3, 9, 15, 15.1]

# результат
24
</inject-highlight>
<h2>Дополнительная информация</h2>
<p>Обратите внимание, что шаблон решения представлен в следующем виде (на примере языка Python):</p>
<inject-highlight>class Answer:
    def function(self, arg1, arg2):
        # напишите свой код ниже

        return res
</inject-highlight>
<p>Здесь <code>function</code> - функция, которую вам нужно написать (от задачи к задаче ее имя меняется), а <code>arg1, arg2</code> - аргументы этой функции.</p>
<p>Чтобы решить задачу, напишите свой код между комментарием и выражением <code>return ...</code>.</p>
<p>Если вы хотите промежуточно посмотреть, что вернет написанный вами код, воспользуйтесь конструкцией и нажмите кнопку Выполнить:</p>
<inject-highlight>print(Answer().function(arg1, arg2))
</inject-highlight>
<p>Если вам нужно импортировать какой-то модуль, указывайте модуль до <code>class Answer</code>. Например:</p>
<inject-highlight>import mymodule


class Answer:
    ...
</inject-highlight>
<p><strong>Полный пример:</strong></p>
<inject-highlight># импортируем модуль
import collections


class Answer:
    def problemSolve(self, n, m):
        # напишите свой код ниже
        ...
        return res

# промежуточно смотрим результат
print(Answer().problemSolve(n=2, m=3))
</inject-highlight>","<p>Как и любую задачу этого класса, ее можно решить двумя концептуально разными способами:</p>
<ol>
<li>Через циклы</li>
<li>Через генератор списков</li>
</ol>
<p>По условию задачи нужно использовать именно <code>list comprehension</code>, но мы все-таки сначала покажем стандартный способ - через цикл. </p>
<p>Итак, алгоритм следующий:</p>
<ol>
<li>Берем элемент</li>
<li>Проверяем делимость</li>
<li>Если делится нацело - суммируем</li>
</ol>
<p>В коде это будет выглядеть так:</p>
<inject-highlight>s = 0

for el in arr:
    if el%3 == 0:
        s += el
</inject-highlight>
<p>Тоже самое мы можем сделать, добавив в обычному <code>list comprehensions</code> условие <code>if</code>:</p>
<inject-highlight>sum([el for el in arr if el%3==0])
</inject-highlight>
<p>Таким образом, ответ будет выглядеть так:</p>
<inject-highlight>class Answer:
    def sum_with_condition(self, arr):
        return sum([el for el in arr if el%3==0])
</inject-highlight>
",0,98.0,270,0,1920.0,,True,True,
204,Python. ДЗ 9: Обработка массива по условию,1,5,"<p>На вход функции <code>array_cond_processing</code> подается массив <code>arr</code>, состоящий из произвольного количества элементов произвольного типа. </p>
<p>Задача заключается в том, чтобы вернуть новый массив, трансформированный по следующим правилам:</p>
<ol>
<li>Если <code>i</code> элемент старого массива - список, число или кортеж, то вернуть <code>True</code></li>
<li>Иначе вернуть <code>False</code> </li>
</ol>
<p><strong>Важно:</strong> Задачу нужно решить именно с помощью <code>list comprehensions</code> - постарайтесь избегать использования циклов.</p>
<p><strong>Пример:</strong></p>
<inject-highlight>arr = [1, 2, (1), 's', [1, 2], None, {1: 2}, (5, )]

# результат
[True, True, True, False, True, False, False, True]
</inject-highlight>
<h2>Дополнительная информация</h2>
<p>Обратите внимание, что шаблон решения представлен в следующем виде (на примере языка Python):</p>
<inject-highlight>class Answer:
    def function(self, arg1, arg2):
        # напишите свой код ниже

        return res
</inject-highlight>
<p>Здесь <code>function</code> - функция, которую вам нужно написать (от задачи к задаче ее имя меняется), а <code>arg1, arg2</code> - аргументы этой функции.</p>
<p>Чтобы решить задачу, напишите свой код между комментарием и выражением <code>return ...</code>.</p>
<p>Если вы хотите промежуточно посмотреть, что вернет написанный вами код, воспользуйтесь конструкцией и нажмите кнопку Выполнить:</p>
<inject-highlight>print(Answer().function(arg1, arg2))
</inject-highlight>
<p>Если вам нужно импортировать какой-то модуль, указывайте модуль до <code>class Answer</code>. Например:</p>
<inject-highlight>import mymodule


class Answer:
    ...
</inject-highlight>
<p><strong>Полный пример:</strong></p>
<inject-highlight># импортируем модуль
import collections


class Answer:
    def problemSolve(self, n, m):
        # напишите свой код ниже
        ...
        return res

# промежуточно смотрим результат
print(Answer().problemSolve(n=2, m=3))
</inject-highlight>","<p>Как и любую задачу этого класса, ее можно решить двумя концептуально разными способами:</p>
<ol>
<li>Через циклы</li>
<li>Через генератор списков</li>
</ol>
<p>По условию задачи нужно использовать именно <code>list comprehension</code>, но мы все-таки сначала покажем стандартный способ - через цикл. </p>
<p>Итак, алгоритм следующий:</p>
<ol>
<li>Берем элемент</li>
<li>Проверяем принадлежность к заданному типу</li>
<li>Добавляем <code>True</code> или <code>False</code> в зависимости от результата п. 2</li>
</ol>
<p>Для проверки типа будем использовать функцию <code>isinstance(elem, types_tuple)</code>. Обратите внимание, что вторым аргументом функции мы передаем кортеж типов данных. </p>
<p>В коде это будет выглядеть так:</p>
<inject-highlight>res = []

for el in arr:
    if isinstance(el, (int, list, tuple)):
        res.append(True)
    else:
        res.append(False)
</inject-highlight>
<p>Тоже самое мы можем сделать, добавив в обычному <code>list comprehensions</code> условие <code>if-else</code>. </p>
<p><strong>Примечание:</strong> Обратите внимание, что синтаксис с обычным <code>if</code> и <code>if-else</code> в случае с <code>list comprehensions</code> отличается:</p>
<inject-highlight># просто if
[el for el in arr if cond]

# с else
[el if cond else smthg for el in arr]
</inject-highlight>
<p>Таким образом, ответ будет выглядеть так:</p>
<inject-highlight>class Answer:
    def array_cond_processing(self, arr):
        return [True if isinstance(el, (int, list, tuple)) else False for el in arr]
</inject-highlight>",0,98.0,271,0,1920.0,,True,True,
206,Python. ДЗ 11: Именованные и позиционные аргументы,1,5,"<p>Вам необходимо реализовать функцию <code>args_processing</code>, которая принимает на вход:</p>
<ul>
<li>произвольное количество именованных аргументов</li>
<li>произвольное количество позиционных аргументов</li>
</ul>
<p>Функция должна возвращать строку вида:</p>
<pre><code>Позиционные аргументы:
&lt;поз арг 1&gt;
&lt;поз арг 2&gt;
Именованные аргументы:
ключ - &lt;ключ 1&gt;, значение - &lt;значение 1&gt;
ключ - &lt;ключ 2&gt;, значение - &lt;значение 2&gt;
</code></pre>
<p><strong>Пример 1:</strong></p>
<inject-highlight>args_processing(1, [1], a=[2, 3], b='s')

# Позиционные аргументы:
# 1
# [1]
# Именованные аргументы:
# ключ - a, значение - [2, 3]
# ключ - b, значение - s
</inject-highlight>
<p><strong>Пример 2:</strong></p>
<inject-highlight>args_processing(a=[2, 3], b='s')

# Позиционные аргументы:
# Именованные аргументы:
# ключ - a, значение - [2, 3]
# ключ - b, значение - s
</inject-highlight>
<p><strong>Пример 3:</strong></p>
<inject-highlight>args_processing([2, 3], 's')

# Позиционные аргументы:
# [2, 3]
# s
# Именованные аргументы:
</inject-highlight>","<p>Передавать на вход произвольное количество элементов можно с помощью <code>*args</code> и <code>**kwargs</code>. Внутри функции мы можем работать с ними уже как с обычным списом <code>args</code> и словарем <code>kwargs</code>. </p>
<p>Для формирования итоговой строки будем использовать конкатенацию (то есть сложение) строк. Вместо <code>s = s + new_s</code> будем писать <code>s += new_s</code>. </p>
<p>Для переноса строки используем <code></code>. </p>
<p>Таким образом, решение будет иметь вид: </p>
<inject-highlight>class Answer:
    def args_processing(self, *args, **kwargs):
        res = 'Позиционные аргументы:\\n'
        for el in args:
            res += f'{el}\\n'

        res += 'Именованные аргументы:\\n'
        for k, v in kwargs.items():
            res += f'ключ - {k}, значение - {v}\\n'
        return res
</inject-highlight>",0,98.0,273,0,1900.0,,True,True,
207,Python. ДЗ 11: Аргументы по умолчанию,1,5,"<p>Необходимо реализовать функцию <code>str_mul</code>, которая принимает на вход 2 аргумента:</p>
<ul>
<li>строку <code>s</code></li>
<li>число <code>n</code></li>
</ul>
<p>Функция должна возвращать строку <code>s</code>, которая повторяется друг за другом <code>n</code> раз без разделителей. </p>
<p>По умолчанию аргумент <code>n</code> должен быть равен 5. </p>
<p><strong>Пример 1:</strong></p>
<inject-highlight>s = 'ab'
n = 2

# результат
'abab'
</inject-highlight>
<p><strong>Пример 2:</strong></p>
<inject-highlight>s = 'ab'

# результат
'ababababab'
</inject-highlight>","<p>Чтобы решить эту задачу, нужно уметь делать 2 вещи:</p>
<ol>
<li>Задавать аргументы по умолчанию </li>
<li>Выполнять умножение строк</li>
</ol>
<p>В функциях аргументы по умолчанию задаются очень просто - достаточно в определении функции указать значение. Например:</p>
<inject-highlight>def foo(a, b=3): 
    ...
</inject-highlight>
<p>Соответственно, в нашем случае это будет:</p>
<inject-highlight>class Answer:
    def str_mul(self, s, n=5):
        ...
</inject-highlight>
<p>Теперь остается добавить умножение строк. В Python такая операция делается с помощью оператора <code>*</code> - обычного умножения. </p>
<p>Таким образом, ответ будет иметь вид:</p>
<inject-highlight>class Answer:
    def str_mul(self, s, n=5):
        return s*n
</inject-highlight>",0,98.0,274,0,1900.0,,True,True,
208,Python. ДЗ 11: Лямбда-функции и reduce,1,5,"<p>Необходимо реализовать функцию <code>find_max</code>, которая принимает на вход список <code>arr</code>. Список <code>arr</code> имеет произвольную длину.</p>
<p>Функция должна возвращать максимальное значение в этом списке. Подразумевается, что список <code>arr</code> состоит только из чисел.</p>
<p><strong>Важно:</strong> Задачу <strong>обязательно</strong> нужно решить с помощью функции <code>reduce</code> и лямбда-функции. </p>
<p><strong>Примечание:</strong> Если на вход подан пустой список, необходимо вернуть <code>None</code>.</p>
<p><strong>Пример 1:</strong></p>
<inject-highlight>arr = [1, 20, -3, 5, 0]

# результат
20
</inject-highlight>
<p><strong>Пример 2:</strong></p>
<inject-highlight>arr = [-1, -1, -1]

# результат
-1
</inject-highlight>
<p><strong>Пример 3:</strong></p>
<inject-highlight>arr = []

# результат
None
</inject-highlight>","<p>Функция <code>reduce</code> из модуля <code>functools</code> - это удобный инструмент функционального программирования в Python. С помощью этой функции многие задачи решаются намного элегантней, чем «прямым подходом». </p>
<p>Функция <code>reduce</code> принимает 2 обязательных аргумента:</p>
<ul>
<li>функцию <code>func</code></li>
<li>последовательность значений <code>arr</code></li>
</ul>
<p>После этого <code>reduce</code> последовательно применяет функцию <code>func</code> к каждому значению <code>arr</code>. Однако, каждый раз функция в качестве предыдущего значения берет не предыдущий элемент <code>arr</code>, а результат последнего своего вычисления. Результатом <code>reduce</code> поэтому всегда является не список, а 1 значение. </p>
<p>Покажем на примере:</p>
<inject-highlight>from functools import reduce

arr = [1, 2, 3, 4]
func = lambda x, y: x+y

reduce(func, arr)
# ((1 + 2) + 3) + 4 = 10
</inject-highlight>
<p>Как видно выше, принято в качестве <code>func</code> передавать лямбда-функцию, а не определенную через <code>def</code> функцию. Это не правило - просто так удобней. Если функция большая и сложная, конечно, намного лучше делать не через лямбды, а через обычные функции. </p>
<p>В нашей задаче нам нужно задать лямбда функцию так, чтобы она искала максимальное значение. То есть нам нужно каждый раз сравнивать текущий элемент с найденным ранее максимумом. И это идеально для <code>reduce</code> - именно так она и работает: каждый раз делает вычисления, опираясь на полученные ранее результат!</p>
<p>Записать такую лямбда-функцию можно с помощью тернарного оператора:</p>
<inject-highlight>x if cond else y
</inject-highlight>
<p>Решение запишется следующим образом:</p>
<inject-highlight>from functools import reduce

class Answer:
    def find_max(self, arr):
        return reduce(lambda x, y: x if x&gt;y else y, arr)
</inject-highlight>
<p>И казалось бы - задача решена. Но если мы внимательно посмотрим на условие, то заметим, что в случае с пустым списком у нас должно возвращаться <code>None</code>. А что возвращается сейчас?</p>
<inject-highlight>Answer().find_max(arr=[])

# TypeError: reduce() of empty sequence with no initial value
</inject-highlight>
<p>Мы получаем ошибку. Один из вариантов решения - еще раз воспользоваться тернарным оператором. Если у нас на вход будет подаваться пустой список, то мы будем заменять его на список из одного элемента - <code>None</code>:</p>
<inject-highlight>from functools import reduce

class Answer:
    def find_max(self, arr):
        return reduce(lambda x, y: x if x&gt;y else y, arr if arr else [None])
</inject-highlight>
<p>Такое решение отработает полностью корректно. </p>",0,98.0,275,0,1900.0,,True,True,
209,Python. ДЗ 15: Обработка исключений [1],1,5,"<p>Дана функция <code>err_processing</code>, которая принимает на вход 1 аргумент - <code>d</code>. <code>d</code> - это словарь, в котором содержится большое число ключей и значений. Нас в нем интересует только ключ <code>denom</code>. Функция выполняет очень простое действие - делит 1 на <code>d[denom]</code>. </p>
<p>Однако, нашей функцией будут пользоваться очень неопытные люди. Поэтому нам нужно предусмотреть случаи, когда они будут подавать на вход функции <code>denom</code>, который не может быть обработан корректно. </p>
<p>Мы точно знаем 2 ситуации, которые нужно отработать:</p>
<ul>
<li>Деление на 0</li>
<li>Неправильный тип данных (например, нельзя делить число на строку)</li>
</ul>
<p>Однако, возможны и другие ошибки, которые заранее нам неизвестны. </p>
<p>Задание состоит в том, чтобы дополнить функцию таким образом, чтобы она:</p>
<ul>
<li>Возвращала строку <code>Деление на 0 запрещено! Ошибка: &lt;полный текст ошибки&gt;.</code>, если возникла ошибка деления на 0. </li>
<li>Возвращала строку <code>Проверьте переданный тип denom! Ошибка: &lt;полный текст ошибки&gt;.</code>, если возникла ошибка из-за типа аргумента. </li>
<li>Возвращала строку <code>Непредвиденная ошибка: &lt;полный текст ошибки&gt;.</code>, если возникла неизвестная нам ошибка.</li>
</ul>
<p>Если функция отработала корректно, возвращайте просто результат деления. </p>
<p><strong>Пример 1:</strong></p>
<inject-highlight>err_processing({'denom': 2})

# результат
0.5
</inject-highlight>
<p><strong>Пример 2:</strong></p>
<inject-highlight>err_processing({'denom': 's'})

# результат
# Проверьте переданный тип denom! Ошибка: TypeError(&quot;unsupported operand type(s) for /: 'int' and 'str'&quot;).
</inject-highlight>
<p><strong>Пример 3:</strong></p>
<inject-highlight>err_processing({'denom': 0})

# результат
# Деление на 0 запрещено! Ошибка: ZeroDivisionError('division by zero').
</inject-highlight>
<p><strong>Пример 4:</strong></p>
<inject-highlight>err_processing(1)

# результат
# Непредвиденная ошибка: AttributeError(&quot;'int' object has no attribute 'get'&quot;).
</inject-highlight>","<p>Чтобы решить эту задачу, нужно знать следующие вещи:</p>
<ul>
<li>как базово использовать <code>try-except</code></li>
<li>как обрабатывать разные <code>Exceptions</code></li>
<li>как обрабатывать неизвестное заранее исключение</li>
<li>как возвращать полный текст ошибки</li>
</ul>
<p>Важно понимать, что в блоке <code>try-except</code>, мы можем указывать очень много <code>except</code> - каждый будет срабатывать, когда появится соответствующее исключение:</p>
<inject-highlight>try:
    ...
except ZeroDivisionError:
    ...
except AttributeError: 
    ...
except Exception:
    ...
</inject-highlight>
<p>В данном примере последний блок отработает, если появилась ошибка, но это не ошибка деления на ноль и не ошибка атрибутов. </p>
<p>Далее - нам каждый раз необходимо отлавливать текст ошибки. Для этого, как минимум, ошибку нужно записывать в переменную, чтобы уже внутри соответствующего блока с ней работать. Это делается с помощью алиаса:</p>
<inject-highlight>except Exception as err:
    ...
</inject-highlight>
<p>Вместо <code>err</code> тут может стоять любая переменная. </p>
<p>Далее важный момент - при такой обработке <code>err</code> - это не строка:</p>
<inject-highlight>try:
    1/0
except Exception as err:
    print(type(err))

# &lt;class 'ZeroDivisionError'&gt;
</inject-highlight>
<p>И вот тут часто совершаемая ошибка: возникает соблазн обернуть <code>err</code> в функцию <code>str</code>. Однако, давайте посмотрим, что будет:</p>
<inject-highlight>try:
    1/0
except Exception as err:
    print(str(err))

# division by zero
</inject-highlight>
<p>Обратите внимание - у нас потерялась информация о виде ошибки. То есть вместо <code>ZeroDivisionError('division by zero')</code> мы получили только текст ошибки. Чтобы получить полную информацию об ошибке, нужно использовать функцию <code>repr</code>:</p>
<inject-highlight>try:
    1/0
except Exception as err:
    print(repr(err))

# ZeroDivisionError('division by zero')
</inject-highlight>
<p>Теперь у нас достаточно информации, чтобы решить задачу. Мы можем записать ответ так:</p>
<inject-highlight>class Answer:
    def err_processing(self, d):
        try:
            res = 1/d.get('denom')
        except ZeroDivisionError as err:
            res = f&quot;Деление на 0 запрещено! Ошибка: {repr(err)}.&quot;
        except TypeError as err:
            res = f&quot;Проверьте переданный тип denom! Ошибка: {repr(err)}.&quot; 
        except Exception as err:
            res = f&quot;Непредвиденная ошибка: {repr(err)}.&quot;

        return res
</inject-highlight>",0,98.0,276,0,1860.0,,True,True,
210,Python. ДЗ 15: Обработка исключений [2],2,10,"<p>Дана функция <code>full_err_processing</code>, которая принимает на вход 1 аргумент - <code>denom</code>. Функция выполняет очень простое действие - делит 1 на <code>denom</code>. </p>
<p>Мы хотим отследить полный путь работы функции. Результатом работы функции должна быть многострочная строка, состоящая из блоков:</p>
<ol>
<li>Результат деления</li>
<li>Текст ошибки</li>
<li>Сообщение, что ошибки не было</li>
<li>Финальное сообщение</li>
</ol>
<p>Естественно, не все блоки выводятся постоянно - это зависит от комбинации условий. Например, если возникла любая ошибка, то мы выводим:</p>
<ul>
<li>Текст ошибки</li>
<li>Финальное сообщение</li>
</ul>
<p>Если же ошибки не было, то выводим:</p>
<ul>
<li>Результат деления</li>
<li>Сообщение, что ошибки не было</li>
<li>Финальное сообщение</li>
</ul>
<p>Эти блоки имеют структуру:</p>
<pre><code>Результат: &lt;результат&gt;
&lt;Полный текст ошибки&gt;
Ошибкок не было!
Главное, все подошло к концу!
</code></pre>
<p>Обратите внимание, что после каждой строки идет перенос на следующую строку. </p>
<p><strong>Пример 1:</strong></p>
<inject-highlight>full_err_processing(5)

# результат
# Результат: 0.2
# Ошибкок не было!
# Главное, все подошло к концу!
</inject-highlight>
<p><strong>Пример 2:</strong></p>
<inject-highlight>full_err_processing(0)

# результат
# ZeroDivisionError('division by zero')
# Главное, все подошло к концу!
</inject-highlight>
<p><strong>Пример 3:</strong></p>
<inject-highlight>full_err_processing('s')

# результат
# TypeError(&quot;unsupported operand type(s) for /: 'int' and 'str'&quot;)
# Главное, все подошло к концу!
</inject-highlight>","<p>Для решения этой задачи нужно знать, что в блоке <code>try-except</code>, помимо непосредственно <code>try</code> и <code>except</code> можно использовать еще <code>else</code> и <code>finally</code>. </p>
<p>Если мы заглянем в документацию, то увидим:</p>
<blockquote>
<p>Опциональный блок else выполняется в том случае, если не было исключения. </p>
</blockquote>
<p>Здесь мы уже понимаем, что нам это пригодится для вывода сообщения, что ошибок не было. </p>
<p>Что касается <code>finally</code>:</p>
<blockquote>
<p>Этот блок выполняется всегда в конце try-блока. </p>
</blockquote>
<p>Соответственно, его мы будем использовать для вывода сообщений о том, что все подошло к концу. </p>
<p>Как делать многострочную строку нам также известно - будем использовать f-строки, конкатенацию строк и перенос строки с помощью <code></code>. </p>
<p>Таким образом, ответ будет записываться так:</p>
<inject-highlight>class Answer:
    def full_err_processing(self, denom):
        res = ''
        try:
            res += f&quot;Результат: {1/denom}\\n&quot;
        except Exception as err:
            res += f&quot;{repr(err)}\\n&quot;
        else:
            res += &quot;Ошибкок не было!\\n&quot;
        finally:
            res += &quot;Главное, все подошло к концу!&quot;
        return res
</inject-highlight>",0,98.0,277,0,1860.0,,True,True,
211,Python. ДЗ 12: Конструктор класса и атрибуты,1,5,"<p>Вам необходимо создать класс <code>MyLexic</code> - это будет простенький лексически анализатор, и в течение нескольких задач мы будем на его примере отрабатывать ООП в Python.</p>
<p>Для начала давайте создадим класс <code>MyLexic</code>, в котором:</p>
<ul>
<li>Будет атрибут <code>company</code>, который будет равен <code>IT Resume</code></li>
<li>Будет конструктор класса, который будет получать на вход переменные <code>code</code>, <code>problem_id</code> и привязывать их к конкретному объекту</li>
</ul>
<p><strong>Пример:</strong></p>
<inject-highlight>o1 = MyLexic(&quot;mycode&quot;, 2)

print(o1.company)
# IT Resume

print(o1.code)
# mycode

print(o1.problem_id)
# 2
</inject-highlight>
<p>Обратите внимание, если вы измените значение атрибута <code>company</code> для данного объекта, то он поменяется только для него - остальные объекты останутся нетронутыми. </p>
<p><strong>Пример:</strong></p>
<inject-highlight>o1 = MyLexic(&quot;mycode&quot;, 2)
o2 = MyLexic(&quot;mycode&quot;, 3)

o2.company = &quot;mycompany&quot;

print(o1.company)
# IT Resume

print(o2.company)
# mycompany
</inject-highlight>","<p>Атрибуты класса задаются вне всех методов. Их принято выносить в самое начало класса:</p>
<inject-highlight>class MyLexic:
    company = &quot;IT Resume&quot;
</inject-highlight>
<p>Конструктором класса в Python является магический метод <code>__init__</code>. Первым его аргументом (и всех прочих методов, которые привязаны к конкретному объекту) всегда идет <code>self</code>. Вообще говоря, <code>self</code> - это просто договоренность, вы можете указывать любое название, но принято именно так. </p>
<p>После аргумента <code>self</code> в конструктор передаются аргументы, которые нам нужны при создании объекта. В нашем случае это <code>code</code> и <code>problem_id</code>. </p>
<p>Далее, чтобы «привязать» эти аргументы к конкретному объекту при его создании, внутри конструктора мы должны сделать это с помощью <code>self</code>:</p>
<inject-highlight>class MyLexic:
    company = &quot;IT Resume&quot;

    def __init__(self, code, problem_id):
        self.code = code
        self.problem_id = problem_id
</inject-highlight>
<p>В противном случае, если мы этого не сделаем, то <code>code</code> и <code>problem_id</code> не будут видны внутри других методов этого класса. Сейчас же мы их можем получить в любом месте (и так мы и сделаем позже) с помощью, например, <code>self.code</code>. Проверьте это. </p>",0,98.0,278,0,1890.0,,True,True,
212,Python. ДЗ 12: Методы в классе,1,5,"<p>В предыдущей задаче мы создали класс <code>MyLexic</code>, в котором:</p>
<ul>
<li>Задан атрибут <code>company</code>, который равен <code>IT Resume</code></li>
<li>Описан конструктор класса, который получает на вход переменные <code>code</code>, <code>problem_id</code> и привязывает их к конкретному объекту</li>
</ul>
<p>Давайте теперь добавим в класс метод <code>describe</code>, который будет возвращать информацию об объекте в виде строки.</p>
<p>Метод <code>describe</code> должен возвращать строку:</p>
<inject-highlight>Компания: &lt;компания&gt;, код: &lt;code&gt;, номер задачи: &lt;problem_id&gt;.
</inject-highlight>
<p><strong>Пример:</strong></p>
<inject-highlight>o1 = MyLexic(&quot;mycode&quot;, 2)

print(o1.describe())
# Компания: IT Resume, код: mycode, номер задачи: 2.
</inject-highlight>
<p>Обратите внимание, если мы меняем атрибуты для данного объекта, то и метод <code>describe</code> будет возвращать разный результат.</p>
<p><strong>Пример:</strong></p>
<inject-highlight>o1 = MyLexic(&quot;mycode&quot;, 2)
print(o1.describe())
# Компания: IT Resume, код: mycode, номер задачи: 2.

o1.code = &quot;mycode2&quot;
o1.company = &quot;IT Resume 2
# Компания: IT Resume 2, код: mycode2, номер задачи: 2.
</inject-highlight>","<p>Нам необходимо описать метод <code>describe</code>. По сути, это обычная функция - просто она привязана к конкретному объекту. Соответственно, опять первым аргументом идет <code>self</code>.</p>
<p>Однако, перед нами встает вопрос - а как нам «увидеть» значения атрибутов (<code>code</code> и проч.) внутри этого метода? Ведь если мы просто их укажем, мы получим ошибку:</p>
<inject-highlight>def describe(self):
    return f&quot;Компания: {company} ...&quot;

# NameError: name 'company' is not defined
</inject-highlight>
<p>Нужные нам атрибуты (<code>code</code> и прочие) мы также получаем через <code>self</code> внутри остальных методов. Именно <code>self</code> и позволяет нам обмениваться информацией между разными частями класса.</p>
<p>Таким образом, ответ можно записать так:</p>
<inject-highlight>class MyLexic:
    company = &quot;IT Resume&quot;

    def __init__(self, code, problem_id):
        self.code = code
        self.problem_id = problem_id

    def describe(self):
        return f&quot;Компания: {self.company}, код: {self.code}, номер задачи: {self.problem_id}.&quot;
</inject-highlight>",0,98.0,279,0,1890.0,,True,True,
213,Python. ДЗ 12: Виртуальный метод,1,5,"<p>В предыдущей задаче мы создали класс <code>MyLexic</code>, в котором:</p>
<ul>
<li>Задан атрибут <code>company</code>, который равен <code>IT Resume</code></li>
<li>Описан конструктор класса, который получает на вход переменные <code>code</code>, <code>problem_id</code> и привязывает их к конкретному объекту</li>
<li>Описан метод <code>describe</code>, который возвращает информацию об объекте в виде строки</li>
</ul>
<p>Однако, в нашем классе пока нет никакой конкретики - даже непонятно, что он делает. </p>
<p>Поэтому давайте добавим в класс метод <code>strip_code</code>. Опишите этот метод так, чтобы он пока ничего не возвращал. Кажется, что это избыточно, но на самом деле дале нам это пригодится - мы будем переопределять этот метод в дочерних классах. </p>
<p><strong>Пример:</strong></p>
<inject-highlight>o1 = MyLexic(&quot;mycode&quot;, 2)

print(o1.strip_code())
# None
</inject-highlight>","<p>Решить эту задачу нам не составит труда - мы просто описываем новый метод и передаем туда один аргумент - <code>self</code>. </p>
<p>Чтобы описать ""ничего не делать"" в Python, можно использовать <code>pass</code> или <code>...</code>.</p>
<p>Например, так:</p>
<inject-highlight>class MyLexic:
    company = &quot;IT Resume&quot;

    def __init__(self, code, problem_id):
        self.code = code
        self.problem_id = problem_id

    def describe(self):
        return f&quot;Компания: {self.company}, код: {self.code}, номер задачи: {self.problem_id}.&quot;

    def strip_code(self):
        ...
</inject-highlight>
<p>Может встать вопрос - а зачем определять метод, который ничего не делает? Ответ на этот вопрос не такой простой... В следующих задачах мы будем создавать дочерние классы от класса <code>MyLexic</code> и там будем задавать конкретные реализации этого метода. Такие методы, которые определены, но не заданы их конкретные реализации, называются абстрактными. В целом, в Python можно обойтись и без них, но это просто одна из принятых концепций объектно-ориентированного программирования. </p>
",0,98.0,280,0,1890.0,,True,True,
214,Python. ДЗ 13: Основы наследования,2,10,"<p>В предыдущей задаче мы создали класс <code>MyLexic</code>, в котором:</p>
<ul>
<li>Задан атрибут <code>company</code>, который равен <code>IT Resume</code></li>
<li>Описан конструктор класса, который получает на вход переменные <code>code</code>, <code>problem_id</code> и привязывает их к конкретному объекту</li>
<li>Описан метод <code>describe</code>, который возвращает информацию об объекте в виде строки</li>
<li>Описан абстрактный метод <code>strip_code</code></li>
</ul>
<p>Пришло время перейти к конкретике. Теперь давайте создадим класс <code>MyPythonLexic</code>, который наследуется от класса <code>MyLexic</code>. </p>
<p>Здесь мы уже понимаем, что внутри этого класса мы будем обрабатывать код пользователя, который он написал на языке Python. </p>
<p>Однако, для начала просто создайте класс, причем добавьте в конструктор еще один аргумент - <code>version</code>, т.е. версию языка. </p>
<p><strong>Примечание:</strong> Определите конструктор класса таким образом, чтобы в нем вызывался конструктор родительского класса. </p>
<p><strong>Пример:</strong></p>
<inject-highlight>o1 = MyPythonLexic(&quot;mycode&quot;, 2, version=&quot;3.8&quot;)

print(o1.version)
# 3.8

print(o1.code)
# mycode
</inject-highlight>","<p>Для решения задачи нужно знать 2 основных момента:</p>
<ul>
<li>Как наследовать один класс от другого</li>
<li>Как вызывать конструктор родительского класса в дочернем</li>
</ul>
<p>Ответ на первый вопрос очень простой - достаточно при создании класса в скобочках указать имя родительского класса. </p>
<p><strong>Примечание:</strong> У класса может быть несколько родительских классов. </p>
<p><strong>Пример:</strong></p>
<inject-highlight>class Second(First):
    ...
</inject-highlight>
<p>Что касается ответа на второй вопрос - здесь нужно использовать функцию <code>super</code>. Как вы помните, она возвращает объект, методы которого будут искаться только в классах, которые стоят выше. Это как раз то, что нам нужно - нам ведь надо описать конструктор так, чтобы был задействован конструктор родителя. </p>
<p>Давайте сделаем это:</p>
<inject-highlight>class MyPythonLexic(MyLexic):
    def __init__(self, code, problem_id, version):
        # аргументы, которые нам были известны ранее, мы передаем в конструктор родителя
        super().__init__(code, problem_id)
        # новые аргументы обрабатываем, как ни в чем не бывало
        self.version = version
</inject-highlight>",0,98.0,281,0,1880.0,,True,True,
215,Python. ДЗ 13: Переопределение методов,2,10,"<p>В предыдущей задаче мы создали класс <code>MyLexic</code>, в котором:</p>
<ul>
<li>Задан атрибут <code>company</code>, который равен <code>IT Resume</code></li>
<li>Описан конструктор класса, который получает на вход переменные <code>code</code>, <code>problem_id</code> и привязывает их к конкретному объекту</li>
<li>Описан метод <code>describe</code>, который возвращает информацию об объекте в виде строки</li>
<li>Описан абстрактный метод <code>strip_code</code></li>
</ul>
<p>Также мы создали класс <code>MyPythonLexic</code>, который наследуется от класса <code>MyLexic</code>. В этом классе в конструктор добавляется переменная <code>version</code> и он задействует конструктор родительского класса.  </p>
<p>Теперь пришло время наполнить наш класс смыслом и описать конкретно, что он делает. Для этого мы переопределим наш абстрактный метод <code>strip_code</code>, описанный в родительском классе. </p>
<p>Определите его в классе <code>MyPythonLexic</code> следующим образом:</p>
<ul>
<li>берем <code>code</code> и разбиваем на отдельные строки по <code></code></li>
<li>убираем все пробельные символы в начале и в конце каждой строки</li>
<li>возвращаем список получившихся строк</li>
</ul>
<p><strong>Пример:</strong></p>
<inject-highlight>o1 = MyPythonLexic(&quot; print(1)  \\n   print(2)  &quot;, 2, version=&quot;3.8&quot;)

print(o1.strip_code())
# [&quot;print(1)&quot;, &quot;print(2)&quot;]
</inject-highlight>
<p>Обратите внимание, тот же метод в классе <code>MyLexic</code> должен продолжать быть абстрактным:</p>
<inject-highlight>o1 = MyLexic(&quot; print(1)  \\n   print(2)  &quot;, 2)

print(o1.strip_code())
# None
</inject-highlight>","<p>Для переопределения метода в дочернем классе достаточно описать его реализацию, как мы это делаем с обычными методами. </p>
<p>По сути, это и есть проявление полиморфизма - в каждом дочернем классе мы можем определить реализацию метода <code>strip_code</code> по-своему. Например, затем мы можем создать класс <code>MyJavaLexic</code> и определить алгоритм <code>strip_code</code> как вообще что-то другое, непохожее на <code>MyPythonLexic</code>.</p>
<p>Соответственно, решение задачи сводится к обычному описанию метода в классе. Для работы со строками нам понадобятся методы <code>strip</code> и <code>split</code>. Для обработки мы воспользуемся генератором списков (можно и обычным циклом). И не забудем, что для получения информации про атрибут <code>code</code>, нам нужно использовать <code>self</code>.</p>
<inject-highlight>class MyPythonLexic(MyLexic):
    def __init__(self, code, problem_id, version):
        super().__init__(code, problem_id)
        self.version = version

    def strip_code(self):
        lines = self.code.split(&quot;\\n&quot;)
        lines = [line.strip() for line in lines]
        return lines
</inject-highlight>",0,98.0,282,0,1880.0,,True,True,
216,Python. ДЗ 14: Полиморфизм,2,10,"<p>В предыдущей задаче мы создали класс <code>MyLexic</code>, в котором:</p>
<ul>
<li>Задан атрибут <code>company</code>, который равен <code>IT Resume</code></li>
<li>Описан конструктор класса, который получает на вход переменные <code>code</code>, <code>problem_id</code> и привязывает их к конкретному объекту</li>
<li>Описан метод <code>describe</code>, который возвращает информацию об объекте в виде строки</li>
<li>Описан абстрактный метод <code>strip_code</code></li>
</ul>
<p>Также мы создали класс <code>MyPythonLexic</code>, который наследуется от класса <code>MyLexic</code>. В этом классе в конструктор добавляется переменная <code>version</code> и он задействует конструктор родительского класса. Также в этом классе переопределен абстрактный метод <code>strip_code</code>.  </p>
<p>Давайте теперь решим задачу, на которой самым явным образом будет понятно, как работает полиморфизм. </p>
<p>Создайте класс <code>MyJavaLexic</code>, в котором:</p>
<ul>
<li>В конструкторе есть аргументы, как у <code>MyLexic</code>, плюс добавляется аргумент <code>platform</code></li>
<li>Метод <code>strip_code</code> определен по другому правилу</li>
</ul>
<p>В классе <code>MyJavaLexic</code> пусть метод <code>strip_code</code> также возвращает список строк, но удалять нужно не пробельные символы, а все фигурные скобки в начале и в конце строки. </p>
<p><strong>Пример:</strong></p>
<inject-highlight>o1 = MyJavaLexic(&quot;{ print(1)  } \\n  print(2)  &quot;, 2, paltform=&quot;SE&quot;)

print(o1.platform)
# SE

print(o1.version)
# Error

print(o1.strip_code())
# [&quot; print(1)  &quot;, &quot;   print(2)  &quot;]
</inject-highlight>","<p>В создании такого класса нет ничего сложного - все это нам уже хорошо известно по предыдущим задачам:</p>
<ul>
<li>для вызова родительского конструктора используем <code>super</code></li>
<li>для задания нового атрибута используем <code>self</code> внутри конструктора</li>
<li>для переопределения абстрактного метода просто задаем его реализацию в дочернем классе</li>
</ul>
<p>Однако, здесь мы очень хорошо видим концепцию полиморфизма - один и тот же метод работает по-разному для разных объектов: в одном случае мы удаляем пробелы, в другом - фигурные скобки. Кроме того, между классами немного различается конструктор. Однако, общая канва остается неизменный - общий конструктор у них одинаковый и описан в родительском классе. Также у обоих классов присутствует метод <code>strip_code</code>, просто он по-разному определен. </p>
<p>Более того - мы можем углублять такое наследование - теперь мы можем наследовать не от <code>MyLexic</code>, а от <code>MyJavaLexic</code>, например, и выстраивать целую цепочку наследований. </p>
<p>А наш класс будет записываться так:</p>
<inject-highlight>class MyJavaLexic(MyLexic):
    def __init__(self, code, problem_id, platform):
        super().__init__(code, problem_id)
        self.platform = platform

    def strip_code(self):
        lines = self.code.split(&quot;\\n&quot;)
        lines = [line.strip(&quot;{}&quot;) for line in lines]
        return lines
</inject-highligh>",0,98.0,283,0,1870.0,,True,True,
217,Python. ДЗ 14: Магические методы,2,10,"<p>Иногда возникает задача переопределить стандартное поведение методов - в том числе базовых методов языка Python. </p>
<p>Задача состоит в том, чтобы создать класс <code>Answer</code>, который наследуется от целых чисел. В этом классе необходимо переопределить операцию вычитания с помощью знака <code>-</code> таким образом, чтобы возвращалась не разность чисел, а минимум из двух чисел. </p>
<p><strong>Пример:</strong></p>
<inject-highlight>a = Answer(5)
b = Answer(6)

a - b
# 5
</inject-highlight>
<p><strong>Примечание:</strong> Это должно работать одинаково в случае, если второе число - обычный <code>int</code> или же объект <code>Answer</code>.</p>
<inject-highlight>a = Answer(5)

a - 6
# 5
</inject-highlight>","<p>Чтобы переопределить оператор вычитания с помощью знака минус <code>-</code>, нужно переписать реализацию магического метода <code>__sub__</code>. </p>
<p>Соответственно, нам достаточно:</p>
<ul>
<li>Создать класс <code>Answer</code>, унаследованный от <code>int</code></li>
<li>Переопределить в нем метод <code>__sub__</code></li>
</ul>
<p><strong>Важно:</strong> Обратите внимание, порядок здесь будет играть роль. Если вы вычитаете объект <code>int</code> из объекта <code>Answer</code>, то будет работать переопределенный метод. Если же наоборот, то будет работать метод из исходного класса <code>int</code>. </p>
<p><strong>Пример:</strong></p>
<inject-highlight>a = Answer(5)

a - 8
# 5

8 - a
# 3
</inject-highlight>
<p>А переопределенный класс можно записать так:</p>
<inject-highlight>class Answer(int):
    def __sub__(self, other):
        return min(self, other)
</inject-highlight>",0,98.0,284,0,1870.0,,True,True,
218,Python. ДЗ 1: Создание числовой переменной,1,5,"<blockquote>
<p>В этом задании проверяется умение создавать переменные и присваивать им значения</p>
</blockquote>
<p>Создайте переменную <code>x</code>, которая будет равна 10. </p>
<h2>Дополнительная информация</h2>
<p>Обратите внимание, что шаблон решения представлен в следующем виде (на примере языка Python):</p>
<inject-highlight>class Answer:
    def function(self, arg1, arg2):
        # напишите свой код ниже

        return res
</inject-highlight>
<p>Здесь <code>function</code> - функция, которую вам нужно написать (от задачи к задаче ее имя меняется), а <code>arg1, arg2</code> - аргументы этой функции.</p>
<p>Чтобы решить задачу, напишите свой код между комментарием и выражением <code>return ...</code>.</p>
<p>Если вы хотите промежуточно посмотреть, что вернет написанный вами код, воспользуйтесь конструкцией и нажмите кнопку Выполнить:</p>
<inject-highlight>print(Answer().function(arg1, arg2))
</inject-highlight>
<p>Если вам нужно импортировать какой-то модуль, указывайте модуль до <code>class Answer</code>. Например:</p>
<inject-highlight>import mymodule


class Answer:
    ...
</inject-highlight>
<p><strong>Полный пример:</strong></p>
<inject-highlight># импортируем модуль
import collections


class Answer:
    def problemSolve(self, n, m):
        # напишите свой код ниже
        ...
        return res

# промежуточно смотрим результат
print(Answer().problemSolve(n=2, m=3))
</inject-highlight>","<inject-highlight>class Answer:
    def IntCreate(self):
        &quot;&quot;&quot;Введите свой код ниже, до return&quot;&quot;&quot;
        x = 10
        return x 
</inject-highlight>",0,98.0,285,0,1990.0,,True,True,
219,Python. ДЗ 1: Опеределение типа переменной,1,5,"<blockquote>
<p>В этом задании проверяется умение определять тип переменной</p>
</blockquote>
<p>Создайте переменную <code>y</code>, которая будет равна 3. Определите, к какому типу данных принадлежит переменная <code>y</code> и присвойте полученный тип данных переменной <code>t</code>.</p>
<h2>Дополнительная информация</h2>
<p>Обратите внимание, что шаблон решения представлен в следующем виде (на примере языка Python):</p>
<inject-highlight>class Answer:
    def function(self, arg1, arg2):
        # напишите свой код ниже

        return res
</inject-highlight>
<p>Здесь <code>function</code> - функция, которую вам нужно написать (от задачи к задаче ее имя меняется), а <code>arg1, arg2</code> - аргументы этой функции.</p>
<p>Чтобы решить задачу, напишите свой код между комментарием и выражением <code>return ...</code>.</p>
<p>Если вы хотите промежуточно посмотреть, что вернет написанный вами код, воспользуйтесь конструкцией и нажмите кнопку Выполнить:</p>
<inject-highlight>print(Answer().function(arg1, arg2))
</inject-highlight>
<p>Если вам нужно импортировать какой-то модуль, указывайте модуль до <code>class Answer</code>. Например:</p>
<inject-highlight>import mymodule


class Answer:
    ...
</inject-highlight>
<p><strong>Полный пример:</strong></p>
<inject-highlight># импортируем модуль
import collections


class Answer:
    def problemSolve(self, n, m):
        # напишите свой код ниже
        ...
        return res

# промежуточно смотрим результат
print(Answer().problemSolve(n=2, m=3))
</inject-highlight>","<inject-highlight>class Answer:
    def IdentifyType(self):
        &quot;&quot;&quot;Введите свой код ниже, до return&quot;&quot;&quot;
        y = 3
        t = type(y)
        return t
</inject-highlight>",0,98.0,286,0,1990.0,,True,True,
220,Python. ДЗ 1: Экспоненциальная запись числа,1,5,"<blockquote>
<p>В этом задании проверяется умение работать с экспоненциальным типом данных</p>
</blockquote>
<p>Дано нецелое число в экспоненциальной форме <code>2e-5</code>. Создайте переменную <code>t</code>, которая будет равна этому же числу, но в классической записи. Например, <code>0.01</code>. </p>
<h2>Дополнительная информация</h2>
<p>Обратите внимание, что шаблон решения представлен в следующем виде (на примере языка Python):</p>
<inject-highlight>class Answer:
    def function(self, arg1, arg2):
        # напишите свой код ниже

        return res
</inject-highlight>
<p>Здесь <code>function</code> - функция, которую вам нужно написать (от задачи к задаче ее имя меняется), а <code>arg1, arg2</code> - аргументы этой функции.</p>
<p>Чтобы решить задачу, напишите свой код между комментарием и выражением <code>return ...</code>.</p>
<p>Если вы хотите промежуточно посмотреть, что вернет написанный вами код, воспользуйтесь конструкцией и нажмите кнопку Выполнить:</p>
<inject-highlight>print(Answer().function(arg1, arg2))
</inject-highlight>
<p>Если вам нужно импортировать какой-то модуль, указывайте модуль до <code>class Answer</code>. Например:</p>
<inject-highlight>import mymodule


class Answer:
    ...
</inject-highlight>
<p><strong>Полный пример:</strong></p>
<inject-highlight># импортируем модуль
import collections


class Answer:
    def problemSolve(self, n, m):
        # напишите свой код ниже
        ...
        return res

# промежуточно смотрим результат
print(Answer().problemSolve(n=2, m=3))
</inject-highlight>","<inject-highlight>class Answer:
    def ExpToFloat(self):
        &quot;&quot;&quot;Введите свой код ниже, до return&quot;&quot;&quot;
        t = 0.00002
        return t
</inject-highlight>",0,98.0,287,0,1990.0,,True,True,
221,Python. ДЗ 1: Округление числа,1,5,"<blockquote>
<p>В этом задании проверяется умение округлять числа до заданного количества десятичных знаков</p>
</blockquote>
<p>Вручную создайте переменную <code>t</code>, которая будет равна числу <code>pi</code> с первыми 10 знаками после запятой. Создайте переменную <code>t_rounded</code>, которая равна значению <code>t</code>, округленному до 3 знака после запятой.</p>
<h2>Дополнительная информация</h2>
<p>Обратите внимание, что шаблон решения представлен в следующем виде (на примере языка Python):</p>
<inject-highlight>class Answer:
    def function(self, arg1, arg2):
        # напишите свой код ниже

        return res
</inject-highlight>
<p>Здесь <code>function</code> - функция, которую вам нужно написать (от задачи к задаче ее имя меняется), а <code>arg1, arg2</code> - аргументы этой функции.</p>
<p>Чтобы решить задачу, напишите свой код между комментарием и выражением <code>return ...</code>.</p>
<p>Если вы хотите промежуточно посмотреть, что вернет написанный вами код, воспользуйтесь конструкцией и нажмите кнопку Выполнить:</p>
<inject-highlight>print(Answer().function(arg1, arg2))
</inject-highlight>
<p>Если вам нужно импортировать какой-то модуль, указывайте модуль до <code>class Answer</code>. Например:</p>
<inject-highlight>import mymodule


class Answer:
    ...
</inject-highlight>
<p><strong>Полный пример:</strong></p>
<inject-highlight># импортируем модуль
import collections


class Answer:
    def problemSolve(self, n, m):
        # напишите свой код ниже
        ...
        return res

# промежуточно смотрим результат
print(Answer().problemSolve(n=2, m=3))
</inject-highlight>","<inject-highlight>class Answer:
    def RoundFloat(self):
        &quot;&quot;&quot;Введите свой код ниже, до return&quot;&quot;&quot;
        t = 3.1415926535
        t_rounded = round(t, 3)
        return t_rounded
</inject-highlight>",0,98.0,288,0,1990.0,,True,True,
222,Python. ДЗ 1: Округление вниз,1,5,"<blockquote>
<p>В этом задании проверяется умение округлять числа «вниз»</p>
</blockquote>
<p>Создайте переменную <code>t</code>, которая будет равна числу <code>2,71828</code>, округленному до ближайшего полного целого. </p>
<p><strong>Обратите внимание:</strong> Округлить нужно не по правилам математики (то есть до 3), а до полного целого - то есть до двух. </p>
<h2>Дополнительная информация</h2>
<p>Обратите внимание, что шаблон решения представлен в следующем виде (на примере языка Python):</p>
<inject-highlight>class Answer:
    def function(self, arg1, arg2):
        # напишите свой код ниже

        return res
</inject-highlight>
<p>Здесь <code>function</code> - функция, которую вам нужно написать (от задачи к задаче ее имя меняется), а <code>arg1, arg2</code> - аргументы этой функции.</p>
<p>Чтобы решить задачу, напишите свой код между комментарием и выражением <code>return ...</code>.</p>
<p>Если вы хотите промежуточно посмотреть, что вернет написанный вами код, воспользуйтесь конструкцией и нажмите кнопку Выполнить:</p>
<inject-highlight>print(Answer().function(arg1, arg2))
</inject-highlight>
<p>Если вам нужно импортировать какой-то модуль, указывайте модуль до <code>class Answer</code>. Например:</p>
<inject-highlight>import mymodule


class Answer:
    ...
</inject-highlight>
<p><strong>Полный пример:</strong></p>
<inject-highlight># импортируем модуль
import collections


class Answer:
    def problemSolve(self, n, m):
        # напишите свой код ниже
        ...
        return res

# промежуточно смотрим результат
print(Answer().problemSolve(n=2, m=3))
</inject-highlight>","<inject-highlight>from math import floor

class Answer:
    def FloorFloat(self):
        &quot;&quot;&quot;Введите свой код ниже, до return&quot;&quot;&quot;
        t = floor(2.71828)
        return t
</inject-highlight>",0,98.0,289,0,1990.0,,True,True,
223,Python. ДЗ 1: Создание комплексных чисел,1,5,"<blockquote>
<p>В этом задании проверяется умение создавать комплексные числа</p>
</blockquote>
<p>Создайте переменную <code>c</code>, которая будет равна комплексному числу с действительной частью <code>5</code> и мнимой <code>3</code>. </p>
<p>Создайте переменную <code>c1</code>, которая будет равна комплексному числу с действительной частью <code>0</code> и мнимой <code>1</code>.</p>
<p>Создайте переменную <code>c2</code>, которая будет равна комплексному числу с действительной частью <code>6</code> и мнимой <code>0</code>.</p>
<h2>Дополнительная информация</h2>
<p>Обратите внимание, что шаблон решения представлен в следующем виде (на примере языка Python):</p>
<inject-highlight>class Answer:
    def function(self, arg1, arg2):
        # напишите свой код ниже

        return res
</inject-highlight>
<p>Здесь <code>function</code> - функция, которую вам нужно написать (от задачи к задаче ее имя меняется), а <code>arg1, arg2</code> - аргументы этой функции.</p>
<p>Чтобы решить задачу, напишите свой код между комментарием и выражением <code>return ...</code>.</p>
<p>Если вы хотите промежуточно посмотреть, что вернет написанный вами код, воспользуйтесь конструкцией и нажмите кнопку Выполнить:</p>
<inject-highlight>print(Answer().function(arg1, arg2))
</inject-highlight>
<p>Если вам нужно импортировать какой-то модуль, указывайте модуль до <code>class Answer</code>. Например:</p>
<inject-highlight>import mymodule


class Answer:
    ...
</inject-highlight>
<p><strong>Полный пример:</strong></p>
<inject-highlight># импортируем модуль
import collections


class Answer:
    def problemSolve(self, n, m):
        # напишите свой код ниже
        ...
        return res

# промежуточно смотрим результат
print(Answer().problemSolve(n=2, m=3))
</inject-highlight>","<inject-highlight>class Answer:
    def ComplexNumbers(self):
        &quot;&quot;&quot;Введите свой код ниже, до return&quot;&quot;&quot;
        c = 5 + 3j
        c1 = 0 + 1j
        c2 = 6 + 0j
        return c, c1, c2
</inject-highlight>",0,98.0,290,0,1990.0,,True,True,
224,Python. ДЗ 1: Выделение мнимой и действительной части,1,5,"<blockquote>
<p>В этом задании проверяется умение выделять действительную и мнимую часть числа</p>
</blockquote>
<p>Создайте переменную <code>c</code>, которая будет равна комплексному числу с действительной частью <code>5</code> и мнимой <code>3</code>. </p>
<p>Создайте переменную <code>r</code>, которая будет равна действительной части числа <code>c</code>. </p>
<p>Создайте переменную <code>i</code>, которая будет равна мнимой части числа <code>c</code>.</p>
<p><strong>Обратите внимание:</strong> Значение переменных <code>r</code> и <code>i</code> Вы должны задавать не вручную, а проведя «обработку» переменной <code>c</code>.</p>
<p><strong>Неверно:</strong></p>
<inject-highlight>class Answer:
    def RealImageParts(self):
        &quot;&quot;&quot;Введите свой код ниже, до return&quot;&quot;&quot;
        c = 5 + 3j
        r = 5
        i = 3
        return c, r, i
</inject-highlight>
<p><strong>Верно:</strong></p>
<inject-highlight>class Answer:
    def RealImageParts(self):
        &quot;&quot;&quot;Введите свой код ниже, до return&quot;&quot;&quot;
        c = 5 + 3j
        r = ... # действия с переменной c
        i = ... # действия с переменной c
        return c, r, i
</inject-highlight>
<h2>Дополнительная информация</h2>
<p>Обратите внимание, что шаблон решения представлен в следующем виде (на примере языка Python):</p>
<inject-highlight>class Answer:
    def function(self, arg1, arg2):
        # напишите свой код ниже

        return res
</inject-highlight>
<p>Здесь <code>function</code> - функция, которую вам нужно написать (от задачи к задаче ее имя меняется), а <code>arg1, arg2</code> - аргументы этой функции.</p>
<p>Чтобы решить задачу, напишите свой код между комментарием и выражением <code>return ...</code>.</p>
<p>Если вы хотите промежуточно посмотреть, что вернет написанный вами код, воспользуйтесь конструкцией и нажмите кнопку Выполнить:</p>
<inject-highlight>print(Answer().function(arg1, arg2))
</inject-highlight>
<p>Если вам нужно импортировать какой-то модуль, указывайте модуль до <code>class Answer</code>. Например:</p>
<inject-highlight>import mymodule


class Answer:
    ...
</inject-highlight>
<p><strong>Полный пример:</strong></p>
<inject-highlight># импортируем модуль
import collections


class Answer:
    def problemSolve(self, n, m):
        # напишите свой код ниже
        ...
        return res

# промежуточно смотрим результат
print(Answer().problemSolve(n=2, m=3))
</inject-highlight>","<inject-highlight>class Answer:
    def RealImageParts(self):
        &quot;&quot;&quot;Введите свой код ниже, до return&quot;&quot;&quot;
        c = 5 + 3j
        r = c.real
        i = c.imag
        return c, r, i
</inject-highlight>
",0,98.0,291,0,1990.0,,True,True,
225,Python. ДЗ 1: Нахождение комплексно-сопряженного,1,5,"<blockquote>
<p>В этом задании проверяется умение находить комплексно-сопряженное число</p>
</blockquote>
<p>Создайте переменную <code>c</code>, которая будет равна комплексному числу с действительной частью <code>5</code> и мнимой <code>3</code>. </p>
<p>Создайте переменную <code>c1</code>, которая будет равна комплексно-сопряженному числу к <code>c</code>.</p>
<p><strong>Обратите внимание:</strong> Значение переменной <code>c1</code> Вы должны задавать не вручную, а проведя «обработку» переменной <code>c</code>.</p>
<p><strong>Неверно:</strong></p>
<inject-highlight>class Answer:
    def ComplexConjugate(self):
        &quot;&quot;&quot;Введите свой код ниже, до return&quot;&quot;&quot;
        c = 5 + 3j
        c1 = 5 - 3j
        return c, c1
</inject-highlight>
<p><strong>Верно:</strong></p>
<inject-highlight>class Answer:
    def ComplexConjugate(self):
        &quot;&quot;&quot;Введите свой код ниже, до return&quot;&quot;&quot;
        c = 5 + 3j
        c1 = ... # действия с переменной c
        return c, c1
</inject-highlight>
<h2>Дополнительная информация</h2>
<p>Обратите внимание, что шаблон решения представлен в следующем виде (на примере языка Python):</p>
<inject-highlight>class Answer:
    def function(self, arg1, arg2):
        # напишите свой код ниже

        return res
</inject-highlight>
<p>Здесь <code>function</code> - функция, которую вам нужно написать (от задачи к задаче ее имя меняется), а <code>arg1, arg2</code> - аргументы этой функции.</p>
<p>Чтобы решить задачу, напишите свой код между комментарием и выражением <code>return ...</code>.</p>
<p>Если вы хотите промежуточно посмотреть, что вернет написанный вами код, воспользуйтесь конструкцией и нажмите кнопку Выполнить:</p>
<inject-highlight>print(Answer().function(arg1, arg2))
</inject-highlight>
<p>Если вам нужно импортировать какой-то модуль, указывайте модуль до <code>class Answer</code>. Например:</p>
<inject-highlight>import mymodule


class Answer:
    ...
</inject-highlight>
<p><strong>Полный пример:</strong></p>
<inject-highlight># импортируем модуль
import collections


class Answer:
    def problemSolve(self, n, m):
        # напишите свой код ниже
        ...
        return res

# промежуточно смотрим результат
print(Answer().problemSolve(n=2, m=3))
</inject-highlight>","<inject-highlight>class Answer:
    def ComplexConjugate(self):
        &quot;&quot;&quot;Введите свой код ниже, до return&quot;&quot;&quot;
        c = 5 + 3j
        c1 = c.conjugate()
        return c, c1
</inject-highlight>",0,98.0,292,0,1990.0,,True,True,
226,Python. ДЗ 1: Конвертация типов,1,5,"<blockquote>
<p>В этом задании проверяется навык конвертировать разные типы данных</p>
</blockquote>
<p>Создайте переменную <code>c</code>, которая будет представлять число <code>1</code> в виде <code>float</code>. Создайте переменную <code>c1</code>, которая будет представлять число <code>2.5</code> в виде <code>int</code>.</p>
<p><strong>Обратите внимание:</strong> Значение переменных <code>c</code> и <code>c1</code> Вы должны задавать не вручную, а с помощью встроенных функций Python.</p>
<p><strong>Неверно:</strong></p>
<inject-highlight>class Answer:
    def CastTypes(self):
        &quot;&quot;&quot;Введите свой код ниже, до return&quot;&quot;&quot;
        c = 1.0
        c1 = 2
        return c, c1
</inject-highlight>
<p><strong>Верно:</strong></p>
<inject-highlight>class Answer:
    def CastTypes(self):
        &quot;&quot;&quot;Введите свой код ниже, до return&quot;&quot;&quot;
        c = ... # используем специальный функции
        c1 = ... # используем специальный функции
        return c, c1
</inject-highlight>
<h2>Дополнительная информация</h2>
<p>Обратите внимание, что шаблон решения представлен в следующем виде (на примере языка Python):</p>
<inject-highlight>class Answer:
    def function(self, arg1, arg2):
        # напишите свой код ниже

        return res
</inject-highlight>
<p>Здесь <code>function</code> - функция, которую вам нужно написать (от задачи к задаче ее имя меняется), а <code>arg1, arg2</code> - аргументы этой функции.</p>
<p>Чтобы решить задачу, напишите свой код между комментарием и выражением <code>return ...</code>.</p>
<p>Если вы хотите промежуточно посмотреть, что вернет написанный вами код, воспользуйтесь конструкцией и нажмите кнопку Выполнить:</p>
<inject-highlight>print(Answer().function(arg1, arg2))
</inject-highlight>
<p>Если вам нужно импортировать какой-то модуль, указывайте модуль до <code>class Answer</code>. Например:</p>
<inject-highlight>import mymodule


class Answer:
    ...
</inject-highlight>
<p><strong>Полный пример:</strong></p>
<inject-highlight># импортируем модуль
import collections


class Answer:
    def problemSolve(self, n, m):
        # напишите свой код ниже
        ...
        return res

# промежуточно смотрим результат
print(Answer().problemSolve(n=2, m=3))
</inject-highlight>","<inject-highlight>class Answer:
    def CastTypes(self):
        &quot;&quot;&quot;Введите свой код ниже, до return&quot;&quot;&quot;
        c = float(1)
        c1 = int(2.5)
        return c, c1
</inject-highlight>",0,98.0,293,0,1990.0,,True,True,
227,Python. ДЗ 1: Использование сокращенных операторов,1,5,"<blockquote>
<p>В этом задании проверяется умение использовать сокращенные арифиметические операторы</p>
</blockquote>
<p>Создайте переменную <code>c</code>, которая будет равняться 10. Уменьшите значение переменной <code>c</code> в 2 раза, а затем прибавьте 1. Избегайте конструкций <code>a = a + 1</code> и используйте операторы типа <code>a += 1</code>.</p>
<p><strong>Обратите внимание:</strong> Значение переменной <code>c</code> Вы должны задавать не вручную, а проведя вычисления специальными операторами.</p>
<p><strong>Неверно:</strong></p>
<inject-highlight>class Answer:
    def MathOperators(self):
        &quot;&quot;&quot;Введите свой код ниже, до return&quot;&quot;&quot;
        c = 6
        return c
</inject-highlight>
<p><strong>Верно:</strong></p>
<inject-highlight>class Answer:
    def MathOperators(self):
        &quot;&quot;&quot;Введите свой код ниже, до return&quot;&quot;&quot;
        c ... # вычисляем
        c ... # вычисляем
        return c
</inject-highlight>
<h2>Дополнительная информация</h2>
<p>Обратите внимание, что шаблон решения представлен в следующем виде (на примере языка Python):</p>
<inject-highlight>class Answer:
    def function(self, arg1, arg2):
        # напишите свой код ниже

        return res
</inject-highlight>
<p>Здесь <code>function</code> - функция, которую вам нужно написать (от задачи к задаче ее имя меняется), а <code>arg1, arg2</code> - аргументы этой функции.</p>
<p>Чтобы решить задачу, напишите свой код между комментарием и выражением <code>return ...</code>.</p>
<p>Если вы хотите промежуточно посмотреть, что вернет написанный вами код, воспользуйтесь конструкцией и нажмите кнопку Выполнить:</p>
<inject-highlight>print(Answer().function(arg1, arg2))
</inject-highlight>
<p>Если вам нужно импортировать какой-то модуль, указывайте модуль до <code>class Answer</code>. Например:</p>
<inject-highlight>import mymodule


class Answer:
    ...
</inject-highlight>
<p><strong>Полный пример:</strong></p>
<inject-highlight># импортируем модуль
import collections


class Answer:
    def problemSolve(self, n, m):
        # напишите свой код ниже
        ...
        return res

# промежуточно смотрим результат
print(Answer().problemSolve(n=2, m=3))
</inject-highlight>","<inject-highlight>class Answer:
    def MathOperators(self):
        &quot;&quot;&quot;Введите свой код ниже, до return&quot;&quot;&quot;
        c = 10
        c /= 2
        c += 1
        return c
</inject-highlight>
",0,98.0,294,0,1990.0,,True,True,
228,Python. ДЗ 2: Создание строки,1,5,"<blockquote>
<p>В этом задании проверяется умение создавать строковые переменные</p>
</blockquote>
<p>Создайте переменную <code>s</code> и присвойте ей значение <code>my string</code>. </p>
<h2>Дополнительная информация</h2>
<p>Обратите внимание, что шаблон решения представлен в следующем виде (на примере языка Python):</p>
<inject-highlight>class Answer:
    def function(self, arg1, arg2):
        # напишите свой код ниже

        return res
</inject-highlight>
<p>Здесь <code>function</code> - функция, которую вам нужно написать (от задачи к задаче ее имя меняется), а <code>arg1, arg2</code> - аргументы этой функции.</p>
<p>Чтобы решить задачу, напишите свой код между комментарием и выражением <code>return ...</code>.</p>
<p>Если вы хотите промежуточно посмотреть, что вернет написанный вами код, воспользуйтесь конструкцией и нажмите кнопку Выполнить:</p>
<inject-highlight>print(Answer().function(arg1, arg2))
</inject-highlight>
<p>Если вам нужно импортировать какой-то модуль, указывайте модуль до <code>class Answer</code>. Например:</p>
<inject-highlight>import mymodule


class Answer:
    ...
</inject-highlight>
<p><strong>Полный пример:</strong></p>
<inject-highlight># импортируем модуль
import collections


class Answer:
    def problemSolve(self, n, m):
        # напишите свой код ниже
        ...
        return res

# промежуточно смотрим результат
print(Answer().problemSolve(n=2, m=3))
</inject-highlight>","<inject-highlight>class Answer:
    def CreateString(self):
        &quot;&quot;&quot;Введите свой код ниже, до return&quot;&quot;&quot;
        s = &quot;my string&quot;
        return s
</inject-highlight>",0,98.0,295,0,1980.0,,True,True,
229,Python. ДЗ 2: Умножение строк,1,5,"<blockquote>
<p>В этом задании проверяется умение «повторять» строки</p>
</blockquote>
<p>Создайте переменную <code>s</code> и присвойте ей значение <code>a</code>, которое будет повторяться 100 раз. </p>
<p><strong>Пример:</strong></p>
<inject-highlight># здесь Ваш код

s
# aaaaaaaa......
</inject-highlight>
<p><strong>Обратите внимание:</strong> Значение переменной <code>s</code> Вы должны задавать не вручную, а с помощью специальных конструкций языка Python.</p>
<h2>Дополнительная информация</h2>
<p>Обратите внимание, что шаблон решения представлен в следующем виде (на примере языка Python):</p>
<inject-highlight>class Answer:
    def function(self, arg1, arg2):
        # напишите свой код ниже

        return res
</inject-highlight>
<p>Здесь <code>function</code> - функция, которую вам нужно написать (от задачи к задаче ее имя меняется), а <code>arg1, arg2</code> - аргументы этой функции.</p>
<p>Чтобы решить задачу, напишите свой код между комментарием и выражением <code>return ...</code>.</p>
<p>Если вы хотите промежуточно посмотреть, что вернет написанный вами код, воспользуйтесь конструкцией и нажмите кнопку Выполнить:</p>
<inject-highlight>print(Answer().function(arg1, arg2))
</inject-highlight>
<p>Если вам нужно импортировать какой-то модуль, указывайте модуль до <code>class Answer</code>. Например:</p>
<inject-highlight>import mymodule


class Answer:
    ...
</inject-highlight>
<p><strong>Полный пример:</strong></p>
<inject-highlight># импортируем модуль
import collections


class Answer:
    def problemSolve(self, n, m):
        # напишите свой код ниже
        ...
        return res

# промежуточно смотрим результат
print(Answer().problemSolve(n=2, m=3))
</inject-highlight>","<inject-highlight>class Answer:
    def MulString(self):
        &quot;&quot;&quot;Введите свой код ниже, до return&quot;&quot;&quot;
        s = &quot;a&quot;*100
        return s
</inject-highlight>
",0,98.0,296,0,1980.0,,True,True,
230,Python. ДЗ 2: Конкатенация строк,1,5,"<blockquote>
<p>В этом задании проверяется умение «повторять» строки</p>
</blockquote>
<p>Создайте переменную <code>s1</code> и присвойте ей значение <code>my</code>. Создайте переменную <code>s2</code> и присвойте ей значение <code>function</code>. Создайте переменную <code>s</code>, которая будет получаться из конкатенации строк <code>s1</code> и <code>s2</code> через пробел. </p>
<p><strong>Обратите внимание:</strong> Значение переменной <code>s</code> Вы должны задавать не вручную, а с помощью специальных конструкций языка Python.</p>
<h2>Дополнительная информация</h2>
<p>Обратите внимание, что шаблон решения представлен в следующем виде (на примере языка Python):</p>
<inject-highlight>class Answer:
    def function(self, arg1, arg2):
        # напишите свой код ниже

        return res
</inject-highlight>
<p>Здесь <code>function</code> - функция, которую вам нужно написать (от задачи к задаче ее имя меняется), а <code>arg1, arg2</code> - аргументы этой функции.</p>
<p>Чтобы решить задачу, напишите свой код между комментарием и выражением <code>return ...</code>.</p>
<p>Если вы хотите промежуточно посмотреть, что вернет написанный вами код, воспользуйтесь конструкцией и нажмите кнопку Выполнить:</p>
<inject-highlight>print(Answer().function(arg1, arg2))
</inject-highlight>
<p>Если вам нужно импортировать какой-то модуль, указывайте модуль до <code>class Answer</code>. Например:</p>
<inject-highlight>import mymodule


class Answer:
    ...
</inject-highlight>
<p><strong>Полный пример:</strong></p>
<inject-highlight># импортируем модуль
import collections


class Answer:
    def problemSolve(self, n, m):
        # напишите свой код ниже
        ...
        return res

# промежуточно смотрим результат
print(Answer().problemSolve(n=2, m=3))
</inject-highlight>","<inject-highlight>class Answer:
    def ConcatString(self):
        &quot;&quot;&quot;Введите свой код ниже, до return&quot;&quot;&quot;
        s1 = &quot;my&quot;
        s2 = &quot;function&quot;
        s = s1 + ' ' + s2
        return s
</inject-highlight>",0,98.0,297,0,1980.0,,True,True,
231,Python. ДЗ 2: Конвертация в строку,1,5,"<blockquote>
<p>В этом задании проверяется умение конвертировать переменные других типов в строки</p>
</blockquote>
<p>Создайте переменную <code>s</code>, которая является строковым представлением числа <code>1e-5</code>. </p>
<p><strong>Обратите внимание:</strong> Значение переменной <code>s</code> Вы должны задавать не вручную, а с помощью специальных конструкций языка Python.</p>
<h2>Дополнительная информация</h2>
<p>Обратите внимание, что шаблон решения представлен в следующем виде (на примере языка Python):</p>
<inject-highlight>class Answer:
    def function(self, arg1, arg2):
        # напишите свой код ниже

        return res
</inject-highlight>
<p>Здесь <code>function</code> - функция, которую вам нужно написать (от задачи к задаче ее имя меняется), а <code>arg1, arg2</code> - аргументы этой функции.</p>
<p>Чтобы решить задачу, напишите свой код между комментарием и выражением <code>return ...</code>.</p>
<p>Если вы хотите промежуточно посмотреть, что вернет написанный вами код, воспользуйтесь конструкцией и нажмите кнопку Выполнить:</p>
<inject-highlight>print(Answer().function(arg1, arg2))
</inject-highlight>
<p>Если вам нужно импортировать какой-то модуль, указывайте модуль до <code>class Answer</code>. Например:</p>
<inject-highlight>import mymodule


class Answer:
    ...
</inject-highlight>
<p><strong>Полный пример:</strong></p>
<inject-highlight># импортируем модуль
import collections


class Answer:
    def problemSolve(self, n, m):
        # напишите свой код ниже
        ...
        return res

# промежуточно смотрим результат
print(Answer().problemSolve(n=2, m=3))
</inject-highlight>","<inject-highlight>class Answer:
    def ConvertToString(self):
        &quot;&quot;&quot;Введите свой код ниже, до return&quot;&quot;&quot;
        s = str(1e-5)
        return s
</inject-highlight>
",0,98.0,298,0,1980.0,,True,True,
232,Python. ДЗ 2: Конвертация из строки,1,5,"<blockquote>
<p>В этом задании проверяется умение конвертировать строковые переменные в другие типы данных</p>
</blockquote>
<p>Создайте переменную <code>s</code>, которая является числовым представлением строки <code>1e-5</code>. </p>
<p><strong>Обратите внимание:</strong> Значение переменной <code>s</code> Вы должны задавать не вручную, а с помощью специальных конструкций языка Python.</p>
<h2>Дополнительная информация</h2>
<p>Обратите внимание, что шаблон решения представлен в следующем виде (на примере языка Python):</p>
<inject-highlight>class Answer:
    def function(self, arg1, arg2):
        # напишите свой код ниже

        return res
</inject-highlight>
<p>Здесь <code>function</code> - функция, которую вам нужно написать (от задачи к задаче ее имя меняется), а <code>arg1, arg2</code> - аргументы этой функции.</p>
<p>Чтобы решить задачу, напишите свой код между комментарием и выражением <code>return ...</code>.</p>
<p>Если вы хотите промежуточно посмотреть, что вернет написанный вами код, воспользуйтесь конструкцией и нажмите кнопку Выполнить:</p>
<inject-highlight>print(Answer().function(arg1, arg2))
</inject-highlight>
<p>Если вам нужно импортировать какой-то модуль, указывайте модуль до <code>class Answer</code>. Например:</p>
<inject-highlight>import mymodule


class Answer:
    ...
</inject-highlight>
<p><strong>Полный пример:</strong></p>
<inject-highlight># импортируем модуль
import collections


class Answer:
    def problemSolve(self, n, m):
        # напишите свой код ниже
        ...
        return res

# промежуточно смотрим результат
print(Answer().problemSolve(n=2, m=3))
</inject-highlight>","<inject-highlight>class Answer:
    def ConvertFromString(self):
        &quot;&quot;&quot;Введите свой код ниже, до return&quot;&quot;&quot;
        s = float(&quot;1e-5&quot;)
        return s
</inject-highlight>
",0,98.0,299,0,1980.0,,True,True,
233,Python. ДЗ 2: Нахождение длины строки,1,5,"<blockquote>
<p>В этом задании проверяется умение находить длину строки</p>
</blockquote>
<p>Создайте переменную <code>s</code>, которая содержит вычисленную длину строки <code>this is a very long sentence</code>. </p>
<p><strong>Обратите внимание:</strong> Значение переменной <code>s</code> Вы должны задавать не вручную, а с помощью специальных конструкций языка Python.</p>
<h2>Дополнительная информация</h2>
<p>Обратите внимание, что шаблон решения представлен в следующем виде (на примере языка Python):</p>
<inject-highlight>class Answer:
    def function(self, arg1, arg2):
        # напишите свой код ниже

        return res
</inject-highlight>
<p>Здесь <code>function</code> - функция, которую вам нужно написать (от задачи к задаче ее имя меняется), а <code>arg1, arg2</code> - аргументы этой функции.</p>
<p>Чтобы решить задачу, напишите свой код между комментарием и выражением <code>return ...</code>.</p>
<p>Если вы хотите промежуточно посмотреть, что вернет написанный вами код, воспользуйтесь конструкцией и нажмите кнопку Выполнить:</p>
<inject-highlight>print(Answer().function(arg1, arg2))
</inject-highlight>
<p>Если вам нужно импортировать какой-то модуль, указывайте модуль до <code>class Answer</code>. Например:</p>
<inject-highlight>import mymodule


class Answer:
    ...
</inject-highlight>
<p><strong>Полный пример:</strong></p>
<inject-highlight># импортируем модуль
import collections


class Answer:
    def problemSolve(self, n, m):
        # напишите свой код ниже
        ...
        return res

# промежуточно смотрим результат
print(Answer().problemSolve(n=2, m=3))
</inject-highlight>","<inject-highlight>class Answer:
    def StringLength(self):
        &quot;&quot;&quot;Введите свой код ниже, до return&quot;&quot;&quot;
        s = len(&quot;this is a very long sentence&quot;)
        return s
</inject-highlight>
",0,98.0,300,0,1980.0,,True,True,
234,Python. ДЗ 2: Создание строк с кавычками,1,5,"<blockquote>
<p>В этом задании проверяется умение создавать строки, содержащие внутри себя кавычки</p>
</blockquote>
<p>Создайте переменную <code>s</code>, которая равняется строке <code>он сказал: ""привет!""</code>. </p>
<h2>Дополнительная информация</h2>
<p>Обратите внимание, что шаблон решения представлен в следующем виде (на примере языка Python):</p>
<inject-highlight>class Answer:
    def function(self, arg1, arg2):
        # напишите свой код ниже

        return res
</inject-highlight>
<p>Здесь <code>function</code> - функция, которую вам нужно написать (от задачи к задаче ее имя меняется), а <code>arg1, arg2</code> - аргументы этой функции.</p>
<p>Чтобы решить задачу, напишите свой код между комментарием и выражением <code>return ...</code>.</p>
<p>Если вы хотите промежуточно посмотреть, что вернет написанный вами код, воспользуйтесь конструкцией и нажмите кнопку Выполнить:</p>
<inject-highlight>print(Answer().function(arg1, arg2))
</inject-highlight>
<p>Если вам нужно импортировать какой-то модуль, указывайте модуль до <code>class Answer</code>. Например:</p>
<inject-highlight>import mymodule


class Answer:
    ...
</inject-highlight>
<p><strong>Полный пример:</strong></p>
<inject-highlight># импортируем модуль
import collections


class Answer:
    def problemSolve(self, n, m):
        # напишите свой код ниже
        ...
        return res

# промежуточно смотрим результат
print(Answer().problemSolve(n=2, m=3))
</inject-highlight>","<inject-highlight>class Answer:
    def QuotedString(self):
        &quot;&quot;&quot;Введите свой код ниже, до return&quot;&quot;&quot;
        s = 'он сказал: &quot;привет!&quot;'
        return s
</inject-highlight>
<p>Другой вариант:</p>
<inject-highlight>class Answer:
    def QuotedString(self):
        &quot;&quot;&quot;Введите свой код ниже, до return&quot;&quot;&quot;
        s = &quot;он сказал: &quot;привет!&quot;&quot;
        return s
</inject-highlight>",0,98.0,301,0,1980.0,,True,True,
235,Python. ДЗ 2: Строки с экранированием,1,5,"<blockquote>
<p>В этом задании проверяется умение использовать спецсимволы при экранировании</p>
</blockquote>
<p>Создайте переменную <code>s</code>, которая удовлетворяет следующим условиям:</p>
<ol>
<li><code>s</code> является строкой</li>
<li><code>s</code> начинается со слов <code>сначала сделаем</code></li>
<li>затем идет табуляция и слово <code>табуляцию</code></li>
<li>после этого идет перенос на новую строку и с самого начала (без отступов) идет фраза <code>а теперь перейдем на новую строку</code></li>
</ol>
<p>Должно получиться так:</p>
<inject-highlight>s = ... # здесь Ваш код

s

# сначала сделаем    табуляцию
# а теперь перейдем на новую строку
</inject-highlight>
<p><strong>Обратите внимание:</strong> Значение переменной <code>s</code> Вы должны задавать не вручную, а с помощью специальных конструкций языка Python.</p>
<h2>Дополнительная информация</h2>
<p>Обратите внимание, что шаблон решения представлен в следующем виде (на примере языка Python):</p>
<inject-highlight>class Answer:
    def function(self, arg1, arg2):
        # напишите свой код ниже

        return res
</inject-highlight>
<p>Здесь <code>function</code> - функция, которую вам нужно написать (от задачи к задаче ее имя меняется), а <code>arg1, arg2</code> - аргументы этой функции.</p>
<p>Чтобы решить задачу, напишите свой код между комментарием и выражением <code>return ...</code>.</p>
<p>Если вы хотите промежуточно посмотреть, что вернет написанный вами код, воспользуйтесь конструкцией и нажмите кнопку Выполнить:</p>
<inject-highlight>print(Answer().function(arg1, arg2))
</inject-highlight>
<p>Если вам нужно импортировать какой-то модуль, указывайте модуль до <code>class Answer</code>. Например:</p>
<inject-highlight>import mymodule


class Answer:
    ...
</inject-highlight>
<p><strong>Полный пример:</strong></p>
<inject-highlight># импортируем модуль
import collections


class Answer:
    def problemSolve(self, n, m):
        # напишите свой код ниже
        ...
        return res

# промежуточно смотрим результат
print(Answer().problemSolve(n=2, m=3))
</inject-highlight>","<inject-highlight>class Answer:
    def EscapeStrings(self):
        &quot;&quot;&quot;Введите свой код ниже, до return&quot;&quot;&quot;
        s = &quot;сначала сделаем\\tтабуляцию\\nа теперь перейдем на новую строку&quot;
        return s
</inject-highlight>",0,98.0,302,0,1980.0,,True,True,
236,Python. ДЗ 2: Создание многострочных строк,1,5,"<blockquote>
<p>В этом задании проверяется умение создавать строки, состоящие из нескольких строк</p>
</blockquote>
<p>Создайте переменную <code>s</code>, которая содержит в себе текст в виде строки:</p>
<pre><code>это первая строка
это вторая строка
это третья строка
</code></pre>
<h2>Дополнительная информация</h2>
<p>Обратите внимание, что шаблон решения представлен в следующем виде (на примере языка Python):</p>
<inject-highlight>class Answer:
    def function(self, arg1, arg2):
        # напишите свой код ниже

        return res
</inject-highlight>
<p>Здесь <code>function</code> - функция, которую вам нужно написать (от задачи к задаче ее имя меняется), а <code>arg1, arg2</code> - аргументы этой функции.</p>
<p>Чтобы решить задачу, напишите свой код между комментарием и выражением <code>return ...</code>.</p>
<p>Если вы хотите промежуточно посмотреть, что вернет написанный вами код, воспользуйтесь конструкцией и нажмите кнопку Выполнить:</p>
<inject-highlight>print(Answer().function(arg1, arg2))
</inject-highlight>
<p>Если вам нужно импортировать какой-то модуль, указывайте модуль до <code>class Answer</code>. Например:</p>
<inject-highlight>import mymodule


class Answer:
    ...
</inject-highlight>
<p><strong>Полный пример:</strong></p>
<inject-highlight># импортируем модуль
import collections


class Answer:
    def problemSolve(self, n, m):
        # напишите свой код ниже
        ...
        return res

# промежуточно смотрим результат
print(Answer().problemSolve(n=2, m=3))
</inject-highlight>
","<inject-highlight>class Answer:
    def MultiLineString(self):
        &quot;&quot;&quot;Введите свой код ниже, до return&quot;&quot;&quot;
        s = &quot;&quot;&quot;это первая строка
            это вторая строка
            это третья строка&quot;&quot;&quot;
        return s
</inject-highlight>",0,98.0,303,0,1980.0,,True,True,
237,Python. ДЗ 3: F-строки,1,5,"<blockquote>
<p>В этом задании проверяется умение пользоваться f-строками</p>
</blockquote>
<p>Создайте перенную <code>num</code>, которая будет равна 5. Создайте переменную <code>s</code>, которая будет иметь вид <code>Это число N</code>. Вместо <code>N</code> с помощью f-строки необходимо подставить значение переменной <code>num</code>.</p>
<p><strong>Обратите внимание:</strong> Значение переменной <code>s</code> Вы должны задавать не вручную, а с помощью специальных конструкций языка Python.</p>
<h2>Дополнительная информация</h2>
<p>Обратите внимание, что шаблон решения представлен в следующем виде (на примере языка Python):</p>
<inject-highlight>class Answer:
    def function(self, arg1, arg2):
        # напишите свой код ниже

        return res
</inject-highlight>
<p>Здесь <code>function</code> - функция, которую вам нужно написать (от задачи к задаче ее имя меняется), а <code>arg1, arg2</code> - аргументы этой функции.</p>
<p>Чтобы решить задачу, напишите свой код между комментарием и выражением <code>return ...</code>.</p>
<p>Если вы хотите промежуточно посмотреть, что вернет написанный вами код, воспользуйтесь конструкцией и нажмите кнопку Выполнить:</p>
<inject-highlight>print(Answer().function(arg1, arg2))
</inject-highlight>
<p>Если вам нужно импортировать какой-то модуль, указывайте модуль до <code>class Answer</code>. Например:</p>
<inject-highlight>import mymodule


class Answer:
    ...
</inject-highlight>
<p><strong>Полный пример:</strong></p>
<inject-highlight># импортируем модуль
import collections


class Answer:
    def problemSolve(self, n, m):
        # напишите свой код ниже
        ...
        return res

# промежуточно смотрим результат
print(Answer().problemSolve(n=2, m=3))
</inject-highlight>","<inject-highlight>class Answer:
    def FStrings(self):
        &quot;&quot;&quot;Введите свой код ниже, до return&quot;&quot;&quot;
        num = 5
        s = f&quot;Это число {num}&quot;
        return s
</inject-highlight>",0,98.0,304,0,1980.0,,True,True,
238,Python. ДЗ 3: Форматирование строки,1,5,"<blockquote>
<p>В этом задании проверяется умение пользоваться функцией <code>format</code></p>
</blockquote>
<p>Создайте перенную <code>num</code>, которая будет равна 5. Создайте переменную <code>s1</code>, которая будет равна строке <code>Это</code>. Создайте переменную <code>s</code>, которая будет иметь вид <code>S1 число N</code>. Вместо <code>N</code> с помощью функции <code>format</code> необходимо подставить значение переменной <code>num</code>. Вместо <code>S1</code> с помощью функции <code>format</code> необходимо подставить значение переменной <code>s1</code>.</p>
<p><strong>Обратите внимание:</strong> Значение переменной <code>s</code> Вы должны задавать не вручную, а с помощью специальных конструкций языка Python.</p>
<h2>Дополнительная информация</h2>
<p>Обратите внимание, что шаблон решения представлен в следующем виде (на примере языка Python):</p>
<inject-highlight>class Answer:
    def function(self, arg1, arg2):
        # напишите свой код ниже

        return res
</inject-highlight>
<p>Здесь <code>function</code> - функция, которую вам нужно написать (от задачи к задаче ее имя меняется), а <code>arg1, arg2</code> - аргументы этой функции.</p>
<p>Чтобы решить задачу, напишите свой код между комментарием и выражением <code>return ...</code>.</p>
<p>Если вы хотите промежуточно посмотреть, что вернет написанный вами код, воспользуйтесь конструкцией и нажмите кнопку Выполнить:</p>
<inject-highlight>print(Answer().function(arg1, arg2))
</inject-highlight>
<p>Если вам нужно импортировать какой-то модуль, указывайте модуль до <code>class Answer</code>. Например:</p>
<inject-highlight>import mymodule


class Answer:
    ...
</inject-highlight>
<p><strong>Полный пример:</strong></p>
<inject-highlight># импортируем модуль
import collections


class Answer:
    def problemSolve(self, n, m):
        # напишите свой код ниже
        ...
        return res

# промежуточно смотрим результат
print(Answer().problemSolve(n=2, m=3))
</inject-highlight>","<inject-highlight>class Answer:
    def FormatString(self):
        &quot;&quot;&quot;Введите свой код ниже, до return&quot;&quot;&quot;
        num = 5
        s1 = &quot;Это&quot;
        s = &quot;{1} число {0}&quot;.format(num, s1)
        return s
</inject-highlight>
",0,98.0,305,0,1980.0,,True,True,
239,Python. ДЗ 3: Стрип строки,1,5,"<blockquote>
<p>В этом задании проверяется умение пользоваться функцией strip</p>
</blockquote>
<p>Создайте строку <code>      это строка    с большими пробелами      </code> и с помощью функции <code>strip</code> избавьтесь от пробелов в начале и в конце строки. Ответ запишите в переменную <code>s</code>.</p>
<p><strong>Обратите внимание:</strong> Значение переменной <code>s</code> Вы должны задавать не вручную, а с помощью специальных конструкций языка Python.</p>
<h2>Дополнительная информация</h2>
<p>Обратите внимание, что шаблон решения представлен в следующем виде (на примере языка Python):</p>
<inject-highlight>class Answer:
    def function(self, arg1, arg2):
        # напишите свой код ниже

        return res
</inject-highlight>
<p>Здесь <code>function</code> - функция, которую вам нужно написать (от задачи к задаче ее имя меняется), а <code>arg1, arg2</code> - аргументы этой функции.</p>
<p>Чтобы решить задачу, напишите свой код между комментарием и выражением <code>return ...</code>.</p>
<p>Если вы хотите промежуточно посмотреть, что вернет написанный вами код, воспользуйтесь конструкцией и нажмите кнопку Выполнить:</p>
<inject-highlight>print(Answer().function(arg1, arg2))
</inject-highlight>
<p>Если вам нужно импортировать какой-то модуль, указывайте модуль до <code>class Answer</code>. Например:</p>
<inject-highlight>import mymodule


class Answer:
    ...
</inject-highlight>
<p><strong>Полный пример:</strong></p>
<inject-highlight># импортируем модуль
import collections


class Answer:
    def problemSolve(self, n, m):
        # напишите свой код ниже
        ...
        return res

# промежуточно смотрим результат
print(Answer().problemSolve(n=2, m=3))
</inject-highlight>
","<inject-highlight>class Answer:
    def StripString(self):
        &quot;&quot;&quot;Введите свой код ниже, до return&quot;&quot;&quot;
        s = &quot;      это строка    с большими пробелами      &quot;.strip()
        return s
</inject-highlight>
",0,98.0,306,0,1980.0,,True,True,
240,Python. ДЗ 3: Сплит строки,1,5,"<blockquote>
<p>В этом задании проверяется умение пользоваться функцией split</p>
</blockquote>
<p>Разбейте строку <code>это строка, где, много очень, лишних, запятых, ,</code> по разделителю-запятой на отдельные подстроки. Результат запишите в переменную <code>s</code>.</p>
<p><strong>Обратите внимание:</strong> Значение переменной <code>s</code> Вы должны задавать не вручную, а с помощью специальных конструкций языка Python.</p>
<h2>Дополнительная информация</h2>
<p>Обратите внимание, что шаблон решения представлен в следующем виде (на примере языка Python):</p>
<inject-highlight>class Answer:
    def function(self, arg1, arg2):
        # напишите свой код ниже

        return res
</inject-highlight>
<p>Здесь <code>function</code> - функция, которую вам нужно написать (от задачи к задаче ее имя меняется), а <code>arg1, arg2</code> - аргументы этой функции.</p>
<p>Чтобы решить задачу, напишите свой код между комментарием и выражением <code>return ...</code>.</p>
<p>Если вы хотите промежуточно посмотреть, что вернет написанный вами код, воспользуйтесь конструкцией и нажмите кнопку Выполнить:</p>
<inject-highlight>print(Answer().function(arg1, arg2))
</inject-highlight>
<p>Если вам нужно импортировать какой-то модуль, указывайте модуль до <code>class Answer</code>. Например:</p>
<inject-highlight>import mymodule


class Answer:
    ...
</inject-highlight>
<p><strong>Полный пример:</strong></p>
<inject-highlight># импортируем модуль
import collections


class Answer:
    def problemSolve(self, n, m):
        # напишите свой код ниже
        ...
        return res

# промежуточно смотрим результат
print(Answer().problemSolve(n=2, m=3))
</inject-highlight>
","<inject-highlight>class Answer:
    def SplitString(self):
        &quot;&quot;&quot;Введите свой код ниже, до return&quot;&quot;&quot;
        s = &quot;  это строка, где, много очень, лишних, запятых, ,  &quot;.split(&quot;,&quot;)
        return s
</inject-highlight>",0,98.0,307,0,1980.0,,True,True,
241,Python. ДЗ 3: Регистр букв в строке,1,5,"<blockquote>
<p>В этом задании проверяется умение пользоваться функциями смены регистра</p>
</blockquote>
<p>Создайте строку <code>s</code> и запишите в нее строку <code>БУквЫ В рАЗных РЕГИстрах</code>. Создайте строку <code>s_lower</code>, где строка <code>s</code> будет представлена только в нижнем регистре. Создайте строку <code>s_upper</code>, где строка <code>s</code> будет представлена только в вверхнем регистре. Создайте строку <code>s_swap</code>, где строка <code>s</code> будет представлена в обратном регистре (что было маленьким - стало большим и наоборот). </p>
<p><strong>Обратите внимание:</strong> Значение переменной <code>s</code> Вы должны задавать не вручную, а с помощью специальных конструкций языка Python.</p>
<h2>Дополнительная информация</h2>
<p>Обратите внимание, что шаблон решения представлен в следующем виде (на примере языка Python):</p>
<inject-highlight>class Answer:
    def function(self, arg1, arg2):
        # напишите свой код ниже

        return res
</inject-highlight>
<p>Здесь <code>function</code> - функция, которую вам нужно написать (от задачи к задаче ее имя меняется), а <code>arg1, arg2</code> - аргументы этой функции.</p>
<p>Чтобы решить задачу, напишите свой код между комментарием и выражением <code>return ...</code>.</p>
<p>Если вы хотите промежуточно посмотреть, что вернет написанный вами код, воспользуйтесь конструкцией и нажмите кнопку Выполнить:</p>
<inject-highlight>print(Answer().function(arg1, arg2))
</inject-highlight>
<p>Если вам нужно импортировать какой-то модуль, указывайте модуль до <code>class Answer</code>. Например:</p>
<inject-highlight>import mymodule


class Answer:
    ...
</inject-highlight>
<p><strong>Полный пример:</strong></p>
<inject-highlight># импортируем модуль
import collections


class Answer:
    def problemSolve(self, n, m):
        # напишите свой код ниже
        ...
        return res

# промежуточно смотрим результат
print(Answer().problemSolve(n=2, m=3))
</inject-highlight>
","<inject-highlight>class Answer:
    def StringRegister(self):
        &quot;&quot;&quot;Введите свой код ниже, до return&quot;&quot;&quot;
        s = &quot;БУквЫ В рАЗных РЕГИстрах&quot;
        s_lower = s.lower()
        s_upper = s.upper()
        s_swap = s.swapcase()
        return s, s_lower, s_upper, s_swap
</inject-highlight>",0,98.0,308,0,1980.0,,True,True,
242,Python. ДЗ 3: Сцепка строк,1,5,"<blockquote>
<p>В этом задании проверяется умение пользоваться функцией join</p>
</blockquote>
<p>Создайте переменную <code>s</code>, которая будет содержать строку <code>Просто еще одна обычная строка</code>. Разбейте эту строку по пробелам и запишите результат в переменную <code>s_splitted</code>. Затем обновите значение переменной <code>s</code> и запишите туда строку, которая получается в результате соединения слов из <code>s_splitted</code> через символ <code>-</code>.</p>
<p><strong>Пример:</strong></p>
<pre><code>Было: Просто еще одна обычная строка
Стало: Просто-еще-одна-обычная-строка
</code></pre>
<p><strong>Обратите внимание:</strong> Значение переменной <code>s</code> Вы должны задавать не вручную, а с помощью специальных конструкций языка Python.</p>
<h2>Дополнительная информация</h2>
<p>Обратите внимание, что шаблон решения представлен в следующем виде (на примере языка Python):</p>
<inject-highlight>class Answer:
    def function(self, arg1, arg2):
        # напишите свой код ниже

        return res
</inject-highlight>
<p>Здесь <code>function</code> - функция, которую вам нужно написать (от задачи к задаче ее имя меняется), а <code>arg1, arg2</code> - аргументы этой функции.</p>
<p>Чтобы решить задачу, напишите свой код между комментарием и выражением <code>return ...</code>.</p>
<p>Если вы хотите промежуточно посмотреть, что вернет написанный вами код, воспользуйтесь конструкцией и нажмите кнопку Выполнить:</p>
<inject-highlight>print(Answer().function(arg1, arg2))
</inject-highlight>
<p>Если вам нужно импортировать какой-то модуль, указывайте модуль до <code>class Answer</code>. Например:</p>
<inject-highlight>import mymodule


class Answer:
    ...
</inject-highlight>
<p><strong>Полный пример:</strong></p>
<inject-highlight># импортируем модуль
import collections


class Answer:
    def problemSolve(self, n, m):
        # напишите свой код ниже
        ...
        return res

# промежуточно смотрим результат
print(Answer().problemSolve(n=2, m=3))
</inject-highlight>","<inject-highlight>class Answer:
    def StringJoinSplit(self):
        &quot;&quot;&quot;Введите свой код ниже, до return&quot;&quot;&quot;
        s = &quot;Просто еще одна обычная строка&quot;
        s_splitted = s.split()
        s = &quot;-&quot;.join(s_splitted)
        return s, s_splitted
</inject-highlight>",0,98.0,309,0,1980.0,,True,True,
243,Python. ДЗ 3: Начало и конец строки,1,5,"<blockquote>
<p>В этом задании проверяется умение проверять, на что начинается строка и на что заканчивается</p>
</blockquote>
<p>Создайте переменную <code>s</code>, которая будет содержать строку <code>Просто еще одна обычная строка</code>. Создайте переменную <code>s_start</code>, в которую запишите результат проверки - начинается ли <code>s</code> с строки <code>еще</code>. Создайте переменную <code>s_end</code>, в которую запишите результат проверки - заканчивается ли <code>s</code> на <code>ока</code>.</p>
<p><strong>Обратите внимание:</strong> Значение переменных <code>s_start</code> и <code>s_end</code> Вы должны задавать не вручную, а с помощью специальных конструкций языка Python.</p>
<h2>Дополнительная информация</h2>
<p>Обратите внимание, что шаблон решения представлен в следующем виде (на примере языка Python):</p>
<inject-highlight>class Answer:
    def function(self, arg1, arg2):
        # напишите свой код ниже

        return res
</inject-highlight>
<p>Здесь <code>function</code> - функция, которую вам нужно написать (от задачи к задаче ее имя меняется), а <code>arg1, arg2</code> - аргументы этой функции.</p>
<p>Чтобы решить задачу, напишите свой код между комментарием и выражением <code>return ...</code>.</p>
<p>Если вы хотите промежуточно посмотреть, что вернет написанный вами код, воспользуйтесь конструкцией и нажмите кнопку Выполнить:</p>
<inject-highlight>print(Answer().function(arg1, arg2))
</inject-highlight>
<p>Если вам нужно импортировать какой-то модуль, указывайте модуль до <code>class Answer</code>. Например:</p>
<inject-highlight>import mymodule


class Answer:
    ...
</inject-highlight>
<p><strong>Полный пример:</strong></p>
<inject-highlight># импортируем модуль
import collections


class Answer:
    def problemSolve(self, n, m):
        # напишите свой код ниже
        ...
        return res

# промежуточно смотрим результат
print(Answer().problemSolve(n=2, m=3))
</inject-highlight>","<inject-highlight>class Answer:
    def StringStartEnd(self):
        &quot;&quot;&quot;Введите свой код ниже, до return&quot;&quot;&quot;
        s = &quot;Просто еще одна обычная строка&quot;
        s_start = s.startswith(&quot;еще&quot;)
        s_end = s.endswith(&quot;ока&quot;)
        return s, s_start, s_end
</inject-highlight>",0,98.0,310,0,1980.0,,True,True,
244,Python. ДЗ 3: Поиск подстроки,1,5,"<blockquote>
<p>В этом задании проверяется умение реализовывать поиск по строке</p>
</blockquote>
<p>Создайте переменную <code>s</code>, которая будет содержать строку <code>это повтор повтор и еще повтор</code>. Создайте переменную <code>start</code>, в которую запишите индекс первого вхождения слова <code>повтор</code> в строку <code>s</code>. При этом первые 5 символов строки <code>s</code> пропустите - начинайте поиск слова <code>повтор</code> начиная с 6 символа. Однако, в переменную <code>start</code> нужно записать индекс относительно начала строки <code>s</code>.</p>
<p><strong>Например:</strong></p>
<pre><code>Дано: &quot;строка строка&quot;
Ищем: &quot;строка&quot;
Пропускаем символов: 5
Результат: 7
</code></pre>
<p><strong>Обратите внимание:</strong> Значение переменной <code>start</code> Вы должны задавать не вручную, а с помощью специальных конструкций языка Python.</p>
<h2>Дополнительная информация</h2>
<p>Обратите внимание, что шаблон решения представлен в следующем виде (на примере языка Python):</p>
<inject-highlight>class Answer:
    def function(self, arg1, arg2):
        # напишите свой код ниже

        return res
</inject-highlight>
<p>Здесь <code>function</code> - функция, которую вам нужно написать (от задачи к задаче ее имя меняется), а <code>arg1, arg2</code> - аргументы этой функции.</p>
<p>Чтобы решить задачу, напишите свой код между комментарием и выражением <code>return ...</code>.</p>
<p>Если вы хотите промежуточно посмотреть, что вернет написанный вами код, воспользуйтесь конструкцией и нажмите кнопку Выполнить:</p>
<inject-highlight>print(Answer().function(arg1, arg2))
</inject-highlight>
<p>Если вам нужно импортировать какой-то модуль, указывайте модуль до <code>class Answer</code>. Например:</p>
<inject-highlight>import mymodule


class Answer:
    ...
</inject-highlight>
<p><strong>Полный пример:</strong></p>
<inject-highlight># импортируем модуль
import collections


class Answer:
    def problemSolve(self, n, m):
        # напишите свой код ниже
        ...
        return res

# промежуточно смотрим результат
print(Answer().problemSolve(n=2, m=3))
</inject-highlight>
","<inject-highlight>class Answer:
    def FindString(self):
        &quot;&quot;&quot;Введите свой код ниже, до return&quot;&quot;&quot;
        s = &quot;это повтор повтор и еще повтор&quot;
        start = s.find(&quot;повтор&quot;, 5)
        return s, start
</inject-highlight>",0,98.0,311,0,1980.0,,True,True,
245,Python. ДЗ 3: Слайсинг строки,1,5,"<blockquote>
<p>В этом задании проверяется умение делать срезы строк</p>
</blockquote>
<p>Создайте переменную <code>s</code>, которая будет содержать строку <code>это начальная строка</code>. Обновите значение переменной <code>s</code>: запишите в нее символы из <code>s</code> с 5 по 10 (если считать от 0). </p>
<p><strong>Обратите внимание:</strong> Значение переменной <code>s</code> Вы должны задавать не вручную, а с помощью специальных конструкций языка Python.</p>
<h2>Дополнительная информация</h2>
<p>Обратите внимание, что шаблон решения представлен в следующем виде (на примере языка Python):</p>
<inject-highlight>class Answer:
    def function(self, arg1, arg2):
        # напишите свой код ниже

        return res
</inject-highlight>
<p>Здесь <code>function</code> - функция, которую вам нужно написать (от задачи к задаче ее имя меняется), а <code>arg1, arg2</code> - аргументы этой функции.</p>
<p>Чтобы решить задачу, напишите свой код между комментарием и выражением <code>return ...</code>.</p>
<p>Если вы хотите промежуточно посмотреть, что вернет написанный вами код, воспользуйтесь конструкцией и нажмите кнопку Выполнить:</p>
<inject-highlight>print(Answer().function(arg1, arg2))
</inject-highlight>
<p>Если вам нужно импортировать какой-то модуль, указывайте модуль до <code>class Answer</code>. Например:</p>
<inject-highlight>import mymodule


class Answer:
    ...
</inject-highlight>
<p><strong>Полный пример:</strong></p>
<inject-highlight># импортируем модуль
import collections


class Answer:
    def problemSolve(self, n, m):
        # напишите свой код ниже
        ...
        return res

# промежуточно смотрим результат
print(Answer().problemSolve(n=2, m=3))
</inject-highlight>","<inject-highlight>class Answer:
    def StringSlicing(self):
        &quot;&quot;&quot;Введите свой код ниже, до return&quot;&quot;&quot;
        s = &quot;это начальная строка&quot;[5:10]
        return s
</inject-highlight>",0,98.0,312,0,1980.0,,True,True,
246,Python. ДЗ 3: Реверс строки,1,5,"<blockquote>
<p>В этом задании проверяется умение делать реверс строки</p>
</blockquote>
<p>Создайте переменную <code>s</code>, которая будет содержать строку <code>это начальная строка</code>. Обновите значение переменной <code>s</code>: запишите в нее ту же строку, но в обратном порядке.</p>
<p><strong>Важно:</strong> Используйте механизм слайсинга (срезы).</p>
<p><strong>Обратите внимание:</strong> Значение переменной <code>s</code> Вы должны задавать не вручную, а с помощью специальных конструкций языка Python.</p>
<h2>Дополнительная информация</h2>
<p>Обратите внимание, что шаблон решения представлен в следующем виде (на примере языка Python):</p>
<inject-highlight>class Answer:
    def function(self, arg1, arg2):
        # напишите свой код ниже

        return res
</inject-highlight>
<p>Здесь <code>function</code> - функция, которую вам нужно написать (от задачи к задаче ее имя меняется), а <code>arg1, arg2</code> - аргументы этой функции.</p>
<p>Чтобы решить задачу, напишите свой код между комментарием и выражением <code>return ...</code>.</p>
<p>Если вы хотите промежуточно посмотреть, что вернет написанный вами код, воспользуйтесь конструкцией и нажмите кнопку Выполнить:</p>
<inject-highlight>print(Answer().function(arg1, arg2))
</inject-highlight>
<p>Если вам нужно импортировать какой-то модуль, указывайте модуль до <code>class Answer</code>. Например:</p>
<inject-highlight>import mymodule


class Answer:
    ...
</inject-highlight>
<p><strong>Полный пример:</strong></p>
<inject-highlight># импортируем модуль
import collections


class Answer:
    def problemSolve(self, n, m):
        # напишите свой код ниже
        ...
        return res

# промежуточно смотрим результат
print(Answer().problemSolve(n=2, m=3))
</inject-highlight>
","<inject-highlight>class Answer:
    def StringReverse(self):
        &quot;&quot;&quot;Введите свой код ниже, до return&quot;&quot;&quot;
        s = &quot;это начальная строка&quot;[::-1]
        return s
</inject-highlight>",0,98.0,313,0,1980.0,,True,True,
247,Python. ДЗ 3: Замена подстроки,1,5,"<blockquote>
<p>В этом задании проверяется умение делать замену части строки</p>
</blockquote>
<p>Создайте переменную <code>s</code>, которая будет содержать строку <code>это начальная строка и еще одна строка</code>. Замените в строке <code>s</code> слово <code>строка</code> на <code>строчка</code>. Результат также запишите в переменную <code>s</code>.</p>
<p><strong>Обратите внимание:</strong> Значение переменной <code>s</code> Вы должны задавать не вручную, а с помощью специальных конструкций языка Python.</p>
<h2>Дополнительная информация</h2>
<p>Обратите внимание, что шаблон решения представлен в следующем виде (на примере языка Python):</p>
<inject-highlight>class Answer:
    def function(self, arg1, arg2):
        # напишите свой код ниже

        return res
</inject-highlight>
<p>Здесь <code>function</code> - функция, которую вам нужно написать (от задачи к задаче ее имя меняется), а <code>arg1, arg2</code> - аргументы этой функции.</p>
<p>Чтобы решить задачу, напишите свой код между комментарием и выражением <code>return ...</code>.</p>
<p>Если вы хотите промежуточно посмотреть, что вернет написанный вами код, воспользуйтесь конструкцией и нажмите кнопку Выполнить:</p>
<inject-highlight>print(Answer().function(arg1, arg2))
</inject-highlight>
<p>Если вам нужно импортировать какой-то модуль, указывайте модуль до <code>class Answer</code>. Например:</p>
<inject-highlight>import mymodule


class Answer:
    ...
</inject-highlight>
<p><strong>Полный пример:</strong></p>
<inject-highlight># импортируем модуль
import collections


class Answer:
    def problemSolve(self, n, m):
        # напишите свой код ниже
        ...
        return res

# промежуточно смотрим результат
print(Answer().problemSolve(n=2, m=3))
</inject-highlight>","<inject-highlight>class Answer:
    def StringReplace(self):
        &quot;&quot;&quot;Введите свой код ниже, до return&quot;&quot;&quot;
        s = &quot;это начальная строка и еще одна строка&quot;.replace(&quot;строка&quot;, &quot;строчка&quot;)
        return s
</inject-highlight>
",0,98.0,314,0,1980.0,,True,True,
248,Python. ДЗ 3: Комплексная работа со строками,2,10,"<blockquote>
<p>В этом задании проверяется комплексное умение работать со строками</p>
</blockquote>
<p>Вам будет дана некая строка <code>s</code> (какая именно, Вы не знаете). Вам необходимо обработать эту строку и записать ответ в переменную result. </p>
<ol>
<li>Удалите пробельные символы из начала и конца строки</li>
<li>Замените все вхождения слова <code>code</code> на <code>my_code</code>, если такие существуют</li>
<li>Разбейте получившуюся строку по пробелу и соедините через дефис</li>
<li>Реверсните итоговую строку</li>
</ol>
<p>Результат запишите в переменную <code>s</code>.</p>
<p><strong>Обратите внимание:</strong> Значение переменной <code>s</code> Вы должны задавать не вручную, а с помощью специальных конструкций языка Python.</p>
<h2>Дополнительная информация</h2>
<p>Обратите внимание, что шаблон решения представлен в следующем виде (на примере языка Python):</p>
<inject-highlight>class Answer:
    def function(self, arg1, arg2):
        # напишите свой код ниже

        return res
</inject-highlight>
<p>Здесь <code>function</code> - функция, которую вам нужно написать (от задачи к задаче ее имя меняется), а <code>arg1, arg2</code> - аргументы этой функции.</p>
<p>Чтобы решить задачу, напишите свой код между комментарием и выражением <code>return ...</code>.</p>
<p>Если вы хотите промежуточно посмотреть, что вернет написанный вами код, воспользуйтесь конструкцией и нажмите кнопку Выполнить:</p>
<inject-highlight>print(Answer().function(arg1, arg2))
</inject-highlight>
<p>Если вам нужно импортировать какой-то модуль, указывайте модуль до <code>class Answer</code>. Например:</p>
<inject-highlight>import mymodule


class Answer:
    ...
</inject-highlight>
<p><strong>Полный пример:</strong></p>
<inject-highlight># импортируем модуль
import collections


class Answer:
    def problemSolve(self, n, m):
        # напишите свой код ниже
        ...
        return res

# промежуточно смотрим результат
print(Answer().problemSolve(n=2, m=3))
</inject-highlight>","<inject-highlight>class Answer:
    def StringComplex(self, s):
        &quot;&quot;&quot;Введите свой код ниже, до return&quot;&quot;&quot;
        s = &quot;-&quot;.join(s.strip().replace(&quot;code&quot;, &quot;my_code&quot;).split())[::-1]
        return s
</inject-highlight>",0,98.0,315,0,1980.0,,False,True,
