id,created_at,value,type_id,user_id
1,2021-06-23 10:55:44.535735,100.0,1,2
2,2021-06-23 10:57:32.260228,100.0,1,2
3,2021-06-23 11:00:31.750230,100.0,1,2
4,2021-06-23 11:28:14.502607,1500.0,2,2
5,2021-06-23 14:28:50.171772,100.0,1,2
6,2021-06-23 14:33:25.068118,100.0,1,2
7,2021-08-04 09:12:44.752707,50.0,3,50
8,2021-08-04 11:03:24.436018,3.0,4,50
9,2021-08-13 14:15:30.525357,3.0,4,43
10,2021-08-18 10:10:06.999186,3.0,4,50
11,2021-09-01 16:37:07.943704,3.0,4,50
12,2021-09-01 16:43:46.949760,3.0,4,43
13,2021-09-01 20:36:50.649585,50.0,3,55
14,2021-09-01 21:53:56.936977,3.0,4,55
15,2021-09-03 08:23:32.029065,3.0,4,50
16,2021-09-06 04:33:39.765149,3.0,4,55
17,2021-09-07 09:30:37.574608,3.0,4,50
18,2021-09-07 16:13:34.628044,3.0,4,55
19,2021-09-09 07:29:05.289499,3.0,4,43
20,2021-09-09 08:26:15.975608,50.0,3,60
21,2021-09-09 13:52:54.558732,3.0,4,50
22,2021-09-12 12:39:10.266895,3.0,4,43
23,2021-09-13 10:27:51.335518,3.0,4,50
24,2021-09-14 16:25:11.767691,3.0,4,43
25,2021-09-15 09:48:11.242530,3.0,4,50
26,2021-09-15 16:47:27.610691,0.0,24,50
27,2021-09-15 11:47:27.610691,1500.0,2,43
28,2021-09-17 09:27:04.678955,3.0,4,43
29,2021-09-17 12:46:55.527521,3.0,4,50
30,2021-09-18 12:56:48.627316,3.0,4,43
31,2021-09-19 23:09:30.381642,3.0,4,43
32,2021-09-20 00:06:29.105356,3.0,4,43
33,2021-09-20 08:13:44.771974,3.0,4,50
34,2021-09-20 10:07:12.298844,50.0,3,63
35,2021-09-20 10:08:36.586281,3.0,4,63
36,2021-09-20 10:30:00.051998,20.0,25,63
37,2021-09-20 10:30:13.160060,30.0,25,63
38,2021-09-20 10:31:27.619106,30.0,8,63
39,2021-09-20 10:31:37.495337,20.0,25,63
40,2021-09-20 10:32:07.748644,30.0,25,63
41,2021-09-20 10:32:24.287101,100.0,9,63
42,2021-09-20 10:32:27.728660,20.0,25,63
43,2021-09-20 10:32:48.056087,30.0,25,63
44,2021-09-20 10:33:29.189461,20.0,25,63
45,2021-09-20 10:33:29.189461,10000.0,2,63
46,2021-09-20 10:53:32.133005,200.0,10,63
47,2021-09-21 08:05:34.720409,3.0,4,63
48,2021-09-21 08:14:43.117506,1000.0,11,63
49,2021-09-21 18:14:43.117506,10000.0,2,43
50,2021-09-22 09:31:44.188025,10.0,23,43
51,2021-09-22 09:33:44.035484,10.0,23,43
52,2021-09-22 09:34:57.074145,0.0,23,43
53,2021-09-22 09:36:21.756002,10.0,23,43
54,2021-09-22 09:39:54.804077,3.0,4,43
55,2021-09-22 14:26:42.477393,3.0,4,63
56,2021-09-22 14:31:07.969927,3.0,4,50
57,2021-09-23 08:46:26.847512,3.0,4,43
58,2021-09-23 08:58:46.081238,3.0,4,63
59,2021-09-23 11:58:08.357986,3.0,4,50
60,2021-09-24 08:35:54.937078,3.0,4,63
61,2021-09-25 16:37:09.854923,3.0,4,63
62,2021-09-27 07:50:49.009323,3.0,4,63
63,2021-09-27 07:50:49.015201,30.0,5,63
64,2021-09-28 09:08:41.830297,3.0,4,63
65,2021-09-29 07:46:52.817336,3.0,4,63
66,2021-09-29 08:52:01.313482,3.0,4,43
67,2021-09-30 12:41:39.395342,3.0,4,63
68,2021-09-30 15:51:49.084869,3.0,4,43
69,2021-10-01 13:01:28.276253,3.0,4,43
70,2021-10-04 10:32:46.315384,3.0,4,63
71,2021-10-05 07:47:13.679888,3.0,4,63
72,2021-10-06 09:03:23.576144,3.0,4,63
73,2021-10-07 07:26:35.074571,3.0,4,63
74,2021-10-08 07:01:20.042688,3.0,4,50
75,2021-10-08 16:01:54.621780,3.0,4,63
76,2021-10-12 15:21:54.409637,3.0,4,63
77,2021-10-13 15:02:27.283434,3.0,4,63
78,2021-10-14 11:33:02.049349,3.0,4,63
79,2021-10-14 13:31:15.723960,3.0,4,50
80,2021-10-15 08:25:44.419203,3.0,4,63
81,2021-10-18 04:39:57.662983,3.0,4,43
82,2021-10-19 07:40:34.011676,3.0,4,63
83,2021-10-19 10:20:56.203393,3.0,4,43
84,2021-10-20 04:11:58.689104,3.0,4,43
85,2021-10-20 12:32:50.179129,3.0,4,63
86,2021-10-21 07:50:10.028715,3.0,4,63
87,2021-10-25 06:27:55.110402,3.0,4,43
88,2021-10-28 10:56:02.864265,3.0,4,63
89,2021-10-29 15:01:16.913243,3.0,4,43
90,2021-10-30 12:23:34.171052,3.0,4,43
91,2021-10-31 04:58:35.619265,3.0,4,43
92,2021-11-01 09:36:29.128575,3.0,4,63
93,2021-11-01 13:19:42.666525,0.0,23,63
94,2021-11-02 22:29:06.660127,3.0,4,43
95,2021-11-03 02:52:12.987923,3.0,4,43
96,2021-11-03 06:55:31.983319,35.0,23,43
97,2021-11-03 07:35:00.300556,0.0,23,43
98,2021-11-03 08:28:57.466287,5.0,24,43
99,2021-11-03 09:54:51.172533,45.0,23,43
100,2021-11-03 10:09:05.391765,45.0,23,43
101,2021-11-03 15:03:08.451072,3.0,4,63
102,2021-11-03 15:04:35.253161,35.0,23,63
103,2021-11-03 15:06:06.124087,35.0,23,63
104,2021-11-03 15:13:31.052683,100.0,2,63
105,2021-11-03 15:28:55.612457,100.0,2,63
106,2021-11-03 16:53:45.593914,50.0,3,72
107,2021-11-03 16:54:05.278964,3.0,4,72
108,2021-11-04 01:54:37.735181,3.0,4,43
109,2021-11-05 11:39:27.302875,3.0,4,43
110,2021-11-05 12:36:41.167614,35.0,23,43
111,2021-11-05 13:19:26.093104,10.0,27,43
112,2021-11-05 15:58:38.239703,35.0,23,43
113,2021-11-05 16:04:00.487734,35.0,23,43
114,2021-11-05 16:05:57.468162,10.0,24,43
115,2021-11-05 17:00:37.826714,3.0,4,63
116,2021-11-05 17:04:56.981037,0.0,27,63
117,2021-11-05 17:06:57.825204,0.0,27,63
118,2021-11-05 17:09:45.888167,10.0,27,63
119,2021-11-05 17:10:13.304374,30.0,27,63
120,2021-11-05 17:20:17.091450,45.0,23,63
121,2021-11-05 17:28:14.412415,0.0,27,43
122,2021-11-05 17:28:28.569376,30.0,27,43
123,2021-11-05 17:28:49.653371,0.0,27,43
124,2021-11-05 17:38:15.516865,0.0,27,63
125,2021-11-05 17:43:02.822406,5000.0,2,63
126,2021-11-05 17:45:56.834398,100.0,2,43
127,2021-11-05 17:50:31.326370,3.0,4,72
128,2021-11-05 19:34:36.700273,10.0,27,72
129,2021-11-06 07:52:41.482310,3.0,4,63
130,2021-11-07 09:58:09.736867,3.0,4,43
131,2021-11-07 13:45:03.792415,3.0,4,63
132,2021-11-07 14:44:45.270728,3.0,4,50
133,2021-11-07 16:59:08.902491,3.0,4,72
134,2021-11-08 08:00:55.668062,3.0,4,63
135,2021-11-08 09:36:31.713701,3.0,4,50
136,2021-11-08 10:20:40.320284,50.0,3,73
137,2021-11-08 10:21:00.524824,3.0,4,73
138,2021-11-08 10:27:56.558387,35.0,23,73
139,2021-11-08 13:36:39.716634,30.0,27,63
140,2021-11-08 13:58:20.431990,30.0,27,63
141,2021-11-08 14:02:33.492613,0.0,27,63
142,2021-11-08 14:38:43.359378,3.0,4,43
143,2021-11-08 14:51:21.773205,35.0,23,63
144,2021-11-08 14:51:32.396746,45.0,23,63
145,2021-11-08 14:51:48.287065,50.0,23,63
146,2021-11-08 14:51:54.196287,35.0,23,63
147,2021-11-08 14:52:24.661143,45.0,23,63
148,2021-11-08 14:52:31.776381,45.0,23,63
149,2021-11-08 18:11:46.187281,0.0,27,73
150,2021-11-08 18:26:58.409648,35.0,23,50
151,2021-11-08 18:27:29.757134,30.0,8,50
152,2021-11-08 18:29:52.931509,30.0,8,50
153,2021-11-08 18:33:33.313484,45.0,23,50
154,2021-11-08 18:40:41.732726,500.0,2,50
155,2021-11-09 05:14:21.339735,3.0,4,43
156,2021-11-09 05:18:35.898848,30.0,27,43
157,2021-11-09 05:30:28.946487,35.0,23,43
158,2021-11-09 07:20:15.163177,3.0,4,63
159,2021-11-09 08:47:11.447654,10.0,24,63
160,2021-11-09 08:47:13.150174,10.0,24,63
161,2021-11-09 08:47:14.821921,10.0,24,63
162,2021-11-09 08:47:29.071286,10.0,24,63
163,2021-11-09 08:47:56.933093,10.0,24,63
164,2021-11-09 08:47:58.816016,20.0,24,63
165,2021-11-09 08:48:29.823772,45.0,23,63
166,2021-11-09 08:48:51.721588,45.0,23,63
167,2021-11-09 08:51:06.862432,45.0,23,63
168,2021-11-09 08:51:35.621055,35.0,23,63
169,2021-11-09 08:51:45.268885,35.0,23,63
170,2021-11-09 08:52:19.241554,25.0,23,63
171,2021-11-09 08:53:50.962540,25.0,23,63
172,2021-11-09 08:54:02.347817,35.0,23,63
173,2021-11-09 08:54:48.362460,45.0,23,63
174,2021-11-09 08:55:13.968580,45.0,23,63
175,2021-11-09 08:56:17.228287,35.0,23,63
176,2021-11-09 08:56:53.298759,35.0,23,63
177,2021-11-09 08:57:10.734476,35.0,23,63
178,2021-11-09 08:58:09.404651,35.0,23,63
179,2021-11-09 08:58:48.555200,55.0,23,63
180,2021-11-09 08:58:58.322592,55.0,23,63
181,2021-11-09 08:59:12.483907,35.0,23,63
182,2021-11-09 08:59:20.080258,45.0,23,63
183,2021-11-09 08:59:26.910356,45.0,23,63
184,2021-11-09 09:04:57.156697,30.0,27,63
185,2021-11-09 09:28:10.078874,30.0,12,63
186,2021-11-09 09:28:22.621625,30.0,27,63
187,2021-11-09 09:55:59.782738,30.0,27,63
188,2021-11-09 09:57:05.885471,3.0,4,73
189,2021-11-09 10:06:23.482556,30.0,27,63
190,2021-11-09 10:09:57.396240,30.0,27,63
191,2021-11-09 10:41:10.568258,3.0,4,50
192,2021-11-09 12:44:30.913208,30.0,27,63
193,2021-11-09 13:56:22.676233,50.0,3,74
194,2021-11-09 13:56:32.188216,3.0,4,74
195,2021-11-09 14:26:41.870207,50.0,3,76
196,2021-11-09 14:27:01.311785,3.0,4,76
197,2021-11-10 07:49:24.906312,3.0,4,63
198,2021-11-10 09:20:05.985138,3.0,4,43
199,2021-11-10 17:47:37.952576,50.0,3,82
200,2021-11-11 09:47:05.939777,3.0,4,50
201,2021-11-11 09:49:21.813639,3.0,4,63
202,2021-11-11 09:49:21.843218,30.0,5,63
203,2021-11-11 09:50:13.468174,50.0,3,83
204,2021-11-12 09:03:15.706222,3.0,4,63
205,2021-11-12 09:03:53.406209,50.0,3,84
206,2021-11-12 17:25:14.799156,3.0,4,43
207,2021-11-13 09:59:54.542369,3.0,4,63
208,2021-11-14 16:34:59.707056,3.0,4,63
209,2021-11-14 17:31:02.503978,3.0,4,43
210,2021-11-15 08:40:41.186424,3.0,4,63
211,2021-11-15 10:37:19.608506,3.0,4,50
212,2021-11-15 10:39:55.959022,3.0,4,73
213,2021-11-15 10:46:26.436588,3.0,4,43
214,2021-11-16 07:42:15.149331,3.0,4,63
215,2021-11-16 08:34:21.048182,100.0,2,63
216,2021-11-16 09:39:00.424284,50.0,3,85
217,2021-11-16 09:39:09.280991,3.0,4,85
218,2021-11-16 11:55:28.858383,3.0,4,50
219,2021-11-16 12:36:55.788116,50.0,3,86
220,2021-11-16 13:44:21.525132,3.0,4,43
221,2021-11-16 14:20:33.698680,3.0,4,73
222,2021-11-17 11:16:23.609720,3.0,4,50
223,2021-11-17 11:19:03.653135,3.0,4,43
224,2021-11-17 12:57:42.625347,3.0,4,85
225,2021-11-17 12:58:19.724444,3.0,4,63
226,2021-11-17 13:03:26.919847,100.0,2,63
227,2021-11-17 13:29:28.837083,100.0,2,63
228,2021-11-17 13:56:38.837003,100.0,2,63
229,2021-11-17 16:07:01.391994,3.0,4,73
230,2021-11-18 08:30:52.793876,3.0,4,63
231,2021-11-18 08:30:52.808056,30.0,5,63
232,2021-11-18 08:36:38.385380,3.0,4,73
233,2021-11-18 09:31:44.151301,3.0,4,43
234,2021-11-19 09:40:45.220234,3.0,4,63
235,2021-11-19 16:17:58.022981,3.0,4,73
236,2021-11-19 17:44:06.027088,50.0,3,89
237,2021-11-19 17:44:42.355565,50.0,3,90
238,2021-11-19 17:44:57.272352,3.0,4,90
239,2021-11-19 17:44:57.561263,3.0,4,89
240,2021-11-19 17:45:13.057486,3.0,4,43
241,2021-11-19 17:48:03.255831,3.0,4,50
242,2021-11-19 18:07:04.873277,100.0,2,63
243,2021-11-19 18:16:42.616974,45.0,23,43
244,2021-11-19 18:20:58.017412,45.0,23,43
245,2021-11-19 19:17:19.203195,100.0,2,73
246,2021-11-19 19:49:12.863097,50.0,3,91
247,2021-11-19 19:50:18.021329,3.0,4,91
248,2021-11-19 19:50:26.357166,35.0,23,91
249,2021-11-19 19:52:54.833620,50.0,3,92
250,2021-11-19 19:53:54.325623,3.0,4,92
251,2021-11-19 19:59:01.315577,35.0,23,50
252,2021-11-19 20:32:02.942383,100.0,2,63
253,2021-11-19 20:36:21.617334,50.0,3,93
254,2021-11-19 20:36:21.632098,,23,93
255,2021-11-19 20:36:45.383955,3.0,4,93
256,2021-11-19 21:16:32.597579,100.0,2,63
257,2021-11-20 00:02:40.044216,3.0,4,43
258,2021-11-20 00:02:40.059464,30.0,5,43
259,2021-11-20 08:56:00.536699,3.0,4,63
260,2021-11-20 10:04:56.607087,3.0,4,73
261,2021-11-20 10:12:25.725097,50.0,3,94
262,2021-11-20 10:12:36.975514,3.0,4,94
263,2021-11-20 10:14:36.082053,50.0,3,95
264,2021-11-20 10:15:12.281058,3.0,4,95
265,2021-11-20 10:20:39.973407,50.0,3,96
266,2021-11-20 10:20:44.450846,3.0,4,96
267,2021-11-20 10:21:26.916545,50.0,3,97
268,2021-11-20 10:21:57.707231,3.0,4,97
269,2021-11-20 10:23:50.728998,50.0,3,98
270,2021-11-20 10:24:00.282580,3.0,4,98
271,2021-11-20 10:27:55.108441,35.0,23,98
272,2021-11-20 10:33:13.040268,50.0,3,99
273,2021-11-20 10:33:25.969008,3.0,4,99
274,2021-11-20 10:47:11.472630,50.0,3,100
275,2021-11-20 10:47:25.386968,3.0,4,100
276,2021-11-20 10:59:48.271603,50.0,3,101
277,2021-11-20 11:00:04.140944,3.0,4,101
278,2021-11-20 11:04:49.198744,50.0,3,102
279,2021-11-20 11:05:00.208893,3.0,4,102
280,2021-11-20 11:20:10.255293,50.0,3,103
281,2021-11-20 11:20:22.189166,3.0,4,103
282,2021-11-20 11:23:41.792442,25.0,23,102
283,2021-11-20 11:24:30.455886,50.0,3,104
284,2021-11-20 11:24:46.198739,3.0,4,104
285,2021-11-20 11:45:16.740720,50.0,3,106
286,2021-11-20 11:45:40.996778,3.0,4,106
287,2021-11-20 11:48:57.974766,50.0,3,105
288,2021-11-20 11:50:08.995640,3.0,4,105
289,2021-11-20 12:03:43.242554,50.0,3,107
290,2021-11-20 12:03:43.241918,50.0,3,107
291,2021-11-20 12:03:51.089049,3.0,4,107
292,2021-11-20 12:29:51.662844,50.0,3,108
293,2021-11-20 12:30:02.417783,3.0,4,108
294,2021-11-20 12:31:33.812528,50.0,3,109
295,2021-11-20 12:31:50.465376,3.0,4,109
296,2021-11-20 12:43:08.796427,45.0,23,108
297,2021-11-20 13:51:13.727313,3.0,4,90
298,2021-11-20 13:51:35.425696,3.0,4,50
299,2021-11-20 13:58:17.244492,50.0,3,111
300,2021-11-20 13:58:40.326002,3.0,4,111
301,2021-11-20 14:03:01.201641,50.0,3,113
302,2021-11-20 14:03:16.702256,3.0,4,113
303,2021-11-20 14:11:02.226304,50.0,3,114
304,2021-11-20 14:12:28.946726,3.0,4,114
305,2021-11-20 14:29:26.928202,45.0,23,111
306,2021-11-20 14:35:54.240345,50.0,3,115
307,2021-11-20 14:36:10.556775,3.0,4,115
308,2021-11-20 14:36:49.552541,50.0,3,116
309,2021-11-20 14:37:10.148103,3.0,4,116
310,2021-11-20 14:45:56.791559,45.0,23,116
311,2021-11-20 15:03:53.540419,50.0,3,117
312,2021-11-20 15:04:43.624549,3.0,4,117
313,2021-11-20 15:16:56.390771,50.0,3,118
314,2021-11-20 15:17:05.949994,3.0,4,118
315,2021-11-20 17:32:30.930621,50.0,3,119
316,2021-11-20 17:33:13.952922,3.0,4,119
317,2021-11-20 17:35:35.736197,50.0,3,120
318,2021-11-20 17:35:41.880022,3.0,4,120
319,2021-11-20 18:01:27.440026,50.0,3,121
320,2021-11-20 18:02:00.717410,3.0,4,121
321,2021-11-20 18:53:16.500304,30.0,8,102
322,2021-11-20 18:54:00.194743,30.0,8,102
323,2021-11-20 19:04:15.205632,50.0,3,122
324,2021-11-20 19:33:14.013949,50.0,3,123
325,2021-11-20 19:33:23.115858,3.0,4,123
326,2021-11-20 19:47:52.418510,35.0,23,123
327,2021-11-20 19:50:43.649643,50.0,3,124
328,2021-11-20 19:50:59.446058,3.0,4,124
329,2021-11-20 19:52:05.373460,50.0,3,125
330,2021-11-20 19:52:31.224782,3.0,4,125
331,2021-11-20 19:56:03.253130,50.0,3,126
332,2021-11-20 19:58:03.879239,3.0,4,126
333,2021-11-20 20:40:54.642640,50.0,3,127
334,2021-11-20 20:41:29.133353,3.0,4,127
335,2021-11-20 22:56:52.754323,35.0,23,101
336,2021-11-20 22:58:24.203228,30.0,8,101
337,2021-11-20 23:31:01.121622,35.0,23,102
338,2021-11-20 23:32:01.907612,35.0,23,102
339,2021-11-20 23:32:04.939743,100.0,9,102
340,2021-11-21 06:55:00.629362,50.0,3,128
341,2021-11-21 06:55:38.717464,3.0,4,128
342,2021-11-21 06:57:27.842467,35.0,23,128
343,2021-11-21 06:58:14.666751,3.0,4,117
344,2021-11-21 08:15:16.362741,3.0,4,125
345,2021-11-21 08:17:35.258452,3.0,4,124
346,2021-11-21 08:39:19.213857,3.0,4,122
347,2021-11-21 08:56:09.290567,3.0,4,98
348,2021-11-21 11:06:35.558192,50.0,3,130
349,2021-11-21 11:06:46.377123,3.0,4,130
350,2021-11-21 11:37:21.089893,3.0,4,102
351,2021-11-21 11:43:33.061694,50.0,3,131
352,2021-11-21 11:46:18.573969,3.0,4,131
353,2021-11-21 12:32:37.796434,50.0,3,110
354,2021-11-21 12:33:14.679953,3.0,4,110
355,2021-11-21 12:44:23.663599,50.0,3,132
356,2021-11-21 12:44:50.633502,3.0,4,132
357,2021-11-21 12:45:11.709170,50.0,3,133
358,2021-11-21 12:45:26.900506,3.0,4,133
359,2021-11-21 13:28:40.177243,50.0,3,134
360,2021-11-21 13:28:53.567118,3.0,4,134
361,2021-11-21 13:29:38.059097,45.0,23,134
362,2021-11-21 14:13:34.806737,50.0,3,135
363,2021-11-21 14:13:42.903887,3.0,4,135
364,2021-11-21 14:47:01.563520,50.0,3,136
365,2021-11-21 14:47:18.187707,3.0,4,136
366,2021-11-21 14:47:44.507745,25.0,27,136
367,2021-11-21 14:58:42.615544,50.0,3,137
368,2021-11-21 14:59:14.375263,3.0,4,137
369,2021-11-21 15:12:09.575663,3.0,4,63
370,2021-11-21 15:22:56.114099,50.0,3,138
371,2021-11-21 15:23:25.761268,3.0,4,138
372,2021-11-21 15:27:28.673478,50.0,3,139
373,2021-11-21 15:27:48.133184,3.0,4,139
374,2021-11-21 15:42:27.840268,3.0,4,113
375,2021-11-21 15:42:30.560952,45.0,23,139
376,2021-11-21 16:03:29.462249,45.0,23,138
377,2021-11-21 17:00:22.999045,50.0,3,140
378,2021-11-21 17:00:47.588079,3.0,4,140
379,2021-11-21 17:01:19.071487,50.0,3,141
380,2021-11-21 17:01:40.162090,3.0,4,141
381,2021-11-21 18:30:47.113032,3.0,4,123
382,2021-11-21 18:34:08.376091,3.0,4,50
383,2021-11-21 21:03:42.499286,50.0,3,142
384,2021-11-21 21:03:47.278995,3.0,4,142
385,2021-11-21 21:04:32.000844,45.0,23,142
386,2021-11-22 04:07:32.994042,3.0,4,139
387,2021-11-22 04:45:08.182318,30.0,8,139
388,2021-11-22 06:12:33.435375,3.0,4,63
389,2021-11-22 06:49:27.123921,100.0,9,139
390,2021-11-22 07:15:32.613458,3.0,4,140
391,2021-11-22 07:20:26.164467,50.0,3,143
392,2021-11-22 07:21:31.931288,3.0,4,143
393,2021-11-22 07:35:27.846568,50.0,3,144
394,2021-11-22 07:35:40.163084,3.0,4,144
395,2021-11-22 08:14:01.838204,3.0,4,114
396,2021-11-22 08:38:19.399772,3.0,4,98
397,2021-11-22 09:06:12.030693,50.0,3,145
398,2021-11-22 09:06:31.930944,3.0,4,145
399,2021-11-22 09:44:45.472641,50.0,3,146
400,2021-11-22 09:45:13.792872,3.0,4,146
401,2021-11-22 10:49:53.560053,50.0,3,147
402,2021-11-22 10:50:07.506190,3.0,4,147
403,2021-11-22 11:02:35.085862,50.0,3,148
404,2021-11-22 11:03:34.528393,3.0,4,148
405,2021-11-22 11:03:34.528393,150.0,6,140
406,2021-11-22 12:18:55.099201,50.0,3,149
407,2021-11-22 12:19:10.785486,3.0,4,149
408,2021-11-22 13:15:35.867583,50.0,3,150
409,2021-11-22 13:48:49.968247,3.0,4,150
410,2021-11-22 13:54:29.718304,30.0,27,145
411,2021-11-22 15:30:02.685611,50.0,3,151
412,2021-11-22 15:30:55.398928,3.0,4,151
413,2021-11-22 15:51:02.453161,50.0,3,152
414,2021-11-22 15:51:14.716334,3.0,4,152
415,2021-11-22 16:04:23.254439,5.0,22,50
416,2021-11-22 16:28:09.281265,50.0,3,154
417,2021-11-22 16:29:46.357997,50.0,3,155
418,2021-11-22 16:31:03.831584,3.0,4,155
419,2021-11-22 16:34:11.716144,50.0,3,156
420,2021-11-22 16:34:11.744193,150.0,6,63
421,2021-11-22 16:34:11.744351,50.0,7,156
422,2021-11-22 16:34:11.744351,150.0,6,140
423,2021-11-22 18:00:42.868535,3.0,4,124
424,2021-11-22 18:08:58.267076,3.0,4,127
425,2021-11-22 18:13:24.449951,3.0,4,102
426,2021-11-22 18:19:30.717861,45.0,23,102
427,2021-11-22 18:41:45.135351,50.0,3,158
428,2021-11-22 18:43:32.705389,3.0,4,158
429,2021-11-22 18:48:56.111207,35.0,23,158
430,2021-11-22 22:04:15.850518,3.0,4,97
431,2021-11-23 01:31:22.683466,50.0,3,159
432,2021-11-23 01:31:41.720375,3.0,4,159
433,2021-11-23 02:42:30.476499,0.0,27,159
434,2021-11-23 02:43:02.399668,50.0,3,160
435,2021-11-23 02:43:18.254418,3.0,4,160
436,2021-11-23 03:49:23.975075,50.0,3,161
437,2021-11-23 03:51:04.928507,50.0,3,162
438,2021-11-23 03:51:14.505152,3.0,4,162
439,2021-11-23 03:53:01.806375,3.0,4,161
440,2021-11-23 04:08:06.988493,50.0,3,163
441,2021-11-23 04:10:24.499319,3.0,4,163
442,2021-11-23 06:20:00.771002,50.0,3,164
443,2021-11-23 06:20:25.192478,3.0,4,164
444,2021-11-23 06:22:25.907151,30.0,27,164
445,2021-11-23 07:37:32.915152,50.0,3,165
446,2021-11-23 07:37:46.021711,3.0,4,165
447,2021-11-23 07:42:56.262502,50.0,3,166
448,2021-11-23 07:43:48.963140,3.0,4,166
449,2021-11-23 07:45:13.263049,3.0,4,97
450,2021-11-23 08:08:00.033785,50.0,3,167
451,2021-11-23 08:08:16.254897,3.0,4,167
452,2021-11-23 08:13:56.711030,50.0,3,168
453,2021-11-23 08:14:16.185225,3.0,4,168
454,2021-11-23 08:18:01.960967,3.0,4,141
455,2021-11-23 08:22:16.328695,30.0,27,141
456,2021-11-23 08:25:09.603625,3.0,4,63
457,2021-11-23 08:35:37.915722,50.0,3,169
458,2021-11-23 08:37:26.813574,3.0,4,169
459,2021-11-23 08:45:33.506001,3.0,4,82
460,2021-11-23 08:46:46.994186,3.0,4,157
461,2021-11-23 08:48:46.821496,3.0,4,150
462,2021-11-23 08:55:49.773634,50.0,3,170
463,2021-11-23 08:56:36.002478,3.0,4,170
464,2021-11-23 09:01:11.925492,50.0,3,171
465,2021-11-23 09:01:27.643360,3.0,4,171
466,2021-11-23 09:43:12.330896,50.0,3,172
467,2021-11-23 09:46:32.139018,3.0,4,172
468,2021-11-23 10:24:11.084752,3.0,4,105
469,2021-11-23 10:27:08.158701,50.0,3,173
470,2021-11-23 10:27:26.274542,3.0,4,173
471,2021-11-23 10:48:32.628647,3.0,4,158
472,2021-11-23 11:10:03.199935,50.0,3,174
473,2021-11-23 11:10:13.551253,3.0,4,174
474,2021-11-23 11:22:28.811228,3.0,4,117
475,2021-11-23 11:30:41.608477,3.0,4,146
476,2021-11-23 11:46:06.006492,50.0,3,175
477,2021-11-23 11:46:33.018183,3.0,4,175
478,2021-11-23 12:19:57.421980,50.0,3,176
479,2021-11-23 12:20:05.774214,3.0,4,176
480,2021-11-23 12:20:17.111169,50.0,3,177
481,2021-11-23 12:20:22.764621,3.0,4,177
482,2021-11-23 12:21:30.433275,50.0,3,178
483,2021-11-23 12:22:02.038892,50.0,3,179
484,2021-11-23 12:22:22.261909,3.0,4,179
485,2021-11-23 12:22:39.357895,3.0,4,178
486,2021-11-23 12:26:03.625970,50.0,3,180
487,2021-11-23 12:26:22.226636,3.0,4,180
488,2021-11-23 12:26:40.312250,35.0,23,176
489,2021-11-23 12:29:32.956479,30.0,8,146
490,2021-11-23 12:29:46.831889,50.0,3,181
491,2021-11-23 12:29:56.411123,3.0,4,181
492,2021-11-23 12:30:19.210553,50.0,3,182
493,2021-11-23 12:30:34.081765,3.0,4,182
494,2021-11-23 12:31:52.644297,50.0,3,184
495,2021-11-23 12:32:13.717299,3.0,4,184
496,2021-11-23 12:35:10.707732,3.0,4,100
497,2021-11-23 12:35:40.293015,50.0,3,185
498,2021-11-23 12:36:10.941931,3.0,4,185
499,2021-11-23 12:41:49.104146,50.0,3,186
500,2021-11-23 12:42:21.017727,3.0,4,186
501,2021-11-23 12:43:36.845650,50.0,3,188
502,2021-11-23 12:43:53.364350,50.0,3,187
503,2021-11-23 12:44:10.923047,3.0,4,187
504,2021-11-23 12:45:54.276616,50.0,3,190
505,2021-11-23 12:46:20.018448,50.0,3,189
506,2021-11-23 12:46:31.588838,3.0,4,189
507,2021-11-23 12:46:46.286094,3.0,4,190
508,2021-11-23 12:49:24.856623,3.0,4,98
509,2021-11-23 12:52:03.201130,45.0,23,182
510,2021-11-23 12:52:53.086147,35.0,23,189
511,2021-11-23 12:55:28.332441,50.0,3,183
512,2021-11-23 12:55:38.904500,3.0,4,183
513,2021-11-23 13:03:52.358341,50.0,3,191
514,2021-11-23 13:06:32.531686,3.0,4,191
515,2021-11-23 13:20:44.286346,30.0,27,185
516,2021-11-23 13:25:42.467526,50.0,3,193
517,2021-11-23 13:26:06.874942,3.0,4,193
518,2021-11-23 13:26:17.303378,3.0,4,50
519,2021-11-23 13:31:04.092984,50.0,3,192
520,2021-11-23 13:31:25.388303,3.0,4,192
521,2021-11-23 13:34:01.540205,0.0,27,176
522,2021-11-23 13:39:14.159506,50.0,3,195
523,2021-11-23 13:40:44.201416,3.0,4,195
524,2021-11-23 13:44:09.480564,50.0,3,197
525,2021-11-23 13:44:29.164229,3.0,4,197
526,2021-11-23 13:59:56.743154,50.0,3,198
527,2021-11-23 14:00:23.193441,3.0,4,198
528,2021-11-23 14:02:16.672895,30.0,27,193
529,2021-11-23 14:19:33.768827,3.0,4,73
530,2021-11-23 14:19:33.788428,30.0,5,73
531,2021-11-23 14:22:48.592912,30.0,8,180
532,2021-11-23 15:11:23.086422,50.0,3,199
533,2021-11-23 15:11:41.355325,3.0,4,199
534,2021-11-23 15:11:43.505136,3.0,4,74
535,2021-11-23 15:12:42.955205,25.0,27,199
536,2021-11-23 15:28:56.464665,50.0,3,200
537,2021-11-23 15:29:12.096756,3.0,4,200
538,2021-11-23 15:35:52.777399,50.0,3,201
539,2021-11-23 15:35:53.389955,50.0,3,194
540,2021-11-23 15:36:06.981434,3.0,4,194
541,2021-11-23 15:36:25.764653,3.0,4,201
542,2021-11-23 15:43:57.928611,35.0,23,200
543,2021-11-23 16:01:48.801141,3.0,4,124
544,2021-11-23 16:30:36.248587,3.0,4,121
545,2021-11-23 17:57:25.906838,50.0,3,203
546,2021-11-23 17:57:42.700531,3.0,4,203
547,2021-11-23 18:23:14.326889,50.0,3,204
548,2021-11-23 18:42:06.138984,3.0,4,43
549,2021-11-23 19:45:02.000000,10000.0,19,97
550,2021-11-23 19:45:02.000000,10000.0,19,98
551,2021-11-23 19:45:02.000000,10000.0,19,100
552,2021-11-23 19:45:02.000000,10000.0,19,158
553,2021-11-23 19:45:02.000000,10000.0,19,162
554,2021-11-23 19:45:02.000000,10000.0,19,170
555,2021-11-23 19:45:02.000000,10000.0,19,171
556,2021-11-23 19:45:02.000000,10000.0,19,173
557,2021-11-23 19:45:02.000000,10000.0,19,176
558,2021-11-23 19:45:02.000000,10000.0,19,177
559,2021-11-23 19:45:02.000000,10000.0,19,178
560,2021-11-23 19:45:02.000000,10000.0,19,179
561,2021-11-23 19:45:02.000000,10000.0,19,180
562,2021-11-23 19:45:02.000000,10000.0,19,181
563,2021-11-23 19:45:02.000000,10000.0,19,182
564,2021-11-23 19:45:02.000000,10000.0,19,183
565,2021-11-23 19:45:02.000000,10000.0,19,184
566,2021-11-23 19:45:02.000000,10000.0,19,185
567,2021-11-23 19:45:02.000000,10000.0,19,186
568,2021-11-23 19:45:02.000000,10000.0,19,188
569,2021-11-23 19:45:02.000000,10000.0,19,189
570,2021-11-23 19:45:02.000000,10000.0,19,190
571,2021-11-23 19:45:02.000000,10000.0,19,191
572,2021-11-23 19:45:02.000000,10000.0,19,193
573,2021-11-23 19:45:02.000000,10000.0,19,194
574,2021-11-23 19:45:02.000000,10000.0,19,195
575,2021-11-23 19:45:02.000000,10000.0,19,200
576,2021-11-23 19:45:02.000000,10000.0,19,203
577,2021-11-23 19:45:02.000000,10000.0,19,204
578,2021-11-23 19:45:02.000000,10000.0,19,63
579,2021-11-23 18:46:37.727647,0.0,27,171
580,2021-11-23 18:49:28.028114,50.0,3,205
581,2021-11-23 18:50:08.846857,3.0,4,205
582,2021-11-23 18:53:34.357330,50.0,3,206
583,2021-11-23 18:53:47.487468,35.0,23,191
584,2021-11-23 18:53:58.666471,3.0,4,206
585,2021-11-23 19:01:25.597031,50.0,3,207
586,2021-11-23 19:01:43.891306,3.0,4,207
587,2021-11-23 19:04:28.626397,45.0,23,158
588,2021-11-23 19:05:18.959677,45.0,23,159
589,2021-11-23 19:24:39.403997,30.0,8,159
590,2021-11-23 20:01:04.279511,100.0,9,159
591,2021-11-23 20:13:27.615794,35.0,23,190
592,2021-11-23 21:10:21.268005,35.0,23,185
593,2021-11-23 21:14:43.538246,50.0,3,209
594,2021-11-23 21:15:22.805614,3.0,4,209
595,2021-11-23 21:27:15.606554,50.0,3,210
596,2021-11-23 21:27:49.205949,3.0,4,210
597,2021-11-23 22:28:36.180011,3.0,4,188
598,2021-11-23 22:30:16.159521,35.0,23,188
599,2021-11-24 00:06:45.394257,3.0,4,105
600,2021-11-24 01:28:12.614149,3.0,4,170
601,2021-11-24 03:17:19.375087,50.0,3,211
602,2021-11-24 03:17:54.952595,3.0,4,211
603,2021-11-24 05:48:03.094740,50.0,3,212
604,2021-11-24 05:48:13.090364,3.0,4,212
605,2021-11-24 05:49:49.479334,3.0,4,162
606,2021-11-24 05:50:27.258600,3.0,4,165
607,2021-11-24 06:01:20.555179,3.0,4,181
608,2021-11-24 06:01:58.255488,3.0,4,139
609,2021-11-24 06:02:26.552556,35.0,23,181
610,2021-11-24 06:10:03.585987,50.0,3,213
611,2021-11-24 06:10:18.366308,3.0,4,213
612,2021-11-24 06:13:41.585368,45.0,23,181
613,2021-11-24 06:22:46.210524,3.0,4,195
614,2021-11-24 07:20:10.941972,3.0,4,186
615,2021-11-24 07:29:42.312685,45.0,23,139
616,2021-11-24 07:33:52.821569,3.0,4,177
617,2021-11-24 07:35:43.435233,25.0,27,177
618,2021-11-24 07:48:30.012674,3.0,4,176
619,2021-11-24 07:49:27.580185,45.0,23,176
620,2021-11-24 07:49:35.237715,45.0,23,176
621,2021-11-24 07:49:39.575940,35.0,23,176
622,2021-11-24 07:49:45.148045,45.0,23,176
623,2021-11-24 07:49:49.081843,35.0,23,176
624,2021-11-24 07:50:04.318517,35.0,23,176
625,2021-11-24 07:50:14.402423,45.0,23,176
626,2021-11-24 07:51:02.504468,45.0,23,176
627,2021-11-24 07:51:19.340899,55.0,23,176
628,2021-11-24 07:51:23.914191,35.0,23,176
629,2021-11-24 07:51:27.810621,45.0,23,176
630,2021-11-24 07:51:32.480582,45.0,23,176
631,2021-11-24 07:51:38.563565,45.0,23,176
632,2021-11-24 07:51:53.614334,35.0,23,176
633,2021-11-24 07:51:57.767653,35.0,23,176
634,2021-11-24 07:55:40.067239,30.0,8,176
635,2021-11-24 07:55:48.628051,30.0,8,176
636,2021-11-24 08:07:08.771773,35.0,23,139
637,2021-11-24 08:13:19.406949,3.0,4,63
638,2021-11-24 08:21:46.043548,100.0,9,176
639,2021-11-24 08:30:01.081147,45.0,23,63
640,2021-11-24 08:34:54.625886,3.0,4,180
641,2021-11-24 08:42:26.747964,200.0,10,139
642,2021-11-24 08:44:44.520124,45.0,23,139
643,2021-11-24 08:54:02.218379,35.0,23,176
644,2021-11-24 08:59:51.126933,45.0,23,139
645,2021-11-24 09:02:05.337053,3.0,4,104
646,2021-11-24 09:12:40.557270,30.0,27,139
647,2021-11-24 09:18:08.125674,35.0,23,176
648,2021-11-24 09:20:42.681639,35.0,23,176
649,2021-11-24 09:25:16.055321,50.0,23,176
650,2021-11-24 09:27:50.554781,35.0,23,139
651,2021-11-24 09:42:07.454657,200.0,10,176
652,2021-11-24 09:47:32.268745,35.0,23,211
653,2021-11-24 09:47:48.137715,55.0,23,176
654,2021-11-24 10:01:35.292421,0.0,27,211
655,2021-11-24 10:03:14.517639,45.0,23,176
656,2021-11-24 10:28:41.248026,3.0,4,182
657,2021-11-24 10:41:49.230467,50.0,3,214
658,2021-11-24 10:42:15.463417,3.0,4,214
659,2021-11-24 10:50:27.514254,3.0,4,117
660,2021-11-24 11:04:36.925224,0.0,27,211
661,2021-11-24 11:07:33.144302,3.0,4,97
662,2021-11-24 11:16:20.478256,3.0,4,206
663,2021-11-24 11:39:21.724928,35.0,23,206
664,2021-11-24 12:24:07.265257,50.0,3,215
665,2021-11-24 12:24:17.517030,3.0,4,215
666,2021-11-24 12:24:35.257425,0.0,27,162
667,2021-11-24 13:43:53.655709,3.0,4,190
668,2021-11-24 14:12:09.353983,3.0,4,173
669,2021-11-24 15:38:04.000000,10000.0,19,105
670,2021-11-24 15:38:04.000000,10000.0,19,206
671,2021-11-24 15:38:04.000000,10000.0,19,211
672,2021-11-24 15:43:02.000000,200.0,19,159
673,2021-11-24 15:43:02.000000,100.0,19,180
674,2021-11-24 14:48:30.719512,35.0,23,170
675,2021-11-24 14:53:38.025195,3.0,4,203
676,2021-11-24 14:55:49.395512,45.0,23,206
677,2021-11-24 16:14:57.000000,150.0,6,140
678,2021-11-24 15:32:01.032139,3.0,4,50
679,2021-11-24 15:34:02.112663,50.0,3,216
680,2021-11-24 15:34:20.555399,3.0,4,216
681,2021-11-24 15:34:41.633761,3.0,4,43
682,2021-11-24 15:34:47.946488,30.0,27,50
683,2021-11-24 16:05:22.675549,3.0,4,158
684,2021-11-24 16:06:30.026521,50.0,3,217
685,2021-11-24 16:06:30.040975,,23,217
686,2021-11-24 16:06:41.252225,3.0,4,217
687,2021-11-24 16:13:40.352776,30.0,8,158
688,2021-11-24 16:15:57.952113,45.0,23,158
689,2021-11-24 16:32:43.104968,3.0,4,171
690,2021-11-24 17:12:24.161629,50.0,3,219
691,2021-11-24 17:12:24.177303,,23,219
692,2021-11-24 17:12:33.711276,50.0,3,218
693,2021-11-24 17:12:33.730377,,23,218
694,2021-11-24 17:12:43.659033,3.0,4,218
695,2021-11-24 17:12:45.904033,3.0,4,219
696,2021-11-24 17:16:30.074453,3.0,4,179
697,2021-11-24 17:20:28.835003,45.0,23,179
698,2021-11-24 17:25:46.879409,50.0,3,220
699,2021-11-24 17:25:46.893135,,23,220
700,2021-11-24 17:26:09.845985,3.0,4,220
701,2021-11-24 18:08:14.745482,50.0,3,221
702,2021-11-24 18:08:31.306246,3.0,4,221
703,2021-11-24 18:10:18.095362,3.0,4,201
704,2021-11-24 18:24:47.875978,50.0,3,222
705,2021-11-24 18:24:47.889089,,23,222
706,2021-11-24 18:25:09.347086,3.0,4,222
707,2021-11-24 18:31:07.035078,50.0,3,223
708,2021-11-24 18:31:22.914211,3.0,4,223
709,2021-11-24 18:36:46.168886,55.0,23,158
710,2021-11-24 18:43:10.212010,30.0,8,222
711,2021-11-24 18:57:01.884236,30.0,8,220
712,2021-11-24 18:58:51.165675,50.0,3,224
713,2021-11-24 18:58:51.236557,,23,224
714,2021-11-24 18:58:56.379503,3.0,4,224
715,2021-11-24 19:04:01.872351,50.0,3,225
716,2021-11-24 19:04:01.885947,,23,225
717,2021-11-24 19:04:27.990165,3.0,4,225
718,2021-11-24 19:06:53.471199,3.0,4,159
719,2021-11-24 19:09:14.445199,100.0,9,222
720,2021-11-24 19:32:21.159480,30.0,8,224
721,2021-11-24 19:45:21.964696,30.0,8,218
722,2021-11-24 19:47:36.130253,50.0,3,226
723,2021-11-24 19:47:36.141148,,23,226
724,2021-11-24 19:47:59.444721,3.0,4,226
725,2021-11-24 19:48:10.670886,100.0,9,220
726,2021-11-24 19:54:51.992187,100.0,9,224
727,2021-11-24 22:03:07.450144,200.0,10,222
728,2021-11-24 22:14:15.584369,3.0,4,188
729,2021-11-24 23:51:32.921480,50.0,3,227
730,2021-11-24 23:52:18.072777,3.0,4,227
731,2021-11-25 03:04:04.423844,3.0,4,220
732,2021-11-25 05:35:20.263179,3.0,4,50
733,2021-11-25 05:51:07.804216,3.0,4,190
734,2021-11-25 06:00:42.236729,3.0,4,177
735,2021-11-25 06:00:43.662670,30.0,27,177
736,2021-11-25 06:05:37.863019,50.0,3,228
737,2021-11-25 06:05:37.880842,,23,228
738,2021-11-25 06:05:51.567309,3.0,4,228
739,2021-11-25 06:22:51.470618,3.0,4,223
740,2021-11-25 06:35:57.444476,45.0,23,190
741,2021-11-25 06:47:06.090772,3.0,4,162
742,2021-11-25 06:49:25.805013,3.0,4,188
743,2021-11-25 07:08:16.412165,50.0,3,229
744,2021-11-25 07:08:16.427742,,23,229
745,2021-11-25 07:08:54.641991,3.0,4,229
746,2021-11-25 07:11:01.799074,35.0,23,206
747,2021-11-25 07:13:51.114966,3.0,4,206
748,2021-11-25 07:30:01.640912,3.0,4,97
749,2021-11-25 07:42:54.633156,3.0,4,165
750,2021-11-25 07:43:44.884699,3.0,4,63
751,2021-11-25 07:43:44.898791,30.0,5,63
752,2021-11-25 08:22:55.865687,3.0,4,139
753,2021-11-25 08:40:51.249938,50.0,3,230
754,2021-11-25 08:41:10.184037,3.0,4,230
755,2021-11-25 09:53:10.000000,10000.0,19,165
756,2021-11-25 09:59:10.000000,150.0,6,200
757,2021-11-25 09:59:10.000000,150.0,6,105
758,2021-11-25 09:12:44.993507,100.0,9,146
759,2021-11-25 09:18:26.052867,50.0,3,231
760,2021-11-25 09:18:26.069151,,23,231
761,2021-11-25 09:19:24.801356,3.0,4,231
762,2021-11-25 09:35:26.834788,3.0,4,118
763,2021-11-25 10:06:02.246631,35.0,23,118
764,2021-11-25 10:06:25.283505,3.0,4,43
765,2021-11-25 10:23:02.703687,3.0,4,105
766,2021-11-25 10:48:42.067177,30.0,8,206
767,2021-11-25 11:18:55.166710,3.0,4,173
768,2021-11-25 11:29:21.962607,25.0,27,188
769,2021-11-25 12:04:50.607462,3.0,4,217
770,2021-11-25 12:17:43.666155,45.0,23,206
771,2021-11-25 12:39:14.354390,3.0,4,73
772,2021-11-25 12:40:24.636820,5.0,22,73
773,2021-11-25 12:40:24.657565,,22,73
774,2021-11-25 12:42:05.318484,5.0,22,73
775,2021-11-25 12:48:37.447489,0.0,22,217
776,2021-11-25 12:49:13.430559,0.0,22,217
777,2021-11-25 12:49:29.164835,50.0,3,232
778,2021-11-25 12:49:29.324890,0.0,22,217
779,2021-11-25 12:49:42.005643,0.0,22,217
780,2021-11-25 12:49:42.073922,30.0,8,217
781,2021-11-25 12:49:45.012562,3.0,4,232
782,2021-11-25 12:50:13.582882,0.0,22,217
783,2021-11-25 12:51:44.240296,0.0,22,217
784,2021-11-25 12:52:10.045331,0.0,22,217
785,2021-11-25 13:16:07.232758,50.0,3,233
786,2021-11-25 13:16:07.242164,,23,233
787,2021-11-25 13:17:01.480440,3.0,4,233
788,2021-11-25 13:48:29.579529,45.0,23,173
789,2021-11-25 14:53:56.000000,100.0,19,159
790,2021-11-25 14:53:56.000000,100.0,19,222
791,2021-11-25 14:00:11.198893,5.0,22,173
792,2021-11-25 14:04:34.467379,55.0,23,43
793,2021-11-25 14:04:35.630507,30.0,27,230
794,2021-11-25 14:05:35.176575,25.0,23,43
795,2021-11-25 14:05:47.725599,5.0,22,43
796,2021-11-25 14:05:47.749779,30.0,8,43
797,2021-11-25 14:19:07.809958,45.0,23,188
798,2021-11-25 14:39:20.275763,45.0,23,188
799,2021-11-25 14:43:46.588430,10.0,22,206
800,2021-11-25 14:44:54.970498,45.0,23,188
801,2021-11-25 14:49:15.899193,5.0,22,206
802,2021-11-25 14:51:51.322448,45.0,23,188
803,2021-11-25 15:18:54.990532,3.0,4,222
804,2021-11-25 15:36:56.651665,45.0,23,63
805,2021-11-25 15:37:15.513504,3.0,4,100
806,2021-11-25 15:39:37.296507,30.0,27,100
807,2021-11-25 15:43:09.037538,30.0,27,43
808,2021-11-25 15:46:26.155377,3.0,4,184
809,2021-11-25 15:49:13.151381,0.0,27,100
810,2021-11-25 15:52:01.113330,25.0,27,100
811,2021-11-25 15:56:50.252500,0.0,27,100
812,2021-11-25 16:01:33.439554,30.0,27,100
813,2021-11-25 16:07:26.842350,3.0,4,157
814,2021-11-25 16:07:40.141870,30.0,27,100
815,2021-11-25 16:19:01.553538,50.0,3,234
816,2021-11-25 16:19:01.569106,,23,234
817,2021-11-25 16:19:33.163183,3.0,4,234
818,2021-11-25 16:24:11.316788,50.0,3,235
819,2021-11-25 16:24:40.594551,3.0,4,235
820,2021-11-25 16:36:14.419253,5.0,22,100
821,2021-11-25 16:46:57.161985,5.0,22,100
822,2021-11-25 17:13:58.246707,5.0,22,105
823,2021-11-25 17:25:03.435443,50.0,3,236
824,2021-11-25 17:25:12.059579,3.0,4,236
825,2021-11-25 17:26:25.689175,35.0,23,236
826,2021-11-25 18:25:57.862153,3.0,4,226
827,2021-11-25 18:31:01.787962,0.0,22,226
828,2021-11-25 18:31:01.866055,,22,226
829,2021-11-25 19:07:00.282370,0.0,22,226
830,2021-11-25 19:08:15.163329,3.0,4,159
831,2021-11-25 19:11:21.646510,45.0,23,159
832,2021-11-25 19:17:46.251568,0.0,22,226
833,2021-11-25 19:24:02.281527,0.0,22,226
834,2021-11-25 19:25:04.972253,20.0,22,159
835,2021-11-25 19:26:17.287851,0.0,22,226
836,2021-11-25 19:26:17.301307,30.0,8,226
837,2021-11-25 19:39:14.667480,10.0,22,159
838,2021-11-25 19:43:23.962250,35.0,23,159
839,2021-11-25 19:59:35.046390,0.0,22,226
840,2021-11-25 20:22:23.204344,10.0,22,159
841,2021-11-25 20:25:39.658307,30.0,27,159
842,2021-11-25 20:52:07.194766,0.0,22,222
843,2021-11-25 20:54:41.902380,0.0,22,222
844,2021-11-25 20:56:19.945507,0.0,22,222
845,2021-11-25 20:58:26.832171,0.0,22,222
846,2021-11-25 20:58:51.797612,0.0,22,222
847,2021-11-25 21:00:55.958080,0.0,22,222
848,2021-11-25 21:05:54.828640,0.0,22,222
849,2021-11-25 21:23:45.712883,0.0,22,222
850,2021-11-25 21:44:29.633941,3.0,4,98
851,2021-11-26 02:42:37.951286,3.0,4,227
852,2021-11-26 04:09:52.416821,3.0,4,190
853,2021-11-26 05:13:09.143619,50.0,3,237
854,2021-11-26 05:13:20.737756,3.0,4,237
855,2021-11-26 06:31:42.694430,3.0,4,226
856,2021-11-26 06:44:43.191155,45.0,23,206
857,2021-11-26 06:44:46.265936,5.0,22,206
858,2021-11-26 07:00:44.889919,3.0,4,50
859,2021-11-26 07:17:36.693320,3.0,4,73
860,2021-11-26 07:36:05.200889,3.0,4,233
861,2021-11-26 07:39:25.214289,0.0,22,233
862,2021-11-26 07:39:25.229109,,22,233
863,2021-11-26 07:40:57.405909,3.0,4,212
864,2021-11-26 07:41:58.541063,0.0,22,233
865,2021-11-26 07:42:28.252860,5.0,22,206
866,2021-11-26 07:42:28.263269,100.0,9,206
867,2021-11-26 07:46:00.981627,0.0,22,233
868,2021-11-26 07:48:06.873832,0.0,22,233
869,2021-11-26 07:49:04.414048,0.0,22,233
870,2021-11-26 07:49:04.474737,30.0,8,233
871,2021-11-26 07:51:30.668989,0.0,22,233
872,2021-11-26 07:56:47.484688,0.0,22,233
873,2021-11-26 08:00:07.710465,5.0,22,206
874,2021-11-26 08:01:01.607569,0.0,22,233
875,2021-11-26 08:03:53.213439,0.0,22,233
876,2021-11-26 08:06:46.638895,0.0,22,233
877,2021-11-26 08:06:46.654713,100.0,9,233
878,2021-11-26 08:10:28.716965,0.0,22,233
879,2021-11-26 08:11:48.980182,0.0,22,233
880,2021-11-26 08:15:43.797081,0.0,22,233
881,2021-11-26 08:19:06.053760,0.0,22,233
882,2021-11-26 08:21:05.217351,3.0,4,97
883,2021-11-26 08:22:20.831617,0.0,22,233
884,2021-11-26 08:25:51.914533,0.0,22,233
885,2021-11-26 08:29:48.175847,0.0,22,233
886,2021-11-26 08:41:10.950878,3.0,4,177
887,2021-11-26 08:44:10.210259,35.0,23,177
888,2021-11-26 08:44:56.786612,0.0,22,233
889,2021-11-26 08:54:22.800124,3.0,4,63
890,2021-11-26 08:56:17.491948,30.0,27,177
891,2021-11-26 08:59:44.971573,0.0,22,233
892,2021-11-26 09:07:18.172725,0.0,22,233
893,2021-11-26 09:12:05.133669,0.0,22,233
894,2021-11-26 09:24:59.002821,5.0,22,177
895,2021-11-26 09:24:59.014707,,22,177
896,2021-11-26 09:29:44.403580,0.0,22,233
897,2021-11-26 09:38:48.776758,0.0,22,233
898,2021-11-26 09:45:08.553554,0.0,22,233
899,2021-11-26 09:55:39.546529,0.0,22,233
900,2021-11-26 09:55:39.560459,200.0,10,233
901,2021-11-26 10:02:06.392818,0.0,22,233
902,2021-11-26 10:06:58.198843,0.0,22,233
903,2021-11-26 10:21:49.409105,0.0,22,233
904,2021-11-26 10:25:05.794509,3.0,4,82
905,2021-11-26 10:27:13.242567,0.0,22,233
906,2021-11-26 10:42:33.952203,0.0,22,233
907,2021-11-26 10:48:30.822162,0.0,22,233
908,2021-11-26 11:02:04.989160,0.0,22,233
909,2021-11-26 11:05:47.530032,0.0,22,233
910,2021-11-26 11:07:11.491671,50.0,3,238
911,2021-11-26 11:07:11.506308,,23,238
912,2021-11-26 11:07:32.117926,3.0,4,238
913,2021-11-26 11:32:21.168678,0.0,22,238
914,2021-11-26 11:32:21.183094,,22,238
915,2021-11-26 11:43:43.829146,5.0,22,50
916,2021-11-26 11:45:20.950120,0.0,22,238
917,2021-11-26 11:45:27.006637,10.0,22,50
918,2021-11-26 11:49:26.094154,0.0,22,50
919,2021-11-26 11:49:59.616449,0.0,22,50
920,2021-11-26 11:49:59.659710,100.0,9,50
921,2021-11-26 11:50:25.412405,0.0,22,50
922,2021-11-26 11:50:36.350679,0.0,22,50
923,2021-11-26 11:50:53.506517,0.0,22,50
924,2021-11-26 11:51:18.127461,0.0,22,50
925,2021-11-26 11:51:31.127961,0.0,22,50
926,2021-11-26 11:52:43.563786,0.0,22,238
927,2021-11-26 11:54:12.611830,0.0,22,238
928,2021-11-26 11:55:32.036052,0.0,22,238
929,2021-11-26 11:55:32.057995,30.0,8,238
930,2021-11-26 12:00:58.594584,0.0,22,233
931,2021-11-26 12:05:58.189608,50.0,3,239
932,2021-11-26 12:06:10.053008,3.0,4,239
933,2021-11-26 12:09:28.408497,50.0,3,241
934,2021-11-26 12:09:47.639374,3.0,4,241
935,2021-11-26 12:10:44.169868,50.0,3,240
936,2021-11-26 12:11:00.262816,3.0,4,240
937,2021-11-26 12:11:58.580779,5.0,22,240
938,2021-11-26 12:11:58.613270,,22,240
939,2021-11-26 12:14:44.061564,5.0,22,239
940,2021-11-26 12:14:44.079445,,22,239
941,2021-11-26 12:20:12.808947,5.0,22,241
942,2021-11-26 12:20:12.831491,,22,241
943,2021-11-26 12:20:45.545206,50.0,3,242
944,2021-11-26 12:21:50.006992,3.0,4,242
945,2021-11-26 12:26:43.088280,3.0,4,98
946,2021-11-26 12:27:46.438116,45.0,23,98
947,2021-11-26 12:28:08.296296,5.0,22,242
948,2021-11-26 12:28:08.311563,,22,242
949,2021-11-26 12:31:30.885885,0.0,22,233
950,2021-11-26 12:37:19.877438,5.0,22,242
951,2021-11-26 12:47:25.981699,0.0,22,238
952,2021-11-26 12:58:31.504186,0.0,22,238
953,2021-11-26 12:59:31.408254,0.0,22,238
954,2021-11-26 13:06:51.057451,0.0,22,233
955,2021-11-26 13:11:16.286226,0.0,22,238
956,2021-11-26 13:15:23.366683,0.0,22,238
957,2021-11-26 13:15:23.383829,100.0,9,238
958,2021-11-26 13:17:16.075533,0.0,22,238
959,2021-11-26 13:27:04.084011,50.0,3,243
960,2021-11-26 13:27:04.100033,,23,243
961,2021-11-26 13:27:35.965330,3.0,4,243
962,2021-11-26 13:36:39.362705,100.0,25,63
963,2021-11-26 13:56:00.740578,5.0,22,206
964,2021-11-26 13:59:37.488676,3.0,4,43
965,2021-11-26 14:06:25.412013,10.0,25,63
966,2021-11-26 14:08:22.927655,10.0,25,73
967,2021-11-26 14:21:30.888530,35.0,23,206
968,2021-11-26 14:22:46.994994,10.0,22,206
969,2021-11-26 14:29:42.812089,5.0,22,98
970,2021-11-26 14:32:51.181317,45.0,23,98
971,2021-11-26 14:32:54.377153,5.0,22,98
972,2021-11-26 14:37:11.194267,0.0,22,243
973,2021-11-26 14:37:11.220959,,22,243
974,2021-11-26 14:41:31.526179,0.0,22,243
975,2021-11-26 14:42:19.611472,0.0,22,243
976,2021-11-26 14:43:25.021708,0.0,22,243
977,2021-11-26 14:44:37.477589,0.0,22,243
978,2021-11-26 14:44:37.493573,30.0,8,243
979,2021-11-26 14:47:08.212235,0.0,22,243
980,2021-11-26 14:49:40.477465,5.0,22,98
981,2021-11-26 14:49:40.499038,30.0,8,98
982,2021-11-26 15:01:40.515132,10.0,25,206
983,2021-11-26 15:05:50.541551,50.0,3,244
984,2021-11-26 15:06:12.910164,3.0,4,244
985,2021-11-26 15:09:15.074768,5.0,22,244
986,2021-11-26 15:09:15.113347,,22,244
987,2021-11-26 15:15:10.658456,5.0,22,206
988,2021-11-26 15:19:56.395714,3.0,4,194
989,2021-11-26 15:21:14.819838,30.0,27,194
990,2021-11-26 15:40:05.829710,3.0,4,211
991,2021-11-26 15:45:21.527606,50.0,3,245
992,2021-11-26 15:45:45.292712,3.0,4,245
993,2021-11-26 15:54:04.447138,3.0,4,229
994,2021-11-26 15:54:21.956716,5.0,22,245
995,2021-11-26 15:54:21.968442,,22,245
996,2021-11-26 16:14:29.427784,50.0,3,246
997,2021-11-26 16:14:53.795844,3.0,4,246
998,2021-11-26 17:58:31.870315,35.0,23,244
999,2021-11-26 18:10:31.708895,5.0,22,244
1000,2021-11-26 19:04:04.863706,3.0,4,158
1001,2021-11-26 19:25:33.739759,3.0,4,195
1002,2021-11-26 19:26:57.208350,3.0,4,146
1003,2021-11-26 19:32:27.744366,3.0,4,224
1004,2021-11-26 19:41:01.335164,10.0,25,146
1005,2021-11-26 20:03:30.605360,0.0,22,224
1006,2021-11-26 20:08:07.898344,0.0,22,224
1007,2021-11-26 20:20:31.077783,5.0,22,195
1008,2021-11-26 20:20:31.097013,,22,195
1009,2021-11-26 21:28:36.002441,3.0,4,101
1010,2021-11-26 21:31:33.133310,5.0,22,101
1011,2021-11-26 21:36:54.662398,35.0,23,101
1012,2021-11-26 21:49:28.242058,50.0,3,247
1013,2021-11-26 21:49:41.739526,3.0,4,247
1014,2021-11-26 21:54:18.913212,35.0,23,247
1015,2021-11-26 21:54:22.970378,5.0,22,247
1016,2021-11-26 21:54:23.007571,,22,247
1017,2021-11-26 22:24:37.353429,3.0,4,221
1018,2021-11-26 23:30:04.714079,3.0,4,90
1019,2021-11-27 00:33:37.922821,3.0,4,63
1020,2021-11-27 04:05:11.809571,3.0,4,244
1021,2021-11-27 04:40:02.199634,50.0,3,248
1022,2021-11-27 04:40:32.486009,3.0,4,248
1023,2021-11-27 04:58:40.248928,10.0,25,248
1024,2021-11-27 05:05:31.496511,10.0,25,248
1025,2021-11-27 05:07:08.599353,5.0,22,248
1026,2021-11-27 05:07:08.613247,,22,248
1027,2021-11-27 05:10:53.641897,5.0,22,248
1028,2021-11-27 05:55:40.389705,3.0,4,190
1029,2021-11-27 06:01:31.741410,3.0,4,195
1030,2021-11-27 06:01:45.138141,3.0,4,224
1031,2021-11-27 07:12:06.763151,50.0,3,249
1032,2021-11-27 07:12:16.296091,3.0,4,249
1033,2021-11-27 07:15:40.656763,50.0,3,250
1034,2021-11-27 07:15:40.674908,150.0,6,140
1035,2021-11-27 07:15:40.675164,50.0,7,250
1036,2021-11-27 07:15:56.399350,3.0,4,250
1037,2021-11-27 07:57:19.326358,50.0,3,251
1038,2021-11-27 07:57:39.081758,3.0,4,251
1039,2021-11-27 08:55:12.867949,3.0,4,218
1040,2021-11-27 08:56:29.947519,3.0,4,221
1041,2021-11-27 09:18:41.699665,3.0,4,206
1042,2021-11-27 10:37:02.943138,5.0,22,206
1043,2021-11-27 10:57:25.476253,5.0,22,206
1044,2021-11-27 10:58:48.502264,50.0,3,252
1045,2021-11-27 10:58:48.515571,,23,252
1046,2021-11-27 10:59:13.647527,3.0,4,252
1047,2021-11-27 11:01:37.532252,0.0,22,252
1048,2021-11-27 11:01:37.544611,,22,252
1049,2021-11-27 11:03:36.884003,0.0,22,252
1050,2021-11-27 11:04:51.274653,0.0,22,252
1051,2021-11-27 11:05:13.119454,0.0,22,252
1052,2021-11-27 11:05:30.734893,0.0,22,252
1053,2021-11-27 11:05:30.748119,30.0,8,252
1054,2021-11-27 11:05:52.061077,0.0,22,252
1055,2021-11-27 11:25:46.700441,3.0,4,228
1056,2021-11-27 11:32:18.077298,3.0,4,159
1057,2021-11-27 11:50:01.488341,5.0,22,244
1058,2021-11-27 13:11:33.000000,100.0,19,159
1059,2021-11-27 12:29:11.160857,0.0,22,252
1060,2021-11-27 12:41:38.778183,10.0,25,63
1061,2021-11-27 12:57:17.445924,3.0,4,149
1062,2021-11-27 13:08:10.001885,50.0,3,253
1063,2021-11-27 13:08:10.015619,,23,253
1064,2021-11-27 13:08:59.464593,3.0,4,253
1065,2021-11-27 13:15:59.906056,0.0,22,253
1066,2021-11-27 13:15:59.918750,,22,253
1067,2021-11-27 13:21:03.851370,0.0,22,253
1068,2021-11-27 13:28:31.828868,0.0,22,253
1069,2021-11-27 13:35:32.739098,0.0,22,253
1070,2021-11-27 13:37:23.531654,0.0,22,253
1071,2021-11-27 13:37:23.555696,30.0,8,253
1072,2021-11-27 13:37:37.263103,5.0,22,149
1073,2021-11-27 13:37:37.282355,,22,149
1074,2021-11-27 13:40:44.168534,0.0,22,253
1075,2021-11-27 13:51:31.953009,3.0,4,105
1076,2021-11-27 13:53:02.636838,0.0,22,253
1077,2021-11-27 13:53:29.541023,45.0,23,149
1078,2021-11-27 14:06:54.388145,0.0,22,253
1079,2021-11-27 14:11:37.300183,0.0,22,253
1080,2021-11-27 14:15:35.526086,0.0,22,253
1081,2021-11-27 14:15:35.542584,100.0,9,253
1082,2021-11-27 14:18:42.174897,0.0,22,253
1083,2021-11-27 14:22:02.014391,0.0,22,253
1084,2021-11-27 14:32:25.522541,0.0,22,253
1085,2021-11-27 14:36:12.600699,0.0,22,253
1086,2021-11-27 14:41:11.385703,0.0,22,253
1087,2021-11-27 14:43:19.334235,0.0,22,253
1088,2021-11-27 14:49:20.958276,0.0,22,253
1089,2021-11-27 14:51:30.826915,3.0,4,186
1090,2021-11-27 15:03:55.217420,5.0,22,186
1091,2021-11-27 15:11:49.281440,0.0,22,253
1092,2021-11-27 15:22:46.288950,0.0,22,253
1093,2021-11-27 15:43:21.963981,0.0,22,253
1094,2021-11-27 15:48:42.382191,0.0,22,253
1095,2021-11-27 15:51:05.582900,5.0,22,105
1096,2021-11-27 15:51:33.678198,10.0,22,186
1097,2021-11-27 15:59:03.974296,35.0,23,186
1098,2021-11-27 15:59:31.988637,0.0,22,253
1099,2021-11-27 16:14:17.527274,0.0,22,253
1100,2021-11-27 16:18:03.212433,5.0,22,186
1101,2021-11-27 16:39:37.041481,0.0,22,253
1102,2021-11-27 16:50:32.505570,0.0,22,253
1103,2021-11-27 16:50:32.517725,200.0,10,253
1104,2021-11-27 16:53:38.166184,30.0,27,253
1105,2021-11-27 17:01:37.716575,3.0,4,140
1106,2021-11-27 17:16:09.603385,3.0,4,138
1107,2021-11-27 17:55:50.690580,10.0,22,146
1108,2021-11-27 17:57:31.689930,3.0,4,246
1109,2021-11-27 18:40:33.857401,0.0,22,252
1110,2021-11-27 18:46:52.562398,0.0,22,252
1111,2021-11-27 18:53:14.473760,0.0,22,252
1112,2021-11-27 18:53:14.507411,100.0,9,252
1113,2021-11-27 18:57:16.686390,0.0,22,252
1114,2021-11-27 18:59:30.076265,0.0,22,252
1115,2021-11-27 19:10:10.677277,0.0,22,252
1116,2021-11-27 19:16:27.169438,0.0,22,252
1117,2021-11-27 19:22:24.684562,0.0,22,252
1118,2021-11-27 19:23:27.825841,0.0,22,252
1119,2021-11-27 20:01:00.564669,50.0,3,255
1120,2021-11-27 20:03:12.966388,3.0,4,255
1121,2021-11-27 20:14:20.397709,0.0,22,252
1122,2021-11-27 20:36:47.567022,45.0,23,186
1123,2021-11-27 20:43:46.805715,3.0,4,98
1124,2021-11-27 21:18:06.058874,50.0,3,256
1125,2021-11-27 21:20:38.930767,3.0,4,158
1126,2021-11-27 21:53:32.471513,5.0,22,186
1127,2021-11-27 21:53:32.481476,30.0,8,186
1128,2021-11-27 22:02:31.494490,5.0,22,186
1129,2021-11-27 22:52:28.613177,50.0,3,257
1130,2021-11-27 22:53:03.572488,3.0,4,257
1131,2021-11-28 04:23:32.776623,3.0,4,228
1132,2021-11-28 06:42:53.169829,3.0,4,190
1133,2021-11-28 07:16:26.047653,0.0,22,252
1134,2021-11-28 07:22:01.285902,50.0,3,258
1135,2021-11-28 07:22:43.783256,3.0,4,258
1136,2021-11-28 07:47:06.449964,3.0,4,224
1137,2021-11-28 08:44:32.921556,0.0,22,252
1138,2021-11-28 08:47:09.308612,50.0,3,254
1139,2021-11-28 09:09:54.801611,0.0,22,224
1140,2021-11-28 09:27:04.282824,3.0,4,173
1141,2021-11-28 09:28:32.048164,10.0,25,173
1142,2021-11-28 09:34:54.870631,3.0,4,186
1143,2021-11-28 09:40:03.352198,50.0,3,259
1144,2021-11-28 09:40:20.910184,3.0,4,259
1145,2021-11-28 09:59:11.239334,10.0,22,173
1146,2021-11-28 10:21:58.667090,3.0,4,108
1147,2021-11-28 10:29:30.494520,3.0,4,244
1148,2021-11-28 10:39:32.737169,3.0,4,257
1149,2021-11-28 10:40:09.769900,3.0,4,140
1150,2021-11-28 10:53:31.918764,3.0,4,256
1151,2021-11-28 10:56:20.074381,35.0,23,186
1152,2021-11-28 10:56:24.109399,5.0,22,186
1153,2021-11-28 11:14:32.015704,3.0,4,98
1154,2021-11-28 11:58:51.849367,5.0,22,244
1155,2021-11-28 12:16:05.765187,3.0,4,218
1156,2021-11-28 12:26:10.959718,0.0,22,218
1157,2021-11-28 12:33:04.180287,5.0,22,244
1158,2021-11-28 12:33:04.199200,30.0,8,244
1159,2021-11-28 12:54:34.635631,3.0,4,137
1160,2021-11-28 12:55:17.129353,0.0,22,218
1161,2021-11-28 12:55:17.149657,100.0,9,218
1162,2021-11-28 13:01:48.067347,3.0,4,220
1163,2021-11-28 13:02:02.817058,0.0,22,220
1164,2021-11-28 13:04:04.683137,0.0,22,220
1165,2021-11-28 13:06:25.991244,0.0,22,220
1166,2021-11-28 13:09:15.719321,0.0,22,220
1167,2021-11-28 13:10:37.103739,0.0,22,220
1168,2021-11-28 13:11:48.261427,0.0,22,220
1169,2021-11-28 13:13:29.225978,0.0,22,220
1170,2021-11-28 13:17:54.511628,0.0,22,218
1171,2021-11-28 13:34:29.409965,0.0,22,218
1172,2021-11-28 13:39:57.244914,0.0,22,218
1173,2021-11-28 13:45:16.268371,0.0,22,218
1174,2021-11-28 13:49:19.956183,0.0,22,218
1175,2021-11-28 13:50:58.329218,0.0,22,218
1176,2021-11-28 15:34:51.028979,3.0,4,43
1177,2021-11-28 15:38:03.112819,3.0,4,195
1178,2021-11-28 15:45:28.504612,50.0,3,262
1179,2021-11-28 15:45:35.371103,3.0,4,262
1180,2021-11-28 16:09:54.472653,5.0,22,158
1181,2021-11-28 16:13:21.696875,5.0,22,158
1182,2021-11-28 16:14:21.839523,45.0,23,158
1183,2021-11-28 16:17:00.829356,5.0,22,158
1184,2021-11-28 17:01:02.710326,50.0,3,263
1185,2021-11-28 17:01:02.722958,,23,263
1186,2021-11-28 17:01:48.995541,3.0,4,263
1187,2021-11-28 17:15:22.634330,10.0,25,262
1188,2021-11-28 17:32:39.338437,0.0,22,263
1189,2021-11-28 17:32:39.348572,,22,263
1190,2021-11-28 18:04:40.131492,3.0,4,63
1191,2021-11-28 18:10:28.378202,3.0,4,226
1192,2021-11-28 18:30:33.390640,0.0,22,220
1193,2021-11-28 19:04:58.278450,3.0,4,193
1194,2021-11-28 19:05:52.912449,30.0,27,193
1195,2021-11-28 19:11:29.903068,30.0,27,193
1196,2021-11-28 19:16:24.174420,5.0,22,244
1197,2021-11-28 19:36:58.909496,0.0,22,263
1198,2021-11-28 19:38:23.576783,50.0,3,264
1199,2021-11-28 19:38:41.291405,3.0,4,264
1200,2021-11-28 20:02:10.420517,5.0,22,244
1201,2021-11-28 20:29:14.224516,0.0,22,263
1202,2021-11-28 20:34:52.115341,0.0,22,263
1203,2021-11-28 20:41:18.743827,0.0,22,263
1204,2021-11-28 20:41:18.762002,30.0,8,263
1205,2021-11-28 21:05:41.904429,0.0,22,263
1206,2021-11-28 22:07:05.917463,0.0,22,263
1207,2021-11-28 22:14:05.391445,0.0,22,263
1208,2021-11-28 22:21:43.313629,0.0,22,263
1209,2021-11-29 01:04:20.056338,3.0,4,105
1210,2021-11-29 01:05:29.706144,35.0,23,105
1211,2021-11-29 01:50:24.920119,5.0,22,105
1212,2021-11-29 01:50:24.949153,30.0,8,105
1213,2021-11-29 04:46:34.297578,3.0,4,195
1214,2021-11-29 05:48:38.621072,3.0,4,253
1215,2021-11-29 05:58:14.651214,0.0,22,253
1216,2021-11-29 06:03:32.465411,3.0,4,244
1217,2021-11-29 06:22:31.965620,3.0,4,243
1218,2021-11-29 07:03:54.865401,0.0,22,243
1219,2021-11-29 07:18:47.269218,0.0,22,243
1220,2021-11-29 07:23:47.703119,0.0,22,243
1221,2021-11-29 07:40:57.392832,3.0,4,226
1222,2021-11-29 07:47:02.595664,5.0,22,244
1223,2021-11-29 07:50:13.840506,50.0,3,265
1224,2021-11-29 07:50:13.856323,,23,265
1225,2021-11-29 07:50:28.980965,3.0,4,265
1226,2021-11-29 07:51:42.376509,3.0,4,73
1227,2021-11-29 08:16:33.230711,3.0,4,63
1228,2021-11-29 08:22:19.085884,3.0,4,100
1229,2021-11-29 08:28:18.097659,0.0,22,243
1230,2021-11-29 08:28:18.107702,100.0,9,243
1231,2021-11-29 08:28:57.783840,35.0,23,100
1232,2021-11-29 08:32:34.762321,0.0,22,243
1233,2021-11-29 08:33:00.564427,50.0,3,266
1234,2021-11-29 08:33:10.408692,3.0,4,266
1235,2021-11-29 08:34:05.525579,5.0,22,100
1236,2021-11-29 08:34:05.543131,30.0,8,100
1237,2021-11-29 08:36:14.323537,0.0,22,243
1238,2021-11-29 08:40:39.431553,3.0,4,242
1239,2021-11-29 08:41:59.174325,25.0,27,242
1240,2021-11-29 08:46:48.439232,50.0,3,267
1241,2021-11-29 08:47:00.700115,3.0,4,267
1242,2021-11-29 08:56:44.251346,5.0,22,267
1243,2021-11-29 08:56:44.264223,,22,267
1244,2021-11-29 08:59:05.821473,100.0,2,265
1245,2021-11-29 08:59:46.001721,55.0,23,265
1246,2021-11-29 09:01:18.720305,5.0,22,244
1247,2021-11-29 09:05:00.823763,50.0,3,268
1248,2021-11-29 09:05:11.352624,3.0,4,268
1249,2021-11-29 09:05:58.482447,5.0,22,244
1250,2021-11-29 09:05:58.505929,100.0,9,244
1251,2021-11-29 09:09:28.646336,5.0,22,100
1252,2021-11-29 09:11:26.314785,45.0,23,100
1253,2021-11-29 09:17:33.915382,5.0,22,100
1254,2021-11-29 09:18:22.269611,45.0,23,100
1255,2021-11-29 09:20:30.912918,10.0,22,100
1256,2021-11-29 09:21:22.780851,35.0,23,100
1257,2021-11-29 09:23:42.667782,5.0,22,100
1258,2021-11-29 09:31:33.992137,10.0,25,268
1259,2021-11-29 09:31:43.522018,3.0,4,176
1260,2021-11-29 09:32:00.733437,5.0,22,268
1261,2021-11-29 09:32:00.749822,,22,268
1262,2021-11-29 09:35:35.813927,50.0,3,269
1263,2021-11-29 09:35:35.835145,,23,269
1264,2021-11-29 09:36:01.267028,3.0,4,269
1265,2021-11-29 09:39:50.832745,35.0,23,100
1266,2021-11-29 09:39:54.021944,5.0,22,100
1267,2021-11-29 09:39:54.035546,100.0,9,100
1268,2021-11-29 09:41:54.473827,3.0,4,245
1269,2021-11-29 09:47:23.943459,5.0,22,100
1270,2021-11-29 09:50:10.751491,5.0,22,244
1271,2021-11-29 09:50:47.102347,5.0,22,100
1272,2021-11-29 09:55:33.818978,0.0,22,269
1273,2021-11-29 09:55:33.842168,,22,269
1274,2021-11-29 09:57:58.695146,0.0,22,243
1275,2021-11-29 10:05:39.310472,0.0,22,269
1276,2021-11-29 10:08:10.673975,0.0,22,243
1277,2021-11-29 10:10:56.116311,0.0,22,269
1278,2021-11-29 10:12:03.413514,10.0,25,63
1279,2021-11-29 10:13:44.374885,0.0,22,243
1280,2021-11-29 10:15:26.000681,0.0,22,269
1281,2021-11-29 10:19:53.078785,0.0,22,243
1282,2021-11-29 10:26:56.124149,10.0,25,63
1283,2021-11-29 10:29:17.169686,0.0,22,243
1284,2021-11-29 10:35:04.024386,0.0,22,269
1285,2021-11-29 10:35:04.034183,30.0,8,269
1286,2021-11-29 10:45:48.014409,35.0,23,63
1287,2021-11-29 10:48:49.227460,0.0,22,269
1288,2021-11-29 10:54:19.655226,0.0,22,269
1289,2021-11-29 11:54:35.000000,5000.0,19,240
1290,2021-11-29 11:54:35.000000,5000.0,19,248
1291,2021-11-29 11:54:35.000000,5000.0,19,105
1292,2021-11-29 11:55:16.000000,250.0,19,244
1293,2021-11-29 10:56:48.965887,0.0,22,269
1294,2021-11-29 10:57:01.672436,3.0,4,255
1295,2021-11-29 10:59:38.362199,0.0,22,243
1296,2021-11-29 11:10:37.779994,3.0,4,50
1297,2021-11-29 11:17:35.168859,0.0,22,263
1298,2021-11-29 11:17:35.185734,100.0,9,263
1299,2021-11-29 11:24:07.877254,35.0,23,50
1300,2021-11-29 11:26:41.824884,3.0,4,183
1301,2021-11-29 11:28:52.523376,0.0,22,243
1302,2021-11-29 11:37:07.143896,50.0,3,270
1303,2021-11-29 11:37:07.160712,,23,270
1304,2021-11-29 11:37:33.547173,3.0,4,270
1305,2021-11-29 11:53:07.696585,0.0,22,263
1306,2021-11-29 11:56:18.087441,0.0,22,243
1307,2021-11-29 12:05:38.864017,0.0,22,263
1308,2021-11-29 12:16:01.767991,0.0,22,263
1309,2021-11-29 12:24:37.786072,35.0,23,100
1310,2021-11-29 12:24:41.078485,5.0,22,100
1311,2021-11-29 12:26:24.858628,35.0,23,100
1312,2021-11-29 12:27:12.397911,5.0,22,100
1313,2021-11-29 12:27:23.956708,50.0,3,271
1314,2021-11-29 12:27:23.971040,,23,271
1315,2021-11-29 12:27:45.805071,3.0,4,271
1316,2021-11-29 12:28:38.797408,5.0,22,100
1317,2021-11-29 12:29:05.809444,10.0,25,100
1318,2021-11-29 12:29:54.805015,45.0,23,100
1319,2021-11-29 12:30:17.947231,0.0,22,263
1320,2021-11-29 12:30:22.848336,0.0,22,271
1321,2021-11-29 12:30:22.866644,,22,271
1322,2021-11-29 12:31:01.190068,0.0,22,243
1323,2021-11-29 12:33:35.906126,5.0,22,100
1324,2021-11-29 12:33:44.606273,10.0,25,100
1325,2021-11-29 12:34:08.843587,0.0,22,271
1326,2021-11-29 12:35:21.566947,50.0,23,100
1327,2021-11-29 12:37:18.751663,10.0,25,100
1328,2021-11-29 12:40:05.414901,5.0,22,100
1329,2021-11-29 12:43:53.164721,3.0,4,184
1330,2021-11-29 12:50:00.929390,0.0,22,271
1331,2021-11-29 12:53:41.222030,0.0,22,271
1332,2021-11-29 12:54:41.061862,45.0,23,244
1333,2021-11-29 12:54:44.012999,10.0,22,244
1334,2021-11-29 12:56:05.175134,0.0,22,263
1335,2021-11-29 12:56:15.588301,0.0,22,271
1336,2021-11-29 12:56:15.610699,30.0,8,271
1337,2021-11-29 13:01:08.807137,50.0,3,272
1338,2021-11-29 13:01:08.845148,,23,272
1339,2021-11-29 13:01:35.755438,3.0,4,272
1340,2021-11-29 13:01:57.613781,0.0,22,271
1341,2021-11-29 13:07:39.694587,0.0,22,243
1342,2021-11-29 13:20:59.567106,3.0,4,43
1343,2021-11-29 13:32:07.678875,50.0,3,273
1344,2021-11-29 13:32:07.698324,,23,273
1345,2021-11-29 13:32:26.772174,3.0,4,273
1346,2021-11-29 13:51:11.875009,0.0,22,273
1347,2021-11-29 13:51:11.891607,,22,273
1348,2021-11-29 14:00:56.086596,0.0,22,273
1349,2021-11-29 14:06:33.236231,0.0,22,271
1350,2021-11-29 14:16:49.868905,0.0,22,271
1351,2021-11-29 14:24:16.221462,0.0,22,273
1352,2021-11-29 14:25:07.122498,0.0,22,271
1353,2021-11-29 14:28:33.014638,0.0,22,271
1354,2021-11-29 14:28:33.029735,100.0,9,271
1355,2021-11-29 14:29:44.147123,0.0,22,273
1356,2021-11-29 14:32:34.069321,0.0,22,273
1357,2021-11-29 14:32:34.080216,30.0,8,273
1358,2021-11-29 14:36:54.028717,0.0,22,273
1359,2021-11-29 14:42:43.141521,3.0,4,193
1360,2021-11-29 14:47:13.498824,3.0,4,159
1361,2021-11-29 15:03:14.741113,50.0,3,274
1362,2021-11-29 15:03:14.757126,,23,274
1363,2021-11-29 15:03:19.202720,3.0,4,274
1364,2021-11-29 15:05:59.576487,0.0,22,274
1365,2021-11-29 15:05:59.595832,,22,274
1366,2021-11-29 15:06:45.197359,0.0,22,274
1367,2021-11-29 15:07:57.952839,0.0,22,274
1368,2021-11-29 15:08:21.514786,0.0,22,274
1369,2021-11-29 15:08:39.852749,0.0,22,274
1370,2021-11-29 15:08:39.866487,30.0,8,274
1371,2021-11-29 15:09:18.818449,0.0,22,274
1372,2021-11-29 15:14:56.030879,35.0,23,206
1373,2021-11-29 15:19:48.310651,0.0,22,274
1374,2021-11-29 15:20:42.421168,0.0,22,274
1375,2021-11-29 15:21:07.489977,5.0,22,206
1376,2021-11-29 15:23:05.680347,10.0,25,206
1377,2021-11-29 15:44:01.168163,0.0,22,271
1378,2021-11-29 15:50:39.382351,0.0,22,253
1379,2021-11-29 16:30:44.792832,3.0,4,190
1380,2021-11-29 16:30:44.802633,30.0,5,190
1381,2021-11-29 17:02:10.161630,0.0,22,273
1382,2021-11-29 17:15:22.072645,0.0,22,273
1383,2021-11-29 17:23:47.559321,50.0,3,275
1384,2021-11-29 17:23:47.571017,,23,275
1385,2021-11-29 17:23:56.839436,3.0,4,275
1386,2021-11-29 17:45:01.816436,5.0,22,244
1387,2021-11-29 18:05:34.075474,5.0,22,244
1388,2021-11-29 18:13:18.086280,5.0,22,244
1389,2021-11-29 18:25:45.452359,5.0,22,244
1390,2021-11-29 18:35:52.250138,5.0,22,244
1391,2021-11-29 18:36:16.221330,10.0,25,206
1392,2021-11-29 18:42:14.058757,5.0,22,206
1393,2021-11-29 18:45:27.371488,5.0,22,244
1394,2021-11-29 18:53:35.617408,0.0,22,274
1395,2021-11-29 18:58:03.145850,0.0,22,274
1396,2021-11-29 18:58:03.158099,100.0,9,274
1397,2021-11-29 19:05:21.412296,0.0,22,274
1398,2021-11-29 19:06:34.258348,5.0,22,244
1399,2021-11-29 19:06:36.793199,0.0,22,274
1400,2021-11-29 19:09:15.210555,0.0,22,274
1401,2021-11-29 19:12:04.332595,0.0,22,274
1402,2021-11-29 19:14:37.711173,0.0,22,274
1403,2021-11-29 19:15:30.467403,0.0,22,274
1404,2021-11-29 19:34:50.847862,5.0,22,244
1405,2021-11-29 19:37:30.558349,0.0,22,274
1406,2021-11-29 19:57:21.943519,3.0,4,238
1407,2021-11-29 20:04:27.337763,0.0,22,238
1408,2021-11-29 20:07:37.378854,0.0,22,238
1409,2021-11-29 20:10:52.701950,0.0,22,238
1410,2021-11-29 20:13:07.285355,0.0,22,238
1411,2021-11-29 20:13:57.758707,0.0,22,238
1412,2021-11-29 20:16:41.262720,0.0,22,238
1413,2021-11-29 20:23:35.599867,0.0,22,238
1414,2021-11-29 21:08:26.199301,0.0,22,238
1415,2021-11-29 21:15:58.853940,0.0,22,238
1416,2021-11-30 03:47:19.769453,50.0,3,276
1417,2021-11-30 03:47:19.822896,,23,276
1418,2021-11-30 03:47:46.204440,3.0,4,276
1419,2021-11-30 04:06:44.122598,3.0,4,183
1420,2021-11-30 05:24:36.256137,3.0,4,244
1421,2021-11-30 05:26:30.972521,3.0,4,162
1422,2021-11-30 05:43:25.659478,3.0,4,248
1423,2021-11-30 06:07:09.164443,0.0,22,274
1424,2021-11-30 06:10:05.877246,3.0,4,97
1425,2021-11-30 06:15:21.448324,30.0,27,97
1426,2021-11-30 06:17:38.273699,0.0,22,274
1427,2021-11-30 06:29:39.332919,3.0,4,229
1428,2021-11-30 06:36:54.719745,5.0,22,97
1429,2021-11-30 06:39:57.968309,10.0,22,244
1430,2021-11-30 06:40:28.472911,0.0,22,274
1431,2021-11-30 06:50:06.909778,5.0,22,97
1432,2021-11-30 06:52:16.865222,0.0,22,274
1433,2021-11-30 06:54:01.702407,0.0,22,274
1434,2021-11-30 07:00:44.418826,10.0,22,244
1435,2021-11-30 07:16:10.694985,10.0,25,63
1436,2021-11-30 07:17:39.217400,3.0,4,63
1437,2021-11-30 07:22:55.072783,5.0,22,244
1438,2021-11-30 07:31:07.131861,0.0,22,274
1439,2021-11-30 07:36:13.979058,3.0,4,206
1440,2021-11-30 07:43:13.657594,10.0,25,63
1441,2021-11-30 07:47:07.480022,10.0,25,63
1442,2021-11-30 07:49:13.836890,10.0,25,63
1443,2021-11-30 07:50:40.588541,0.0,22,274
1444,2021-11-30 07:50:56.114716,10.0,25,63
1445,2021-11-30 07:51:26.756945,35.0,23,63
1446,2021-11-30 08:01:29.663333,10.0,25,63
1447,2021-11-30 08:17:37.921140,10.0,25,63
1448,2021-11-30 08:24:26.092787,0.0,22,274
1449,2021-11-30 08:24:26.105761,200.0,10,274
1450,2021-11-30 08:26:40.870308,0.0,22,274
1451,2021-11-30 08:31:22.001579,5.0,22,244
1452,2021-11-30 08:33:57.479946,45.0,23,63
1453,2021-11-30 08:36:13.089433,10.0,25,63
1454,2021-11-30 08:44:11.524948,3.0,4,271
1455,2021-11-30 08:49:30.112862,3.0,4,233
1456,2021-11-30 08:54:49.799010,0.0,22,274
1457,2021-11-30 09:09:44.824057,0.0,22,274
1458,2021-11-30 09:09:54.159340,45.0,23,162
1459,2021-11-30 09:15:22.574381,5.0,22,162
1460,2021-11-30 09:21:35.814855,5.0,22,162
1461,2021-11-30 09:30:49.402179,3.0,4,243
1462,2021-11-30 09:31:32.831082,3.0,4,230
1463,2021-11-30 09:36:02.839503,10.0,25,63
1464,2021-11-30 09:50:05.470301,0.0,22,274
1465,2021-11-30 09:56:20.455287,0.0,22,274
1466,2021-11-30 10:05:00.740504,0.0,22,274
1467,2021-11-30 10:29:12.162039,0.0,22,274
1468,2021-11-30 10:50:32.223363,10.0,25,63
1469,2021-11-30 10:51:16.342624,10.0,25,63
1470,2021-11-30 10:56:28.798279,3.0,4,157
1471,2021-11-30 11:57:54.000000,50.0,19,157
1472,2021-11-30 11:15:49.620820,3.0,4,211
1473,2021-11-30 11:16:20.827504,0.0,27,211
1474,2021-11-30 11:16:48.372968,0.0,27,211
1475,2021-11-30 11:28:28.690298,0.0,22,274
1476,2021-11-30 11:28:48.971770,50.0,3,277
1477,2021-11-30 11:29:01.345030,3.0,4,277
1478,2021-11-30 11:36:14.026421,3.0,4,269
1479,2021-11-30 11:44:01.217963,0.0,22,269
1480,2021-11-30 11:58:14.151611,3.0,4,101
1481,2021-11-30 11:58:42.612412,5.0,22,101
1482,2021-11-30 11:59:11.571387,5.0,22,101
1483,2021-11-30 12:00:52.289004,10.0,22,244
1484,2021-11-30 12:00:52.306268,200.0,10,244
1485,2021-11-30 12:04:46.671426,0.0,22,269
1486,2021-11-30 12:04:46.692593,100.0,9,269
1487,2021-11-30 12:11:36.407386,45.0,23,244
1488,2021-11-30 12:12:46.893041,0.0,22,269
1489,2021-11-30 12:14:16.680500,10.0,22,244
1490,2021-11-30 12:14:26.190990,5.0,22,101
1491,2021-11-30 12:14:26.211382,100.0,9,101
1492,2021-11-30 12:14:49.766521,5.0,22,101
1493,2021-11-30 12:26:57.948189,0.0,22,269
1494,2021-11-30 12:34:10.913378,0.0,22,269
1495,2021-11-30 14:06:29.195287,0.0,22,274
1496,2021-11-30 14:10:18.828695,3.0,4,190
1497,2021-11-30 14:25:19.067008,0.0,22,273
1498,2021-11-30 14:34:49.920256,0.0,22,273
1499,2021-11-30 14:34:49.933037,100.0,9,273
1500,2021-11-30 14:48:46.757344,0.0,22,273
1501,2021-11-30 14:51:59.113732,0.0,22,273
1502,2021-11-30 14:54:35.811331,3.0,4,50
1503,2021-11-30 14:55:51.006012,0.0,22,273
1504,2021-11-30 15:30:08.576923,3.0,4,184
1505,2021-11-30 16:21:11.466050,3.0,4,159
1506,2021-11-30 16:25:14.026526,35.0,23,159
1507,2021-11-30 16:25:17.246044,5.0,22,159
1508,2021-11-30 16:39:08.100063,35.0,23,159
1509,2021-11-30 16:46:08.106410,10.0,22,159
1510,2021-11-30 16:50:19.809588,10.0,25,159
1511,2021-11-30 16:53:22.430135,5.0,22,159
1512,2021-11-30 17:03:08.165923,50.0,3,278
1513,2021-11-30 17:03:08.198045,,23,278
1514,2021-11-30 17:03:30.246067,3.0,4,278
1515,2021-11-30 17:17:49.079275,0.0,22,273
1516,2021-11-30 17:22:11.505561,0.0,22,273
1517,2021-11-30 17:30:08.704746,50.0,3,279
1518,2021-11-30 17:30:08.719146,,23,279
1519,2021-11-30 17:30:50.030831,3.0,4,279
1520,2021-11-30 17:38:43.154154,0.0,22,279
1521,2021-11-30 17:38:43.167818,,22,279
1522,2021-11-30 17:41:44.908586,0.0,22,279
1523,2021-11-30 17:51:04.807480,5.0,22,206
1524,2021-11-30 17:51:31.325083,10.0,25,206
1525,2021-11-30 17:53:27.833626,50.0,3,280
1526,2021-11-30 17:53:27.868963,,23,280
1527,2021-11-30 17:55:16.413781,0.0,22,279
1528,2021-11-30 17:56:03.452575,3.0,4,280
1529,2021-11-30 17:57:17.043458,0.0,22,279
1530,2021-11-30 17:58:42.375637,0.0,22,279
1531,2021-11-30 17:58:42.392175,30.0,8,279
1532,2021-11-30 18:03:50.717748,0.0,22,279
1533,2021-11-30 18:19:38.011576,3.0,4,43
1534,2021-11-30 18:41:00.048593,3.0,4,116
1535,2021-11-30 19:12:40.425485,3.0,4,73
1536,2021-11-30 19:17:49.165978,5.0,22,244
1537,2021-11-30 19:19:24.003536,10.0,25,244
1538,2021-11-30 19:39:00.314730,3.0,4,195
1539,2021-11-30 19:48:43.447643,45.0,23,195
1540,2021-11-30 19:49:19.852700,0.0,22,279
1541,2021-11-30 19:52:09.074397,5.0,22,195
1542,2021-11-30 19:53:08.286679,0.0,22,279
1543,2021-11-30 20:07:04.582370,0.0,22,279
1544,2021-11-30 20:12:26.323441,0.0,22,279
1545,2021-11-30 20:12:26.335451,100.0,9,279
1546,2021-11-30 20:35:12.109342,0.0,22,279
1547,2021-11-30 20:43:06.050185,0.0,22,279
1548,2021-11-30 20:52:20.286942,0.0,22,279
1549,2021-12-01 00:04:20.257206,50.0,3,281
1550,2021-12-01 00:20:27.549385,3.0,4,281
1551,2021-12-01 03:23:57.162116,3.0,4,276
1552,2021-12-01 03:27:26.814875,0.0,22,276
1553,2021-12-01 03:27:26.831950,,22,276
1554,2021-12-01 03:32:45.527736,0.0,22,276
1555,2021-12-01 03:41:27.821938,0.0,22,276
1556,2021-12-01 03:46:11.779503,0.0,22,276
1557,2021-12-01 03:47:59.879447,0.0,22,276
1558,2021-12-01 03:47:59.892068,30.0,8,276
1559,2021-12-01 03:55:54.976892,0.0,22,276
1560,2021-12-01 04:45:50.048524,0.0,22,276
1561,2021-12-01 04:47:22.765007,3.0,4,244
1562,2021-12-01 04:50:40.326825,0.0,22,276
1563,2021-12-01 04:53:27.668880,0.0,22,276
1564,2021-12-01 05:18:51.536966,3.0,4,279
1565,2021-12-01 06:14:12.524703,3.0,4,63
1566,2021-12-01 07:41:43.840205,3.0,4,278
1567,2021-12-01 07:50:08.323243,0.0,22,278
1568,2021-12-01 07:50:08.382363,,22,278
1569,2021-12-01 07:51:08.665592,0.0,22,278
1570,2021-12-01 07:55:15.288040,0.0,22,278
1571,2021-12-01 08:23:25.686719,0.0,22,278
1572,2021-12-01 08:28:34.733589,0.0,22,278
1573,2021-12-01 08:28:34.754920,30.0,8,278
1574,2021-12-01 08:35:20.445497,0.0,22,278
1575,2021-12-01 08:44:06.973560,3.0,4,97
1576,2021-12-01 09:01:13.930239,3.0,4,171
1577,2021-12-01 10:24:15.041166,3.0,4,243
1578,2021-12-01 10:41:36.509130,3.0,4,217
1579,2021-12-01 10:44:52.762119,3.0,4,50
1580,2021-12-01 10:57:49.331015,0.0,22,217
1581,2021-12-01 11:01:39.273442,0.0,22,217
1582,2021-12-01 11:01:39.312857,100.0,9,217
1583,2021-12-01 11:05:21.271648,0.0,22,217
1584,2021-12-01 11:44:54.589073,0.0,22,276
1585,2021-12-01 11:44:54.607038,100.0,9,276
1586,2021-12-01 11:52:30.866564,0.0,22,279
1587,2021-12-01 11:56:23.273159,0.0,22,279
1588,2021-12-01 12:03:15.505769,0.0,22,279
1589,2021-12-01 12:19:59.301662,0.0,22,279
1590,2021-12-01 13:13:08.420400,3.0,4,245
1591,2021-12-01 13:17:41.925254,50.0,3,282
1592,2021-12-01 13:17:41.942897,,23,282
1593,2021-12-01 13:27:23.935304,3.0,4,282
1594,2021-12-01 13:32:33.166596,3.0,4,271
1595,2021-12-01 13:33:14.680069,0.0,22,271
1596,2021-12-01 13:35:47.213105,0.0,22,271
1597,2021-12-01 13:40:21.437547,0.0,22,50
1598,2021-12-01 13:44:59.908624,0.0,22,271
1599,2021-12-01 13:46:59.011244,3.0,4,73
1600,2021-12-01 13:51:45.076730,0.0,22,271
1601,2021-12-01 13:54:17.660174,0.0,22,271
1602,2021-12-01 14:05:32.549048,3.0,4,116
1603,2021-12-01 14:15:15.090396,0.0,22,271
1604,2021-12-01 14:23:46.566574,3.0,4,105
1605,2021-12-01 14:30:22.483605,0.0,22,276
1606,2021-12-01 14:36:48.208032,0.0,22,276
1607,2021-12-01 15:06:28.567434,0.0,22,276
1608,2021-12-01 15:09:15.762543,0.0,22,276
1609,2021-12-01 15:14:03.580756,0.0,22,276
1610,2021-12-01 15:16:58.316783,0.0,22,276
1611,2021-12-01 15:17:30.974723,5.0,22,105
1612,2021-12-01 15:18:10.059087,10.0,25,105
1613,2021-12-01 15:33:36.233485,5.0,22,105
1614,2021-12-01 15:33:54.455268,10.0,25,105
1615,2021-12-01 15:50:14.764342,3.0,4,159
1616,2021-12-01 15:52:25.492049,35.0,23,244
1617,2021-12-01 15:53:56.547142,50.0,3,283
1618,2021-12-01 15:54:21.153721,3.0,4,283
1619,2021-12-01 16:02:58.334711,5.0,22,244
1620,2021-12-01 16:04:05.714685,3.0,4,43
1621,2021-12-01 16:14:55.646935,3.0,4,190
1622,2021-12-01 16:34:26.088512,3.0,4,195
1623,2021-12-01 16:56:44.997051,3.0,4,206
1624,2021-12-01 17:42:46.042039,10.0,25,206
1625,2021-12-01 17:45:18.795480,5.0,22,206
1626,2021-12-01 18:27:10.003026,3.0,4,162
1627,2021-12-01 18:38:35.265224,3.0,4,181
1628,2021-12-01 18:50:20.871728,35.0,23,244
1629,2021-12-01 18:52:25.974592,5.0,22,244
1630,2021-12-01 18:52:35.832716,0.0,22,276
1631,2021-12-01 19:15:02.245144,3.0,4,275
1632,2021-12-01 19:17:42.892817,0.0,22,275
1633,2021-12-01 19:17:42.913483,,22,275
1634,2021-12-01 19:19:19.738954,0.0,22,275
1635,2021-12-01 19:26:10.206500,0.0,22,275
1636,2021-12-01 19:31:20.199222,0.0,22,275
1637,2021-12-01 19:32:16.458564,0.0,22,275
1638,2021-12-01 19:32:16.474274,30.0,8,275
1639,2021-12-01 19:35:16.725612,0.0,22,275
1640,2021-12-01 19:40:51.369982,0.0,22,275
1641,2021-12-01 19:43:30.879579,0.0,22,275
1642,2021-12-01 19:45:27.115443,0.0,22,275
1643,2021-12-01 19:48:45.722286,0.0,22,275
1644,2021-12-01 19:48:45.747221,100.0,9,275
1645,2021-12-01 19:50:36.405617,0.0,22,275
1646,2021-12-01 19:51:47.468763,0.0,22,275
1647,2021-12-01 19:52:46.454363,0.0,22,276
1648,2021-12-01 19:56:22.597778,0.0,22,275
1649,2021-12-01 19:59:04.821474,0.0,22,275
1650,2021-12-01 20:01:31.583764,0.0,22,275
1651,2021-12-01 20:02:40.847021,0.0,22,275
1652,2021-12-01 20:04:57.515971,0.0,22,275
1653,2021-12-01 20:10:15.894063,0.0,22,275
1654,2021-12-01 20:13:00.786840,0.0,22,275
1655,2021-12-01 20:16:31.295522,0.0,22,276
1656,2021-12-01 20:18:55.713736,0.0,22,275
1657,2021-12-01 20:20:01.768018,0.0,22,275
1658,2021-12-01 20:21:24.016828,0.0,22,275
1659,2021-12-01 20:50:26.426044,0.0,22,276
1660,2021-12-01 22:11:09.529567,0.0,22,276
1661,2021-12-01 22:15:58.567099,50.0,3,284
1662,2021-12-01 22:16:11.722970,3.0,4,284
1663,2021-12-02 03:45:17.367612,3.0,4,284
1664,2021-12-02 04:00:54.465693,3.0,4,162
1665,2021-12-02 04:06:45.439462,3.0,4,276
1666,2021-12-02 04:06:52.229620,5.0,22,162
1667,2021-12-02 04:06:52.246729,30.0,8,162
1668,2021-12-02 04:09:06.351849,10.0,25,162
1669,2021-12-02 04:21:28.646487,0.0,22,276
1670,2021-12-02 04:29:03.622679,10.0,25,162
1671,2021-12-02 04:29:51.574681,5.0,22,162
1672,2021-12-02 04:45:00.313044,35.0,23,162
1673,2021-12-02 04:45:04.674587,5.0,22,162
1674,2021-12-02 05:26:26.237650,3.0,4,243
1675,2021-12-02 05:28:03.226868,3.0,4,279
1676,2021-12-02 06:09:23.857658,3.0,4,245
1677,2021-12-02 06:11:27.983639,0.0,22,276
1678,2021-12-02 06:11:51.611954,3.0,4,97
1679,2021-12-02 06:22:16.012878,35.0,23,97
1680,2021-12-02 06:22:19.396407,5.0,22,97
1681,2021-12-02 06:22:19.434094,30.0,8,97
1682,2021-12-02 06:23:20.559776,10.0,25,97
1683,2021-12-02 06:35:33.219755,3.0,4,244
1684,2021-12-02 06:35:33.234174,30.0,5,244
1685,2021-12-02 06:48:25.348085,45.0,23,97
1686,2021-12-02 06:48:29.083326,5.0,22,97
1687,2021-12-02 07:52:45.332733,0.0,22,276
1688,2021-12-02 08:04:39.375904,35.0,23,244
1689,2021-12-02 08:07:48.910660,5.0,22,244
1690,2021-12-02 08:11:41.344201,0.0,22,276
1691,2021-12-02 08:11:41.361855,200.0,10,276
1692,2021-12-02 08:18:35.101366,3.0,4,282
1693,2021-12-02 08:18:44.926101,35.0,23,244
1694,2021-12-02 08:18:49.316735,5.0,22,244
1695,2021-12-02 08:56:57.517531,0.0,22,243
1696,2021-12-02 08:57:51.845746,0.0,27,245
1697,2021-12-02 09:56:27.941449,3.0,4,269
1698,2021-12-02 10:14:06.170651,0.0,22,269
1699,2021-12-02 10:26:47.825838,3.0,4,278
1700,2021-12-02 10:31:36.092619,0.0,22,278
1701,2021-12-02 10:37:04.232375,0.0,22,278
1702,2021-12-02 10:41:07.146596,0.0,22,278
1703,2021-12-02 10:44:49.755474,0.0,22,243
1704,2021-12-02 10:45:17.360391,3.0,4,63
1705,2021-12-02 10:45:17.376022,30.0,5,63
1706,2021-12-02 11:20:17.694493,0.0,22,243
1707,2021-12-02 11:20:17.707560,200.0,10,243
1708,2021-12-02 11:23:16.951472,0.0,22,243
1709,2021-12-02 11:35:21.327654,3.0,4,43
1710,2021-12-02 11:41:27.051621,0.0,22,243
1711,2021-12-02 11:58:14.725672,0.0,22,243
1712,2021-12-02 12:39:52.224532,50.0,3,285
1713,2021-12-02 12:40:05.119755,3.0,4,285
1714,2021-12-02 12:48:27.882184,50.0,3,286
1715,2021-12-02 12:48:27.904270,,23,286
1716,2021-12-02 12:48:36.074526,3.0,4,286
1717,2021-12-02 12:58:10.039550,3.0,4,73
1718,2021-12-02 13:04:24.334652,0.0,22,243
1719,2021-12-02 13:13:30.637615,3.0,4,157
1720,2021-12-02 13:19:56.236229,50.0,3,287
1721,2021-12-02 13:19:56.294692,,23,287
1722,2021-12-02 13:20:21.874033,3.0,4,287
1723,2021-12-02 13:21:22.550265,50.0,3,288
1724,2021-12-02 13:26:21.650645,3.0,4,265
1725,2021-12-02 13:48:32.548766,0.0,22,287
1726,2021-12-02 13:48:32.580873,,22,287
1727,2021-12-02 13:54:52.600028,0.0,22,287
1728,2021-12-02 13:59:49.787168,0.0,22,287
1729,2021-12-02 14:01:18.163773,0.0,22,287
1730,2021-12-02 14:06:48.751447,0.0,22,282
1731,2021-12-02 14:06:48.769140,,22,282
1732,2021-12-02 14:08:29.036254,0.0,22,287
1733,2021-12-02 14:08:29.048014,30.0,8,287
1734,2021-12-02 14:09:13.640205,0.0,22,282
1735,2021-12-02 14:56:59.337916,3.0,4,159
1736,2021-12-02 16:06:11.654884,35.0,23,244
1737,2021-12-02 16:06:17.745570,5.0,22,244
1738,2021-12-02 17:04:47.751490,3.0,4,224
1739,2021-12-02 17:13:01.981053,3.0,4,190
1740,2021-12-02 17:15:26.060978,3.0,4,186
1741,2021-12-02 17:32:55.913546,3.0,4,226
1742,2021-12-02 17:59:19.224761,3.0,4,206
1743,2021-12-02 17:59:53.366841,3.0,4,288
1744,2021-12-02 18:59:29.814261,50.0,3,289
1745,2021-12-02 18:59:29.831608,,23,289
1746,2021-12-02 19:01:04.616237,3.0,4,289
1747,2021-12-02 19:07:45.090696,0.0,22,289
1748,2021-12-02 19:07:45.107524,,22,289
1749,2021-12-02 19:09:47.301536,0.0,22,289
1750,2021-12-02 19:13:02.494592,0.0,22,289
1751,2021-12-02 19:14:50.323340,0.0,22,289
1752,2021-12-02 19:16:22.393754,0.0,22,289
1753,2021-12-02 19:16:22.427117,30.0,8,289
1754,2021-12-02 19:26:13.552308,0.0,22,289
1755,2021-12-02 19:31:33.248813,0.0,22,289
1756,2021-12-02 19:34:54.660372,0.0,22,289
1757,2021-12-02 19:42:03.411742,0.0,22,289
1758,2021-12-02 19:45:18.724586,0.0,22,289
1759,2021-12-02 19:45:18.750876,100.0,9,289
1760,2021-12-02 19:48:50.275464,0.0,22,289
1761,2021-12-02 20:45:03.104885,3.0,4,105
1762,2021-12-02 20:50:47.322633,10.0,25,186
1763,2021-12-02 21:00:59.402582,5.0,22,186
1764,2021-12-02 21:09:15.131182,35.0,23,105
1765,2021-12-02 21:09:19.057820,5.0,22,105
1766,2021-12-02 21:30:00.308571,5.0,22,105
1767,2021-12-02 21:30:08.205243,10.0,25,105
1768,2021-12-02 22:48:27.228002,50.0,3,290
1769,2021-12-02 22:48:40.949943,3.0,4,290
1770,2021-12-03 03:22:34.928149,3.0,4,285
1771,2021-12-03 03:30:33.726099,30.0,27,285
1772,2021-12-03 03:54:45.910330,0.0,27,285
1773,2021-12-03 04:01:32.623650,5.0,22,285
1774,2021-12-03 04:01:32.707756,,22,285
1775,2021-12-03 04:14:32.184203,5.0,22,285
1776,2021-12-03 04:20:02.743506,3.0,4,276
1777,2021-12-03 04:33:54.749314,0.0,22,276
1778,2021-12-03 04:41:52.527247,35.0,23,285
1779,2021-12-03 04:42:45.867443,5.0,22,285
1780,2021-12-03 04:45:50.992759,5.0,22,285
1781,2021-12-03 04:56:30.894375,0.0,22,276
1782,2021-12-03 05:18:27.036061,3.0,4,279
1783,2021-12-03 05:19:12.526342,0.0,22,276
1784,2021-12-03 05:22:28.179413,3.0,4,289
1785,2021-12-03 05:28:59.105779,0.0,22,276
1786,2021-12-03 05:34:36.073272,3.0,4,190
1787,2021-12-03 05:42:09.962018,50.0,3,291
1788,2021-12-03 05:42:24.475137,3.0,4,291
1789,2021-12-03 05:56:38.861146,3.0,4,133
1790,2021-12-03 06:13:51.852225,50.0,3,292
1791,2021-12-03 06:14:04.990577,3.0,4,292
1792,2021-12-03 06:56:21.125655,3.0,4,229
1793,2021-12-03 07:01:14.655591,3.0,4,98
1794,2021-12-03 07:15:33.765491,0.0,22,229
1795,2021-12-03 07:15:56.325577,0.0,22,229
1796,2021-12-03 07:16:30.751072,0.0,22,229
1797,2021-12-03 07:16:52.621860,0.0,22,229
1798,2021-12-03 07:16:52.656990,30.0,8,229
1799,2021-12-03 07:17:43.542996,0.0,22,229
1800,2021-12-03 07:19:08.599057,0.0,22,229
1801,2021-12-03 07:20:15.146595,0.0,22,229
1802,2021-12-03 07:21:58.179102,0.0,22,229
1803,2021-12-03 07:22:48.546491,0.0,22,229
1804,2021-12-03 07:22:48.563257,100.0,9,229
1805,2021-12-03 07:23:38.841496,0.0,22,229
1806,2021-12-03 07:24:59.343232,0.0,22,229
1807,2021-12-03 07:27:42.040511,0.0,22,229
1808,2021-12-03 07:30:26.634350,0.0,22,229
1809,2021-12-03 07:31:39.786273,0.0,22,229
1810,2021-12-03 07:33:35.989145,0.0,22,229
1811,2021-12-03 07:33:54.446380,0.0,22,229
1812,2021-12-03 07:38:41.629572,3.0,4,162
1813,2021-12-03 07:58:46.901960,10.0,25,162
1814,2021-12-03 08:02:19.361783,5.0,22,162
1815,2021-12-03 08:14:07.675014,10.0,25,162
1816,2021-12-03 08:15:49.853521,5.0,22,162
1817,2021-12-03 08:20:30.525061,50.0,3,293
1818,2021-12-03 08:29:37.468440,3.0,4,287
1819,2021-12-03 08:33:14.225780,0.0,22,287
1820,2021-12-03 08:38:32.454709,0.0,22,287
1821,2021-12-03 08:44:10.408184,3.0,4,157
1822,2021-12-03 08:44:28.746537,0.0,22,287
1823,2021-12-03 08:44:33.828592,10.0,25,162
1824,2021-12-03 08:45:48.722315,5.0,22,162
1825,2021-12-03 08:45:48.741982,100.0,9,162
1826,2021-12-03 08:58:53.216557,0.0,22,287
1827,2021-12-03 09:07:50.786909,3.0,4,226
1828,2021-12-03 09:11:58.654670,0.0,22,287
1829,2021-12-03 09:11:58.724384,100.0,9,287
1830,2021-12-03 09:22:45.368405,0.0,22,289
1831,2021-12-03 09:26:09.699628,0.0,22,289
1832,2021-12-03 09:31:49.489584,3.0,4,97
1833,2021-12-03 10:03:14.163146,3.0,4,176
1834,2021-12-03 10:04:05.343953,50.0,3,294
1835,2021-12-03 10:04:29.199049,3.0,4,294
1836,2021-12-03 10:04:31.398045,0.0,27,294
1837,2021-12-03 10:05:47.195011,0.0,22,287
1838,2021-12-03 10:09:12.483002,30.0,27,294
1839,2021-12-03 10:13:15.549607,0.0,22,287
1840,2021-12-03 10:26:02.226570,0.0,22,289
1841,2021-12-03 10:28:44.747959,0.0,22,289
1842,2021-12-03 10:33:54.369812,50.0,3,295
1843,2021-12-03 10:37:14.961928,3.0,4,295
1844,2021-12-03 10:49:41.536867,10.0,25,294
1845,2021-12-03 10:54:38.262502,0.0,22,289
1846,2021-12-03 11:01:21.411789,0.0,22,289
1847,2021-12-03 11:39:16.386401,3.0,4,193
1848,2021-12-03 11:44:20.704289,50.0,3,296
1849,2021-12-03 11:44:30.087022,3.0,4,296
1850,2021-12-03 11:45:07.485525,30.0,27,296
1851,2021-12-03 12:04:52.578104,100.0,2,296
1852,2021-12-03 12:05:51.308718,45.0,23,296
1853,2021-12-03 12:07:19.030999,10.0,22,296
1854,2021-12-03 12:07:19.144544,,22,296
1855,2021-12-03 12:07:47.273237,3.0,4,73
1856,2021-12-03 12:09:34.653211,45.0,23,296
1857,2021-12-03 12:09:38.952049,5.0,22,296
1858,2021-12-03 12:11:45.881336,5.0,22,289
1859,2021-12-03 12:11:56.659866,5.0,22,193
1860,2021-12-03 12:11:56.763845,,22,193
1861,2021-12-03 12:12:38.242072,35.0,23,296
1862,2021-12-03 12:12:42.447693,5.0,22,296
1863,2021-12-03 12:16:21.006164,5.0,22,193
1864,2021-12-03 12:17:48.164327,5.0,22,296
1865,2021-12-03 12:22:48.045483,3.0,4,100
1866,2021-12-03 12:28:45.603406,45.0,23,100
1867,2021-12-03 12:33:14.267388,10.0,25,100
1868,2021-12-03 12:34:44.712825,5.0,22,100
1869,2021-12-03 12:36:13.044982,35.0,23,100
1870,2021-12-03 12:36:18.366708,5.0,22,100
1871,2021-12-03 12:38:24.974221,45.0,23,100
1872,2021-12-03 12:50:14.611244,50.0,3,297
1873,2021-12-03 12:50:55.714318,3.0,4,297
1874,2021-12-03 13:00:00.848634,5.0,22,100
1875,2021-12-03 13:17:22.544746,3.0,4,244
1876,2021-12-03 13:34:45.412417,3.0,4,211
1877,2021-12-03 13:35:01.287347,30.0,27,211
1878,2021-12-03 13:50:52.977290,3.0,4,111
1879,2021-12-03 14:02:00.072047,50.0,23,244
1880,2021-12-03 14:02:04.287573,10.0,22,244
1881,2021-12-03 14:25:11.882623,50.0,3,298
1882,2021-12-03 14:25:30.328446,3.0,4,298
1883,2021-12-03 15:55:21.246125,3.0,4,195
1884,2021-12-03 15:55:21.254234,30.0,5,195
1885,2021-12-03 15:59:00.128358,3.0,4,206
1886,2021-12-03 16:16:31.982423,35.0,23,206
1887,2021-12-03 16:21:11.310511,5.0,22,206
1888,2021-12-03 16:32:03.277343,5.0,22,244
1889,2021-12-03 16:33:04.815610,5.0,22,244
1890,2021-12-03 16:41:05.488832,10.0,25,206
1891,2021-12-03 16:41:33.746707,5.0,22,206
1892,2021-12-03 17:10:02.425696,5.0,22,206
1893,2021-12-03 17:33:01.820814,10.0,25,206
1894,2021-12-03 17:38:22.075753,5.0,22,206
1895,2021-12-03 18:32:31.485384,5.0,22,195
1896,2021-12-03 18:43:23.316769,0.0,22,289
1897,2021-12-03 18:59:13.508526,35.0,23,195
1898,2021-12-03 19:06:15.308376,50.0,3,300
1899,2021-12-03 19:06:15.326077,,23,300
1900,2021-12-03 19:06:32.893251,3.0,4,300
1901,2021-12-03 19:17:49.743408,0.0,22,289
1902,2021-12-03 19:29:32.155688,5.0,22,297
1903,2021-12-03 19:29:32.214065,,22,297
1904,2021-12-03 19:37:22.943399,3.0,4,280
1905,2021-12-03 19:39:01.044758,0.0,22,289
1906,2021-12-03 19:46:10.125922,0.0,22,289
1907,2021-12-03 19:47:31.856510,50.0,3,299
1908,2021-12-03 19:48:49.376646,3.0,4,299
1909,2021-12-03 19:50:52.357577,3.0,4,158
1910,2021-12-03 19:56:15.937221,0.0,22,289
1911,2021-12-03 20:31:02.597992,50.0,3,301
1912,2021-12-03 20:31:28.965836,3.0,4,301
1913,2021-12-03 20:47:04.059324,3.0,4,282
1914,2021-12-03 22:16:24.286651,3.0,4,186
1915,2021-12-04 05:03:08.250673,3.0,4,195
1916,2021-12-04 06:31:40.510541,3.0,4,224
1917,2021-12-04 08:15:28.287279,3.0,4,279
1918,2021-12-04 08:22:00.620895,0.0,22,224
1919,2021-12-04 09:31:57.464738,3.0,4,292
1920,2021-12-04 10:07:46.536235,3.0,4,256
1921,2021-12-04 10:33:16.774472,3.0,4,276
1922,2021-12-04 10:58:52.421692,3.0,4,222
1923,2021-12-04 12:38:47.219018,50.0,3,302
1924,2021-12-04 12:39:07.353366,3.0,4,302
1925,2021-12-04 13:48:00.077142,3.0,4,299
1926,2021-12-04 13:58:31.095286,50.0,3,303
1927,2021-12-04 13:58:47.629245,3.0,4,303
1928,2021-12-04 13:59:19.988984,45.0,23,303
1929,2021-12-04 14:02:44.938533,5.0,22,303
1930,2021-12-04 14:02:45.001061,,22,303
1931,2021-12-04 14:24:52.146975,50.0,3,304
1932,2021-12-04 14:24:52.244133,,23,304
1933,2021-12-04 14:25:24.083328,3.0,4,304
1934,2021-12-04 15:27:57.367878,3.0,4,126
1935,2021-12-04 15:40:06.441595,3.0,4,110
1936,2021-12-04 16:48:27.064355,3.0,4,213
1937,2021-12-04 17:27:20.771615,5.0,22,213
1938,2021-12-04 17:27:20.874271,,22,213
1939,2021-12-04 18:00:44.612519,3.0,4,105
1940,2021-12-04 18:34:25.631403,3.0,4,220
1941,2021-12-04 18:35:15.237678,0.0,22,220
1942,2021-12-04 18:35:44.146766,0.0,22,220
1943,2021-12-04 18:37:00.455681,0.0,22,220
1944,2021-12-04 18:37:38.366588,0.0,22,220
1945,2021-12-04 18:38:10.562562,0.0,22,220
1946,2021-12-04 18:38:36.574856,0.0,22,220
1947,2021-12-04 18:39:03.894431,0.0,22,220
1948,2021-12-04 18:39:03.972473,200.0,10,220
1949,2021-12-04 18:39:39.407433,0.0,22,220
1950,2021-12-04 18:40:13.969460,0.0,22,220
1951,2021-12-04 18:41:01.009763,0.0,22,220
1952,2021-12-04 18:41:45.162853,0.0,22,220
1953,2021-12-04 18:49:20.455483,3.0,4,266
1954,2021-12-04 18:58:52.275352,3.0,4,133
1955,2021-12-04 19:42:56.913077,3.0,4,282
1956,2021-12-04 20:41:43.494666,50.0,3,305
1957,2021-12-04 20:42:07.760850,3.0,4,305
1958,2021-12-05 05:26:46.941188,3.0,4,220
1959,2021-12-05 05:36:36.346509,0.0,22,220
1960,2021-12-05 05:38:10.558493,0.0,22,220
1961,2021-12-05 07:02:15.152003,3.0,4,193
1962,2021-12-05 07:28:13.795749,3.0,4,279
1963,2021-12-05 07:50:57.548624,3.0,4,292
1964,2021-12-05 09:27:28.779954,3.0,4,213
1965,2021-12-05 09:29:59.444179,5.0,22,213
1966,2021-12-05 09:37:30.979346,5.0,22,213
1967,2021-12-05 09:53:21.709067,5.0,22,213
1968,2021-12-05 09:59:53.927460,3.0,4,282
1969,2021-12-05 11:06:07.703215,3.0,4,232
1970,2021-12-05 11:27:22.793525,3.0,4,168
1971,2021-12-05 12:45:41.844907,3.0,4,97
1972,2021-12-05 13:00:02.408692,3.0,4,271
1973,2021-12-05 13:05:52.924669,0.0,22,271
1974,2021-12-05 13:10:40.603055,0.0,22,271
1975,2021-12-05 13:28:25.153009,3.0,4,276
1976,2021-12-05 13:52:28.418929,0.0,22,271
1977,2021-12-05 13:57:08.204623,3.0,4,207
1978,2021-12-05 14:19:19.724741,3.0,4,289
1979,2021-12-05 14:22:19.288119,0.0,22,271
1980,2021-12-05 14:23:28.235079,0.0,22,271
1981,2021-12-05 14:33:50.811434,3.0,4,269
1982,2021-12-05 14:34:57.402598,50.0,3,307
1983,2021-12-05 14:35:11.003089,3.0,4,307
1984,2021-12-05 14:38:56.136319,3.0,4,63
1985,2021-12-05 14:40:20.068445,0.0,22,269
1986,2021-12-05 14:41:54.754583,0.0,27,307
1987,2021-12-05 14:56:29.374118,3.0,4,133
1988,2021-12-05 15:21:30.336292,50.0,3,308
1989,2021-12-05 15:21:30.351563,,23,308
1990,2021-12-05 15:21:48.772734,3.0,4,308
1991,2021-12-05 15:52:11.044878,0.0,22,289
1992,2021-12-05 15:56:55.869722,3.0,4,170
1993,2021-12-05 16:17:03.559651,0.0,22,289
1994,2021-12-05 16:17:03.616970,200.0,10,289
1995,2021-12-05 16:17:52.557526,50.0,3,309
1996,2021-12-05 16:18:22.517695,3.0,4,309
1997,2021-12-05 16:26:33.957750,0.0,22,289
1998,2021-12-05 16:36:45.355018,0.0,22,289
1999,2021-12-05 16:42:40.904482,50.0,3,310
2000,2021-12-05 16:42:55.997325,3.0,4,310
2001,2021-12-05 16:51:12.174827,0.0,22,289
2002,2021-12-05 16:51:30.556308,35.0,23,310
2003,2021-12-05 16:54:19.672265,5.0,22,310
2004,2021-12-05 16:54:19.686431,,22,310
2005,2021-12-05 17:05:33.049596,0.0,22,289
2006,2021-12-05 17:38:38.145709,3.0,4,291
2007,2021-12-05 17:44:48.910131,5.0,22,291
2008,2021-12-05 17:44:48.935009,,22,291
2009,2021-12-05 17:47:03.935147,35.0,23,291
2010,2021-12-05 17:49:45.906018,5.0,22,291
2011,2021-12-05 17:58:16.043958,5.0,22,291
2012,2021-12-05 18:01:32.959339,5.0,22,291
2013,2021-12-05 18:19:00.345504,5.0,22,291
2014,2021-12-05 18:19:00.474492,30.0,8,291
2015,2021-12-05 18:22:29.140453,45.0,23,291
2016,2021-12-05 18:49:43.965431,5.0,22,291
2017,2021-12-05 18:57:27.706500,5.0,22,291
2018,2021-12-05 19:12:29.144921,0.0,22,282
2019,2021-12-05 19:15:43.257487,5.0,22,291
2020,2021-12-05 19:16:33.096488,0.0,22,282
2021,2021-12-05 19:17:30.319763,5.0,22,291
2022,2021-12-05 19:37:27.620437,3.0,4,195
2023,2021-12-05 19:37:35.795902,0.0,22,282
2024,2021-12-05 19:37:35.805354,30.0,8,282
2025,2021-12-05 19:42:57.415537,0.0,22,276
2026,2021-12-05 19:47:35.802957,0.0,22,282
2027,2021-12-06 05:17:21.991144,3.0,4,243
2028,2021-12-06 05:18:57.053633,3.0,4,279
2029,2021-12-06 05:18:57.064211,30.0,5,279
2030,2021-12-06 06:46:06.482746,3.0,4,289
2031,2021-12-06 06:56:00.059742,3.0,4,282
2032,2021-12-06 07:03:21.941953,0.0,22,282
2033,2021-12-06 07:04:39.213511,0.0,22,282
2034,2021-12-06 07:07:20.585289,0.0,22,282
2035,2021-12-06 07:11:14.244493,0.0,22,282
2036,2021-12-06 07:11:14.321062,100.0,9,282
2037,2021-12-06 07:18:02.241514,0.0,22,289
2038,2021-12-06 07:38:48.407319,0.0,22,282
2039,2021-12-06 07:43:52.910821,3.0,4,97
2040,2021-12-06 07:45:26.639093,3.0,4,171
2041,2021-12-06 08:01:26.185254,0.0,22,282
2042,2021-12-06 08:14:20.759334,0.0,22,282
2043,2021-12-06 08:20:41.116365,35.0,23,97
2044,2021-12-06 08:20:45.272561,5.0,22,97
2045,2021-12-06 08:44:40.205578,35.0,23,97
2046,2021-12-06 08:46:53.600388,5.0,22,97
2047,2021-12-06 08:54:54.708846,3.0,4,184
2048,2021-12-06 09:33:22.724389,3.0,4,125
2049,2021-12-06 09:38:15.783776,50.0,3,311
2050,2021-12-06 09:49:17.825194,3.0,4,311
2051,2021-12-06 09:53:59.648625,3.0,4,193
2052,2021-12-06 10:05:07.873510,0.0,22,282
2053,2021-12-06 10:09:29.084489,0.0,22,282
2054,2021-12-06 10:19:24.585334,50.0,3,312
2055,2021-12-06 10:19:46.751606,3.0,4,312
2056,2021-12-06 10:22:09.616139,50.0,3,313
2057,2021-12-06 10:22:45.501347,3.0,4,313
2058,2021-12-06 11:00:06.740739,3.0,4,291
2059,2021-12-06 11:06:43.330966,35.0,23,291
2060,2021-12-06 11:56:52.730862,50.0,3,314
2061,2021-12-06 11:57:13.404317,3.0,4,314
2062,2021-12-06 12:01:14.811724,5.0,22,291
2063,2021-12-06 12:01:14.899766,100.0,9,291
2064,2021-12-06 12:06:49.566512,5.0,22,291
2065,2021-12-06 12:12:22.774017,5.0,22,291
2066,2021-12-06 12:16:04.688616,5.0,22,291
2067,2021-12-06 12:19:40.656338,5.0,22,291
2068,2021-12-06 12:22:07.073214,35.0,23,291
2069,2021-12-06 12:22:10.961404,5.0,22,291
2070,2021-12-06 12:44:16.727075,3.0,4,269
2071,2021-12-06 12:49:52.530088,0.0,22,269
2072,2021-12-06 13:00:47.368771,0.0,22,269
2073,2021-12-06 13:08:23.284932,3.0,4,157
2074,2021-12-06 13:23:34.411481,3.0,4,162
2075,2021-12-06 13:50:25.427245,3.0,4,244
2076,2021-12-06 14:08:45.903048,10.0,25,157
2077,2021-12-06 14:18:52.465338,5.0,22,157
2078,2021-12-06 14:26:22.086710,3.0,4,296
2079,2021-12-06 15:51:20.453061,3.0,4,105
2080,2021-12-06 16:37:12.245322,50.0,3,316
2081,2021-12-06 16:37:12.258529,,23,316
2082,2021-12-06 16:37:34.322617,3.0,4,316
2083,2021-12-06 18:14:40.776563,10.0,22,311
2084,2021-12-06 18:14:40.844455,,22,311
2085,2021-12-06 18:15:43.965155,3.0,4,195
2086,2021-12-06 18:30:55.134559,3.0,4,159
2087,2021-12-06 18:34:35.180683,3.0,4,280
2088,2021-12-06 18:37:20.966662,55.0,23,280
2089,2021-12-06 18:41:53.253813,20.0,22,280
2090,2021-12-06 18:41:53.265221,,22,280
2091,2021-12-06 18:50:36.636454,0.0,22,280
2092,2021-12-06 18:50:38.886626,30.0,27,171
2093,2021-12-06 18:56:55.260426,3.0,4,158
2094,2021-12-06 18:57:15.430835,30.0,27,158
2095,2021-12-06 19:05:03.911361,30.0,27,171
2096,2021-12-06 21:58:45.262721,50.0,3,317
2097,2021-12-06 21:59:04.202646,3.0,4,317
2098,2021-12-06 22:22:36.176047,50.0,3,315
2099,2021-12-06 22:22:36.188919,,23,315
2100,2021-12-06 22:23:01.350663,3.0,4,315
2101,2021-12-07 04:10:16.622693,3.0,4,276
2102,2021-12-07 04:10:16.635866,30.0,5,276
2103,2021-12-07 04:17:56.445410,0.0,22,276
2104,2021-12-07 05:26:45.035142,3.0,4,279
2105,2021-12-07 07:06:41.381202,3.0,4,282
2106,2021-12-07 07:06:41.390180,30.0,5,282
2107,2021-12-07 07:09:58.849866,0.0,22,282
2108,2021-12-07 07:33:41.206250,3.0,4,193
2109,2021-12-07 08:05:23.538570,3.0,4,183
2110,2021-12-07 08:14:47.040011,3.0,4,206
2111,2021-12-07 08:27:27.359996,3.0,4,97
2112,2021-12-07 08:32:06.520520,5.0,22,97
2113,2021-12-07 08:33:55.796217,35.0,23,206
2114,2021-12-07 09:06:04.100605,10.0,22,206
2115,2021-12-07 09:06:04.123914,200.0,10,206
2116,2021-12-07 10:51:14.981770,3.0,4,297
2117,2021-12-07 12:43:40.218493,3.0,4,289
2118,2021-12-07 12:44:58.041765,3.0,4,272
2119,2021-12-07 13:05:02.378490,3.0,4,273
2120,2021-12-07 13:21:58.722484,3.0,4,315
2121,2021-12-07 13:27:39.807684,0.0,22,315
2122,2021-12-07 13:27:39.887150,,22,315
2123,2021-12-07 13:45:46.713381,0.0,22,273
2124,2021-12-07 13:57:39.751049,3.0,4,157
2125,2021-12-07 13:59:21.367757,0.0,22,282
2126,2021-12-07 14:02:52.826680,3.0,4,186
2127,2021-12-07 14:20:38.133293,3.0,4,278
2128,2021-12-07 14:56:38.789624,3.0,4,213
2129,2021-12-07 15:10:45.529489,3.0,4,249
2130,2021-12-07 15:15:32.600427,0.0,22,249
2131,2021-12-07 15:15:32.719328,,22,249
2132,2021-12-07 15:20:33.694853,0.0,22,249
2133,2021-12-07 15:34:50.330639,3.0,4,170
2134,2021-12-07 15:39:07.378130,0.0,22,249
2135,2021-12-07 15:43:00.084382,0.0,22,249
2136,2021-12-07 15:44:10.984634,0.0,22,249
2137,2021-12-07 15:44:11.007584,30.0,8,249
2138,2021-12-07 15:53:23.741499,3.0,4,63
2139,2021-12-07 16:06:08.937074,3.0,4,271
2140,2021-12-07 16:08:26.377577,0.0,22,271
2141,2021-12-07 16:30:49.677010,0.0,22,271
2142,2021-12-07 16:31:23.053905,0.0,22,271
2143,2021-12-07 16:31:23.069282,200.0,10,271
2144,2021-12-07 16:31:44.091591,0.0,22,271
2145,2021-12-07 16:32:03.593105,0.0,22,271
2146,2021-12-07 16:33:04.733319,0.0,22,271
2147,2021-12-07 16:33:40.326300,0.0,22,271
2148,2021-12-07 16:53:13.449575,3.0,4,184
2149,2021-12-07 16:59:26.046849,0.0,22,249
2150,2021-12-07 17:09:41.708130,0.0,22,249
2151,2021-12-07 17:14:24.653170,0.0,22,249
2152,2021-12-07 17:15:58.827507,0.0,22,249
2153,2021-12-07 17:21:30.172639,0.0,22,249
2154,2021-12-07 17:21:30.195210,100.0,9,249
2155,2021-12-07 17:24:38.234107,0.0,22,249
2156,2021-12-07 17:27:35.860313,0.0,22,249
2157,2021-12-07 17:30:02.349765,0.0,22,249
2158,2021-12-07 17:44:16.830427,0.0,22,249
2159,2021-12-07 17:48:31.221081,0.0,22,249
2160,2021-12-07 17:49:44.384340,0.0,22,249
2161,2021-12-07 17:52:14.822400,0.0,22,249
2162,2021-12-07 19:00:56.592375,10.0,25,206
2163,2021-12-07 19:05:55.582161,3.0,4,195
2164,2021-12-07 19:09:01.184853,3.0,4,292
2165,2021-12-07 19:12:06.938787,3.0,4,291
2166,2021-12-07 19:16:28.543704,10.0,22,206
2167,2021-12-07 19:20:38.177678,5.0,22,291
2168,2021-12-07 19:32:18.078477,55.0,23,291
2169,2021-12-07 19:35:32.511707,10.0,22,291
2170,2021-12-07 19:55:36.648275,5.0,22,291
2171,2021-12-07 20:00:08.811867,10.0,22,291
2172,2021-12-07 20:47:08.860135,3.0,4,290
2173,2021-12-08 04:38:52.838509,50.0,3,318
2174,2021-12-08 04:39:07.493727,3.0,4,318
2175,2021-12-08 04:40:24.478394,35.0,23,318
2176,2021-12-08 04:56:51.209968,3.0,4,276
2177,2021-12-08 05:06:18.638754,0.0,22,276
2178,2021-12-08 05:09:14.076205,5.0,22,318
2179,2021-12-08 05:09:14.097698,,22,318
2180,2021-12-08 05:14:47.389433,10.0,25,318
2181,2021-12-08 05:15:32.931561,5.0,22,318
2182,2021-12-08 05:21:54.786149,10.0,25,318
2183,2021-12-08 05:28:50.206345,5.0,22,318
2184,2021-12-08 06:55:43.976753,3.0,4,282
2185,2021-12-08 07:14:30.194345,3.0,4,300
2186,2021-12-08 07:43:03.985257,0.0,22,300
2187,2021-12-08 07:43:04.029125,,22,300
2188,2021-12-08 07:51:22.161448,0.0,22,300
2189,2021-12-08 08:02:08.689579,3.0,4,157
2190,2021-12-08 08:02:26.815053,35.0,23,157
2191,2021-12-08 08:02:32.443730,10.0,22,157
2192,2021-12-08 08:36:24.477015,3.0,4,186
2193,2021-12-08 09:27:41.901918,3.0,4,265
2194,2021-12-08 10:29:50.239288,3.0,4,304
2195,2021-12-08 10:56:30.788317,3.0,4,43
2196,2021-12-08 11:39:46.710198,3.0,4,269
2197,2021-12-08 11:51:27.773229,3.0,4,240
2198,2021-12-08 11:59:06.599913,5.0,22,240
2199,2021-12-08 12:02:22.019426,0.0,22,269
2200,2021-12-08 12:08:27.520323,5.0,22,240
2201,2021-12-08 12:10:37.418030,5.0,22,240
2202,2021-12-08 12:12:49.104909,5.0,22,240
2203,2021-12-08 12:12:49.121692,30.0,8,240
2204,2021-12-08 12:14:18.363695,0.0,22,300
2205,2021-12-08 12:19:48.264540,3.0,4,231
2206,2021-12-08 12:19:54.738944,3.0,4,311
2207,2021-12-08 12:27:15.520498,0.0,22,300
2208,2021-12-08 12:28:11.422253,0.0,22,269
2209,2021-12-08 12:28:53.254015,0.0,22,300
2210,2021-12-08 12:28:53.271907,30.0,8,300
2211,2021-12-08 12:36:07.408732,0.0,22,300
2212,2021-12-08 12:51:56.293808,0.0,22,231
2213,2021-12-08 12:51:56.314510,,22,231
2214,2021-12-08 12:55:37.733185,0.0,22,231
2215,2021-12-08 13:04:21.269476,5.0,22,311
2216,2021-12-08 13:27:22.573338,0.0,22,231
2217,2021-12-08 13:28:50.322357,0.0,22,231
2218,2021-12-08 13:50:41.878584,5.0,22,311
2219,2021-12-08 13:55:52.079371,30.0,27,157
2220,2021-12-08 14:12:59.181520,0.0,22,157
2221,2021-12-08 14:12:59.264573,30.0,8,157
2222,2021-12-08 14:15:07.322391,5.0,22,311
2223,2021-12-08 14:20:04.240953,3.0,4,105
2224,2021-12-08 14:51:41.864209,5.0,22,311
2225,2021-12-08 14:51:41.879715,30.0,8,311
2226,2021-12-08 15:00:41.600750,5.0,22,311
2227,2021-12-08 15:01:19.864541,3.0,4,275
2228,2021-12-08 15:05:46.864935,50.0,3,319
2229,2021-12-08 15:06:03.578559,3.0,4,319
2230,2021-12-08 15:07:48.463413,0.0,22,275
2231,2021-12-08 15:10:05.349681,35.0,23,319
2232,2021-12-08 15:12:00.769049,0.0,22,275
2233,2021-12-08 15:17:46.536672,0.0,22,275
2234,2021-12-08 15:17:46.553546,200.0,10,275
2235,2021-12-08 15:19:39.768850,5.0,22,319
2236,2021-12-08 15:19:39.783485,,22,319
2237,2021-12-08 15:19:57.588470,3.0,4,291
2238,2021-12-08 15:20:35.305393,0.0,22,275
2239,2021-12-08 15:23:06.819935,0.0,22,275
2240,2021-12-08 15:24:15.701817,0.0,22,275
2241,2021-12-08 15:24:57.490640,0.0,22,275
2242,2021-12-08 15:42:42.538885,5.0,22,319
2243,2021-12-08 15:56:56.070885,3.0,4,170
2244,2021-12-08 17:50:00.331949,50.0,3,320
2245,2021-12-08 17:50:00.349630,,23,320
2246,2021-12-08 17:50:11.969926,3.0,4,320
2247,2021-12-08 18:01:02.843921,3.0,4,314
2248,2021-12-08 18:15:32.168197,3.0,4,195
2249,2021-12-08 20:44:45.638147,3.0,4,97
2250,2021-12-09 03:19:26.723635,3.0,4,183
2251,2021-12-09 05:21:30.096900,3.0,4,320
2252,2021-12-09 06:03:14.087243,3.0,4,97
2253,2021-12-09 06:08:06.622359,5.0,22,97
2254,2021-12-09 06:08:06.642138,100.0,9,97
2255,2021-12-09 06:08:21.826349,10.0,25,97
2256,2021-12-09 06:26:21.173542,3.0,4,269
2257,2021-12-09 06:26:24.649925,0.0,22,269
2258,2021-12-09 07:00:58.306330,3.0,4,282
2259,2021-12-09 07:14:16.680733,3.0,4,311
2260,2021-12-09 07:33:31.348525,3.0,4,240
2261,2021-12-09 07:58:49.855227,3.0,4,63
2262,2021-12-09 09:18:27.412406,3.0,4,222
2263,2021-12-09 10:11:02.399610,3.0,4,241
2264,2021-12-09 10:25:44.870155,5.0,22,240
2265,2021-12-09 10:27:29.798761,3.0,4,98
2266,2021-12-09 10:30:31.469303,5.0,22,240
2267,2021-12-09 10:48:32.513283,3.0,4,157
2268,2021-12-09 10:49:21.960324,10.0,25,157
2269,2021-12-09 10:49:29.991256,5.0,22,157
2270,2021-12-09 11:17:24.027887,45.0,23,241
2271,2021-12-09 11:17:27.130838,10.0,22,241
2272,2021-12-09 11:21:31.448325,3.0,4,300
2273,2021-12-09 11:25:59.513962,50.0,3,321
2274,2021-12-09 11:26:11.236285,3.0,4,321
2275,2021-12-09 11:44:38.998363,5.0,22,311
2276,2021-12-09 11:46:34.784761,0.0,22,300
2277,2021-12-09 12:15:33.435884,3.0,4,287
2278,2021-12-09 12:40:06.887033,0.0,22,287
2279,2021-12-09 13:01:48.821357,0.0,22,287
2280,2021-12-09 13:12:35.299781,0.0,22,287
2281,2021-12-09 13:28:15.181852,10.0,22,311
2282,2021-12-09 14:33:19.678639,0.0,22,287
2283,2021-12-09 14:34:46.325948,0.0,22,287
2284,2021-12-09 14:36:23.874189,0.0,22,287
2285,2021-12-09 15:50:04.909251,3.0,4,319
2286,2021-12-09 16:39:31.853405,5.0,22,319
2287,2021-12-09 16:45:54.807501,5.0,22,319
2288,2021-12-09 17:10:49.221132,3.0,4,50
2289,2021-12-09 17:52:27.315558,5.0,22,319
2290,2021-12-09 17:52:27.348923,30.0,8,319
2291,2021-12-09 19:48:33.579073,3.0,4,289
2292,2021-12-09 20:31:21.819066,0.0,22,289
2293,2021-12-09 22:07:14.204565,3.0,4,290
2294,2021-12-09 22:16:57.826222,5.0,22,290
2295,2021-12-09 22:16:57.862079,,22,290
2296,2021-12-09 22:17:51.096038,35.0,23,290
2297,2021-12-09 22:25:18.278213,5.0,22,290
2298,2021-12-09 22:27:03.832721,5.0,22,290
2299,2021-12-10 03:54:44.909593,3.0,4,282
2300,2021-12-10 04:53:27.042748,0.0,22,282
2301,2021-12-10 05:03:36.035487,0.0,22,282
2302,2021-12-10 06:16:30.477102,3.0,4,240
2303,2021-12-10 06:25:41.109452,5.0,22,240
2304,2021-12-10 06:29:13.661016,5.0,22,240
2305,2021-12-10 06:33:00.464730,3.0,4,311
2306,2021-12-10 06:58:32.529849,0.0,22,282
2307,2021-12-10 07:04:40.715076,5.0,22,311
2308,2021-12-10 07:12:00.801296,0.0,22,282
2309,2021-12-10 07:21:36.264713,0.0,22,282
2310,2021-12-10 07:49:19.432798,3.0,4,98
2311,2021-12-10 07:55:59.968014,3.0,4,157
2312,2021-12-10 07:56:56.889852,45.0,23,157
2313,2021-12-10 07:57:27.039095,10.0,22,157
2314,2021-12-10 08:07:47.049531,5.0,22,311
2315,2021-12-10 08:07:47.072174,100.0,9,311
2316,2021-12-10 08:19:58.829390,3.0,4,300
2317,2021-12-10 09:26:19.298467,3.0,4,73
2318,2021-12-10 10:02:29.391001,10.0,22,240
2319,2021-12-10 10:02:29.408330,100.0,9,240
2320,2021-12-10 10:02:34.047376,3.0,4,173
2321,2021-12-10 10:05:12.248342,3.0,4,176
2322,2021-12-10 10:16:27.011444,3.0,4,299
2323,2021-12-10 10:21:47.303522,0.0,22,282
2324,2021-12-10 10:21:56.528563,3.0,4,241
2325,2021-12-10 10:28:40.119994,50.0,3,322
2326,2021-12-10 10:28:54.094145,3.0,4,322
2327,2021-12-10 10:30:47.868150,3.0,4,162
2328,2021-12-10 10:34:13.714935,0.0,22,282
2329,2021-12-10 10:36:29.352397,50.0,3,323
2330,2021-12-10 10:36:36.380247,3.0,4,323
2331,2021-12-10 10:36:46.534960,10.0,25,323
2332,2021-12-10 10:55:22.524550,3.0,4,243
2333,2021-12-10 11:22:02.888650,50.0,3,324
2334,2021-12-10 11:22:51.800363,3.0,4,324
2335,2021-12-10 11:23:01.490346,50.0,3,325
2336,2021-12-10 11:23:15.917927,3.0,4,325
2337,2021-12-10 11:23:30.979451,30.0,27,325
2338,2021-12-10 11:39:48.673113,0.0,22,282
2339,2021-12-10 11:39:48.712015,200.0,10,282
2340,2021-12-10 11:41:05.949101,3.0,4,211
2341,2021-12-10 13:43:34.000000,100.0,19,240
2342,2021-12-10 13:56:54.048927,3.0,4,140
2343,2021-12-10 14:36:40.334565,3.0,4,105
2344,2021-12-10 15:11:31.625100,3.0,4,244
2345,2021-12-10 15:30:56.257496,10.0,22,244
2346,2021-12-10 16:12:35.624453,3.0,4,316
2347,2021-12-10 16:57:35.020923,0.0,22,316
2348,2021-12-10 16:57:35.053113,,22,316
2349,2021-12-10 17:09:43.920785,0.0,22,316
2350,2021-12-10 17:21:00.437984,0.0,22,316
2351,2021-12-10 17:26:50.756240,0.0,22,316
2352,2021-12-10 17:29:03.783091,0.0,22,316
2353,2021-12-10 17:29:03.805736,30.0,8,316
2354,2021-12-10 17:33:04.953358,0.0,22,316
2355,2021-12-10 17:39:43.951973,0.0,22,316
2356,2021-12-10 17:58:25.201539,0.0,22,316
2357,2021-12-10 17:58:48.277666,50.0,3,326
2358,2021-12-10 17:58:58.523359,3.0,4,326
2359,2021-12-10 18:07:20.753596,10.0,22,326
2360,2021-12-10 18:07:20.774280,,22,326
2361,2021-12-10 18:14:46.811693,45.0,23,326
2362,2021-12-10 18:14:51.783243,0.0,22,316
2363,2021-12-10 18:15:10.054700,10.0,22,326
2364,2021-12-10 18:18:48.282976,0.0,22,316
2365,2021-12-10 18:18:48.296116,100.0,9,316
2366,2021-12-10 18:21:01.147396,50.0,3,327
2367,2021-12-10 18:21:12.554058,3.0,4,327
2368,2021-12-10 18:26:45.269875,10.0,22,327
2369,2021-12-10 18:26:45.286897,,22,327
2370,2021-12-10 19:11:32.607077,3.0,4,297
2371,2021-12-10 19:28:33.752317,10.0,22,322
2372,2021-12-10 19:28:33.803511,,22,322
2373,2021-12-10 20:41:48.509747,3.0,4,289
2374,2021-12-10 21:11:06.327207,0.0,22,289
2375,2021-12-10 21:20:03.078687,3.0,4,186
2376,2021-12-10 21:23:48.605827,3.0,4,97
2377,2021-12-10 21:41:53.605377,0.0,22,289
2378,2021-12-10 21:45:27.345121,0.0,22,289
2379,2021-12-10 21:52:39.026002,0.0,22,289
2380,2021-12-10 22:02:53.929975,10.0,22,289
2381,2021-12-10 23:16:53.338869,0.0,22,289
2382,2021-12-11 04:30:18.943834,50.0,3,328
2383,2021-12-11 04:30:48.111852,3.0,4,328
2384,2021-12-11 04:52:28.373638,3.0,4,244
2385,2021-12-11 07:38:17.555164,3.0,4,256
2386,2021-12-11 07:44:51.981701,3.0,4,213
2387,2021-12-11 08:08:30.240924,5.0,22,213
2388,2021-12-11 08:08:30.260438,30.0,8,213
2389,2021-12-11 08:19:55.880936,5.0,22,213
2390,2021-12-11 08:25:56.849504,5.0,22,213
2391,2021-12-11 08:34:40.420586,5.0,22,213
2392,2021-12-11 09:08:59.182561,10.0,22,213
2393,2021-12-11 09:13:27.840781,3.0,4,291
2394,2021-12-11 10:00:20.007164,3.0,4,186
2395,2021-12-11 10:08:46.338892,10.0,22,213
2396,2021-12-11 10:08:46.358334,100.0,9,213
2397,2021-12-11 10:45:22.558079,10.0,22,213
2398,2021-12-11 11:13:09.934506,3.0,4,168
2399,2021-12-11 11:30:29.886670,3.0,4,224
2400,2021-12-11 11:50:53.487943,3.0,4,158
2401,2021-12-11 11:58:58.156464,50.0,3,329
2402,2021-12-11 11:59:21.210761,3.0,4,329
2403,2021-12-11 12:07:06.527819,5.0,22,213
2404,2021-12-11 13:06:26.713414,3.0,4,97
2405,2021-12-11 13:06:26.727126,30.0,5,97
2406,2021-12-11 13:30:54.095069,50.0,3,330
2407,2021-12-11 13:30:54.109048,,23,330
2408,2021-12-11 13:31:20.792665,3.0,4,330
2409,2021-12-11 13:33:59.331579,0.0,22,330
2410,2021-12-11 13:33:59.366316,,22,330
2411,2021-12-11 13:36:41.598106,0.0,22,330
2412,2021-12-11 13:40:59.024952,0.0,22,330
2413,2021-12-11 13:42:07.178756,0.0,22,330
2414,2021-12-11 13:43:19.109603,0.0,22,330
2415,2021-12-11 13:43:19.132918,30.0,8,330
2416,2021-12-11 13:47:55.571659,0.0,22,330
2417,2021-12-11 13:56:59.065974,0.0,22,330
2418,2021-12-11 14:04:24.495135,0.0,22,330
2419,2021-12-11 14:09:14.405622,0.0,22,330
2420,2021-12-11 14:12:13.381774,0.0,22,330
2421,2021-12-11 14:12:13.405676,100.0,9,330
2422,2021-12-11 14:14:16.606461,0.0,22,330
2423,2021-12-11 15:28:50.901401,3.0,4,282
2424,2021-12-11 16:21:40.218238,0.0,22,224
2425,2021-12-11 16:23:21.319245,10.0,22,186
2426,2021-12-11 16:34:05.307675,5.0,22,186
2427,2021-12-11 16:34:05.357570,100.0,9,186
2428,2021-12-11 16:35:20.815456,30.0,27,186
2429,2021-12-11 16:53:53.509083,30.0,27,224
2430,2021-12-11 17:17:51.228409,30.0,27,186
2431,2021-12-11 17:23:32.696573,25.0,27,186
2432,2021-12-11 18:52:26.435982,3.0,4,266
2433,2021-12-11 20:41:01.425265,5.0,22,186
2434,2021-12-11 20:51:30.414123,5.0,22,186
2435,2021-12-11 23:38:31.379730,3.0,4,105
2436,2021-12-12 07:03:20.766775,50.0,3,331
2437,2021-12-12 07:05:34.008162,3.0,4,331
2438,2021-12-12 07:20:13.680641,3.0,4,224
2439,2021-12-12 08:33:08.511721,3.0,4,272
2440,2021-12-12 10:44:22.661081,3.0,4,330
2441,2021-12-12 11:00:11.001987,0.0,22,330
2442,2021-12-12 11:07:08.232875,0.0,22,330
2443,2021-12-12 11:17:11.364616,0.0,22,330
2444,2021-12-12 11:19:52.763990,0.0,22,330
2445,2021-12-12 11:21:06.071588,0.0,22,330
2446,2021-12-12 11:24:18.361310,0.0,22,330
2447,2021-12-12 11:36:12.416098,3.0,4,222
2448,2021-12-12 11:48:34.467830,0.0,22,330
2449,2021-12-12 12:08:21.063214,3.0,4,220
2450,2021-12-12 12:21:06.846103,0.0,22,330
2451,2021-12-12 12:41:41.027277,0.0,22,330
2452,2021-12-12 12:46:09.808727,0.0,22,330
2453,2021-12-12 12:56:41.354041,0.0,22,330
2454,2021-12-12 13:10:01.897701,3.0,4,218
2455,2021-12-12 13:36:37.634715,3.0,4,213
2456,2021-12-12 13:37:12.834238,10.0,22,222
2457,2021-12-12 13:56:05.563642,10.0,22,213
2458,2021-12-12 15:05:52.419646,3.0,4,249
2459,2021-12-12 15:48:52.126692,0.0,22,249
2460,2021-12-12 16:12:09.494916,3.0,4,234
2461,2021-12-12 16:40:52.421585,0.0,22,249
2462,2021-12-12 16:43:13.379390,0.0,22,218
2463,2021-12-12 16:54:36.623139,3.0,4,329
2464,2021-12-12 17:10:08.682888,0.0,22,218
2465,2021-12-12 17:11:51.124686,3.0,4,320
2466,2021-12-12 17:45:46.146446,3.0,4,186
2467,2021-12-12 17:53:41.064504,5.0,22,213
2468,2021-12-12 17:54:33.181874,0.0,22,218
2469,2021-12-12 18:29:18.919196,0.0,22,218
2470,2021-12-12 18:50:22.150745,0.0,22,218
2471,2021-12-12 19:17:28.364173,3.0,4,290
2472,2021-12-12 19:24:30.821027,0.0,22,218
2473,2021-12-12 19:46:24.097920,3.0,4,105
2474,2021-12-12 19:58:14.599479,0.0,22,218
2475,2021-12-12 20:48:39.460346,0.0,22,218
2476,2021-12-12 21:18:38.901887,0.0,22,218
2477,2021-12-12 21:18:38.926571,200.0,10,218
2478,2021-12-13 05:29:44.686836,50.0,3,332
2479,2021-12-13 05:29:58.997482,3.0,4,332
2480,2021-12-13 05:31:47.236393,3.0,4,243
2481,2021-12-13 05:55:09.418936,0.0,22,243
2482,2021-12-13 06:12:34.042884,3.0,4,282
2483,2021-12-13 06:22:10.748898,0.0,22,243
2484,2021-12-13 06:28:37.239760,0.0,22,282
2485,2021-12-13 06:38:44.724318,0.0,22,243
2486,2021-12-13 06:44:33.114073,0.0,22,243
2487,2021-12-13 06:53:12.944604,0.0,22,243
2488,2021-12-13 07:04:44.857905,0.0,22,282
2489,2021-12-13 07:12:49.240164,3.0,4,287
2490,2021-12-13 07:36:58.403072,0.0,22,282
2491,2021-12-13 07:51:14.264211,0.0,22,243
2492,2021-12-13 08:24:32.294530,0.0,22,243
2493,2021-12-13 09:09:36.604161,3.0,4,63
2494,2021-12-13 10:03:59.370192,3.0,4,289
2495,2021-12-13 10:15:52.813177,3.0,4,97
2496,2021-12-13 10:16:37.629483,10.0,22,282
2497,2021-12-13 10:26:40.582675,35.0,23,282
2498,2021-12-13 10:44:07.516441,5.0,22,282
2499,2021-12-13 10:55:33.511183,0.0,22,289
2500,2021-12-13 12:07:07.214174,3.0,4,157
2501,2021-12-13 12:12:52.999522,3.0,4,105
2502,2021-12-13 12:19:46.330773,3.0,4,217
2503,2021-12-13 12:25:09.469987,3.0,4,73
2504,2021-12-13 12:54:37.794359,3.0,4,111
2505,2021-12-13 13:02:53.996832,10.0,22,111
2506,2021-12-13 13:10:49.169110,3.0,4,274
2507,2021-12-13 13:27:37.528507,50.0,3,333
2508,2021-12-13 13:27:57.442182,3.0,4,333
2509,2021-12-13 13:34:31.110610,50.0,3,334
2510,2021-12-13 13:34:31.129304,150.0,6,333
2511,2021-12-13 13:34:31.129530,50.0,7,334
2512,2021-12-13 13:35:13.340170,3.0,4,334
2513,2021-12-13 13:50:45.614581,3.0,4,275
2514,2021-12-13 13:53:48.517152,0.0,22,275
2515,2021-12-13 13:56:36.880299,0.0,22,275
2516,2021-12-13 13:58:44.040415,0.0,22,275
2517,2021-12-13 13:59:31.609066,0.0,22,275
2518,2021-12-13 14:01:49.887131,0.0,22,275
2519,2021-12-13 14:03:36.384902,0.0,22,275
2520,2021-12-13 14:04:22.121693,0.0,22,275
2521,2021-12-13 14:09:07.998995,50.0,3,335
2522,2021-12-13 14:09:26.595992,3.0,4,335
2523,2021-12-13 14:19:09.054734,45.0,23,335
2524,2021-12-13 15:27:02.434220,3.0,4,222
2525,2021-12-13 15:50:53.522438,3.0,4,186
2526,2021-12-13 16:13:25.588665,3.0,4,276
2527,2021-12-13 16:42:24.061890,35.0,23,105
2528,2021-12-13 16:43:54.879876,5.0,22,105
2529,2021-12-13 16:43:54.908484,100.0,9,105
2530,2021-12-13 16:50:25.464954,50.0,3,336
2531,2021-12-13 16:50:54.186284,3.0,4,336
2532,2021-12-13 19:45:37.532044,3.0,4,311
2533,2021-12-14 02:32:33.767094,3.0,4,319
2534,2021-12-14 04:49:37.007072,3.0,4,183
2535,2021-12-14 05:15:03.073897,3.0,4,289
2536,2021-12-14 05:37:40.832266,3.0,4,276
2537,2021-12-14 06:37:25.264639,3.0,4,97
2538,2021-12-14 07:04:07.491088,50.0,3,337
2539,2021-12-14 07:04:22.522389,3.0,4,337
2540,2021-12-14 07:29:53.617270,5.0,22,337
2541,2021-12-14 07:29:53.638887,,22,337
2542,2021-12-14 07:43:57.053226,5.0,22,337
2543,2021-12-14 07:54:36.140857,5.0,22,337
2544,2021-12-14 07:56:51.130659,45.0,23,337
2545,2021-12-14 08:06:25.758881,5.0,22,337
2546,2021-12-14 08:19:21.238863,5.0,22,337
2547,2021-12-14 08:19:21.259621,30.0,8,337
2548,2021-12-14 08:51:42.956885,5.0,22,337
2549,2021-12-14 09:06:59.949916,3.0,4,274
2550,2021-12-14 09:34:09.904160,3.0,4,63
2551,2021-12-14 09:57:47.459408,10.0,22,274
2552,2021-12-14 11:46:30.095364,3.0,4,272
2553,2021-12-14 11:53:28.863290,3.0,4,240
2554,2021-12-14 12:00:22.996535,45.0,23,240
2555,2021-12-14 12:02:07.654296,10.0,22,240
2556,2021-12-14 12:03:47.017423,3.0,4,146
2557,2021-12-14 12:05:02.049398,5.0,22,240
2558,2021-12-14 12:12:25.573701,5.0,22,146
2559,2021-12-14 12:34:10.942341,3.0,4,336
2560,2021-12-14 12:37:29.126742,10.0,22,319
2561,2021-12-14 13:04:28.512107,3.0,4,311
2562,2021-12-14 13:11:25.833522,5.0,22,311
2563,2021-12-14 13:14:11.377584,5.0,22,311
2564,2021-12-14 13:47:27.117825,3.0,4,282
2565,2021-12-14 13:50:57.916847,3.0,4,73
2566,2021-12-14 15:34:32.443940,35.0,23,240
2567,2021-12-14 15:48:24.127189,3.0,4,105
2568,2021-12-14 16:06:09.010178,3.0,4,332
2569,2021-12-14 16:40:39.872899,35.0,23,240
2570,2021-12-14 16:41:10.881959,5.0,22,240
2571,2021-12-14 16:47:25.460937,5.0,22,240
2572,2021-12-14 16:47:55.151328,10.0,25,240
2573,2021-12-15 07:14:14.661229,3.0,4,63
2574,2021-12-15 08:50:09.800887,3.0,4,157
2575,2021-12-15 08:50:18.595727,3.0,4,73
2576,2021-12-15 08:50:25.554321,3.0,4,91
2577,2021-12-15 08:50:44.168140,10.0,25,91
2578,2021-12-15 08:51:01.214736,5.0,22,91
2579,2021-12-15 08:51:56.907975,3.0,4,93
2580,2021-12-15 08:52:03.893301,3.0,4,72
2581,2021-12-15 09:00:50.258967,10.0,25,72
2582,2021-12-15 09:01:06.419100,5.0,22,72
2583,2021-12-15 09:01:06.440923,,22,72
2584,2021-12-15 09:44:45.902057,3.0,4,181
2585,2021-12-15 09:59:50.397224,50.0,3,338
2586,2021-12-15 09:59:54.099093,3.0,4,338
2587,2021-12-15 10:25:58.716354,45.0,23,181
2588,2021-12-15 11:55:41.856661,10.0,22,181
2589,2021-12-15 12:50:21.405619,50.0,3,339
2590,2021-12-15 12:50:38.759835,3.0,4,339
2591,2021-12-15 12:59:33.059979,5.0,22,339
2592,2021-12-15 12:59:33.077483,,22,339
2593,2021-12-15 14:50:20.441029,3.0,4,316
2594,2021-12-15 14:55:00.434111,0.0,22,316
2595,2021-12-15 14:59:15.646617,50.0,3,340
2596,2021-12-15 14:59:53.640367,3.0,4,340
2597,2021-12-15 15:02:48.390877,0.0,22,316
2598,2021-12-15 15:06:14.951378,0.0,22,316
2599,2021-12-15 15:10:05.572778,0.0,22,316
2600,2021-12-15 15:12:15.658279,0.0,22,316
2601,2021-12-15 15:14:04.273384,0.0,22,316
2602,2021-12-15 15:16:37.359260,0.0,22,316
2603,2021-12-15 16:09:13.397221,3.0,4,332
2604,2021-12-15 17:35:33.185131,3.0,4,330
2605,2021-12-15 17:41:40.501830,0.0,22,330
2606,2021-12-15 18:19:30.102707,0.0,22,330
2607,2021-12-15 18:39:32.685052,0.0,22,330
2608,2021-12-15 18:39:32.705572,200.0,10,330
2609,2021-12-15 18:50:34.075318,0.0,22,330
2610,2021-12-15 19:05:53.442384,0.0,22,330
2611,2021-12-15 19:22:51.391833,0.0,22,330
2612,2021-12-15 19:37:26.483711,0.0,22,330
2613,2021-12-15 20:05:56.232024,3.0,4,289
2614,2021-12-16 04:16:07.317334,3.0,4,340
2615,2021-12-16 04:19:33.747749,3.0,4,183
2616,2021-12-16 05:58:00.893690,3.0,4,97
2617,2021-12-16 06:05:42.364756,3.0,4,282
2618,2021-12-16 07:29:12.068142,3.0,4,193
2619,2021-12-16 08:47:57.198331,3.0,4,206
2620,2021-12-16 09:41:05.013580,3.0,4,211
2621,2021-12-16 09:45:47.415403,3.0,4,126
2622,2021-12-16 09:49:41.217296,3.0,4,128
2623,2021-12-16 09:54:05.190962,3.0,4,292
2624,2021-12-16 09:57:10.367112,3.0,4,241
2625,2021-12-16 10:01:46.772189,10.0,22,128
2626,2021-12-16 10:01:46.797021,,22,128
2627,2021-12-16 10:10:10.711953,10.0,22,193
2628,2021-12-16 10:14:50.642122,10.0,22,241
2629,2021-12-16 10:25:44.532646,3.0,4,157
2630,2021-12-16 10:31:29.891500,35.0,23,206
2631,2021-12-16 10:38:08.919242,3.0,4,73
2632,2021-12-16 10:51:16.431019,3.0,4,266
2633,2021-12-16 10:53:20.836098,5.0,22,157
2634,2021-12-16 11:21:55.671706,50.0,3,341
2635,2021-12-16 11:43:08.255492,50.0,3,342
2636,2021-12-16 11:43:24.816936,3.0,4,342
2637,2021-12-16 11:59:19.704471,10.0,22,342
2638,2021-12-16 11:59:19.739856,,22,342
2639,2021-12-16 12:30:15.874278,10.0,22,97
2640,2021-12-16 12:49:07.561713,10.0,22,206
2641,2021-12-16 14:58:08.770049,50.0,3,343
2642,2021-12-16 14:58:26.774885,3.0,4,343
2643,2021-12-16 15:21:22.176726,5.0,22,206
2644,2021-12-16 15:21:29.914747,10.0,25,206
2645,2021-12-16 15:43:15.747071,3.0,4,279
2646,2021-12-16 16:27:34.714403,3.0,4,224
2647,2021-12-16 18:33:46.468860,3.0,4,72
2648,2021-12-16 18:55:16.706083,45.0,23,342
2649,2021-12-16 18:58:32.103418,10.0,22,342
2650,2021-12-16 19:01:04.786663,3.0,4,289
2651,2021-12-16 20:05:00.883642,3.0,4,256
2652,2021-12-16 20:43:14.305496,3.0,4,184
2653,2021-12-17 02:55:47.885413,3.0,4,105
2654,2021-12-17 05:28:06.517040,3.0,4,289
2655,2021-12-17 05:45:34.964119,3.0,4,299
2656,2021-12-17 06:04:10.497349,3.0,4,282
2657,2021-12-17 06:11:06.776547,3.0,4,337
2658,2021-12-17 06:39:18.891326,10.0,22,299
2659,2021-12-17 06:39:18.926442,,22,299
2660,2021-12-17 07:23:05.600514,3.0,4,157
2661,2021-12-17 07:46:41.830817,3.0,4,338
2662,2021-12-17 07:52:03.258611,3.0,4,265
2663,2021-12-17 07:56:17.285443,3.0,4,73
2664,2021-12-17 08:13:57.578178,50.0,3,345
2665,2021-12-17 08:13:57.595303,,23,345
2666,2021-12-17 08:15:12.574956,3.0,4,345
2667,2021-12-17 08:15:14.028518,3.0,4,50
2668,2021-12-17 08:22:36.769417,50.0,3,344
2669,2021-12-17 08:22:36.785203,,23,344
2670,2021-12-17 08:22:48.696743,3.0,4,344
2671,2021-12-17 08:52:42.972484,50.0,3,346
2672,2021-12-17 08:53:05.627950,3.0,4,346
2673,2021-12-17 09:32:52.400173,3.0,4,177
2674,2021-12-17 09:41:29.022567,3.0,4,292
2675,2021-12-17 10:07:00.264112,3.0,4,193
2676,2021-12-17 10:21:46.104594,50.0,3,347
2677,2021-12-17 10:21:57.719015,3.0,4,347
2678,2021-12-17 10:27:32.588505,3.0,4,256
2679,2021-12-17 10:32:00.019673,3.0,4,128
2680,2021-12-17 10:37:13.351832,5.0,22,128
2681,2021-12-17 10:37:32.300897,3.0,4,266
2682,2021-12-17 10:40:31.736754,5.0,22,347
2683,2021-12-17 10:40:31.754345,,22,347
2684,2021-12-17 10:50:28.646930,5.0,22,128
2685,2021-12-17 11:01:06.264454,5.0,22,128
2686,2021-12-17 11:04:53.291431,5.0,22,193
2687,2021-12-17 11:07:05.858079,5.0,22,128
2688,2021-12-17 11:07:05.872249,30.0,8,128
2689,2021-12-17 11:13:51.706462,3.0,4,134
2690,2021-12-17 11:16:22.590414,50.0,3,348
2691,2021-12-17 11:16:22.616904,,23,348
2692,2021-12-17 11:16:27.474406,5.0,22,134
2693,2021-12-17 11:17:12.643615,3.0,4,348
2694,2021-12-17 12:54:46.943336,0.0,22,348
2695,2021-12-17 12:54:46.964717,,22,348
2696,2021-12-17 12:57:15.054239,0.0,22,348
2697,2021-12-17 13:03:37.381922,3.0,4,206
2698,2021-12-17 13:11:23.565032,5.0,22,206
2699,2021-12-17 13:11:51.628825,10.0,25,206
2700,2021-12-17 13:13:43.297236,0.0,22,348
2701,2021-12-17 13:20:24.617156,0.0,22,348
2702,2021-12-17 14:00:12.354177,0.0,22,348
2703,2021-12-17 14:00:12.372593,30.0,8,348
2704,2021-12-17 14:16:02.970757,0.0,22,348
2705,2021-12-17 14:38:38.310058,10.0,25,206
2706,2021-12-17 14:40:38.858609,3.0,4,240
2707,2021-12-17 14:42:25.968768,10.0,22,206
2708,2021-12-17 15:22:29.230134,3.0,4,272
2709,2021-12-17 15:22:38.096962,3.0,4,322
2710,2021-12-17 15:25:02.078284,5.0,22,322
2711,2021-12-17 15:26:20.246599,5.0,22,347
2712,2021-12-17 15:33:21.300401,5.0,22,347
2713,2021-12-17 15:35:19.626431,3.0,4,116
2714,2021-12-17 15:38:23.112749,10.0,22,347
2715,2021-12-17 15:48:20.332089,3.0,4,111
2716,2021-12-17 15:52:11.020192,5.0,22,111
2717,2021-12-17 16:31:38.787026,3.0,4,224
2718,2021-12-17 17:11:26.016903,3.0,4,244
2719,2021-12-17 18:13:08.012953,3.0,4,158
2720,2021-12-17 18:39:31.079754,5.0,22,244
2721,2021-12-17 21:03:01.063656,10.0,25,347
2722,2021-12-17 21:03:32.358053,5.0,22,347
2723,2021-12-17 21:03:32.385994,30.0,8,347
2724,2021-12-17 21:25:09.254375,5.0,22,347
2725,2021-12-18 04:43:07.500181,3.0,4,320
2726,2021-12-18 06:14:24.563374,50.0,3,349
2727,2021-12-18 06:14:48.017892,3.0,4,349
2728,2021-12-18 06:20:48.297830,3.0,4,302
2729,2021-12-18 07:35:22.683229,3.0,4,194
2730,2021-12-18 07:40:32.949598,45.0,23,194
2731,2021-12-18 08:12:57.284900,5.0,22,302
2732,2021-12-18 08:12:57.297477,,22,302
2733,2021-12-18 09:47:47.208911,50.0,3,350
2734,2021-12-18 09:48:13.570360,3.0,4,350
2735,2021-12-18 10:34:14.012676,3.0,4,282
2736,2021-12-18 11:17:08.907915,3.0,4,289
2737,2021-12-18 13:14:12.328305,3.0,4,319
2738,2021-12-18 15:26:14.314748,3.0,4,244
2739,2021-12-18 15:48:54.617320,45.0,23,244
2740,2021-12-18 15:49:29.027135,5.0,22,244
2741,2021-12-18 18:26:41.342633,3.0,4,224
2742,2021-12-18 19:57:14.557874,50.0,3,352
2743,2021-12-18 19:57:14.570738,,23,352
2744,2021-12-18 19:57:30.582209,3.0,4,352
2745,2021-12-18 21:11:30.188202,3.0,4,345
2746,2021-12-18 21:38:35.271752,50.0,3,353
2747,2021-12-18 21:38:35.288467,,23,353
2748,2021-12-18 21:39:10.104129,3.0,4,353
2749,2021-12-18 21:46:04.719250,50.0,3,354
2750,2021-12-18 21:46:04.738657,,23,354
2751,2021-12-18 21:46:37.536224,3.0,4,354
2752,2021-12-19 04:05:52.477528,3.0,4,289
2753,2021-12-19 04:05:52.492123,30.0,5,289
2754,2021-12-19 07:51:02.504433,3.0,4,276
2755,2021-12-19 08:06:21.558614,3.0,4,354
2756,2021-12-19 11:12:24.735972,3.0,4,218
2757,2021-12-19 12:03:51.048619,50.0,3,355
2758,2021-12-19 13:09:19.937681,3.0,4,271
2759,2021-12-19 13:20:24.068251,3.0,4,117
2760,2021-12-19 13:35:16.650710,3.0,4,353
2761,2021-12-19 13:38:29.762774,3.0,4,282
2762,2021-12-19 14:03:27.938223,3.0,4,345
2763,2021-12-19 14:04:18.462517,0.0,22,271
2764,2021-12-19 14:05:38.098698,0.0,22,271
2765,2021-12-19 14:06:23.094067,0.0,22,271
2766,2021-12-19 14:06:40.148702,0.0,22,271
2767,2021-12-19 14:07:07.000901,0.0,22,271
2768,2021-12-19 14:07:26.751282,0.0,22,271
2769,2021-12-19 14:07:48.411417,0.0,22,271
2770,2021-12-19 15:23:29.192500,3.0,4,188
2771,2021-12-19 16:08:14.102298,0.0,22,218
2772,2021-12-19 16:22:25.470629,0.0,22,218
2773,2021-12-19 16:37:09.904049,0.0,22,218
2774,2021-12-19 16:42:34.012981,0.0,22,218
2775,2021-12-19 16:53:58.984615,0.0,22,218
2776,2021-12-19 19:15:36.204190,3.0,4,224
2777,2021-12-20 04:46:57.388547,3.0,4,348
2778,2021-12-20 05:27:14.796695,3.0,4,282
2779,2021-12-20 06:01:28.517430,50.0,3,356
2780,2021-12-20 07:28:43.345180,3.0,4,206
2781,2021-12-20 07:36:26.646479,5.0,22,206
2782,2021-12-20 07:44:00.236386,45.0,23,206
2783,2021-12-20 07:48:48.873727,3.0,4,269
2784,2021-12-20 07:53:00.937748,5.0,22,206
2785,2021-12-20 07:57:12.124847,0.0,22,269
2786,2021-12-20 08:01:50.269696,5.0,22,206
2787,2021-12-20 08:01:59.021512,10.0,25,206
2788,2021-12-20 08:19:11.424850,0.0,22,269
2789,2021-12-20 08:27:52.161295,0.0,22,269
2790,2021-12-20 08:41:36.598730,50.0,3,357
2791,2021-12-20 08:42:22.901979,3.0,4,357
2792,2021-12-20 08:43:28.664609,3.0,4,213
2793,2021-12-20 10:47:26.311769,50.0,3,359
2794,2021-12-20 10:47:26.327424,,23,359
2795,2021-12-20 10:47:50.961349,3.0,4,359
2796,2021-12-20 10:55:18.440004,0.0,22,359
2797,2021-12-20 10:55:18.468345,,22,359
2798,2021-12-20 10:57:02.120376,0.0,22,359
2799,2021-12-20 11:02:27.854376,0.0,22,359
2800,2021-12-20 11:05:28.167265,0.0,22,359
2801,2021-12-20 11:06:33.303429,0.0,22,359
2802,2021-12-20 11:06:33.325075,30.0,8,359
2803,2021-12-20 11:10:07.731482,0.0,22,359
2804,2021-12-20 11:11:24.132781,0.0,22,359
2805,2021-12-20 11:12:34.151359,0.0,22,359
2806,2021-12-20 11:13:26.531238,0.0,22,359
2807,2021-12-20 11:15:49.509708,0.0,22,359
2808,2021-12-20 11:15:49.522299,100.0,9,359
2809,2021-12-20 11:17:30.176128,0.0,22,359
2810,2021-12-20 11:18:50.930502,0.0,22,359
2811,2021-12-20 11:21:16.088682,0.0,22,359
2812,2021-12-20 11:22:28.016448,35.0,23,206
2813,2021-12-20 11:23:52.416735,0.0,22,359
2814,2021-12-20 11:25:30.873709,0.0,22,359
2815,2021-12-20 11:26:17.661284,0.0,22,359
2816,2021-12-20 11:27:48.659135,0.0,22,359
2817,2021-12-20 11:45:49.941047,0.0,22,359
2818,2021-12-20 11:47:38.970397,10.0,22,206
2819,2021-12-20 11:48:37.839702,0.0,22,359
2820,2021-12-20 11:51:12.276831,0.0,22,359
2821,2021-12-20 11:52:37.639275,0.0,22,359
2822,2021-12-20 11:57:11.253229,0.0,22,359
2823,2021-12-20 12:16:59.909014,50.0,3,360
2824,2021-12-20 12:16:59.925526,,23,360
2825,2021-12-20 12:17:57.081079,3.0,4,360
2826,2021-12-20 13:01:54.446914,3.0,4,157
2827,2021-12-20 13:01:55.937061,0.0,27,157
2828,2021-12-20 13:04:34.497397,0.0,27,157
2829,2021-12-20 14:30:19.560817,50.0,3,361
2830,2021-12-20 14:30:19.572578,,23,361
2831,2021-12-20 14:30:41.344775,3.0,4,361
2832,2021-12-20 15:44:18.190165,3.0,4,340
2833,2021-12-20 19:10:04.460090,3.0,4,345
2834,2021-12-20 19:33:00.832912,3.0,4,224
2835,2021-12-20 20:52:00.419319,3.0,4,279
2836,2021-12-20 22:26:24.872503,3.0,4,222
2837,2021-12-20 23:05:57.941664,50.0,3,362
2838,2021-12-20 23:06:24.530682,3.0,4,362
2839,2021-12-21 04:13:57.980284,3.0,4,362
2840,2021-12-21 04:31:23.639659,3.0,4,282
2841,2021-12-21 04:32:34.829756,3.0,4,356
2842,2021-12-21 04:32:40.602374,35.0,23,356
2843,2021-12-21 05:55:01.734864,3.0,4,279
2844,2021-12-21 07:20:55.835435,3.0,4,97
2845,2021-12-21 08:19:08.274380,3.0,4,269
2846,2021-12-21 08:19:12.302234,0.0,22,269
2847,2021-12-21 08:35:14.461112,0.0,22,269
2848,2021-12-21 08:35:14.476223,200.0,10,269
2849,2021-12-21 09:49:32.931433,3.0,4,206
2850,2021-12-21 09:50:59.195326,45.0,23,206
2851,2021-12-21 10:17:58.241921,50.0,3,363
2852,2021-12-21 10:18:24.077189,3.0,4,363
2853,2021-12-21 10:44:40.126484,3.0,4,140
2854,2021-12-21 10:48:57.680286,10.0,22,363
2855,2021-12-21 10:48:57.696229,,22,363
2856,2021-12-21 11:01:46.467403,3.0,4,242
2857,2021-12-21 11:03:12.081735,50.0,3,364
2858,2021-12-21 11:03:39.869775,3.0,4,364
2859,2021-12-21 11:05:18.900419,3.0,4,292
2860,2021-12-21 11:05:28.321740,50.0,3,365
2861,2021-12-21 11:05:59.993768,3.0,4,365
2862,2021-12-21 11:19:23.769745,3.0,4,181
2863,2021-12-21 11:20:49.421714,3.0,4,337
2864,2021-12-21 11:23:35.056122,5.0,22,363
2865,2021-12-21 11:30:16.706210,50.0,3,366
2866,2021-12-21 11:30:33.644301,3.0,4,366
2867,2021-12-21 11:36:29.734289,15.0,24,181
2868,2021-12-21 11:38:02.693008,30.0,27,366
2869,2021-12-21 11:47:50.922161,50.0,3,367
2870,2021-12-21 11:48:05.195374,3.0,4,367
2871,2021-12-21 11:52:59.972732,0.0,27,367
2872,2021-12-21 12:07:35.370735,50.0,3,368
2873,2021-12-21 12:07:56.418042,3.0,4,368
2874,2021-12-21 12:10:20.134230,3.0,4,240
2875,2021-12-21 12:30:19.646305,3.0,4,266
2876,2021-12-21 12:33:36.733378,50.0,3,369
2877,2021-12-21 12:33:49.579625,3.0,4,369
2878,2021-12-21 12:55:10.175664,50.0,3,370
2879,2021-12-21 12:55:14.279583,3.0,4,370
2880,2021-12-21 13:07:26.821993,3.0,4,343
2881,2021-12-21 13:08:50.519484,3.0,4,73
2882,2021-12-21 13:24:52.524214,3.0,4,72
2883,2021-12-21 13:25:26.373265,50.0,3,371
2884,2021-12-21 13:25:32.620426,3.0,4,371
2885,2021-12-21 13:26:16.024032,0.0,27,371
2886,2021-12-21 13:27:47.951427,3.0,4,241
2887,2021-12-21 13:52:35.263662,3.0,4,111
2888,2021-12-21 13:54:12.537773,3.0,4,244
2889,2021-12-21 14:44:20.525726,3.0,4,222
2890,2021-12-21 15:15:45.005520,3.0,4,274
2891,2021-12-21 15:16:13.422586,3.0,4,157
2892,2021-12-21 15:47:02.263512,45.0,23,222
2893,2021-12-21 15:49:40.320442,5.0,22,222
2894,2021-12-21 15:51:20.112536,5.0,22,282
2895,2021-12-21 15:59:42.314529,3.0,4,322
2896,2021-12-21 16:08:27.364310,3.0,4,316
2897,2021-12-21 16:20:47.168682,50.0,3,372
2898,2021-12-21 16:21:06.991166,3.0,4,372
2899,2021-12-21 16:21:50.288076,10.0,22,364
2900,2021-12-21 16:21:50.303243,,22,364
2901,2021-12-21 16:27:17.511255,5.0,22,363
2902,2021-12-21 16:28:46.452526,45.0,23,363
2903,2021-12-21 16:40:58.302197,5.0,22,364
2904,2021-12-21 17:00:11.039602,3.0,4,186
2905,2021-12-21 17:12:56.619344,5.0,22,363
2906,2021-12-21 17:28:18.650809,50.0,3,373
2907,2021-12-21 17:28:18.668293,150.0,6,364
2908,2021-12-21 17:28:18.668489,50.0,7,373
2909,2021-12-21 17:30:49.325056,50.0,3,374
2910,2021-12-21 17:30:49.342220,150.0,6,364
2911,2021-12-21 17:30:49.342364,50.0,7,374
2912,2021-12-21 17:43:56.271194,5.0,22,364
2913,2021-12-21 17:47:05.820145,5.0,22,186
2914,2021-12-21 17:58:51.390231,50.0,3,375
2915,2021-12-21 17:58:51.407850,150.0,6,364
2916,2021-12-21 17:58:51.408062,50.0,7,375
2917,2021-12-21 17:59:15.504961,3.0,4,375
2918,2021-12-21 18:08:54.541140,50.0,3,376
2919,2021-12-21 18:08:54.564695,150.0,6,364
2920,2021-12-21 18:08:54.564931,50.0,7,376
2921,2021-12-21 18:09:30.625339,3.0,4,376
2922,2021-12-21 18:19:45.069865,5.0,22,372
2923,2021-12-21 18:19:45.100871,,22,372
2924,2021-12-21 18:28:08.765542,3.0,4,348
2925,2021-12-21 18:42:53.732250,50.0,3,377
2926,2021-12-21 18:42:53.753358,150.0,6,364
2927,2021-12-21 18:42:53.753509,50.0,7,377
2928,2021-12-21 18:43:54.810045,3.0,4,377
2929,2021-12-21 18:46:37.837366,0.0,22,348
2930,2021-12-21 18:57:48.208437,0.0,22,348
2931,2021-12-21 19:00:24.011609,0.0,22,348
2932,2021-12-21 19:11:24.663553,3.0,4,345
2933,2021-12-21 22:51:05.661006,50.0,3,378
2934,2021-12-21 22:51:14.094679,3.0,4,378
2935,2021-12-21 23:04:49.785127,5.0,22,378
2936,2021-12-21 23:04:49.802597,,22,378
2937,2021-12-21 23:52:43.607578,3.0,4,105
2938,2021-12-22 02:21:27.662427,3.0,4,372
2939,2021-12-22 05:10:20.177361,3.0,4,181
2940,2021-12-22 05:10:48.038736,5.0,22,181
2941,2021-12-22 05:21:48.837582,3.0,4,279
2942,2021-12-22 05:32:05.188066,3.0,4,282
2943,2021-12-22 05:32:05.213997,30.0,5,282
2944,2021-12-22 05:50:30.814663,50.0,3,379
2945,2021-12-22 05:50:57.724686,3.0,4,379
2946,2021-12-22 06:12:15.269427,3.0,4,326
2947,2021-12-22 06:24:36.721387,3.0,4,203
2948,2021-12-22 06:30:12.249520,3.0,4,140
2949,2021-12-22 06:30:36.730039,3.0,4,257
2950,2021-12-22 07:03:32.669271,3.0,4,186
2951,2021-12-22 08:32:25.214326,3.0,4,73
2952,2021-12-22 08:59:10.728273,50.0,3,380
2953,2021-12-22 09:39:05.775259,3.0,4,269
2954,2021-12-22 09:50:17.517670,3.0,4,190
2955,2021-12-22 10:07:11.312074,0.0,22,269
2956,2021-12-22 10:16:21.584637,0.0,22,269
2957,2021-12-22 10:37:40.041592,50.0,3,381
2958,2021-12-22 10:38:03.408522,3.0,4,381
2959,2021-12-22 10:41:07.045033,30.0,27,381
2960,2021-12-22 10:46:49.929024,0.0,22,269
2961,2021-12-22 10:54:00.755574,10.0,22,381
2962,2021-12-22 10:54:00.778492,,22,381
2963,2021-12-22 11:04:34.969089,0.0,22,269
2964,2021-12-22 12:00:33.211694,3.0,4,222
2965,2021-12-22 12:09:47.382783,5.0,22,222
2966,2021-12-22 12:35:06.981779,3.0,4,366
2967,2021-12-22 13:12:12.896215,50.0,3,382
2968,2021-12-22 13:12:32.601408,3.0,4,382
2969,2021-12-22 13:31:11.215193,10.0,22,382
2970,2021-12-22 13:31:11.227988,,22,382
2971,2021-12-22 13:35:34.196615,35.0,23,382
2972,2021-12-22 13:38:45.136650,5.0,22,382
2973,2021-12-22 13:53:31.059412,3.0,4,206
2974,2021-12-22 14:53:25.103215,10.0,22,206
2975,2021-12-22 14:53:53.182442,10.0,25,206
2976,2021-12-22 16:47:56.709179,50.0,3,384
2977,2021-12-22 16:48:18.718002,3.0,4,384
2978,2021-12-22 16:53:26.378304,30.0,27,384
2979,2021-12-22 17:14:42.869773,3.0,4,363
2980,2021-12-22 18:00:02.814539,3.0,4,224
2981,2021-12-22 19:11:03.661543,3.0,4,345
2982,2021-12-23 05:13:38.859973,3.0,4,279
2983,2021-12-23 05:48:19.119054,3.0,4,282
2984,2021-12-23 06:34:56.719920,3.0,4,240
2985,2021-12-23 06:59:14.885045,5.0,22,240
2986,2021-12-23 09:22:35.716274,50.0,3,385
2987,2021-12-23 09:23:06.556782,3.0,4,385
2988,2021-12-23 09:32:43.552481,50.0,3,386
2989,2021-12-23 09:33:02.123702,3.0,4,386
2990,2021-12-23 10:16:43.896108,3.0,4,256
2991,2021-12-23 10:38:12.654311,50.0,3,387
2992,2021-12-23 10:38:23.368536,3.0,4,387
2993,2021-12-23 11:05:46.000151,0.0,22,282
2994,2021-12-23 12:18:39.984403,3.0,4,97
2995,2021-12-23 12:50:50.853372,3.0,4,363
2996,2021-12-23 14:43:41.176872,3.0,4,382
2997,2021-12-23 15:22:23.976265,3.0,4,157
2998,2021-12-23 15:22:32.231603,5.0,22,157
2999,2021-12-23 16:11:26.827969,5.0,22,363
3000,2021-12-23 16:11:26.850159,30.0,8,363
3001,2021-12-23 18:11:44.285360,3.0,4,296
3002,2021-12-23 21:56:11.545049,3.0,4,224
3003,2021-12-24 05:34:00.143816,3.0,4,279
3004,2021-12-24 06:12:14.161786,3.0,4,363
3005,2021-12-24 07:36:22.460208,3.0,4,73
3006,2021-12-24 07:58:12.920018,3.0,4,193
3007,2021-12-24 09:09:09.764371,3.0,4,63
3008,2021-12-24 09:44:49.342281,3.0,4,158
3009,2021-12-24 10:03:45.178530,3.0,4,356
3010,2021-12-24 10:44:22.271492,50.0,3,388
3011,2021-12-24 10:44:38.273568,3.0,4,388
3012,2021-12-24 11:17:32.329072,50.0,3,389
3013,2021-12-24 11:17:45.095587,3.0,4,389
3014,2021-12-24 11:34:50.128669,3.0,4,206
3015,2021-12-24 13:18:53.828843,50.0,3,390
3016,2021-12-24 13:19:14.341434,3.0,4,390
3017,2021-12-24 13:27:25.365762,3.0,4,244
3018,2021-12-24 13:48:29.949900,50.0,3,391
3019,2021-12-24 13:48:29.966752,,23,391
3020,2021-12-24 13:48:47.723473,3.0,4,391
3021,2021-12-24 13:53:15.035567,50.0,3,392
3022,2021-12-24 13:55:29.048553,3.0,4,392
3023,2021-12-24 14:04:32.508208,0.0,22,391
3024,2021-12-24 14:04:32.525557,,22,391
3025,2021-12-24 14:41:01.373217,50.0,3,393
3026,2021-12-24 14:41:06.091200,3.0,4,393
3027,2021-12-24 14:42:25.505503,3.0,4,322
3028,2021-12-24 15:14:45.665827,55.0,23,206
3029,2021-12-24 15:53:56.090513,0.0,22,391
3030,2021-12-24 15:55:55.716906,10.0,22,206
3031,2021-12-24 15:56:50.059975,0.0,22,391
3032,2021-12-24 15:59:58.943122,0.0,22,391
3033,2021-12-24 16:00:28.124820,0.0,22,391
3034,2021-12-24 16:00:28.137419,30.0,8,391
3035,2021-12-24 16:02:01.061371,5.0,22,206
3036,2021-12-24 16:02:07.097704,10.0,25,206
3037,2021-12-24 16:02:46.651356,0.0,22,391
3038,2021-12-24 16:06:19.938141,0.0,22,391
3039,2021-12-24 16:07:30.202744,50.0,3,394
3040,2021-12-24 16:08:40.193705,3.0,4,394
3041,2021-12-24 16:16:51.377699,0.0,22,391
3042,2021-12-24 16:17:33.399135,0.0,22,391
3043,2021-12-24 16:17:51.172749,0.0,22,391
3044,2021-12-24 16:17:51.216469,100.0,9,391
3045,2021-12-24 16:18:12.703052,0.0,22,391
3046,2021-12-24 16:19:43.735432,0.0,22,391
3047,2021-12-24 16:21:32.410712,0.0,22,391
3048,2021-12-24 16:21:41.343348,5.0,22,206
3049,2021-12-24 16:26:45.357777,0.0,22,391
3050,2021-12-24 16:29:54.462895,50.0,3,395
3051,2021-12-24 16:30:06.033228,3.0,4,395
3052,2021-12-24 16:30:17.429077,0.0,22,391
3053,2021-12-24 17:36:38.712697,50.0,3,396
3054,2021-12-24 17:36:54.389575,3.0,4,396
3055,2021-12-24 17:41:40.177083,50.0,3,397
3056,2021-12-24 17:41:51.460225,3.0,4,397
3057,2021-12-24 18:17:31.436570,50.0,3,398
3058,2021-12-24 18:17:50.126990,3.0,4,398
3059,2021-12-24 18:20:55.430496,5.0,22,398
3060,2021-12-24 18:20:55.456947,,22,398
3061,2021-12-24 18:29:59.781306,50.0,3,399
3062,2021-12-24 18:30:05.695760,3.0,4,399
3063,2021-12-24 19:10:34.441754,3.0,4,282
3064,2021-12-24 19:36:29.388201,50.0,3,401
3065,2021-12-24 19:37:32.681976,3.0,4,401
3066,2021-12-24 19:43:44.913862,35.0,23,401
3067,2021-12-25 05:04:16.817884,3.0,4,244
3068,2021-12-25 05:25:55.648435,5.0,22,244
3069,2021-12-25 06:07:33.313851,50.0,3,402
3070,2021-12-25 06:08:21.874480,3.0,4,402
3071,2021-12-25 07:23:20.145565,3.0,4,282
3072,2021-12-25 09:45:37.675715,3.0,4,222
3073,2021-12-25 13:47:53.249867,3.0,4,101
3074,2021-12-25 14:57:11.243623,50.0,3,403
3075,2021-12-25 14:57:29.678973,3.0,4,403
3076,2021-12-25 14:59:41.117573,3.0,4,279
3077,2021-12-25 15:38:54.969308,5.0,22,403
3078,2021-12-25 15:38:54.985512,,22,403
3079,2021-12-25 16:06:39.158265,5.0,22,403
3080,2021-12-25 17:38:19.835725,5.0,22,101
3081,2021-12-25 17:53:20.545606,5.0,22,101
3082,2021-12-25 18:33:31.356452,5.0,22,101
3083,2021-12-25 19:05:11.306417,5.0,22,101
3084,2021-12-25 19:39:48.785514,5.0,22,101
3085,2021-12-25 21:19:41.085785,3.0,4,186
3086,2021-12-25 21:33:59.080248,35.0,23,101
3087,2021-12-25 21:37:48.538397,5.0,22,186
3088,2021-12-25 22:43:24.233651,10.0,22,101
3089,2021-12-25 22:56:59.531974,10.0,22,101
3090,2021-12-25 23:04:14.723713,5.0,22,101
3091,2021-12-25 23:06:49.517703,45.0,23,101
3092,2021-12-25 23:11:26.655730,10.0,22,101
3093,2021-12-25 23:12:05.269032,45.0,23,101
3094,2021-12-25 23:16:53.839552,10.0,22,101
3095,2021-12-26 06:42:07.048167,3.0,4,282
3096,2021-12-26 07:30:26.719461,5.0,22,282
3097,2021-12-26 08:56:33.483403,3.0,4,279
3098,2021-12-26 08:56:33.501054,30.0,5,279
3099,2021-12-26 09:38:30.694441,3.0,4,139
3100,2021-12-26 10:11:30.627786,3.0,4,158
3101,2021-12-26 10:43:20.746158,3.0,4,316
3102,2021-12-26 11:11:17.814364,3.0,4,72
3103,2021-12-26 11:11:28.345716,10.0,25,72
3104,2021-12-26 11:23:26.852015,50.0,3,404
3105,2021-12-26 11:23:46.082474,3.0,4,404
3106,2021-12-26 11:35:27.336338,45.0,23,72
3107,2021-12-26 11:35:53.482192,3.0,4,157
3108,2021-12-26 12:05:34.412179,3.0,4,271
3109,2021-12-26 12:30:52.859495,3.0,4,222
3110,2021-12-26 13:14:44.481758,5.0,22,222
3111,2021-12-26 13:18:19.358374,3.0,4,330
3112,2021-12-26 13:33:20.932729,45.0,23,139
3113,2021-12-26 13:40:39.207953,5.0,22,139
3114,2021-12-26 14:36:51.114494,5.0,22,139
3115,2021-12-26 15:10:18.908157,3.0,4,232
3116,2021-12-26 15:23:23.232909,0.0,27,232
3117,2021-12-26 16:18:14.388173,3.0,4,345
3118,2021-12-26 16:18:14.402859,30.0,5,345
3119,2021-12-26 16:37:38.573020,50.0,3,405
3120,2021-12-26 16:37:51.672735,3.0,4,405
3121,2021-12-26 16:39:04.534453,10.0,25,405
3122,2021-12-26 16:43:11.945681,3.0,4,363
3123,2021-12-26 16:52:14.480443,3.0,4,105
3124,2021-12-26 18:27:11.377992,3.0,4,101
3125,2021-12-26 20:58:00.103987,5.0,22,101
3126,2021-12-26 21:03:54.292393,3.0,4,257
3127,2021-12-26 21:04:08.318520,3.0,4,140
3128,2021-12-26 21:27:34.983231,10.0,22,101
3129,2021-12-26 21:29:04.120642,55.0,23,101
3130,2021-12-26 21:38:00.853499,20.0,22,101
3131,2021-12-26 22:05:20.957447,10.0,25,101
3132,2021-12-26 22:33:12.507308,10.0,22,101
3133,2021-12-26 22:33:12.538501,200.0,10,101
3134,2021-12-27 04:18:12.754588,3.0,4,282
3135,2021-12-27 05:31:58.267368,3.0,4,279
3136,2021-12-27 07:25:30.679810,3.0,4,63
3137,2021-12-27 07:27:06.689421,0.0,22,279
3138,2021-12-27 07:52:46.165568,0.0,22,279
3139,2021-12-27 08:05:02.433180,3.0,4,241
3140,2021-12-27 08:19:01.027972,0.0,22,279
3141,2021-12-27 08:41:22.449404,0.0,22,279
3142,2021-12-27 09:40:47.367083,3.0,4,73
3143,2021-12-27 09:50:19.479239,3.0,4,101
3144,2021-12-27 10:37:28.613350,3.0,4,300
3145,2021-12-27 13:00:03.873117,0.0,22,279
3146,2021-12-27 15:03:09.922595,3.0,4,206
3147,2021-12-27 15:12:26.283171,3.0,4,391
3148,2021-12-27 15:25:37.118681,10.0,25,206
3149,2021-12-27 15:26:28.298924,3.0,4,403
3150,2021-12-27 15:29:09.674386,5.0,22,206
3151,2021-12-27 15:45:52.020659,5.0,22,403
3152,2021-12-27 15:48:09.009769,10.0,22,206
3153,2021-12-27 15:48:14.632064,10.0,25,206
3154,2021-12-27 16:02:17.132584,0.0,22,391
3155,2021-12-27 16:05:18.675767,0.0,22,391
3156,2021-12-27 16:12:38.989482,0.0,22,391
3157,2021-12-27 16:41:17.679783,5.0,22,403
3158,2021-12-27 19:06:03.594761,3.0,4,186
3159,2021-12-27 19:13:43.860848,3.0,4,222
3160,2021-12-27 19:39:07.204486,3.0,4,157
3161,2021-12-27 21:47:30.203304,3.0,4,405
3162,2021-12-28 05:15:03.581913,3.0,4,279
3163,2021-12-28 06:15:36.257520,3.0,4,282
3164,2021-12-28 08:21:50.291834,3.0,4,363
3165,2021-12-28 10:02:44.820826,3.0,4,97
3166,2021-12-28 11:11:31.750940,5.0,22,363
3167,2021-12-28 11:13:34.370285,0.0,22,279
3168,2021-12-28 11:14:04.231285,5.0,22,363
3169,2021-12-28 11:15:25.225846,3.0,4,391
3170,2021-12-28 11:15:28.402551,0.0,22,391
3171,2021-12-28 11:17:05.786942,5.0,22,363
3172,2021-12-28 11:17:07.456362,0.0,22,391
3173,2021-12-28 11:19:56.210339,5.0,22,363
3174,2021-12-28 11:22:50.878419,0.0,22,391
3175,2021-12-28 11:23:10.042850,5.0,22,363
3176,2021-12-28 11:23:10.059009,100.0,9,363
3177,2021-12-28 11:28:03.577899,5.0,22,363
3178,2021-12-28 11:28:49.174676,0.0,22,391
3179,2021-12-28 11:31:02.274129,10.0,22,363
3180,2021-12-28 11:39:59.737407,0.0,22,279
3181,2021-12-28 12:38:46.330361,3.0,4,241
3182,2021-12-28 14:26:27.182290,3.0,4,170
3183,2021-12-28 14:59:51.023302,0.0,22,391
3184,2021-12-28 15:25:35.997052,0.0,22,391
3185,2021-12-28 15:26:36.602828,0.0,22,391
3186,2021-12-28 15:26:36.616165,200.0,10,391
3187,2021-12-28 15:27:46.417949,0.0,22,391
3188,2021-12-28 15:33:10.214561,0.0,22,279
3189,2021-12-28 15:33:10.240061,200.0,10,279
3190,2021-12-28 15:34:56.286944,0.0,22,391
3191,2021-12-28 15:35:23.352561,0.0,22,391
3192,2021-12-28 16:59:29.115728,50.0,3,407
3193,2021-12-28 16:59:29.131217,,23,407
3194,2021-12-28 16:59:43.593368,3.0,4,407
3195,2021-12-28 19:12:53.634439,3.0,4,193
3196,2021-12-28 20:13:03.108852,5.0,22,193
3197,2021-12-28 20:13:03.125599,30.0,8,193
3198,2021-12-28 21:06:52.179088,3.0,4,342
3199,2021-12-28 23:04:44.734486,5.0,22,342
3200,2021-12-29 05:19:18.694399,3.0,4,279
3201,2021-12-29 06:23:50.710562,3.0,4,387
3202,2021-12-29 06:25:18.950235,0.0,22,279
3203,2021-12-29 06:42:04.011280,3.0,4,206
3204,2021-12-29 06:44:06.562639,0.0,22,279
3205,2021-12-29 06:55:38.642582,3.0,4,233
3206,2021-12-29 06:59:50.346319,0.0,22,279
3207,2021-12-29 07:20:38.700788,0.0,22,279
3208,2021-12-29 07:25:17.907047,3.0,4,63
3209,2021-12-29 08:13:47.124351,3.0,4,186
3210,2021-12-29 09:25:00.785744,3.0,4,101
3211,2021-12-29 10:20:38.753139,3.0,4,407
3212,2021-12-29 10:21:52.331416,0.0,22,407
3213,2021-12-29 10:21:52.349646,,22,407
3214,2021-12-29 10:26:04.171236,0.0,22,407
3215,2021-12-29 10:27:00.500418,50.0,3,408
3216,2021-12-29 10:27:00.524357,,23,408
3217,2021-12-29 10:27:05.839138,3.0,4,408
3218,2021-12-29 10:32:28.272425,0.0,22,407
3219,2021-12-29 10:51:42.494218,3.0,4,171
3220,2021-12-29 11:00:04.032966,0.0,22,407
3221,2021-12-29 11:01:11.230432,0.0,22,407
3222,2021-12-29 11:01:11.252143,30.0,8,407
3223,2021-12-29 11:06:21.017852,0.0,22,407
3224,2021-12-29 11:18:25.597513,0.0,22,407
3225,2021-12-29 11:19:09.498305,0.0,22,407
3226,2021-12-29 11:25:47.484880,0.0,22,407
3227,2021-12-29 11:27:34.869201,0.0,22,407
3228,2021-12-29 11:27:34.888625,100.0,9,407
3229,2021-12-29 11:36:01.812963,3.0,4,304
3230,2021-12-29 11:37:57.756672,0.0,22,407
3231,2021-12-29 11:38:36.079002,0.0,22,407
3232,2021-12-29 11:40:47.113867,0.0,22,407
3233,2021-12-29 12:25:38.240057,0.0,22,407
3234,2021-12-29 12:47:13.965270,3.0,4,282
3235,2021-12-29 12:47:14.000840,30.0,5,282
3236,2021-12-29 12:58:32.522020,0.0,22,304
3237,2021-12-29 12:58:32.539963,,22,304
3238,2021-12-29 14:25:27.297333,0.0,22,304
3239,2021-12-29 15:08:23.760232,35.0,23,206
3240,2021-12-29 15:19:20.002181,10.0,22,206
3241,2021-12-29 15:24:31.005044,5.0,22,206
3242,2021-12-29 15:58:45.672775,3.0,4,342
3243,2021-12-29 16:07:38.158935,10.0,22,101
3244,2021-12-29 16:32:52.715364,50.0,3,409
3245,2021-12-29 16:33:12.895096,3.0,4,409
3246,2021-12-29 16:42:28.534856,10.0,22,101
3247,2021-12-29 17:02:36.981121,10.0,22,101
3248,2021-12-29 18:44:02.879211,50.0,3,410
3249,2021-12-29 18:44:17.341984,3.0,4,410
3250,2021-12-29 18:48:19.423829,0.0,27,410
3251,2021-12-29 19:08:59.328375,3.0,4,157
3252,2021-12-29 20:18:24.023604,3.0,4,98
3253,2021-12-29 21:03:43.433536,5.0,22,342
3254,2021-12-30 05:16:37.184545,3.0,4,279
3255,2021-12-30 05:25:30.884944,3.0,4,387
3256,2021-12-30 07:07:53.170126,3.0,4,240
3257,2021-12-30 07:26:58.951006,50.0,3,411
3258,2021-12-30 07:26:58.967049,,23,411
3259,2021-12-30 07:27:27.436651,3.0,4,411
3260,2021-12-30 08:02:42.464658,5.0,22,240
3261,2021-12-30 08:19:42.488289,3.0,4,63
3262,2021-12-30 08:28:37.812671,0.0,22,63
3263,2021-12-30 08:31:40.728393,0.0,22,63
3264,2021-12-30 08:33:37.369451,0.0,22,63
3265,2021-12-30 08:34:00.967249,0.0,22,63
3266,2021-12-30 08:34:55.530957,0.0,22,63
3267,2021-12-30 08:35:17.790698,0.0,22,63
3268,2021-12-30 08:36:03.726586,0.0,22,63
3269,2021-12-30 08:36:12.899977,3.0,4,101
3270,2021-12-30 08:36:57.445415,0.0,22,63
3271,2021-12-30 08:37:23.013393,0.0,22,63
3272,2021-12-30 08:38:28.593535,0.0,22,63
3273,2021-12-30 08:45:07.131992,3.0,4,97
3274,2021-12-30 09:12:37.186438,3.0,4,73
3275,2021-12-30 09:33:25.187902,3.0,4,282
3276,2021-12-30 10:42:28.541487,3.0,4,363
3277,2021-12-30 11:02:05.291711,3.0,4,265
3278,2021-12-30 11:25:42.195841,3.0,4,304
3279,2021-12-30 11:34:58.693166,50.0,3,412
3280,2021-12-30 11:36:21.598858,3.0,4,412
3281,2021-12-30 11:40:12.750471,5.0,22,412
3282,2021-12-30 11:40:12.770005,,22,412
3283,2021-12-30 11:56:20.246344,0.0,22,304
3284,2021-12-30 11:56:34.529729,50.0,3,413
3285,2021-12-30 11:56:34.544471,,23,413
3286,2021-12-30 11:56:49.635434,3.0,4,413
3287,2021-12-30 12:01:12.027165,0.0,22,413
3288,2021-12-30 12:01:12.089899,,22,413
3289,2021-12-30 12:02:06.190608,10.0,22,363
3290,2021-12-30 12:04:32.497685,0.0,22,413
3291,2021-12-30 12:07:48.987076,45.0,23,363
3292,2021-12-30 12:22:25.615064,0.0,22,413
3293,2021-12-30 12:24:43.495222,0.0,22,413
3294,2021-12-30 12:25:51.891848,0.0,22,413
3295,2021-12-30 12:25:51.907276,30.0,8,413
3296,2021-12-30 12:33:37.054642,3.0,4,343
3297,2021-12-30 13:01:41.005592,0.0,22,413
3298,2021-12-30 13:09:08.664755,0.0,22,413
3299,2021-12-30 13:16:17.693644,0.0,22,304
3300,2021-12-30 13:19:48.236615,0.0,22,413
3301,2021-12-30 13:24:52.131743,0.0,22,413
3302,2021-12-30 13:29:23.090463,0.0,22,413
3303,2021-12-30 13:29:23.108917,100.0,9,413
3304,2021-12-30 15:06:58.406235,3.0,4,220
3305,2021-12-30 16:20:48.779561,3.0,4,244
3306,2021-12-30 18:14:55.729347,10.0,22,363
3307,2021-12-30 18:21:50.976059,10.0,22,363
3308,2021-12-30 19:20:08.277164,3.0,4,342
3309,2021-12-30 20:08:54.345395,0.0,22,304
3310,2021-12-30 20:08:54.362864,30.0,8,304
3311,2021-12-30 20:37:08.437654,0.0,22,304
3312,2021-12-30 20:44:28.748242,5.0,22,342
3313,2021-12-30 20:44:28.759552,30.0,8,342
3314,2021-12-30 20:54:21.365623,0.0,22,304
3315,2021-12-30 20:59:37.098995,0.0,22,304
3316,2021-12-30 21:13:46.983961,0.0,22,304
3317,2021-12-30 21:54:31.960713,0.0,22,304
3318,2021-12-30 21:54:31.970716,100.0,9,304
3319,2021-12-30 22:00:19.754712,0.0,22,304
3320,2021-12-30 22:18:59.043617,3.0,4,205
3321,2021-12-31 08:16:03.771189,3.0,4,279
3322,2021-12-31 08:21:56.059673,3.0,4,408
3323,2021-12-31 08:30:30.502360,3.0,4,342
3324,2021-12-31 08:49:33.642559,5.0,22,342
3325,2021-12-31 09:17:36.455640,5.0,22,342
3326,2021-12-31 11:43:29.726497,5.0,22,342
3327,2021-12-31 12:10:02.234870,3.0,4,157
3328,2021-12-31 13:59:44.000000,5000.0,19,222
3329,2021-12-31 13:59:56.000000,1500.0,19,282
3330,2021-12-31 14:00:10.000000,500.0,19,244
3331,2021-12-31 15:07:51.705416,3.0,4,407
3332,2021-12-31 15:13:57.493175,0.0,22,407
3333,2021-12-31 15:18:13.938332,0.0,22,407
3334,2021-12-31 16:19:22.176011,3.0,4,234
3335,2021-12-31 17:56:45.238604,3.0,4,244
3336,2021-12-31 18:42:31.161689,0.0,22,279
3337,2021-12-31 19:47:39.141664,0.0,22,279
3338,2021-12-31 20:02:43.264649,0.0,22,279
3339,2021-12-31 20:08:14.117339,0.0,22,279
3340,2021-12-31 23:35:45.474442,5.0,22,342
3341,2022-01-01 00:03:34.558504,3.0,4,342
3342,2022-01-01 00:04:26.552452,5.0,22,342
3343,2022-01-01 00:04:26.591511,100.0,9,342
3344,2022-01-01 00:18:42.623188,5.0,22,342
3345,2022-01-01 00:46:50.095541,5.0,22,342
3346,2022-01-01 08:12:11.654196,3.0,4,279
3347,2022-01-01 11:11:10.244489,0.0,22,279
3348,2022-01-01 11:38:53.405286,5.0,22,342
3349,2022-01-01 12:09:27.734667,5.0,22,342
3350,2022-01-01 12:18:29.323420,0.0,22,279
3351,2022-01-01 12:19:56.476955,0.0,22,279
3352,2022-01-01 13:24:39.756389,50.0,3,414
3353,2022-01-01 13:24:39.770307,,23,414
3354,2022-01-01 13:25:15.224672,3.0,4,414
3355,2022-01-01 14:43:59.619332,3.0,4,407
3356,2022-01-01 15:55:28.362725,5.0,22,342
3357,2022-01-01 16:08:59.060304,5.0,22,342
3358,2022-01-01 17:05:23.909013,3.0,4,138
3359,2022-01-01 17:43:05.930078,10.0,25,342
3360,2022-01-01 17:45:27.960296,5.0,22,342
3361,2022-01-01 17:53:01.287462,3.0,4,148
3362,2022-01-01 18:04:46.057741,3.0,4,222
3363,2022-01-01 18:08:52.663841,0.0,22,222
3364,2022-01-01 18:19:58.375388,0.0,22,222
3365,2022-01-01 18:25:41.737548,5.0,22,342
3366,2022-01-01 18:36:49.778764,3.0,4,304
3367,2022-01-01 19:00:10.966594,0.0,22,304
3368,2022-01-01 19:08:32.952706,0.0,22,304
3369,2022-01-01 19:45:07.305356,0.0,22,304
3370,2022-01-01 19:51:04.247493,0.0,22,304
3371,2022-01-01 19:58:44.975433,0.0,22,304
3372,2022-01-01 20:12:59.603185,35.0,23,342
3373,2022-01-01 20:14:47.576016,5.0,22,342
3374,2022-01-01 20:34:28.760280,0.0,22,222
3375,2022-01-01 20:36:00.442835,0.0,22,222
3376,2022-01-01 20:51:08.075956,0.0,22,222
3377,2022-01-01 21:20:42.285154,0.0,22,222
3378,2022-01-01 21:22:19.072257,0.0,22,222
3379,2022-01-01 21:28:50.624400,0.0,22,222
3380,2022-01-01 21:35:34.897772,0.0,22,222
3381,2022-01-01 21:41:07.607851,0.0,22,222
3382,2022-01-01 21:46:21.318955,0.0,22,222
3383,2022-01-01 21:47:04.863647,30.0,27,222
3384,2022-01-01 21:58:16.556915,0.0,22,304
3385,2022-01-02 06:40:13.116287,3.0,4,282
3386,2022-01-02 07:58:11.156687,3.0,4,387
3387,2022-01-02 08:01:20.253519,3.0,4,222
3388,2022-01-02 08:16:34.055090,3.0,4,279
3389,2022-01-02 08:16:34.068206,30.0,5,279
3390,2022-01-02 08:38:34.087195,3.0,4,101
3391,2022-01-02 08:40:27.585467,20.0,22,101
3392,2022-01-02 11:07:33.866323,3.0,4,138
3393,2022-01-02 11:08:47.791538,5.0,22,138
3394,2022-01-02 11:11:29.769420,50.0,3,415
3395,2022-01-02 11:12:09.138870,3.0,4,415
3396,2022-01-02 11:12:33.595051,10.0,25,415
3397,2022-01-02 11:50:42.697290,3.0,4,363
3398,2022-01-02 12:19:20.529362,5.0,22,363
3399,2022-01-02 12:24:03.849396,50.0,3,416
3400,2022-01-02 12:24:03.865506,,23,416
3401,2022-01-02 12:25:13.671311,3.0,4,416
3402,2022-01-02 12:31:24.990075,0.0,22,416
3403,2022-01-02 12:31:25.010881,,22,416
3404,2022-01-02 12:34:50.533554,0.0,22,416
3405,2022-01-02 12:35:00.833518,10.0,22,363
3406,2022-01-02 12:44:38.787651,0.0,22,416
3407,2022-01-02 12:47:06.131587,0.0,22,416
3408,2022-01-02 12:48:23.671853,0.0,22,416
3409,2022-01-02 12:48:23.683276,30.0,8,416
3410,2022-01-02 12:59:58.742953,0.0,22,416
3411,2022-01-02 13:38:17.549351,3.0,4,354
3412,2022-01-02 14:24:19.549499,3.0,4,342
3413,2022-01-02 14:29:56.315470,50.0,3,417
3414,2022-01-02 14:30:16.860512,3.0,4,417
3415,2022-01-02 14:30:41.004597,30.0,27,417
3416,2022-01-02 14:59:00.466128,5.0,22,342
3417,2022-01-02 16:28:54.238940,10.0,25,342
3418,2022-01-02 16:33:12.899071,5.0,22,342
3419,2022-01-02 18:18:34.834928,5.0,22,101
3420,2022-01-02 18:52:27.468596,5.0,22,101
3421,2022-01-02 19:03:13.788071,3.0,4,408
3422,2022-01-02 19:18:24.148658,3.0,4,258
3423,2022-01-02 21:42:19.523578,5.0,22,101
3424,2022-01-03 00:36:14.395071,3.0,4,342
3425,2022-01-03 00:36:14.409856,30.0,5,342
3426,2022-01-03 00:36:18.168410,5.0,22,342
3427,2022-01-03 06:04:04.310943,3.0,4,265
3428,2022-01-03 06:06:27.259224,0.0,22,265
3429,2022-01-03 06:06:27.270405,,22,265
3430,2022-01-03 06:10:04.673745,0.0,22,265
3431,2022-01-03 08:43:29.830474,3.0,4,279
3432,2022-01-03 09:15:33.427374,5.0,22,342
3433,2022-01-03 09:58:46.370420,3.0,4,244
3434,2022-01-03 10:11:13.879656,50.0,3,418
3435,2022-01-03 10:11:24.489763,3.0,4,418
3436,2022-01-03 10:11:26.902961,0.0,27,418
3437,2022-01-03 11:25:52.896760,3.0,4,193
3438,2022-01-03 12:58:56.085962,50.0,3,420
3439,2022-01-03 12:59:23.304355,3.0,4,420
3440,2022-01-03 15:46:20.136524,3.0,4,416
3441,2022-01-03 17:16:16.378666,3.0,4,304
3442,2022-01-03 17:45:05.994957,0.0,22,416
3443,2022-01-03 18:03:05.410650,0.0,22,416
3444,2022-01-03 18:03:54.614648,3.0,4,282
3445,2022-01-03 18:11:57.533539,0.0,22,304
3446,2022-01-03 18:16:28.020141,0.0,22,416
3447,2022-01-03 18:23:47.729259,0.0,22,416
3448,2022-01-03 18:23:47.747046,100.0,9,416
3449,2022-01-03 18:41:00.816701,0.0,22,304
3450,2022-01-03 20:18:11.761452,3.0,4,126
3451,2022-01-03 21:22:31.443889,3.0,4,186
3452,2022-01-03 21:22:57.280585,3.0,4,408
3453,2022-01-03 21:39:46.443681,0.0,22,304
3454,2022-01-03 22:01:10.511434,0.0,22,304
3455,2022-01-03 22:23:02.252288,0.0,22,304
3456,2022-01-03 22:36:32.477730,50.0,3,421
3457,2022-01-03 22:36:42.136098,3.0,4,421
3458,2022-01-04 06:08:03.969046,3.0,4,138
3459,2022-01-04 08:13:14.279415,50.0,3,422
3460,2022-01-04 08:13:18.306893,3.0,4,422
3461,2022-01-04 09:15:02.545296,3.0,4,345
3462,2022-01-04 09:26:23.460097,3.0,4,279
3463,2022-01-04 09:47:08.677603,3.0,4,387
3464,2022-01-04 09:53:03.272083,3.0,4,286
3465,2022-01-04 09:58:06.000443,0.0,22,286
3466,2022-01-04 09:58:06.034253,,22,286
3467,2022-01-04 09:59:15.568078,0.0,22,286
3468,2022-01-04 10:05:59.493954,0.0,22,286
3469,2022-01-04 10:09:25.719423,0.0,22,286
3470,2022-01-04 10:11:40.770919,0.0,22,286
3471,2022-01-04 10:11:40.794378,30.0,8,286
3472,2022-01-04 10:14:17.691054,0.0,22,286
3473,2022-01-04 10:21:58.190282,0.0,22,286
3474,2022-01-04 10:23:10.421660,0.0,22,286
3475,2022-01-04 10:31:49.862375,0.0,22,286
3476,2022-01-04 10:34:05.938206,0.0,22,286
3477,2022-01-04 10:34:05.957341,100.0,9,286
3478,2022-01-04 10:36:26.489263,0.0,22,286
3479,2022-01-04 10:37:29.639147,0.0,22,286
3480,2022-01-04 10:39:21.053777,10.0,25,422
3481,2022-01-04 10:39:48.321612,5.0,22,422
3482,2022-01-04 10:39:48.343421,,22,422
3483,2022-01-04 10:50:22.513538,0.0,22,286
3484,2022-01-04 10:53:48.773675,0.0,22,286
3485,2022-01-04 10:58:41.319012,0.0,22,286
3486,2022-01-04 11:03:39.605767,0.0,22,286
3487,2022-01-04 11:11:51.931964,0.0,22,286
3488,2022-01-04 11:16:49.859177,3.0,4,157
3489,2022-01-04 11:30:36.012891,3.0,4,242
3490,2022-01-04 11:31:08.940679,50.0,3,423
3491,2022-01-04 11:31:25.985451,3.0,4,423
3492,2022-01-04 11:34:23.475020,10.0,25,423
3493,2022-01-04 11:35:37.303900,35.0,23,423
3494,2022-01-04 11:51:57.650474,3.0,4,73
3495,2022-01-04 12:18:42.567533,5.0,22,242
3496,2022-01-04 12:44:48.604319,3.0,4,421
3497,2022-01-04 12:45:15.741092,0.0,27,421
3498,2022-01-04 13:14:51.567106,10.0,22,421
3499,2022-01-04 13:14:51.583462,,22,421
3500,2022-01-04 13:20:41.595186,0.0,22,286
3501,2022-01-04 13:23:57.587605,10.0,22,421
3502,2022-01-04 13:49:57.715208,50.0,3,424
3503,2022-01-04 13:50:45.450142,3.0,4,424
3504,2022-01-04 14:01:24.996888,0.0,22,286
3505,2022-01-04 14:06:09.947197,3.0,4,304
3506,2022-01-04 14:09:21.508330,0.0,22,286
3507,2022-01-04 14:12:46.843234,0.0,22,286
3508,2022-01-04 14:28:09.222777,0.0,22,286
3509,2022-01-04 15:02:56.696491,3.0,4,365
3510,2022-01-04 15:08:40.372774,3.0,4,416
3511,2022-01-04 16:06:14.708672,0.0,22,304
3512,2022-01-04 16:36:39.551315,0.0,22,416
3513,2022-01-04 16:39:35.934353,3.0,4,132
3514,2022-01-04 16:47:41.889295,0.0,22,416
3515,2022-01-04 17:04:04.973364,0.0,22,416
3516,2022-01-04 17:08:34.019122,0.0,22,416
3517,2022-01-04 17:13:53.018479,0.0,22,416
3518,2022-01-04 17:57:59.534316,10.0,25,157
3519,2022-01-04 17:58:12.027335,5.0,22,157
3520,2022-01-04 17:58:12.041001,100.0,9,157
3521,2022-01-04 17:59:28.864601,5.0,22,157
3522,2022-01-04 18:00:25.724679,5.0,22,157
3523,2022-01-04 18:00:45.984856,10.0,22,157
3524,2022-01-04 18:01:14.624476,10.0,22,157
3525,2022-01-04 18:01:27.319771,15.0,22,157
3526,2022-01-04 18:59:00.664379,3.0,4,342
3527,2022-01-04 19:22:59.016248,3.0,4,101
3528,2022-01-04 19:33:38.390841,50.0,3,425
3529,2022-01-04 19:34:08.247691,3.0,4,425
3530,2022-01-04 19:44:21.834973,10.0,22,101
3531,2022-01-04 19:59:53.623141,15.0,22,101
3532,2022-01-04 20:03:14.833146,3.0,4,140
3533,2022-01-04 20:03:23.457909,3.0,4,257
3534,2022-01-04 20:04:16.834461,5.0,22,101
3535,2022-01-04 20:15:55.951471,10.0,22,101
3536,2022-01-04 20:38:48.296690,0.0,22,304
3537,2022-01-04 20:55:22.113445,0.0,22,304
3538,2022-01-04 20:55:22.168123,200.0,10,304
3539,2022-01-04 21:05:37.662241,5.0,22,342
3540,2022-01-04 21:23:39.379690,0.0,22,304
3541,2022-01-04 21:28:30.333531,0.0,22,304
3542,2022-01-04 21:43:26.839334,10.0,22,342
3543,2022-01-04 21:43:26.862708,200.0,10,342
3544,2022-01-04 22:05:41.912240,0.0,22,304
3545,2022-01-04 22:13:46.847732,0.0,22,304
3546,2022-01-04 23:24:38.564669,10.0,22,342
3547,2022-01-05 00:11:44.780505,3.0,4,342
3548,2022-01-05 00:37:46.878505,15.0,22,342
3549,2022-01-05 05:38:38.689861,3.0,4,211
3550,2022-01-05 06:27:14.517137,3.0,4,387
3551,2022-01-05 07:22:33.890828,3.0,4,416
3552,2022-01-05 07:53:54.189111,3.0,4,157
3553,2022-01-05 08:31:05.269647,3.0,4,140
3554,2022-01-05 09:16:19.482389,3.0,4,286
3555,2022-01-05 09:45:08.106865,0.0,22,286
3556,2022-01-05 09:50:22.621397,50.0,3,426
3557,2022-01-05 09:50:22.636713,,23,426
3558,2022-01-05 09:50:38.690520,3.0,4,426
3559,2022-01-05 09:51:55.089518,0.0,22,286
3560,2022-01-05 09:55:20.667781,0.0,22,426
3561,2022-01-05 09:55:20.682298,,22,426
3562,2022-01-05 10:00:14.839730,0.0,22,286
3563,2022-01-05 10:00:14.876893,200.0,10,286
3564,2022-01-05 10:05:29.072264,0.0,22,286
3565,2022-01-05 10:11:51.687941,0.0,22,286
3566,2022-01-05 10:19:16.733121,3.0,4,391
3567,2022-01-05 10:28:16.538549,0.0,22,391
3568,2022-01-05 10:28:52.492783,0.0,22,391
3569,2022-01-05 10:33:45.901107,0.0,22,286
3570,2022-01-05 10:35:55.516522,0.0,22,426
3571,2022-01-05 10:41:38.725108,0.0,22,286
3572,2022-01-05 10:48:02.036889,3.0,4,101
3573,2022-01-05 10:54:55.593059,5.0,22,101
3574,2022-01-05 10:57:08.058229,5.0,22,101
3575,2022-01-05 11:20:36.936855,5.0,22,101
3576,2022-01-05 11:52:52.466627,10.0,25,211
3577,2022-01-05 11:59:21.201055,55.0,23,211
3578,2022-01-05 12:20:31.585754,10.0,25,211
3579,2022-01-05 12:46:25.162824,3.0,4,97
3580,2022-01-05 13:38:56.236753,3.0,4,411
3581,2022-01-05 13:58:50.375740,0.0,22,411
3582,2022-01-05 13:58:50.406036,,22,411
3583,2022-01-05 14:04:08.173509,0.0,22,411
3584,2022-01-05 14:17:06.257008,0.0,22,411
3585,2022-01-05 14:28:48.958579,3.0,4,257
3586,2022-01-05 14:28:54.341438,0.0,22,411
3587,2022-01-05 14:30:35.521565,0.0,22,411
3588,2022-01-05 14:30:35.540020,30.0,8,411
3589,2022-01-05 14:53:57.600749,50.0,3,427
3590,2022-01-05 14:54:03.440233,3.0,4,427
3591,2022-01-05 15:02:04.041314,0.0,27,211
3592,2022-01-05 15:23:29.227765,10.0,22,427
3593,2022-01-05 15:23:29.243490,,22,427
3594,2022-01-05 15:29:25.903344,0.0,22,411
3595,2022-01-05 15:42:30.930745,0.0,22,411
3596,2022-01-05 16:06:23.227932,0.0,22,416
3597,2022-01-05 16:07:49.669054,0.0,22,411
3598,2022-01-05 16:14:47.306924,0.0,22,411
3599,2022-01-05 16:21:15.111468,0.0,22,411
3600,2022-01-05 16:21:15.140803,100.0,9,411
3601,2022-01-05 16:28:59.792167,0.0,22,411
3602,2022-01-05 16:35:43.769917,35.0,23,342
3603,2022-01-05 16:37:49.551597,5.0,22,342
3604,2022-01-05 16:42:00.249072,0.0,22,411
3605,2022-01-05 16:46:00.095770,0.0,22,416
3606,2022-01-05 16:46:03.802700,50.0,3,428
3607,2022-01-05 16:46:45.993046,3.0,4,428
3608,2022-01-05 16:51:56.090860,0.0,22,411
3609,2022-01-05 16:54:25.577438,0.0,22,411
3610,2022-01-05 17:01:15.816466,0.0,22,411
3611,2022-01-05 17:09:37.288087,0.0,22,411
3612,2022-01-05 18:41:50.259218,0.0,22,416
3613,2022-01-05 19:10:25.897612,0.0,22,416
3614,2022-01-05 19:10:31.967162,50.0,3,431
3615,2022-01-05 19:10:45.430338,3.0,4,431
3616,2022-01-05 19:16:14.828193,50.0,3,432
3617,2022-01-05 19:16:30.140494,3.0,4,432
3618,2022-01-05 19:16:39.957586,35.0,23,342
3619,2022-01-05 19:17:54.796777,5.0,22,342
3620,2022-01-05 19:26:08.658775,3.0,4,408
3621,2022-01-05 19:31:25.127732,3.0,4,354
3622,2022-01-05 19:32:14.395821,0.0,22,416
3623,2022-01-05 19:33:40.280675,10.0,22,432
3624,2022-01-05 19:33:40.290083,,22,432
3625,2022-01-05 20:08:30.085667,0.0,22,416
3626,2022-01-05 20:36:00.327988,0.0,22,416
3627,2022-01-05 21:35:17.471067,50.0,3,433
3628,2022-01-05 21:35:57.959845,3.0,4,433
3629,2022-01-05 21:36:02.147713,0.0,27,433
3630,2022-01-05 21:37:50.617923,5.0,22,342
3631,2022-01-05 21:56:09.539007,5.0,22,342
3632,2022-01-05 22:03:19.471640,5.0,22,101
3633,2022-01-05 22:08:27.217363,5.0,22,101
3634,2022-01-05 22:12:25.575214,35.0,23,342
3635,2022-01-05 22:17:34.282711,5.0,22,342
3636,2022-01-05 22:19:38.270849,10.0,25,101
3637,2022-01-05 22:26:06.681944,20.0,22,101
3638,2022-01-05 23:55:25.381254,5.0,22,427
3639,2022-01-05 23:59:35.034128,10.0,25,427
3640,2022-01-06 00:00:14.748921,20.0,22,427
3641,2022-01-06 00:03:07.471689,5.0,22,427
3642,2022-01-06 00:09:03.915415,3.0,4,342
3643,2022-01-06 00:09:19.524025,10.0,22,342
3644,2022-01-06 00:10:17.672211,3.0,4,427
3645,2022-01-06 03:31:01.930322,3.0,4,387
3646,2022-01-06 10:58:38.194093,3.0,4,73
3647,2022-01-06 11:16:05.006926,3.0,4,282
3648,2022-01-06 11:29:51.868394,3.0,4,101
3649,2022-01-06 11:34:01.045429,10.0,25,101
3650,2022-01-06 11:38:38.592210,5.0,22,101
3651,2022-01-06 11:50:03.521858,3.0,4,256
3652,2022-01-06 12:32:04.359717,50.0,3,434
3653,2022-01-06 12:32:19.899517,3.0,4,434
3654,2022-01-06 13:23:25.898610,3.0,4,140
3655,2022-01-06 13:23:43.543433,50.0,3,436
3656,2022-01-06 13:25:23.113851,3.0,4,436
3657,2022-01-06 13:26:35.860119,10.0,25,436
3658,2022-01-06 13:38:28.400194,3.0,4,170
3659,2022-01-06 13:41:55.197257,50.0,3,437
3660,2022-01-06 13:42:10.572240,3.0,4,437
3661,2022-01-06 13:42:14.558647,10.0,25,437
3662,2022-01-06 13:43:40.146883,10.0,25,437
3663,2022-01-06 14:48:31.581983,3.0,4,408
3664,2022-01-06 16:14:20.542230,3.0,4,428
3665,2022-01-06 17:22:29.421715,3.0,4,416
3666,2022-01-06 17:55:10.878577,0.0,22,416
3667,2022-01-06 18:35:12.829580,0.0,22,416
3668,2022-01-06 19:17:22.937993,0.0,22,416
3669,2022-01-06 19:17:22.954572,200.0,10,416
3670,2022-01-06 19:17:53.527788,3.0,4,105
3671,2022-01-06 19:40:48.613292,0.0,22,416
3672,2022-01-06 19:48:21.975628,0.0,22,416
3673,2022-01-06 20:34:56.300897,0.0,22,416
3674,2022-01-06 21:27:49.969829,3.0,4,425
3675,2022-01-06 21:46:00.418953,10.0,22,101
3676,2022-01-06 21:46:58.010051,35.0,23,101
3677,2022-01-06 21:50:34.350565,10.0,22,101
3678,2022-01-06 23:07:11.088690,30.0,27,427
3679,2022-01-06 23:11:12.639930,30.0,27,427
3680,2022-01-06 23:21:40.510767,5.0,22,427
3681,2022-01-06 23:21:40.523303,30.0,8,427
3682,2022-01-06 23:44:32.244763,10.0,25,427
3683,2022-01-06 23:45:11.583439,5.0,22,427
3684,2022-01-06 23:50:37.795939,10.0,25,427
3685,2022-01-06 23:52:58.673491,10.0,25,427
3686,2022-01-06 23:53:47.539521,5.0,22,427
3687,2022-01-07 09:11:25.536219,50.0,3,438
3688,2022-01-07 09:11:47.278151,3.0,4,438
3689,2022-01-07 09:23:05.838252,5.0,22,438
3690,2022-01-07 09:23:05.859446,,22,438
3691,2022-01-07 09:25:45.019070,5.0,22,438
3692,2022-01-07 09:32:39.162837,10.0,22,438
3693,2022-01-07 09:34:28.325431,45.0,23,438
3694,2022-01-07 09:36:55.519635,10.0,22,438
3695,2022-01-07 13:14:23.581090,3.0,4,427
3696,2022-01-07 13:14:59.296416,10.0,25,427
3697,2022-01-07 13:15:27.651297,30.0,27,427
3698,2022-01-07 13:35:33.038022,5.0,22,427
3699,2022-01-07 13:38:20.057318,5.0,22,427
3700,2022-01-07 13:49:19.780824,10.0,22,427
3701,2022-01-07 13:49:19.802207,100.0,9,427
3702,2022-01-07 13:56:59.043178,3.0,4,158
3703,2022-01-07 14:00:44.370690,3.0,4,342
3704,2022-01-07 14:27:47.058059,5.0,22,158
3705,2022-01-07 14:27:47.073247,100.0,9,158
3706,2022-01-07 14:31:04.690336,5.0,22,342
3707,2022-01-07 14:32:20.200322,10.0,25,342
3708,2022-01-07 14:42:10.853687,3.0,4,187
3709,2022-01-07 15:02:48.616202,5.0,22,187
3710,2022-01-07 15:02:48.635904,,22,187
3711,2022-01-07 15:21:37.282418,3.0,4,425
3712,2022-01-07 15:25:39.431670,10.0,25,342
3713,2022-01-07 15:43:06.995742,3.0,4,354
3714,2022-01-07 17:34:39.491575,50.0,3,439
3715,2022-01-07 17:34:55.711785,3.0,4,439
3716,2022-01-07 17:36:40.919407,3.0,4,416
3717,2022-01-07 17:50:22.717064,0.0,22,416
3718,2022-01-07 18:26:25.873542,3.0,4,206
3719,2022-01-07 19:30:53.240457,0.0,22,416
3720,2022-01-07 19:39:09.988997,0.0,22,416
3721,2022-01-07 20:00:15.861121,0.0,22,416
3722,2022-01-07 20:04:41.401261,0.0,22,416
3723,2022-01-07 20:05:36.417670,50.0,3,440
3724,2022-01-07 20:05:50.581512,3.0,4,440
3725,2022-01-07 20:51:33.833144,0.0,22,416
3726,2022-01-07 21:58:33.822628,20.0,22,342
3727,2022-01-07 21:59:57.933660,10.0,25,342
3728,2022-01-07 22:41:13.104274,3.0,4,101
3729,2022-01-07 22:58:17.887322,5.0,22,101
3730,2022-01-07 23:00:54.833584,5.0,22,101
3731,2022-01-07 23:10:55.632453,10.0,25,101
3732,2022-01-07 23:14:38.946513,5.0,22,101
3733,2022-01-08 10:21:25.469776,3.0,4,101
3734,2022-01-08 10:23:54.479752,5.0,22,101
3735,2022-01-08 10:26:12.833126,50.0,3,441
3736,2022-01-08 10:26:12.847600,,23,441
3737,2022-01-08 10:26:31.035973,3.0,4,441
3738,2022-01-08 10:32:47.837414,0.0,22,441
3739,2022-01-08 10:32:47.857888,,22,441
3740,2022-01-08 10:35:08.667455,0.0,22,441
3741,2022-01-08 10:39:40.384410,5.0,22,101
3742,2022-01-08 10:50:00.000942,3.0,4,425
3743,2022-01-08 10:52:26.351566,30.0,27,425
3744,2022-01-08 10:57:24.849084,10.0,22,101
3745,2022-01-08 11:16:32.102852,0.0,22,441
3746,2022-01-08 11:18:47.778474,0.0,22,441
3747,2022-01-08 11:19:49.409061,0.0,22,441
3748,2022-01-08 11:19:49.421649,30.0,8,441
3749,2022-01-08 11:44:43.591264,0.0,22,441
3750,2022-01-08 12:14:46.626254,3.0,4,157
3751,2022-01-08 13:21:31.000000,5000.0,19,140
3752,2022-01-08 12:39:59.135775,3.0,4,140
3753,2022-01-08 12:45:51.219169,50.0,3,442
3754,2022-01-08 12:45:51.232200,,23,442
3755,2022-01-08 12:46:07.021651,3.0,4,442
3756,2022-01-08 15:08:17.008195,50.0,3,443
3757,2022-01-08 15:08:50.461144,3.0,4,443
3758,2022-01-08 16:11:03.758741,3.0,4,342
3759,2022-01-08 16:30:54.584084,3.0,4,195
3760,2022-01-08 16:45:03.892198,3.0,4,416
3761,2022-01-08 16:45:03.901984,30.0,5,416
3762,2022-01-08 16:46:20.147170,10.0,22,195
3763,2022-01-08 17:16:33.233545,5.0,22,101
3764,2022-01-08 17:24:04.549343,10.0,22,195
3765,2022-01-08 17:24:04.585677,30.0,8,195
3766,2022-01-08 17:38:34.913757,3.0,4,162
3767,2022-01-08 18:09:35.828222,10.0,22,342
3768,2022-01-08 18:10:47.709169,10.0,25,342
3769,2022-01-08 18:44:45.280291,3.0,4,363
3770,2022-01-08 19:20:19.406676,3.0,4,345
3771,2022-01-08 19:23:27.841208,5.0,22,342
3772,2022-01-08 19:33:29.240766,3.0,4,411
3773,2022-01-08 19:43:09.342328,0.0,22,416
3774,2022-01-08 19:47:59.895628,3.0,4,438
3775,2022-01-08 19:49:10.736533,3.0,4,222
3776,2022-01-08 19:51:19.441197,5.0,22,438
3777,2022-01-08 19:51:19.496880,30.0,8,438
3778,2022-01-08 19:52:36.807547,20.0,22,363
3779,2022-01-08 19:53:33.203322,35.0,23,363
3780,2022-01-08 19:58:53.837992,0.0,22,416
3781,2022-01-08 20:01:10.074494,5.0,22,363
3782,2022-01-08 20:06:10.622452,5.0,22,222
3783,2022-01-08 20:40:57.943610,0.0,22,411
3784,2022-01-08 20:58:17.825316,45.0,23,342
3785,2022-01-08 20:58:57.341548,5.0,22,342
3786,2022-01-08 21:05:51.885026,0.0,22,411
3787,2022-01-08 21:13:00.797150,45.0,23,342
3788,2022-01-08 21:13:45.518568,10.0,22,342
3789,2022-01-09 05:27:05.791718,3.0,4,195
3790,2022-01-09 07:50:46.756626,50.0,3,444
3791,2022-01-09 07:50:46.780474,,23,444
3792,2022-01-09 07:51:03.115849,3.0,4,444
3793,2022-01-09 07:54:13.080282,3.0,4,411
3794,2022-01-09 08:15:34.215099,0.0,22,444
3795,2022-01-09 08:15:34.231968,,22,444
3796,2022-01-09 08:21:05.061206,0.0,22,444
3797,2022-01-09 08:28:35.022877,3.0,4,219
3798,2022-01-09 08:34:08.280488,0.0,22,411
3799,2022-01-09 08:34:33.165187,0.0,22,444
3800,2022-01-09 08:38:50.419363,0.0,22,444
3801,2022-01-09 08:39:57.513031,0.0,22,444
3802,2022-01-09 08:39:57.529541,30.0,8,444
3803,2022-01-09 08:50:48.351516,0.0,22,444
3804,2022-01-09 08:55:44.648511,0.0,22,411
3805,2022-01-09 09:06:16.885525,3.0,4,222
3806,2022-01-09 09:21:47.846308,3.0,4,158
3807,2022-01-09 09:22:24.378644,0.0,22,411
3808,2022-01-09 09:32:32.235740,5.0,22,158
3809,2022-01-09 09:49:07.967983,10.0,24,158
3810,2022-01-09 10:05:54.683599,5.0,22,158
3811,2022-01-09 10:11:02.368100,0.0,22,444
3812,2022-01-09 10:16:40.846908,10.0,25,158
3813,2022-01-09 10:31:11.471223,0.0,22,444
3814,2022-01-09 10:39:21.319319,0.0,22,444
3815,2022-01-09 10:43:09.533245,0.0,22,444
3816,2022-01-09 10:43:09.546271,100.0,9,444
3817,2022-01-09 10:49:47.036758,0.0,22,444
3818,2022-01-09 10:56:55.934371,3.0,4,101
3819,2022-01-09 11:00:50.669161,0.0,22,444
3820,2022-01-09 11:14:43.923720,5.0,22,101
3821,2022-01-09 11:31:35.394688,35.0,23,101
3822,2022-01-09 11:32:02.026874,5.0,22,101
3823,2022-01-09 11:34:10.083573,35.0,23,101
3824,2022-01-09 12:03:40.554721,3.0,4,304
3825,2022-01-09 12:18:49.496194,10.0,25,101
3826,2022-01-09 12:19:25.194655,5.0,22,101
3827,2022-01-09 13:20:43.574014,3.0,4,363
3828,2022-01-09 13:21:11.808658,3.0,4,342
3829,2022-01-09 13:22:44.745344,10.0,22,342
3830,2022-01-09 13:29:27.469501,5.0,22,363
3831,2022-01-09 13:29:57.556544,35.0,23,363
3832,2022-01-09 13:31:26.567955,5.0,22,363
3833,2022-01-09 13:46:22.566724,10.0,25,342
3834,2022-01-09 13:49:46.809244,0.0,22,304
3835,2022-01-09 14:10:46.828899,0.0,22,304
3836,2022-01-09 14:26:25.127613,0.0,22,304
3837,2022-01-09 14:37:05.775383,0.0,22,304
3838,2022-01-09 14:40:16.286569,3.0,4,441
3839,2022-01-09 14:53:33.544103,0.0,22,304
3840,2022-01-09 15:03:39.474755,50.0,3,445
3841,2022-01-09 15:04:08.273526,3.0,4,445
3842,2022-01-09 15:55:18.638263,0.0,22,441
3843,2022-01-09 16:00:44.284885,3.0,4,345
3844,2022-01-09 16:07:20.071050,3.0,4,443
3845,2022-01-09 16:19:56.372367,0.0,22,441
3846,2022-01-09 16:44:37.798136,0.0,22,411
3847,2022-01-09 16:58:20.122946,50.0,3,446
3848,2022-01-09 16:58:20.136879,,23,446
3849,2022-01-09 17:00:22.899420,3.0,4,446
3850,2022-01-09 17:22:43.199161,0.0,22,304
3851,2022-01-09 17:27:53.137709,3.0,4,121
3852,2022-01-09 17:28:24.295753,0.0,22,446
3853,2022-01-09 17:28:24.348409,,22,446
3854,2022-01-09 17:32:56.079028,0.0,22,411
3855,2022-01-09 17:33:27.556685,0.0,22,446
3856,2022-01-09 17:39:37.268311,30.0,27,121
3857,2022-01-09 17:41:06.779577,0.0,22,446
3858,2022-01-09 17:43:48.831464,0.0,22,446
3859,2022-01-09 17:48:11.795728,3.0,4,316
3860,2022-01-09 17:51:09.927460,0.0,22,316
3861,2022-01-09 17:53:00.113373,0.0,22,446
3862,2022-01-09 17:53:00.125483,30.0,8,446
3863,2022-01-09 17:53:44.679868,10.0,25,121
3864,2022-01-09 17:54:31.812121,0.0,22,304
3865,2022-01-09 17:55:01.412251,0.0,22,316
3866,2022-01-09 17:57:21.711111,3.0,4,440
3867,2022-01-09 17:57:52.736764,0.0,22,446
3868,2022-01-09 17:58:42.557298,0.0,22,316
3869,2022-01-09 18:05:36.792599,0.0,22,316
3870,2022-01-09 18:07:43.457553,5.0,22,121
3871,2022-01-09 18:07:43.478224,,22,121
3872,2022-01-09 18:12:27.142487,0.0,22,316
3873,2022-01-09 18:13:06.804499,5.0,22,121
3874,2022-01-09 18:19:35.190384,3.0,4,157
3875,2022-01-09 18:23:14.612452,0.0,22,446
3876,2022-01-09 18:34:55.214898,0.0,22,441
3877,2022-01-09 18:42:47.560601,0.0,22,441
3878,2022-01-09 18:42:47.580361,100.0,9,441
3879,2022-01-09 18:44:46.541995,5.0,22,121
3880,2022-01-09 19:02:59.620775,5.0,22,121
3881,2022-01-09 19:16:02.890084,15.0,22,222
3882,2022-01-09 20:35:05.448994,50.0,3,447
3883,2022-01-09 20:35:37.960892,3.0,4,447
3884,2022-01-09 20:39:41.014304,5.0,22,121
3885,2022-01-09 20:39:41.026839,30.0,8,121
3886,2022-01-09 20:54:37.188896,5.0,22,447
3887,2022-01-09 20:54:37.208690,,22,447
3888,2022-01-09 21:04:06.407242,0.0,22,441
3889,2022-01-09 21:05:43.475631,0.0,22,441
3890,2022-01-09 21:10:03.582173,0.0,22,441
3891,2022-01-09 21:14:27.876581,0.0,22,441
3892,2022-01-09 21:15:10.444050,5.0,22,121
3893,2022-01-09 21:18:15.532749,0.0,22,441
3894,2022-01-09 21:20:05.842745,0.0,22,441
3895,2022-01-09 21:38:21.556373,5.0,22,121
3896,2022-01-09 21:42:42.747153,45.0,23,121
3897,2022-01-09 21:43:50.032030,10.0,22,121
3898,2022-01-09 21:44:50.020179,0.0,22,441
3899,2022-01-10 00:14:08.581557,3.0,4,284
3900,2022-01-10 03:18:42.329698,3.0,4,356
3901,2022-01-10 03:26:43.467578,3.0,4,444
3902,2022-01-10 03:47:57.973374,5.0,22,356
3903,2022-01-10 03:47:57.985321,,22,356
3904,2022-01-10 03:48:17.381619,10.0,25,356
3905,2022-01-10 04:29:54.304720,50.0,3,448
3906,2022-01-10 04:30:28.278165,3.0,4,448
3907,2022-01-10 04:51:48.539449,3.0,4,363
3908,2022-01-10 05:39:07.175064,3.0,4,97
3909,2022-01-10 05:50:12.532055,3.0,4,446
3910,2022-01-10 06:53:01.618421,3.0,4,121
3911,2022-01-10 07:19:30.030518,3.0,4,432
3912,2022-01-10 07:22:29.167553,3.0,4,73
3913,2022-01-10 08:05:56.629021,3.0,4,287
3914,2022-01-10 08:28:05.953174,3.0,4,431
3915,2022-01-10 08:44:31.761306,50.0,3,449
3916,2022-01-10 08:44:31.773873,150.0,6,219
3917,2022-01-10 08:44:31.773983,50.0,7,449
3918,2022-01-10 08:44:43.663568,3.0,4,449
3919,2022-01-10 09:09:28.717470,3.0,4,219
3920,2022-01-10 09:40:07.915101,0.0,22,446
3921,2022-01-10 10:16:09.755689,0.0,22,446
3922,2022-01-10 10:20:47.304261,0.0,22,446
3923,2022-01-10 10:20:47.324020,100.0,9,446
3924,2022-01-10 11:39:46.980783,3.0,4,443
3925,2022-01-10 11:48:43.222192,3.0,4,427
3926,2022-01-10 11:49:43.304973,0.0,27,427
3927,2022-01-10 11:55:26.894910,0.0,22,219
3928,2022-01-10 11:57:06.280311,0.0,22,219
3929,2022-01-10 11:57:06.304458,30.0,8,219
3930,2022-01-10 12:19:13.616851,3.0,4,342
3931,2022-01-10 12:19:13.630193,30.0,5,342
3932,2022-01-10 12:24:48.814068,10.0,25,73
3933,2022-01-10 12:31:46.941028,3.0,4,304
3934,2022-01-10 12:32:02.160227,35.0,23,342
3935,2022-01-10 12:32:45.584687,5.0,22,342
3936,2022-01-10 13:45:35.143833,3.0,4,413
3937,2022-01-10 14:27:39.225209,50.0,3,450
3938,2022-01-10 14:27:56.354979,3.0,4,450
3939,2022-01-10 14:28:28.458907,45.0,23,450
3940,2022-01-10 14:34:24.136124,5.0,22,450
3941,2022-01-10 14:34:24.163238,,22,450
3942,2022-01-10 14:39:35.821500,3.0,4,43
3943,2022-01-10 15:19:23.315358,3.0,4,195
3944,2022-01-10 15:21:59.340050,3.0,4,348
3945,2022-01-10 15:26:08.287741,3.0,4,206
3946,2022-01-10 15:27:22.483407,0.0,22,348
3947,2022-01-10 15:27:22.503099,100.0,9,348
3948,2022-01-10 15:32:29.058724,0.0,22,348
3949,2022-01-10 15:34:04.578763,5.0,22,73
3950,2022-01-10 15:43:40.697699,5.0,22,363
3951,2022-01-10 16:24:15.422235,5.0,22,450
3952,2022-01-10 16:31:34.942908,10.0,22,450
3953,2022-01-10 17:07:42.476601,5.0,22,450
3954,2022-01-10 17:07:54.321074,10.0,25,450
3955,2022-01-10 17:37:05.486743,55.0,23,363
3956,2022-01-10 17:51:52.381027,3.0,4,411
3957,2022-01-10 17:53:44.121439,5.0,22,284
3958,2022-01-10 17:53:44.150491,,22,284
3959,2022-01-10 18:43:21.971276,5.0,22,195
3960,2022-01-10 19:03:04.307824,50.0,3,451
3961,2022-01-10 19:03:15.490393,3.0,4,451
3962,2022-01-10 19:41:42.261569,5.0,22,451
3963,2022-01-10 19:41:42.306911,,22,451
3964,2022-01-10 20:59:31.503473,5.0,22,284
3965,2022-01-10 21:29:49.917516,3.0,4,408
3966,2022-01-10 21:35:28.843457,50.0,3,453
3967,2022-01-10 21:37:12.888584,3.0,4,453
3968,2022-01-10 21:53:53.376155,35.0,23,342
3969,2022-01-10 21:54:34.641252,5.0,22,342
3970,2022-01-10 22:00:31.970194,5.0,22,121
3971,2022-01-10 22:31:37.404498,10.0,25,121
3972,2022-01-10 22:39:55.027418,5.0,22,121
3973,2022-01-10 22:39:55.038307,100.0,9,121
3974,2022-01-10 23:15:46.752629,5.0,22,121
3975,2022-01-10 23:40:35.204336,50.0,3,454
3976,2022-01-10 23:41:00.246707,3.0,4,454
3977,2022-01-10 23:45:35.001035,35.0,23,121
3978,2022-01-10 23:45:45.499187,5.0,22,121
3979,2022-01-11 00:18:19.891618,50.0,3,455
3980,2022-01-11 00:19:01.237343,3.0,4,455
3981,2022-01-11 05:58:37.605425,3.0,4,446
3982,2022-01-11 06:37:05.489992,3.0,4,97
3983,2022-01-11 06:39:09.906111,3.0,4,219
3984,2022-01-11 07:02:19.958875,3.0,4,342
3985,2022-01-11 07:12:43.530092,3.0,4,287
3986,2022-01-11 07:33:22.072880,3.0,4,73
3987,2022-01-11 07:34:39.886772,5.0,22,342
3988,2022-01-11 08:11:08.540484,50.0,3,456
3989,2022-01-11 08:11:28.488016,3.0,4,456
3990,2022-01-11 08:23:23.271409,30.0,27,456
3991,2022-01-11 08:49:28.230776,3.0,4,101
3992,2022-01-11 08:49:28.242892,30.0,5,101
3993,2022-01-11 10:26:41.544091,50.0,3,457
3994,2022-01-11 10:27:18.587226,3.0,4,457
3995,2022-01-11 11:00:00.337700,10.0,22,457
3996,2022-01-11 11:00:00.352686,,22,457
3997,2022-01-11 11:19:06.335862,5.0,22,457
3998,2022-01-11 11:44:14.526597,50.0,3,458
3999,2022-01-11 11:45:01.453242,3.0,4,458
4000,2022-01-11 13:42:31.463173,3.0,4,233
4001,2022-01-11 13:48:11.125148,3.0,4,343
4002,2022-01-11 13:48:26.461001,0.0,22,233
4003,2022-01-11 13:49:08.886945,0.0,22,233
4004,2022-01-11 13:53:17.911355,0.0,22,233
4005,2022-01-11 14:02:34.483713,50.0,3,460
4006,2022-01-11 14:03:09.099537,3.0,4,460
4007,2022-01-11 14:03:25.387291,35.0,23,460
4008,2022-01-11 14:04:30.418254,50.0,3,459
4009,2022-01-11 14:18:12.528413,0.0,22,233
4010,2022-01-11 14:25:26.849602,0.0,22,233
4011,2022-01-11 14:27:38.734921,0.0,22,233
4012,2022-01-11 14:47:12.705681,0.0,22,219
4013,2022-01-11 14:49:39.761552,0.0,22,233
4014,2022-01-11 14:53:28.655877,0.0,22,219
4015,2022-01-11 14:56:40.929173,50.0,3,461
4016,2022-01-11 14:56:53.768368,3.0,4,461
4017,2022-01-11 14:59:04.067122,5.0,22,461
4018,2022-01-11 14:59:04.086813,,22,461
4019,2022-01-11 14:59:52.917119,0.0,22,219
4020,2022-01-11 15:05:38.983137,50.0,3,462
4021,2022-01-11 15:06:16.769381,3.0,4,462
4022,2022-01-11 15:06:46.534539,0.0,22,219
4023,2022-01-11 15:09:18.683279,0.0,22,219
4024,2022-01-11 15:09:18.697480,100.0,9,219
4025,2022-01-11 15:10:28.946546,0.0,22,219
4026,2022-01-11 15:15:57.194501,5.0,22,461
4027,2022-01-11 15:17:38.290929,0.0,22,219
4028,2022-01-11 15:21:07.892252,0.0,22,219
4029,2022-01-11 15:27:05.580513,50.0,3,452
4030,2022-01-11 15:27:17.488358,3.0,4,452
4031,2022-01-11 15:32:34.671281,30.0,27,452
4032,2022-01-11 15:37:42.677900,0.0,22,219
4033,2022-01-11 15:40:52.279910,0.0,22,219
4034,2022-01-11 15:42:17.428790,0.0,22,219
4035,2022-01-11 15:47:12.075671,0.0,22,219
4036,2022-01-11 16:07:18.415522,50.0,3,463
4037,2022-01-11 16:07:33.094288,3.0,4,463
4038,2022-01-11 16:10:46.625759,3.0,4,174
4039,2022-01-11 16:13:53.264260,5.0,22,101
4040,2022-01-11 16:19:15.549691,30.0,27,174
4041,2022-01-11 16:21:13.533582,3.0,4,330
4042,2022-01-11 16:21:28.494212,3.0,4,284
4043,2022-01-11 17:01:24.381704,3.0,4,171
4044,2022-01-11 17:02:00.791847,3.0,4,195
4045,2022-01-11 17:15:47.293535,50.0,3,464
4046,2022-01-11 17:17:01.905906,3.0,4,464
4047,2022-01-11 17:40:30.202514,3.0,4,180
4048,2022-01-11 17:41:04.849087,10.0,22,180
4049,2022-01-11 17:43:10.121371,10.0,22,180
4050,2022-01-11 17:43:40.072472,3.0,4,408
4051,2022-01-11 17:46:40.671108,50.0,3,465
4052,2022-01-11 17:47:14.644429,3.0,4,465
4053,2022-01-11 17:52:03.636534,50.0,3,466
4054,2022-01-11 17:52:03.635573,50.0,3,466
4055,2022-01-11 17:52:08.834638,3.0,4,466
4056,2022-01-11 18:31:31.528022,3.0,4,280
4057,2022-01-11 18:57:18.762955,3.0,4,217
4058,2022-01-11 19:12:21.997851,3.0,4,221
4059,2022-01-11 19:33:16.592125,5.0,22,221
4060,2022-01-11 19:33:16.607057,,22,221
4061,2022-01-11 19:54:35.941634,3.0,4,159
4062,2022-01-11 20:28:08.330550,3.0,4,327
4063,2022-01-11 20:48:32.582366,5.0,22,327
4064,2022-01-11 20:54:56.302482,5.0,22,327
4065,2022-01-11 21:04:48.620956,10.0,22,327
4066,2022-01-11 21:16:01.363526,3.0,4,420
4067,2022-01-11 21:17:40.339829,30.0,27,420
4068,2022-01-11 21:24:06.079458,0.0,22,330
4069,2022-01-11 21:38:40.501209,3.0,4,121
4070,2022-01-11 21:43:58.766553,5.0,22,121
4071,2022-01-11 21:53:07.403577,0.0,22,330
4072,2022-01-11 22:14:35.378411,5.0,22,121
4073,2022-01-11 22:28:53.829700,0.0,22,330
4074,2022-01-11 22:35:25.816462,0.0,22,330
4075,2022-01-11 22:37:07.282135,5.0,22,121
4076,2022-01-11 22:56:05.163649,0.0,22,330
4077,2022-01-11 23:16:26.626655,5.0,22,121
4078,2022-01-12 00:13:11.398142,3.0,4,121
4079,2022-01-12 05:16:13.827669,50.0,3,468
4080,2022-01-12 05:16:23.451107,50.0,3,467
4081,2022-01-12 05:16:24.515120,3.0,4,468
4082,2022-01-12 05:16:53.765021,3.0,4,467
4083,2022-01-12 06:01:17.255107,3.0,4,97
4084,2022-01-12 06:05:13.163923,5.0,22,97
4085,2022-01-12 06:07:38.204570,3.0,4,282
4086,2022-01-12 06:21:37.049181,3.0,4,233
4087,2022-01-12 06:28:43.371918,5.0,22,97
4088,2022-01-12 06:32:03.117920,3.0,4,446
4089,2022-01-12 06:45:49.712488,3.0,4,427
4090,2022-01-12 06:48:14.112642,10.0,25,427
4091,2022-01-12 06:50:48.493612,5.0,22,97
4092,2022-01-12 07:09:26.141673,3.0,4,213
4093,2022-01-12 07:20:26.319405,3.0,4,73
4094,2022-01-12 07:50:36.673915,0.0,22,233
4095,2022-01-12 08:04:58.797025,10.0,25,73
4096,2022-01-12 08:09:09.774867,0.0,22,233
4097,2022-01-12 08:11:46.136081,10.0,25,73
4098,2022-01-12 08:15:20.991074,0.0,22,233
4099,2022-01-12 08:23:22.478384,3.0,4,219
4100,2022-01-12 08:26:43.079746,0.0,22,233
4101,2022-01-12 08:28:58.505510,3.0,4,222
4102,2022-01-12 08:34:52.229351,35.0,23,73
4103,2022-01-12 08:40:03.603820,50.0,3,469
4104,2022-01-12 08:40:27.879967,3.0,4,469
4105,2022-01-12 08:40:42.479417,30.0,27,469
4106,2022-01-12 08:46:24.609363,10.0,25,73
4107,2022-01-12 08:47:15.897182,10.0,22,73
4108,2022-01-12 08:48:40.623950,45.0,23,73
4109,2022-01-12 08:52:52.739531,10.0,22,73
4110,2022-01-12 08:52:52.749681,30.0,8,73
4111,2022-01-12 09:32:39.352609,3.0,4,348
4112,2022-01-12 09:37:45.236987,0.0,22,348
4113,2022-01-12 10:38:02.000000,100.0,19,284
4114,2022-01-12 10:38:19.000000,100.0,19,101
4115,2022-01-12 10:38:35.000000,200.0,19,222
4116,2022-01-12 10:38:52.000000,600.0,19,342
4117,2022-01-12 09:45:10.208206,0.0,22,348
4118,2022-01-12 09:55:30.328661,3.0,4,465
4119,2022-01-12 09:57:09.759588,0.0,22,348
4120,2022-01-12 10:07:29.224878,50.0,3,470
4121,2022-01-12 10:07:47.023751,3.0,4,470
4122,2022-01-12 10:08:07.225865,0.0,22,348
4123,2022-01-12 10:10:33.321655,5.0,22,470
4124,2022-01-12 10:10:33.341591,,22,470
4125,2022-01-12 10:11:33.108202,45.0,23,470
4126,2022-01-12 10:19:45.485106,5.0,22,470
4127,2022-01-12 10:39:30.879224,5.0,22,470
4128,2022-01-12 10:51:07.202242,50.0,3,471
4129,2022-01-12 10:51:30.934900,3.0,4,471
4130,2022-01-12 11:19:09.617113,5.0,22,470
4131,2022-01-12 11:26:19.501153,50.0,3,472
4132,2022-01-12 11:26:30.615667,3.0,4,472
4133,2022-01-12 11:33:48.362039,50.0,3,473
4134,2022-01-12 11:34:10.738329,3.0,4,473
4135,2022-01-12 11:41:43.500101,50.0,3,474
4136,2022-01-12 11:42:02.668816,3.0,4,474
4137,2022-01-12 11:45:35.522093,50.0,3,475
4138,2022-01-12 11:45:48.924938,3.0,4,475
4139,2022-01-12 11:46:51.973660,35.0,23,475
4140,2022-01-12 11:50:14.773121,10.0,25,475
4141,2022-01-12 12:30:58.030174,3.0,4,284
4142,2022-01-12 13:08:44.990650,50.0,3,476
4143,2022-01-12 13:09:07.918940,3.0,4,476
4144,2022-01-12 13:09:39.367529,0.0,27,476
4145,2022-01-12 13:16:40.603921,50.0,3,477
4146,2022-01-12 13:16:44.272558,3.0,4,477
4147,2022-01-12 13:17:38.765197,0.0,22,348
4148,2022-01-12 13:24:37.807044,0.0,22,348
4149,2022-01-12 13:37:40.137914,5.0,22,477
4150,2022-01-12 13:37:40.166820,,22,477
4151,2022-01-12 14:53:31.386491,50.0,3,479
4152,2022-01-12 14:53:35.958722,3.0,4,479
4153,2022-01-12 14:55:19.428017,30.0,27,479
4154,2022-01-12 16:33:36.961376,50.0,3,480
4155,2022-01-12 16:33:59.405556,3.0,4,480
4156,2022-01-12 16:37:10.543197,3.0,4,246
4157,2022-01-12 16:39:58.370527,50.0,3,481
4158,2022-01-12 16:40:08.424412,3.0,4,481
4159,2022-01-12 16:40:14.674904,10.0,22,480
4160,2022-01-12 16:40:14.711125,,22,480
4161,2022-01-12 16:43:22.707750,10.0,22,481
4162,2022-01-12 16:43:22.717169,,22,481
4163,2022-01-12 16:56:27.511397,3.0,4,316
4164,2022-01-12 16:57:44.830931,3.0,4,123
4165,2022-01-12 17:00:07.354077,3.0,4,411
4166,2022-01-12 17:02:49.405542,0.0,22,316
4167,2022-01-12 17:06:50.602363,0.0,22,316
4168,2022-01-12 17:09:14.360425,0.0,22,316
4169,2022-01-12 17:09:14.411199,200.0,10,316
4170,2022-01-12 17:10:57.769551,0.0,22,316
4171,2022-01-12 17:13:20.617843,0.0,22,316
4172,2022-01-12 17:14:32.537330,0.0,22,316
4173,2022-01-12 17:15:45.868569,0.0,22,316
4174,2022-01-12 17:16:05.484240,10.0,22,480
4175,2022-01-12 17:20:21.773222,3.0,4,141
4176,2022-01-12 17:30:25.599995,0.0,22,411
4177,2022-01-12 17:31:55.279999,10.0,22,141
4178,2022-01-12 17:31:55.305565,,22,141
4179,2022-01-12 17:51:03.708712,50.0,3,482
4180,2022-01-12 17:51:18.290932,3.0,4,482
4181,2022-01-12 17:53:34.401709,3.0,4,320
4182,2022-01-12 17:54:07.062087,0.0,22,411
4183,2022-01-12 17:54:07.106130,200.0,10,411
4184,2022-01-12 17:55:51.638450,3.0,4,158
4185,2022-01-12 17:56:58.177057,10.0,22,482
4186,2022-01-12 17:56:58.188540,,22,482
4187,2022-01-12 18:03:19.116912,3.0,4,177
4188,2022-01-12 18:04:00.700437,10.0,22,158
4189,2022-01-12 18:05:06.159128,0.0,22,320
4190,2022-01-12 18:05:06.181461,,22,320
4191,2022-01-12 18:14:26.275009,0.0,22,320
4192,2022-01-12 18:20:04.366775,5.0,22,480
4193,2022-01-12 18:22:35.189435,10.0,22,482
4194,2022-01-12 18:24:30.807835,0.0,22,320
4195,2022-01-12 18:30:02.857507,0.0,22,411
4196,2022-01-12 18:31:02.687670,3.0,4,280
4197,2022-01-12 18:37:36.954830,0.0,22,320
4198,2022-01-12 18:38:47.670291,0.0,22,320
4199,2022-01-12 18:38:47.687442,30.0,8,320
4200,2022-01-12 18:40:10.681038,5.0,22,480
4201,2022-01-12 18:43:01.380172,0.0,22,320
4202,2022-01-12 18:54:10.872887,10.0,22,177
4203,2022-01-12 18:54:54.008530,50.0,3,483
4204,2022-01-12 18:55:12.896870,3.0,4,483
4205,2022-01-12 18:56:02.137814,50.0,3,484
4206,2022-01-12 19:07:02.011644,10.0,22,177
4207,2022-01-12 19:10:31.761480,5.0,22,477
4208,2022-01-12 19:18:54.701632,45.0,23,477
4209,2022-01-12 19:19:52.958136,3.0,4,195
4210,2022-01-12 19:33:08.685305,5.0,22,195
4211,2022-01-12 19:33:30.103060,10.0,22,477
4212,2022-01-12 19:47:47.482925,3.0,4,342
4213,2022-01-12 19:57:21.443181,3.0,4,484
4214,2022-01-12 20:04:22.220773,5.0,22,484
4215,2022-01-12 20:04:22.231539,,22,484
4216,2022-01-12 20:10:47.259893,5.0,22,484
4217,2022-01-12 20:21:10.763508,5.0,22,342
4218,2022-01-12 20:23:22.702656,5.0,22,342
4219,2022-01-12 20:25:00.425319,15.0,22,123
4220,2022-01-12 20:26:02.929284,35.0,23,342
4221,2022-01-12 20:29:11.605862,50.0,3,485
4222,2022-01-12 20:29:39.486038,3.0,4,485
4223,2022-01-12 20:29:55.848368,5.0,22,342
4224,2022-01-12 21:17:33.855229,3.0,4,221
4225,2022-01-12 21:19:31.644371,15.0,22,177
4226,2022-01-12 21:34:41.535998,3.0,4,330
4227,2022-01-12 22:09:23.717567,50.0,3,486
4228,2022-01-12 22:09:41.182712,3.0,4,486
4229,2022-01-12 22:22:31.244976,5.0,22,484
4230,2022-01-12 22:58:52.562895,10.0,22,486
4231,2022-01-12 22:58:52.575698,,22,486
4232,2022-01-12 23:10:39.168015,50.0,3,487
4233,2022-01-12 23:11:04.632984,3.0,4,487
4234,2022-01-12 23:21:46.125635,5.0,22,486
4235,2022-01-13 02:39:53.002560,50.0,3,488
4236,2022-01-13 02:40:37.136494,3.0,4,488
4237,2022-01-13 02:42:17.693457,45.0,23,488
4238,2022-01-13 03:44:44.228469,3.0,4,320
4239,2022-01-13 04:01:11.107837,5.0,22,488
4240,2022-01-13 04:01:11.115962,,22,488
4241,2022-01-13 06:02:38.287845,3.0,4,452
4242,2022-01-13 06:15:44.506934,3.0,4,246
4243,2022-01-13 06:54:14.967023,3.0,4,468
4244,2022-01-13 07:16:52.050519,3.0,4,73
4245,2022-01-13 07:40:18.895145,3.0,4,222
4246,2022-01-13 07:47:32.198588,50.0,3,489
4247,2022-01-13 07:47:44.985436,3.0,4,489
4248,2022-01-13 07:51:10.771385,50.0,3,490
4249,2022-01-13 07:51:26.497056,3.0,4,490
4250,2022-01-13 07:55:40.388296,10.0,22,490
4251,2022-01-13 07:55:40.410981,,22,490
4252,2022-01-13 08:04:40.881086,50.0,3,491
4253,2022-01-13 08:04:51.189497,3.0,4,491
4254,2022-01-13 08:30:01.143472,3.0,4,477
4255,2022-01-13 08:38:15.893000,3.0,4,486
4256,2022-01-13 09:34:31.799930,3.0,4,276
4257,2022-01-13 09:41:17.287693,50.0,3,493
4258,2022-01-13 09:41:50.516944,3.0,4,493
4259,2022-01-13 09:42:59.208936,3.0,4,363
4260,2022-01-13 09:43:21.954610,5.0,22,363
4261,2022-01-13 09:48:30.192695,50.0,3,494
4262,2022-01-13 09:48:35.858139,3.0,4,494
4263,2022-01-13 09:52:23.966640,10.0,22,494
4264,2022-01-13 09:52:23.975091,,22,494
4265,2022-01-13 10:14:13.691313,3.0,4,221
4266,2022-01-13 10:21:33.034158,3.0,4,256
4267,2022-01-13 10:30:46.619310,3.0,4,427
4268,2022-01-13 10:52:07.534718,10.0,22,494
4269,2022-01-13 11:02:56.464520,10.0,24,477
4270,2022-01-13 11:17:44.417962,3.0,4,241
4271,2022-01-13 11:19:56.585110,50.0,3,496
4272,2022-01-13 11:20:11.145918,3.0,4,496
4273,2022-01-13 11:44:16.247061,0.0,22,320
4274,2022-01-13 11:48:41.572337,3.0,4,170
4275,2022-01-13 11:54:32.680976,5.0,22,477
4276,2022-01-13 11:57:46.635029,50.0,3,498
4277,2022-01-13 11:57:46.645359,,23,498
4278,2022-01-13 11:58:00.563742,3.0,4,498
4279,2022-01-13 12:07:47.300947,10.0,22,241
4280,2022-01-13 12:15:27.614351,5.0,22,477
4281,2022-01-13 12:15:27.625828,30.0,8,477
4282,2022-01-13 12:18:52.027528,3.0,4,219
4283,2022-01-13 12:27:36.184763,10.0,22,496
4284,2022-01-13 12:27:36.204273,,22,496
4285,2022-01-13 12:34:24.389396,3.0,4,471
4286,2022-01-13 12:44:32.802718,10.0,22,241
4287,2022-01-13 12:44:32.822340,30.0,8,241
4288,2022-01-13 13:04:58.919989,3.0,4,446
4289,2022-01-13 14:02:46.232669,45.0,23,477
4290,2022-01-13 14:23:50.679335,50.0,3,499
4291,2022-01-13 14:24:32.294205,3.0,4,499
4292,2022-01-13 14:56:58.336360,5.0,22,477
4293,2022-01-13 15:12:46.290310,3.0,4,466
4294,2022-01-13 15:15:00.688493,3.0,4,480
4295,2022-01-13 15:31:18.749627,50.0,3,500
4296,2022-01-13 15:31:36.173190,3.0,4,500
4297,2022-01-13 15:37:00.255243,3.0,4,63
4298,2022-01-13 15:42:42.880989,10.0,22,496
4299,2022-01-13 15:44:37.034313,10.0,22,500
4300,2022-01-13 15:44:37.044671,,22,500
4301,2022-01-13 15:55:25.736728,3.0,4,348
4302,2022-01-13 16:03:05.391613,3.0,4,195
4303,2022-01-13 16:08:46.249203,10.0,22,500
4304,2022-01-13 16:23:41.217893,0.0,22,320
4305,2022-01-13 16:33:08.735385,0.0,22,320
4306,2022-01-13 16:37:02.799149,0.0,22,320
4307,2022-01-13 16:37:02.941400,100.0,9,320
4308,2022-01-13 17:51:43.000000,100.0,19,241
4309,2022-01-13 17:23:20.646524,0.0,22,320
4310,2022-01-13 18:05:35.723149,0.0,22,320
4311,2022-01-13 18:10:11.321501,5.0,22,477
4312,2022-01-13 18:11:48.345575,0.0,22,320
4313,2022-01-13 18:14:30.157155,0.0,22,320
4314,2022-01-13 18:17:10.864847,0.0,22,320
4315,2022-01-13 18:19:48.649979,0.0,22,320
4316,2022-01-13 18:27:05.856613,0.0,22,320
4317,2022-01-13 18:39:08.200437,50.0,3,502
4318,2022-01-13 18:39:22.853041,50.0,3,501
4319,2022-01-13 18:39:24.446925,3.0,4,502
4320,2022-01-13 18:41:15.153209,3.0,4,501
4321,2022-01-13 18:51:56.493502,10.0,22,502
4322,2022-01-13 18:51:56.501565,,22,502
4323,2022-01-13 18:54:23.006210,3.0,4,483
4324,2022-01-13 19:11:42.357197,30.0,27,501
4325,2022-01-13 19:51:06.745088,3.0,4,342
4326,2022-01-13 19:57:39.618123,3.0,4,121
4327,2022-01-13 20:34:07.049701,5.0,22,121
4328,2022-01-13 20:39:05.461888,10.0,25,342
4329,2022-01-13 20:42:56.133400,45.0,23,363
4330,2022-01-13 20:45:07.331653,5.0,22,363
4331,2022-01-13 20:45:54.247222,45.0,23,363
4332,2022-01-13 20:49:09.961531,10.0,22,363
4333,2022-01-13 20:49:09.971441,200.0,10,363
4334,2022-01-13 20:56:54.422963,10.0,22,363
4335,2022-01-13 20:58:44.619577,35.0,23,363
4336,2022-01-13 21:05:16.220260,5.0,22,363
4337,2022-01-13 21:33:17.109890,50.0,3,503
4338,2022-01-13 21:33:26.602372,3.0,4,503
4339,2022-01-13 23:02:00.829761,50.0,3,504
4340,2022-01-13 23:02:13.338785,3.0,4,504
4341,2022-01-14 00:18:21.844582,3.0,4,121
4342,2022-01-14 00:19:12.326739,5.0,22,121
4343,2022-01-14 00:26:46.545366,50.0,3,505
4344,2022-01-14 00:26:58.000986,3.0,4,505
4345,2022-01-14 00:27:33.109199,35.0,23,505
4346,2022-01-14 03:01:10.376299,3.0,4,488
4347,2022-01-14 03:47:28.309738,3.0,4,490
4348,2022-01-14 05:09:02.997439,3.0,4,363
4349,2022-01-14 05:36:30.230945,3.0,4,477
4350,2022-01-14 05:38:05.356156,50.0,3,506
4351,2022-01-14 05:38:17.177839,3.0,4,506
4352,2022-01-14 05:47:39.048840,5.0,22,477
4353,2022-01-14 05:47:47.748609,10.0,25,477
4354,2022-01-14 05:58:07.888045,5.0,22,477
4355,2022-01-14 06:19:05.543740,5.0,22,477
4356,2022-01-14 06:19:05.562748,100.0,9,477
4357,2022-01-14 06:26:44.216603,5.0,22,477
4358,2022-01-14 06:26:52.504961,10.0,25,477
4359,2022-01-14 06:46:45.971627,50.0,3,507
4360,2022-01-14 06:47:01.755741,3.0,4,507
4361,2022-01-14 06:47:30.095559,35.0,23,507
4362,2022-01-14 06:50:40.063604,10.0,25,477
4363,2022-01-14 06:51:23.627703,10.0,22,477
4364,2022-01-14 06:56:02.543109,3.0,4,496
4365,2022-01-14 07:02:07.233423,3.0,4,446
4366,2022-01-14 07:07:01.457467,3.0,4,195
4367,2022-01-14 07:07:01.470270,30.0,5,195
4368,2022-01-14 07:28:55.999790,35.0,23,506
4369,2022-01-14 07:32:45.198157,3.0,4,413
4370,2022-01-14 07:42:29.696454,3.0,4,141
4371,2022-01-14 07:55:45.753218,3.0,4,73
4372,2022-01-14 08:12:30.442530,10.0,22,141
4373,2022-01-14 08:15:40.152377,50.0,3,508
4374,2022-01-14 08:15:54.252336,3.0,4,508
4375,2022-01-14 08:20:59.711365,5.0,22,508
4376,2022-01-14 08:20:59.722559,,22,508
4377,2022-01-14 08:30:21.678781,5.0,22,488
4378,2022-01-14 08:31:42.793646,10.0,22,73
4379,2022-01-14 09:04:29.711496,5.0,22,477
4380,2022-01-14 09:04:37.830617,3.0,4,342
4381,2022-01-14 09:04:40.595387,10.0,22,342
4382,2022-01-14 09:09:10.018532,5.0,22,477
4383,2022-01-14 09:15:07.398734,10.0,22,342
4384,2022-01-14 09:16:11.058129,3.0,4,486
4385,2022-01-14 09:21:17.539860,50.0,3,510
4386,2022-01-14 09:21:33.536336,3.0,4,510
4387,2022-01-14 10:01:03.113336,5.0,22,477
4388,2022-01-14 10:02:55.701724,5.0,22,363
4389,2022-01-14 10:04:23.034106,35.0,23,363
4390,2022-01-14 10:13:04.148853,5.0,22,477
4391,2022-01-14 10:15:48.104094,10.0,22,342
4392,2022-01-14 10:21:19.763895,5.0,22,477
4393,2022-01-14 10:21:42.198254,50.0,3,511
4394,2022-01-14 10:22:02.395164,3.0,4,511
4395,2022-01-14 10:22:17.414519,30.0,27,511
4396,2022-01-14 10:37:15.189499,5.0,22,477
4397,2022-01-14 10:38:21.739968,5.0,22,477
4398,2022-01-14 10:43:31.720811,10.0,22,511
4399,2022-01-14 10:43:31.730837,,22,511
4400,2022-01-14 10:43:47.098106,3.0,4,501
4401,2022-01-14 10:54:29.774346,10.0,22,511
4402,2022-01-14 11:07:03.080369,15.0,22,511
4403,2022-01-14 11:22:39.974357,5.0,22,511
4404,2022-01-14 11:29:08.745309,5.0,22,511
4405,2022-01-14 11:29:08.755701,30.0,8,511
4406,2022-01-14 11:36:06.612875,3.0,4,320
4407,2022-01-14 11:44:23.665842,3.0,4,269
4408,2022-01-14 11:46:15.910310,10.0,22,342
4409,2022-01-14 12:13:55.957108,25.0,23,342
4410,2022-01-14 12:15:24.637091,30.0,27,511
4411,2022-01-14 12:41:58.530204,5.0,22,342
4412,2022-01-14 12:45:16.469291,25.0,23,342
4413,2022-01-14 12:58:32.405417,3.0,4,219
4414,2022-01-14 13:35:15.020882,50.0,3,513
4415,2022-01-14 13:35:52.478175,0.0,22,269
4416,2022-01-14 13:35:54.999292,3.0,4,513
4417,2022-01-14 13:42:44.578482,15.0,22,73
4418,2022-01-14 13:56:50.370157,45.0,23,513
4419,2022-01-14 14:08:11.602095,50.0,3,514
4420,2022-01-14 14:08:24.208100,3.0,4,514
4421,2022-01-14 14:16:43.095772,50.0,3,515
4422,2022-01-14 14:16:58.080853,3.0,4,515
4423,2022-01-14 14:39:47.346479,50.0,3,516
4424,2022-01-14 14:39:58.691700,3.0,4,516
4425,2022-01-14 15:17:59.614386,3.0,4,394
4426,2022-01-14 15:39:38.784986,50.0,3,519
4427,2022-01-14 15:39:51.558778,3.0,4,519
4428,2022-01-14 15:49:32.164596,5.0,22,515
4429,2022-01-14 15:49:32.179321,,22,515
4430,2022-01-14 15:59:05.077975,3.0,4,482
4431,2022-01-14 16:09:43.301897,5.0,22,515
4432,2022-01-14 16:29:20.932636,10.0,22,342
4433,2022-01-14 16:51:42.332412,3.0,4,494
4434,2022-01-14 17:02:36.500307,3.0,4,107
4435,2022-01-14 17:22:26.667785,10.0,22,494
4436,2022-01-14 17:26:50.098313,10.0,22,107
4437,2022-01-14 17:26:50.119672,,22,107
4438,2022-01-14 17:27:56.868926,45.0,23,107
4439,2022-01-14 17:41:59.802859,3.0,4,262
4440,2022-01-14 17:51:13.332580,3.0,4,440
4441,2022-01-14 17:54:12.937435,3.0,4,158
4442,2022-01-14 18:07:45.198903,3.0,4,421
4443,2022-01-14 18:08:00.553315,50.0,3,520
4444,2022-01-14 18:08:23.051336,3.0,4,520
4445,2022-01-14 18:12:12.048629,50.0,3,521
4446,2022-01-14 18:12:35.198492,3.0,4,521
4447,2022-01-14 18:16:23.399226,3.0,4,97
4448,2022-01-14 18:29:06.086587,3.0,4,350
4449,2022-01-14 18:35:44.060066,3.0,4,330
4450,2022-01-14 18:50:34.340021,10.0,22,350
4451,2022-01-14 18:50:34.359380,,22,350
4452,2022-01-14 19:00:10.084137,5.0,22,350
4453,2022-01-14 19:21:20.816638,5.0,22,350
4454,2022-01-14 19:53:50.369573,10.0,22,521
4455,2022-01-14 19:53:50.384148,,22,521
4456,2022-01-14 19:54:30.753153,3.0,4,365
4457,2022-01-14 20:01:03.569376,3.0,4,240
4458,2022-01-14 20:47:28.062354,10.0,22,521
4459,2022-01-14 20:58:13.472427,5.0,22,521
4460,2022-01-14 21:13:13.093001,5.0,22,521
4461,2022-01-15 00:30:15.256693,50.0,3,523
4462,2022-01-15 00:30:37.773897,3.0,4,523
4463,2022-01-15 00:47:02.553530,10.0,22,523
4464,2022-01-15 00:47:02.566578,,22,523
4465,2022-01-15 02:54:54.463845,50.0,3,524
4466,2022-01-15 02:55:15.700653,3.0,4,524
4467,2022-01-15 03:07:34.479048,3.0,4,211
4468,2022-01-15 05:05:13.100993,50.0,3,525
4469,2022-01-15 05:05:27.188440,3.0,4,525
4470,2022-01-15 05:57:12.745039,3.0,4,507
4471,2022-01-15 06:06:58.426491,50.0,3,526
4472,2022-01-15 06:08:03.571017,3.0,4,526
4473,2022-01-15 06:33:15.908483,50.0,3,527
4474,2022-01-15 06:33:37.870976,3.0,4,527
4475,2022-01-15 06:45:35.296022,5.0,22,527
4476,2022-01-15 06:45:35.305514,,22,527
4477,2022-01-15 07:02:18.062514,3.0,4,128
4478,2022-01-15 07:03:10.687783,50.0,3,529
4479,2022-01-15 07:03:24.574396,3.0,4,529
4480,2022-01-15 07:17:11.835519,5.0,22,529
4481,2022-01-15 07:17:11.844519,,22,529
4482,2022-01-15 07:22:33.599088,50.0,3,531
4483,2022-01-15 07:27:00.393158,3.0,4,165
4484,2022-01-15 08:01:45.739003,3.0,4,486
4485,2022-01-15 08:05:47.277337,3.0,4,195
4486,2022-01-15 08:37:34.128896,50.0,3,533
4487,2022-01-15 08:37:57.276986,3.0,4,533
4488,2022-01-15 09:24:43.589174,50.0,3,534
4489,2022-01-15 09:25:05.317503,3.0,4,534
4490,2022-01-15 09:30:20.871295,10.0,22,534
4491,2022-01-15 09:30:20.879183,,22,534
4492,2022-01-15 09:36:47.607691,50.0,3,535
4493,2022-01-15 10:01:25.856163,50.0,3,537
4494,2022-01-15 10:01:46.967942,3.0,4,537
4495,2022-01-15 10:13:06.679519,3.0,4,157
4496,2022-01-15 10:16:52.046672,15.0,22,534
4497,2022-01-15 10:22:17.816098,10.0,22,534
4498,2022-01-15 10:42:04.222667,3.0,4,320
4499,2022-01-15 10:43:42.624035,50.0,3,541
4500,2022-01-15 10:43:57.724856,3.0,4,541
4501,2022-01-15 11:02:24.824125,3.0,4,482
4502,2022-01-15 11:20:19.335786,50.0,3,542
4503,2022-01-15 11:27:16.771738,3.0,4,542
4504,2022-01-15 11:29:59.725953,3.0,4,158
4505,2022-01-15 11:59:25.885141,3.0,4,502
4506,2022-01-15 12:06:32.538027,5.0,22,537
4507,2022-01-15 12:06:32.548944,,22,537
4508,2022-01-15 12:39:00.948624,5.0,22,537
4509,2022-01-15 12:45:03.628880,3.0,4,363
4510,2022-01-15 12:45:55.725845,5.0,22,363
4511,2022-01-15 12:51:25.240428,5.0,22,363
4512,2022-01-15 12:53:52.958736,5.0,22,363
4513,2022-01-15 12:54:24.372653,35.0,23,363
4514,2022-01-15 12:58:05.471433,5.0,22,363
4515,2022-01-15 12:58:52.491442,5.0,22,363
4516,2022-01-15 13:24:32.638465,3.0,4,342
4517,2022-01-15 13:29:38.017531,5.0,22,342
4518,2022-01-15 13:30:24.092413,3.0,4,425
4519,2022-01-15 13:33:17.171393,5.0,22,363
4520,2022-01-15 13:33:31.100287,35.0,23,363
4521,2022-01-15 13:34:19.703689,5.0,22,363
4522,2022-01-15 13:34:54.576246,35.0,23,363
4523,2022-01-15 13:36:00.914720,5.0,22,363
4524,2022-01-15 13:36:53.599158,5.0,22,363
4525,2022-01-15 13:42:04.096929,5.0,22,363
4526,2022-01-15 13:42:13.478362,45.0,23,363
4527,2022-01-15 13:43:43.179658,5.0,22,363
4528,2022-01-15 13:45:12.371223,5.0,22,363
4529,2022-01-15 13:45:18.541693,50.0,23,363
4530,2022-01-15 13:56:34.164223,50.0,3,543
4531,2022-01-15 13:56:38.166551,5.0,22,342
4532,2022-01-15 13:57:30.283437,10.0,25,342
4533,2022-01-15 13:57:43.280044,3.0,4,543
4534,2022-01-15 14:10:06.244331,5.0,22,342
4535,2022-01-15 14:10:30.479164,50.0,3,544
4536,2022-01-15 14:10:52.750374,3.0,4,544
4537,2022-01-15 14:13:32.936972,10.0,22,363
4538,2022-01-15 14:13:47.352671,35.0,23,363
4539,2022-01-15 14:14:26.644687,5.0,22,363
4540,2022-01-15 14:15:26.619967,5.0,22,363
4541,2022-01-15 14:18:35.832726,5.0,22,363
4542,2022-01-15 14:19:40.543011,5.0,22,363
4543,2022-01-15 14:21:35.714506,5.0,22,363
4544,2022-01-15 14:22:50.240648,3.0,4,477
4545,2022-01-15 14:25:29.761848,10.0,22,544
4546,2022-01-15 14:25:29.771014,,22,544
4547,2022-01-15 14:25:53.980479,5.0,22,342
4548,2022-01-15 14:26:22.940080,5.0,22,363
4549,2022-01-15 14:30:47.257029,3.0,4,177
4550,2022-01-15 14:38:07.477227,5.0,22,363
4551,2022-01-15 14:38:17.050759,35.0,23,363
4552,2022-01-15 14:40:42.839464,5.0,22,363
4553,2022-01-15 15:00:37.747567,5.0,22,342
4554,2022-01-15 15:01:04.648506,10.0,25,342
4555,2022-01-15 15:05:21.565966,3.0,4,284
4556,2022-01-15 15:09:58.241993,5.0,22,342
4557,2022-01-15 15:23:34.051669,3.0,4,345
4558,2022-01-15 15:44:30.470617,10.0,25,342
4559,2022-01-15 15:55:31.726576,50.0,3,545
4560,2022-01-15 15:55:54.095831,3.0,4,545
4561,2022-01-15 16:12:28.344382,5.0,22,545
4562,2022-01-15 16:12:28.357360,,22,545
4563,2022-01-15 16:19:07.326367,5.0,22,545
4564,2022-01-15 16:20:33.136557,5.0,22,342
4565,2022-01-15 16:23:54.450278,3.0,4,467
4566,2022-01-15 16:24:49.209018,10.0,22,545
4567,2022-01-15 16:33:36.058314,10.0,22,545
4568,2022-01-15 16:34:26.749387,3.0,4,501
4569,2022-01-15 16:53:24.742975,5.0,22,342
4570,2022-01-15 16:54:49.746184,10.0,25,342
4571,2022-01-15 17:10:16.867650,50.0,3,546
4572,2022-01-15 17:10:41.999539,3.0,4,546
4573,2022-01-15 17:20:03.784890,5.0,22,363
4574,2022-01-15 17:28:31.173379,10.0,25,342
4575,2022-01-15 17:33:01.383284,5.0,22,342
4576,2022-01-15 17:33:46.265585,3.0,4,447
4577,2022-01-15 17:34:59.232522,3.0,4,520
4578,2022-01-15 17:39:44.636359,5.0,22,363
4579,2022-01-15 17:41:20.022164,50.0,3,547
4580,2022-01-15 17:42:17.766296,3.0,4,547
4581,2022-01-15 17:47:06.112292,5.0,22,545
4582,2022-01-15 17:47:06.124173,30.0,8,545
4583,2022-01-15 17:48:09.114032,5.0,22,520
4584,2022-01-15 17:48:09.129989,,22,520
4585,2022-01-15 18:01:01.935311,3.0,4,504
4586,2022-01-15 18:18:22.984243,5.0,22,342
4587,2022-01-15 18:18:29.686067,10.0,25,342
4588,2022-01-15 18:19:40.112766,10.0,22,545
4589,2022-01-15 18:33:05.773037,50.0,3,549
4590,2022-01-15 18:33:22.346627,3.0,4,549
4591,2022-01-15 18:35:46.165667,5.0,22,520
4592,2022-01-15 18:41:19.705474,5.0,22,363
4593,2022-01-15 18:43:35.717441,10.0,22,549
4594,2022-01-15 18:43:35.740094,,22,549
4595,2022-01-15 18:46:06.285487,10.0,25,342
4596,2022-01-15 18:49:53.597982,50.0,3,548
4597,2022-01-15 18:50:10.163439,3.0,4,548
4598,2022-01-15 18:50:14.895510,5.0,22,342
4599,2022-01-15 18:56:10.135782,45.0,23,363
4600,2022-01-15 19:50:23.965959,3.0,4,490
4601,2022-01-15 20:04:51.566356,3.0,4,246
4602,2022-01-15 20:20:35.414831,5.0,22,363
4603,2022-01-15 20:32:38.451853,10.0,22,363
4604,2022-01-15 20:33:11.828018,55.0,23,363
4605,2022-01-15 20:43:07.630159,10.0,22,363
4606,2022-01-15 20:46:40.519215,5.0,22,363
4607,2022-01-15 21:07:53.178311,10.0,22,549
4608,2022-01-15 21:21:02.792356,10.0,22,549
4609,2022-01-15 21:41:42.364422,5.0,22,549
4610,2022-01-15 21:44:37.494121,10.0,25,549
4611,2022-01-15 22:33:35.852466,10.0,25,549
4612,2022-01-16 00:02:23.407026,3.0,4,121
4613,2022-01-16 00:02:23.416347,30.0,5,121
4614,2022-01-16 02:28:43.844910,3.0,4,524
4615,2022-01-16 06:03:21.054016,3.0,4,363
4616,2022-01-16 07:09:12.314953,3.0,4,222
4617,2022-01-16 07:14:28.469774,50.0,3,550
4618,2022-01-16 07:15:13.506619,3.0,4,550
4619,2022-01-16 07:16:30.862565,5.0,22,363
4620,2022-01-16 07:23:03.439039,3.0,4,515
4621,2022-01-16 07:24:03.920672,5.0,22,363
4622,2022-01-16 07:31:26.327247,50.0,3,551
4623,2022-01-16 07:31:26.349132,,23,551
4624,2022-01-16 07:31:55.808009,3.0,4,551
4625,2022-01-16 07:45:36.473889,0.0,22,551
4626,2022-01-16 07:45:36.484185,,22,551
4627,2022-01-16 07:49:35.560403,0.0,22,551
4628,2022-01-16 07:52:16.947501,3.0,4,195
4629,2022-01-16 08:21:48.061463,50.0,3,552
4630,2022-01-16 08:26:08.018302,0.0,22,551
4631,2022-01-16 08:30:06.191116,0.0,22,551
4632,2022-01-16 08:31:09.132085,3.0,4,276
4633,2022-01-16 08:31:38.069296,0.0,22,551
4634,2022-01-16 08:31:38.078104,30.0,8,551
4635,2022-01-16 08:36:59.001728,0.0,22,551
4636,2022-01-16 08:37:41.248861,5.0,22,363
4637,2022-01-16 08:48:47.408095,0.0,22,551
4638,2022-01-16 08:51:05.388272,0.0,22,551
4639,2022-01-16 08:54:09.476553,3.0,4,194
4640,2022-01-16 08:54:57.304921,0.0,22,551
4641,2022-01-16 08:59:05.290355,0.0,22,551
4642,2022-01-16 08:59:05.299232,100.0,9,551
4643,2022-01-16 09:02:26.531152,0.0,22,551
4644,2022-01-16 09:03:56.699095,0.0,22,551
4645,2022-01-16 09:09:09.386090,0.0,22,551
4646,2022-01-16 09:09:58.156169,10.0,22,363
4647,2022-01-16 09:10:25.630937,55.0,23,363
4648,2022-01-16 09:13:06.199977,0.0,22,551
4649,2022-01-16 09:17:24.773906,0.0,22,551
4650,2022-01-16 09:19:26.680004,10.0,22,363
4651,2022-01-16 09:20:13.099508,0.0,22,551
4652,2022-01-16 09:21:01.194934,3.0,4,158
4653,2022-01-16 09:21:19.136471,35.0,23,158
4654,2022-01-16 09:21:55.928364,5.0,22,158
4655,2022-01-16 09:27:57.615096,3.0,4,269
4656,2022-01-16 09:28:32.970742,0.0,22,551
4657,2022-01-16 09:35:14.936508,0.0,22,269
4658,2022-01-16 10:06:26.136254,3.0,4,320
4659,2022-01-16 10:47:26.618791,3.0,4,219
4660,2022-01-16 10:47:26.625818,30.0,5,219
4661,2022-01-16 10:54:33.660930,3.0,4,494
4662,2022-01-16 10:56:52.635562,5.0,22,494
4663,2022-01-16 10:58:31.984567,5.0,22,494
4664,2022-01-16 10:58:31.995858,30.0,8,494
4665,2022-01-16 11:10:20.099197,3.0,4,470
4666,2022-01-16 11:19:34.690085,10.0,22,494
4667,2022-01-16 11:24:55.860621,3.0,4,552
4668,2022-01-16 11:41:48.322184,50.0,3,554
4669,2022-01-16 11:41:59.755228,3.0,4,554
4670,2022-01-16 11:48:21.775136,5.0,22,470
4671,2022-01-16 11:48:21.792650,30.0,8,470
4672,2022-01-16 11:50:09.623895,5.0,22,554
4673,2022-01-16 11:50:09.635171,,22,554
4674,2022-01-16 12:02:12.964573,3.0,4,282
4675,2022-01-16 12:11:09.130897,3.0,4,548
4676,2022-01-16 12:38:53.387730,3.0,4,541
4677,2022-01-16 12:52:24.080591,3.0,4,101
4678,2022-01-16 13:08:26.663264,45.0,23,101
4679,2022-01-16 13:24:21.448935,3.0,4,447
4680,2022-01-16 13:30:05.469847,10.0,22,101
4681,2022-01-16 14:05:47.589113,3.0,4,545
4682,2022-01-16 14:30:25.508074,3.0,4,342
4683,2022-01-16 14:35:04.425599,5.0,22,342
4684,2022-01-16 14:36:16.979660,50.0,3,555
4685,2022-01-16 14:37:26.269272,3.0,4,555
4686,2022-01-16 14:39:46.559869,5.0,22,342
4687,2022-01-16 15:00:59.214618,3.0,4,543
4688,2022-01-16 15:02:24.588081,5.0,22,342
4689,2022-01-16 15:08:03.765697,35.0,23,195
4690,2022-01-16 15:13:22.407833,3.0,4,490
4691,2022-01-16 15:18:13.896505,10.0,25,342
4692,2022-01-16 15:26:08.951512,50.0,3,556
4693,2022-01-16 15:26:08.962081,,23,556
4694,2022-01-16 15:26:27.972264,3.0,4,556
4695,2022-01-16 15:35:35.006493,5.0,22,342
4696,2022-01-16 15:58:21.947553,5.0,22,195
4697,2022-01-16 16:01:14.456611,10.0,25,342
4698,2022-01-16 16:08:56.197283,3.0,4,486
4699,2022-01-16 16:22:00.773369,0.0,22,556
4700,2022-01-16 16:22:00.805317,,22,556
4701,2022-01-16 16:24:04.766069,10.0,22,543
4702,2022-01-16 16:24:04.781686,,22,543
4703,2022-01-16 16:29:19.078325,0.0,22,556
4704,2022-01-16 16:39:17.555439,10.0,25,470
4705,2022-01-16 16:41:43.001966,0.0,22,556
4706,2022-01-16 16:48:59.451345,0.0,22,556
4707,2022-01-16 16:58:12.689018,0.0,22,556
4708,2022-01-16 16:58:12.721855,30.0,8,556
4709,2022-01-16 17:06:54.754019,5.0,22,342
4710,2022-01-16 17:08:55.211586,0.0,22,556
4711,2022-01-16 17:12:21.432656,50.0,3,558
4712,2022-01-16 17:12:35.108701,3.0,4,558
4713,2022-01-16 17:18:42.490247,50.0,3,559
4714,2022-01-16 17:19:07.958743,3.0,4,559
4715,2022-01-16 17:28:51.652592,10.0,25,342
4716,2022-01-16 17:29:04.635260,50.0,3,560
4717,2022-01-16 17:29:17.978618,3.0,4,560
4718,2022-01-16 17:32:45.167115,50.0,3,561
4719,2022-01-16 17:33:11.644393,3.0,4,561
4720,2022-01-16 17:37:39.419384,5.0,22,558
4721,2022-01-16 17:37:39.430507,,22,558
4722,2022-01-16 17:40:00.358154,5.0,22,342
4723,2022-01-16 18:07:20.693609,10.0,25,342
4724,2022-01-16 18:07:58.699654,3.0,4,330
4725,2022-01-16 18:20:00.727656,5.0,22,342
4726,2022-01-16 18:46:43.452748,10.0,22,560
4727,2022-01-16 18:46:43.463361,,22,560
4728,2022-01-16 19:53:38.244679,3.0,4,549
4729,2022-01-16 19:56:06.287958,50.0,3,563
4730,2022-01-16 19:56:16.555668,3.0,4,563
4731,2022-01-16 20:02:31.020710,10.0,25,342
4732,2022-01-16 20:02:57.653740,5.0,22,549
4733,2022-01-16 20:02:57.666229,30.0,8,549
4734,2022-01-16 20:07:39.928988,10.0,22,342
4735,2022-01-16 20:27:30.803461,10.0,25,549
4736,2022-01-16 21:19:47.564330,50.0,3,565
4737,2022-01-16 21:20:59.290465,3.0,4,565
4738,2022-01-16 21:26:34.825998,10.0,22,549
4739,2022-01-16 21:56:48.960981,50.0,3,564
4740,2022-01-16 21:56:55.772490,3.0,4,564
4741,2022-01-16 21:58:05.863331,100.0,2,342
4742,2022-01-16 22:07:07.019609,10.0,22,564
4743,2022-01-16 22:07:07.030637,,22,564
4744,2022-01-16 22:25:56.594059,10.0,25,549
4745,2022-01-16 22:44:47.093544,10.0,22,564
4746,2022-01-16 22:57:05.091724,3.0,4,257
4747,2022-01-16 22:59:20.143064,0.0,22,257
4748,2022-01-16 22:59:20.156710,,22,257
4749,2022-01-16 23:41:26.053723,15.0,22,564
4750,2022-01-17 00:13:27.906266,3.0,4,342
4751,2022-01-17 00:13:27.916085,30.0,5,342
4752,2022-01-17 00:46:34.077743,10.0,25,342
4753,2022-01-17 01:29:24.413269,10.0,22,342
4754,2022-01-17 01:59:33.004893,10.0,25,342
4755,2022-01-17 02:00:05.808006,20.0,22,342
4756,2022-01-17 02:04:03.374409,3.0,4,43
4757,2022-01-17 02:06:56.113086,3.0,4,501
4758,2022-01-17 02:08:50.152822,45.0,23,342
4759,2022-01-17 02:10:24.702218,20.0,22,342
4760,2022-01-17 03:17:06.637728,10.0,25,342
4761,2022-01-17 03:17:58.025572,3.0,4,490
4762,2022-01-17 03:32:50.756084,10.0,22,342
4763,2022-01-17 03:38:27.801779,3.0,4,488
4764,2022-01-17 03:55:55.260547,50.0,3,566
4765,2022-01-17 03:55:55.270615,,23,566
4766,2022-01-17 03:56:13.790061,3.0,4,566
4767,2022-01-17 04:38:55.265894,50.0,3,567
4768,2022-01-17 04:39:26.951344,3.0,4,567
4769,2022-01-17 04:57:48.595682,3.0,4,543
4770,2022-01-17 04:57:54.775520,0.0,27,543
4771,2022-01-17 06:13:18.134423,50.0,3,568
4772,2022-01-17 06:13:18.148900,,23,568
4773,2022-01-17 06:13:49.484118,3.0,4,491
4774,2022-01-17 06:13:50.767949,50.0,3,569
4775,2022-01-17 06:14:06.049700,3.0,4,569
4776,2022-01-17 06:18:47.691035,3.0,4,548
4777,2022-01-17 06:42:43.241489,3.0,4,568
4778,2022-01-17 07:20:22.359131,3.0,4,556
4779,2022-01-17 07:24:23.094243,3.0,4,515
4780,2022-01-17 07:25:14.331129,5.0,22,515
4781,2022-01-17 07:49:01.741959,3.0,4,486
4782,2022-01-17 08:36:58.758555,3.0,4,73
4783,2022-01-17 08:37:00.559339,0.0,27,73
4784,2022-01-17 09:05:12.872393,3.0,4,132
4785,2022-01-17 09:29:10.742415,0.0,22,556
4786,2022-01-17 09:33:24.200426,50.0,3,570
4787,2022-01-17 09:33:40.585111,3.0,4,570
4788,2022-01-17 09:33:47.974750,10.0,22,132
4789,2022-01-17 09:33:48.020379,30.0,8,132
4790,2022-01-17 09:39:55.927207,3.0,4,219
4791,2022-01-17 09:43:28.892933,5.0,22,570
4792,2022-01-17 09:43:28.910372,,22,570
4793,2022-01-17 09:47:08.132508,5.0,22,570
4794,2022-01-17 09:51:03.347370,3.0,4,494
4795,2022-01-17 09:58:59.373346,5.0,22,494
4796,2022-01-17 09:59:09.395901,50.0,3,571
4797,2022-01-17 09:59:14.972766,3.0,4,571
4798,2022-01-17 10:34:49.932677,3.0,4,526
4799,2022-01-17 10:49:16.500886,10.0,25,568
4800,2022-01-17 10:52:53.756860,0.0,22,566
4801,2022-01-17 10:52:53.773786,,22,566
4802,2022-01-17 10:53:45.852696,10.0,22,132
4803,2022-01-17 10:55:50.906119,50.0,3,572
4804,2022-01-17 10:56:02.204457,3.0,4,572
4805,2022-01-17 11:30:14.399404,10.0,22,572
4806,2022-01-17 11:30:14.430251,,22,572
4807,2022-01-17 11:30:35.051767,15.0,22,132
4808,2022-01-17 11:36:12.770030,3.0,4,452
4809,2022-01-17 11:36:54.637524,10.0,22,570
4810,2022-01-17 12:01:15.547697,5.0,22,572
4811,2022-01-17 13:36:39.373733,3.0,4,483
4812,2022-01-17 13:39:52.046291,3.0,4,446
4813,2022-01-17 13:39:52.055558,30.0,5,446
4814,2022-01-17 13:42:04.411021,3.0,4,121
4815,2022-01-17 14:30:41.255953,3.0,4,503
4816,2022-01-17 14:35:27.813403,50.0,3,574
4817,2022-01-17 14:35:39.759177,3.0,4,574
4818,2022-01-17 14:42:51.882336,3.0,4,360
4819,2022-01-17 14:47:36.338465,10.0,25,574
4820,2022-01-17 15:25:06.535399,10.0,25,490
4821,2022-01-17 15:27:21.136616,5.0,22,490
4822,2022-01-17 15:38:44.532107,3.0,4,195
4823,2022-01-17 15:40:22.144474,10.0,25,490
4824,2022-01-17 15:41:03.147226,5.0,22,490
4825,2022-01-17 15:43:27.321765,5.0,22,490
4826,2022-01-17 15:47:43.969470,3.0,4,470
4827,2022-01-17 15:48:44.800388,35.0,23,470
4828,2022-01-17 15:58:29.768860,3.0,4,356
4829,2022-01-17 16:02:31.800507,5.0,22,490
4830,2022-01-17 16:02:31.817765,30.0,8,490
4831,2022-01-17 16:07:58.272334,5.0,22,515
4832,2022-01-17 16:10:24.416251,3.0,4,549
4833,2022-01-17 16:12:23.676084,10.0,22,356
4834,2022-01-17 16:12:47.575956,10.0,25,356
4835,2022-01-17 16:39:49.801821,3.0,4,411
4836,2022-01-17 16:51:06.973250,50.0,3,578
4837,2022-01-17 16:51:38.140492,3.0,4,578
4838,2022-01-17 16:57:59.163720,10.0,25,578
4839,2022-01-17 17:17:02.175970,0.0,22,411
4840,2022-01-17 17:25:50.494403,3.0,4,280
4841,2022-01-17 17:26:39.275181,0.0,22,411
4842,2022-01-17 17:51:47.490925,3.0,4,447
4843,2022-01-17 17:51:56.080776,10.0,22,342
4844,2022-01-17 17:52:14.687376,10.0,25,342
4845,2022-01-17 18:03:40.727710,50.0,3,579
4846,2022-01-17 18:03:57.587047,3.0,4,579
4847,2022-01-17 18:32:28.197598,5.0,22,515
4848,2022-01-17 18:32:28.209407,30.0,8,515
4849,2022-01-17 18:44:32.639388,20.0,22,342
4850,2022-01-17 18:44:50.353002,10.0,25,342
4851,2022-01-17 19:12:25.446646,50.0,3,580
4852,2022-01-17 19:12:43.654004,3.0,4,580
4853,2022-01-17 19:13:18.371997,30.0,27,580
4854,2022-01-17 19:26:48.564332,50.0,3,581
4855,2022-01-17 19:27:20.741637,3.0,4,581
4856,2022-01-17 19:34:09.968033,3.0,4,558
4857,2022-01-17 19:38:57.527737,0.0,22,556
4858,2022-01-17 19:44:24.651984,0.0,22,556
4859,2022-01-17 19:46:57.365701,3.0,4,559
4860,2022-01-17 19:50:09.456508,0.0,22,556
4861,2022-01-17 19:50:09.491622,100.0,9,556
4862,2022-01-17 19:54:39.478353,0.0,22,556
4863,2022-01-17 19:57:39.505444,0.0,22,556
4864,2022-01-17 20:16:38.311386,0.0,22,556
4865,2022-01-17 20:19:57.661331,3.0,4,564
4866,2022-01-17 20:25:22.948572,5.0,22,564
4867,2022-01-17 20:27:22.041504,0.0,22,556
4868,2022-01-17 20:32:00.219700,5.0,22,564
4869,2022-01-17 20:32:00.232275,30.0,8,564
4870,2022-01-17 20:48:43.190322,45.0,23,564
4871,2022-01-17 20:49:01.047906,10.0,25,342
4872,2022-01-17 20:49:12.282212,20.0,22,342
4873,2022-01-17 20:49:40.148848,20.0,22,564
4874,2022-01-17 20:56:43.411408,20.0,22,564
4875,2022-01-17 21:00:30.651703,50.0,3,582
4876,2022-01-17 21:00:42.847615,3.0,4,582
4877,2022-01-17 21:09:08.868107,3.0,4,157
4878,2022-01-17 21:09:51.888357,10.0,22,342
4879,2022-01-17 21:10:34.228483,10.0,25,342
4880,2022-01-17 21:12:20.366175,50.0,3,583
4881,2022-01-17 21:12:37.756462,3.0,4,583
4882,2022-01-17 21:12:55.533956,5.0,22,582
4883,2022-01-17 21:12:55.546775,,22,582
4884,2022-01-17 21:14:34.461843,20.0,22,564
4885,2022-01-17 21:21:37.113421,10.0,22,452
4886,2022-01-17 21:21:37.124672,,22,452
4887,2022-01-17 21:30:47.954037,10.0,24,549
4888,2022-01-17 21:56:39.545142,5.0,22,549
4889,2022-01-17 22:10:05.002677,30.0,27,549
4890,2022-01-18 03:15:55.322638,3.0,4,488
4891,2022-01-18 04:39:22.184728,3.0,4,195
4892,2022-01-18 04:42:57.616747,3.0,4,566
4893,2022-01-18 04:53:21.562901,0.0,22,566
4894,2022-01-18 05:21:08.527747,0.0,22,566
4895,2022-01-18 05:31:20.701498,50.0,3,584
4896,2022-01-18 05:31:30.942557,3.0,4,584
4897,2022-01-18 05:33:41.004174,3.0,4,515
4898,2022-01-18 05:39:17.163384,0.0,22,566
4899,2022-01-18 05:43:34.060675,0.0,22,566
4900,2022-01-18 05:43:34.070315,30.0,8,566
4901,2022-01-18 05:46:11.667524,0.0,22,566
4902,2022-01-18 05:56:39.579542,10.0,22,584
4903,2022-01-18 05:56:39.589838,,22,584
4904,2022-01-18 06:03:16.262352,5.0,22,584
4905,2022-01-18 06:05:22.335899,5.0,22,584
4906,2022-01-18 06:06:37.950289,3.0,4,276
4907,2022-01-18 06:07:16.466604,5.0,22,584
4908,2022-01-18 06:37:10.170855,5.0,22,584
4909,2022-01-18 06:37:10.183346,30.0,8,584
4910,2022-01-18 06:40:46.433459,5.0,22,584
4911,2022-01-18 06:46:48.743762,50.0,3,585
4912,2022-01-18 06:46:59.346219,3.0,4,585
4913,2022-01-18 06:47:36.428876,0.0,22,566
4914,2022-01-18 06:57:31.261274,10.0,25,584
4915,2022-01-18 06:59:19.268726,5.0,22,584
4916,2022-01-18 07:03:15.263927,0.0,22,566
4917,2022-01-18 07:04:44.945049,3.0,4,446
4918,2022-01-18 07:14:54.234608,0.0,22,566
4919,2022-01-18 07:16:32.228996,5.0,22,584
4920,2022-01-18 07:27:13.486112,10.0,22,585
4921,2022-01-18 07:27:13.531322,,22,585
4922,2022-01-18 07:32:36.784988,5.0,22,584
4923,2022-01-18 07:33:18.364432,0.0,22,566
4924,2022-01-18 07:33:18.377667,100.0,9,566
4925,2022-01-18 07:40:24.523881,5.0,22,584
4926,2022-01-18 07:40:24.537711,100.0,9,584
4927,2022-01-18 07:43:55.778467,5.0,22,584
4928,2022-01-18 07:50:45.588841,3.0,4,486
4929,2022-01-18 07:50:45.598030,30.0,5,486
4930,2022-01-18 07:50:51.666673,5.0,22,584
4931,2022-01-18 07:58:26.571380,5.0,22,584
4932,2022-01-18 08:00:33.447403,5.0,22,584
4933,2022-01-18 08:01:48.367755,0.0,22,566
4934,2022-01-18 08:06:17.874532,10.0,25,584
4935,2022-01-18 08:08:04.800769,5.0,22,584
4936,2022-01-18 08:09:31.082933,50.0,3,586
4937,2022-01-18 08:09:41.549571,3.0,4,586
4938,2022-01-18 08:10:27.643696,45.0,23,586
4939,2022-01-18 08:17:05.435537,10.0,25,584
4940,2022-01-18 08:18:34.486821,5.0,22,584
4941,2022-01-18 08:18:41.422892,3.0,4,342
4942,2022-01-18 08:20:13.943292,45.0,23,342
4943,2022-01-18 08:28:06.621871,5.0,22,584
4944,2022-01-18 08:34:33.807980,5.0,22,584
4945,2022-01-18 08:38:17.447087,5.0,22,342
4946,2022-01-18 08:38:54.448435,3.0,4,63
4947,2022-01-18 08:40:50.115611,35.0,23,342
4948,2022-01-18 08:41:12.279949,10.0,25,584
4949,2022-01-18 08:41:54.488959,5.0,22,584
4950,2022-01-18 08:48:35.444955,5.0,22,342
4951,2022-01-18 08:55:28.996476,5.0,22,586
4952,2022-01-18 08:55:29.014487,,22,586
4953,2022-01-18 08:57:06.131341,50.0,3,587
4954,2022-01-18 08:57:16.100003,3.0,4,587
4955,2022-01-18 09:03:39.555651,3.0,4,158
4956,2022-01-18 09:09:00.583738,5.0,22,587
4957,2022-01-18 09:09:00.616541,,22,587
4958,2022-01-18 09:32:13.756631,45.0,23,342
4959,2022-01-18 09:37:29.490242,15.0,22,585
4960,2022-01-18 09:43:15.128232,3.0,4,551
4961,2022-01-18 09:43:16.042645,5.0,22,342
4962,2022-01-18 09:57:16.444586,45.0,23,342
4963,2022-01-18 10:02:27.234652,5.0,22,342
4964,2022-01-18 10:04:48.720049,0.0,22,551
4965,2022-01-18 10:11:50.447916,45.0,23,342
4966,2022-01-18 10:26:33.837594,50.0,3,588
4967,2022-01-18 10:26:33.847491,,23,588
4968,2022-01-18 10:27:02.465628,3.0,4,588
4969,2022-01-18 10:27:26.154020,5.0,22,342
4970,2022-01-18 10:31:10.437169,0.0,22,551
4971,2022-01-18 10:53:55.740413,0.0,22,551
4972,2022-01-18 11:06:36.843509,0.0,22,551
4973,2022-01-18 11:15:06.024323,0.0,22,551
4974,2022-01-18 11:17:54.300389,3.0,4,589
4975,2022-01-18 11:27:30.104003,3.0,4,360
4976,2022-01-18 11:29:18.206436,50.0,3,590
4977,2022-01-18 11:30:23.113843,3.0,4,590
4978,2022-01-18 11:37:32.030625,3.0,4,73
4979,2022-01-18 11:42:29.345823,0.0,22,360
4980,2022-01-18 11:42:29.360011,,22,360
4981,2022-01-18 11:52:15.070840,0.0,22,360
4982,2022-01-18 12:03:15.018449,3.0,4,397
4983,2022-01-18 12:06:16.791893,3.0,4,416
4984,2022-01-18 12:36:15.575274,50.0,3,592
4985,2022-01-18 12:36:20.079271,3.0,4,592
4986,2022-01-18 12:44:21.985339,30.0,27,592
4987,2022-01-18 13:03:12.908171,3.0,4,548
4988,2022-01-18 13:09:13.032072,50.0,3,593
4989,2022-01-18 13:09:25.980270,3.0,4,593
4990,2022-01-18 13:12:04.101990,3.0,4,583
4991,2022-01-18 13:12:12.274387,3.0,4,494
4992,2022-01-18 13:15:10.771111,10.0,22,494
4993,2022-01-18 13:16:00.075689,50.0,3,594
4994,2022-01-18 13:16:17.015496,3.0,4,594
4995,2022-01-18 13:19:59.468128,5.0,22,494
4996,2022-01-18 13:33:06.490947,10.0,22,583
4997,2022-01-18 13:33:06.501619,,22,583
4998,2022-01-18 13:46:48.997899,5.0,22,586
4999,2022-01-18 13:51:35.205690,5.0,22,583
5000,2022-01-18 13:51:49.261779,3.0,4,581
5001,2022-01-18 13:54:59.124389,10.0,22,581
5002,2022-01-18 13:54:59.137790,,22,581
5003,2022-01-18 14:16:03.691839,3.0,4,580
5004,2022-01-18 14:18:37.957171,35.0,23,342
5005,2022-01-18 14:24:08.844219,3.0,4,363
5006,2022-01-18 14:28:07.680010,50.0,3,595
5007,2022-01-18 14:28:36.450106,3.0,4,595
5008,2022-01-18 14:41:40.203361,10.0,22,342
5009,2022-01-18 14:47:49.727384,35.0,23,342
5010,2022-01-18 14:48:20.707295,10.0,22,581
5011,2022-01-18 14:52:01.855372,10.0,22,595
5012,2022-01-18 14:52:01.865767,,22,595
5013,2022-01-18 14:54:06.960469,3.0,4,490
5014,2022-01-18 14:59:29.200867,50.0,3,596
5015,2022-01-18 14:59:39.560995,3.0,4,596
5016,2022-01-18 15:01:08.492896,10.0,25,490
5017,2022-01-18 15:02:06.051486,5.0,22,490
5018,2022-01-18 15:09:11.940565,10.0,25,490
5019,2022-01-18 15:11:43.101558,5.0,22,490
5020,2022-01-18 15:12:03.121945,10.0,22,342
5021,2022-01-18 15:23:39.427778,3.0,4,520
5022,2022-01-18 15:27:30.773610,10.0,25,490
5023,2022-01-18 15:28:01.354527,5.0,22,490
5024,2022-01-18 15:34:20.470598,3.0,4,508
5025,2022-01-18 15:36:24.873301,15.0,22,581
5026,2022-01-18 15:48:35.905525,3.0,4,570
5027,2022-01-18 15:50:11.933359,3.0,4,222
5028,2022-01-18 15:53:40.602959,5.0,22,570
5029,2022-01-18 15:54:54.088017,35.0,23,570
5030,2022-01-18 16:05:03.674561,3.0,4,330
5031,2022-01-18 16:05:57.720373,5.0,22,570
5032,2022-01-18 16:05:57.727066,30.0,8,570
5033,2022-01-18 16:32:13.465528,10.0,22,586
5034,2022-01-18 16:39:39.213959,10.0,22,596
5035,2022-01-18 16:39:39.223966,,22,596
5036,2022-01-18 16:54:07.421098,5.0,22,581
5037,2022-01-18 16:55:28.752016,50.0,3,597
5038,2022-01-18 16:55:40.537729,3.0,4,597
5039,2022-01-18 16:56:46.632690,5.0,22,581
5040,2022-01-18 16:56:46.641601,30.0,8,581
5041,2022-01-18 17:09:01.804283,5.0,22,597
5042,2022-01-18 17:09:01.817043,,22,597
5043,2022-01-18 17:09:32.306645,5.0,22,581
5044,2022-01-18 17:12:06.105252,10.0,22,596
5045,2022-01-18 17:30:46.205666,3.0,4,556
5046,2022-01-18 17:45:48.184191,50.0,3,598
5047,2022-01-18 17:46:09.304952,3.0,4,598
5048,2022-01-18 17:51:24.988147,50.0,3,599
5049,2022-01-18 17:51:49.168125,3.0,4,599
5050,2022-01-18 17:52:55.992393,0.0,22,556
5051,2022-01-18 17:59:54.293419,3.0,4,582
5052,2022-01-18 18:02:24.739962,5.0,22,582
5053,2022-01-18 18:13:14.795875,10.0,22,582
5054,2022-01-18 18:19:02.614064,10.0,22,582
5055,2022-01-18 18:27:32.313021,3.0,4,574
5056,2022-01-18 18:27:50.361475,5.0,22,581
5057,2022-01-18 18:29:08.027093,3.0,4,502
5058,2022-01-18 18:30:51.694114,0.0,22,556
5059,2022-01-18 18:39:56.968191,5.0,22,582
5060,2022-01-18 18:39:56.983287,30.0,8,582
5061,2022-01-18 18:40:39.507159,45.0,23,582
5062,2022-01-18 18:45:35.263536,10.0,22,502
5063,2022-01-18 18:48:04.195253,5.0,22,582
5064,2022-01-18 18:52:57.507168,35.0,23,342
5065,2022-01-18 18:58:32.225515,0.0,22,556
5066,2022-01-18 18:59:07.559925,10.0,22,342
5067,2022-01-18 19:01:07.885702,5.0,22,582
5068,2022-01-18 19:06:12.177496,35.0,23,342
5069,2022-01-18 19:23:45.186626,10.0,22,342
5070,2022-01-18 19:26:25.421727,50.0,3,600
5071,2022-01-18 19:26:32.121768,3.0,4,600
5072,2022-01-18 19:48:58.340120,10.0,25,600
5073,2022-01-18 19:49:21.116435,45.0,23,600
5074,2022-01-18 19:56:19.125722,15.0,22,586
5075,2022-01-18 20:21:22.201139,50.0,3,553
5076,2022-01-18 20:21:33.639072,3.0,4,553
5077,2022-01-18 20:28:03.550908,10.0,25,581
5078,2022-01-18 20:28:34.938155,5.0,22,581
5079,2022-01-18 20:33:37.807956,10.0,22,553
5080,2022-01-18 20:33:37.817364,,22,553
5081,2022-01-18 20:34:34.473495,5.0,22,581
5082,2022-01-18 20:36:37.990265,50.0,3,602
5083,2022-01-18 20:36:46.678727,3.0,4,602
5084,2022-01-18 20:39:16.188468,35.0,23,342
5085,2022-01-18 20:42:17.148423,10.0,25,553
5086,2022-01-18 20:45:07.680684,5.0,22,553
5087,2022-01-18 20:47:00.925675,10.0,25,581
5088,2022-01-18 20:49:15.814070,5.0,22,581
5089,2022-01-18 20:49:15.825964,100.0,9,581
5090,2022-01-18 21:00:22.468662,10.0,25,581
5091,2022-01-18 21:01:19.872310,50.0,3,603
5092,2022-01-18 21:01:42.630253,3.0,4,603
5093,2022-01-18 21:03:55.158875,5.0,22,581
5094,2022-01-18 21:08:13.023450,10.0,25,581
5095,2022-01-18 21:09:53.471696,5.0,22,581
5096,2022-01-18 21:10:34.782850,10.0,22,342
5097,2022-01-18 21:13:27.167469,10.0,22,603
5098,2022-01-18 21:13:27.188337,,22,603
5099,2022-01-18 21:20:54.230388,5.0,22,603
5100,2022-01-18 21:23:05.395035,3.0,4,559
5101,2022-01-18 21:27:21.639434,45.0,23,342
5102,2022-01-18 21:31:20.868946,10.0,22,600
5103,2022-01-18 21:31:20.882469,,22,600
5104,2022-01-18 21:36:06.165344,5.0,22,600
5105,2022-01-18 21:38:12.110664,5.0,22,600
5106,2022-01-18 21:44:27.354757,5.0,22,600
5107,2022-01-18 21:48:34.219622,5.0,22,600
5108,2022-01-18 21:48:34.243543,30.0,8,600
5109,2022-01-18 21:52:40.288241,5.0,22,600
5110,2022-01-18 21:54:03.613479,10.0,22,342
5111,2022-01-18 22:01:30.243670,3.0,4,386
5112,2022-01-18 22:10:15.652168,10.0,22,386
5113,2022-01-18 22:10:15.665470,,22,386
5114,2022-01-18 22:40:12.149780,5.0,22,600
5115,2022-01-18 22:42:57.483451,5.0,22,600
5116,2022-01-18 22:46:38.612458,5.0,22,600
5117,2022-01-18 22:53:25.686197,5.0,22,600
5118,2022-01-18 22:53:25.697385,100.0,9,600
5119,2022-01-19 04:19:03.438526,50.0,3,606
5120,2022-01-19 04:19:23.797219,50.0,3,604
5121,2022-01-19 04:19:33.606201,3.0,4,604
5122,2022-01-19 04:19:43.092854,3.0,4,606
5123,2022-01-19 06:00:38.747188,50.0,3,607
5124,2022-01-19 06:01:22.715256,3.0,4,607
5125,2022-01-19 06:06:45.070127,5.0,22,607
5126,2022-01-19 06:06:45.078913,,22,607
5127,2022-01-19 06:11:56.683812,5.0,22,607
5128,2022-01-19 06:18:45.460628,3.0,4,499
5129,2022-01-19 06:50:24.895235,3.0,4,548
5130,2022-01-19 06:52:06.352427,50.0,3,608
5131,2022-01-19 06:52:27.739234,3.0,4,608
5132,2022-01-19 06:57:00.437004,3.0,4,508
5133,2022-01-19 07:00:51.189997,3.0,4,158
5134,2022-01-19 07:01:23.043681,50.0,3,610
5135,2022-01-19 07:01:39.654267,3.0,4,610
5136,2022-01-19 07:02:55.824186,10.0,22,508
5137,2022-01-19 07:23:22.525564,3.0,4,587
5138,2022-01-19 07:39:34.614425,10.0,22,608
5139,2022-01-19 07:39:34.626399,,22,608
5140,2022-01-19 07:47:20.640500,50.0,3,611
5141,2022-01-19 07:47:35.995037,3.0,4,611
5142,2022-01-19 07:48:02.153579,3.0,4,486
5143,2022-01-19 07:57:56.944417,10.0,22,587
5144,2022-01-19 07:59:35.577215,3.0,4,446
5145,2022-01-19 07:59:52.043595,10.0,22,608
5146,2022-01-19 08:06:41.181134,10.0,22,610
5147,2022-01-19 08:06:41.208523,,22,610
5148,2022-01-19 08:14:31.300617,10.0,22,610
5149,2022-01-19 08:16:21.525390,5.0,22,611
5150,2022-01-19 08:16:21.540539,,22,611
5151,2022-01-19 08:18:23.619504,5.0,22,611
5152,2022-01-19 08:23:45.222854,5.0,22,610
5153,2022-01-19 08:24:39.529629,10.0,22,611
5154,2022-01-19 08:32:41.694320,3.0,4,509
5155,2022-01-19 08:36:10.800982,5.0,22,509
5156,2022-01-19 08:36:10.818307,,22,509
5157,2022-01-19 08:42:58.661917,5.0,22,611
5158,2022-01-19 08:43:07.208642,10.0,25,610
5159,2022-01-19 08:44:06.457855,5.0,22,610
5160,2022-01-19 08:49:37.850520,5.0,22,611
5161,2022-01-19 08:49:37.866903,30.0,8,611
5162,2022-01-19 08:50:15.083177,30.0,27,610
5163,2022-01-19 08:50:15.129412,5.0,22,509
5164,2022-01-19 08:57:29.189628,3.0,4,342
5165,2022-01-19 08:59:37.496073,3.0,4,590
5166,2022-01-19 09:00:24.973576,45.0,23,342
5167,2022-01-19 09:07:49.025513,50.0,3,612
5168,2022-01-19 09:07:59.693605,3.0,4,612
5169,2022-01-19 09:08:09.158980,3.0,4,73
5170,2022-01-19 09:08:32.510688,3.0,4,43
5171,2022-01-19 09:17:31.725711,3.0,4,90
5172,2022-01-19 09:18:40.819776,15.0,22,608
5173,2022-01-19 09:19:25.813676,3.0,4,50
5174,2022-01-19 09:21:26.320306,10.0,22,342
5175,2022-01-19 09:37:59.945615,45.0,23,342
5176,2022-01-19 09:40:01.014890,3.0,4,596
5177,2022-01-19 09:52:56.703466,5.0,22,509
5178,2022-01-19 09:57:10.195447,10.0,22,342
5179,2022-01-19 10:02:56.888043,50.0,3,613
5180,2022-01-19 10:03:17.323975,3.0,4,613
5181,2022-01-19 10:04:31.735487,10.0,22,613
5182,2022-01-19 10:04:31.743033,,22,613
5183,2022-01-19 10:07:19.583670,3.0,4,603
5184,2022-01-19 10:07:39.504786,55.0,23,342
5185,2022-01-19 10:14:16.011278,10.0,22,509
5186,2022-01-19 10:30:02.982955,55.0,23,342
5187,2022-01-19 10:50:29.906111,5.0,22,509
5188,2022-01-19 10:50:29.915672,30.0,8,509
5189,2022-01-19 10:53:31.002685,5.0,22,509
5190,2022-01-19 10:53:33.933868,10.0,22,608
5191,2022-01-19 11:09:57.639711,50.0,3,614
5192,2022-01-19 11:10:12.357925,3.0,4,614
5193,2022-01-19 11:13:03.750498,3.0,4,570
5194,2022-01-19 11:26:30.451696,3.0,4,553
5195,2022-01-19 12:09:42.668745,20.0,22,342
5196,2022-01-19 12:26:42.707677,50.0,3,616
5197,2022-01-19 12:26:55.333992,3.0,4,616
5198,2022-01-19 12:37:26.647857,5.0,22,616
5199,2022-01-19 12:37:26.692789,,22,616
5200,2022-01-19 12:40:42.134565,3.0,4,296
5201,2022-01-19 12:43:59.726725,3.0,4,487
5202,2022-01-19 12:49:11.673251,10.0,22,616
5203,2022-01-19 12:55:06.129995,3.0,4,568
5204,2022-01-19 13:02:07.863487,3.0,4,416
5205,2022-01-19 13:06:36.217780,0.0,22,568
5206,2022-01-19 13:06:36.225663,,22,568
5207,2022-01-19 13:06:59.955064,5.0,22,553
5208,2022-01-19 13:09:40.167554,0.0,22,568
5209,2022-01-19 13:17:29.188347,3.0,4,494
5210,2022-01-19 13:29:59.070379,10.0,25,608
5211,2022-01-19 13:31:09.972061,3.0,4,275
5212,2022-01-19 13:31:55.157207,0.0,27,73
5213,2022-01-19 13:32:10.237064,0.0,27,73
5214,2022-01-19 13:36:35.152432,55.0,23,73
5215,2022-01-19 13:36:45.197527,10.0,22,73
5216,2022-01-19 13:49:46.501479,0.0,22,568
5217,2022-01-19 13:50:42.931873,0.0,22,568
5218,2022-01-19 13:55:49.150147,0.0,22,568
5219,2022-01-19 13:55:49.169431,30.0,8,568
5220,2022-01-19 14:21:59.912993,50.0,3,617
5221,2022-01-19 14:23:32.791210,0.0,22,568
5222,2022-01-19 14:24:24.182752,3.0,4,617
5223,2022-01-19 14:26:59.883688,5.0,22,494
5224,2022-01-19 14:26:59.892398,100.0,9,494
5225,2022-01-19 14:29:56.114488,0.0,22,568
5226,2022-01-19 14:38:05.059956,3.0,4,605
5227,2022-01-19 14:43:07.785007,3.0,4,397
5228,2022-01-19 14:45:33.005679,10.0,25,397
5229,2022-01-19 14:46:21.025748,5.0,22,397
5230,2022-01-19 14:46:21.029042,50.0,3,620
5231,2022-01-19 14:46:21.043281,,22,397
5232,2022-01-19 14:46:21.046364,150.0,6,605
5233,2022-01-19 14:46:21.046440,50.0,7,620
5234,2022-01-19 14:46:35.600838,50.0,3,619
5235,2022-01-19 14:46:35.608521,150.0,6,605
5236,2022-01-19 14:46:35.608590,50.0,7,619
5237,2022-01-19 14:51:49.743591,10.0,22,342
5238,2022-01-19 14:56:57.144877,0.0,22,568
5239,2022-01-19 14:58:57.087253,3.0,4,581
5240,2022-01-19 15:10:16.218421,10.0,22,605
5241,2022-01-19 15:10:16.231198,,22,605
5242,2022-01-19 15:11:08.423474,50.0,3,622
5243,2022-01-19 15:11:37.516415,3.0,4,622
5244,2022-01-19 15:13:18.500510,30.0,27,622
5245,2022-01-19 15:23:05.530888,0.0,22,568
5246,2022-01-19 15:25:53.736781,5.0,22,494
5247,2022-01-19 15:30:41.429188,0.0,22,568
5248,2022-01-19 15:30:41.440289,100.0,9,568
5249,2022-01-19 15:45:54.138186,0.0,22,568
5250,2022-01-19 15:48:52.851414,3.0,4,105
5251,2022-01-19 15:49:57.775690,5.0,22,509
5252,2022-01-19 16:05:45.727167,30.0,27,605
5253,2022-01-19 16:14:44.477192,0.0,22,568
5254,2022-01-19 16:16:06.853143,10.0,22,509
5255,2022-01-19 16:27:13.333221,5.0,22,509
5256,2022-01-19 16:27:34.992100,0.0,22,568
5257,2022-01-19 16:31:42.339759,0.0,22,568
5258,2022-01-19 16:42:45.015343,3.0,4,600
5259,2022-01-19 16:46:17.246726,5.0,22,600
5260,2022-01-19 16:47:23.280348,3.0,4,320
5261,2022-01-19 17:02:36.709450,0.0,22,568
5262,2022-01-19 17:04:20.288423,5.0,22,600
5263,2022-01-19 17:06:48.054371,5.0,22,600
5264,2022-01-19 17:07:14.599838,3.0,4,580
5265,2022-01-19 17:12:54.277715,3.0,4,195
5266,2022-01-19 17:17:21.579083,10.0,25,603
5267,2022-01-19 17:19:23.787458,50.0,3,623
5268,2022-01-19 17:19:26.918255,5.0,22,603
5269,2022-01-19 17:19:42.281063,3.0,4,623
5270,2022-01-19 17:29:17.744712,10.0,25,623
5271,2022-01-19 17:30:03.503294,10.0,25,623
5272,2022-01-19 17:33:36.759257,10.0,25,623
5273,2022-01-19 17:52:17.141117,10.0,25,581
5274,2022-01-19 17:52:59.048348,5.0,22,195
5275,2022-01-19 17:53:58.862914,5.0,22,581
5276,2022-01-19 17:56:49.126252,5.0,22,581
5277,2022-01-19 18:01:55.373198,3.0,4,515
5278,2022-01-19 18:25:33.632322,5.0,22,581
5279,2022-01-19 18:33:25.232071,0.0,22,320
5280,2022-01-19 18:40:56.478500,10.0,25,581
5281,2022-01-19 18:42:32.933567,10.0,22,581
5282,2022-01-19 18:43:21.166208,10.0,25,581
5283,2022-01-19 18:44:16.185883,10.0,22,581
5284,2022-01-19 18:51:04.895007,3.0,4,520
5285,2022-01-19 19:15:33.956290,50.0,3,621
5286,2022-01-19 19:15:59.500052,3.0,4,621
5287,2022-01-19 19:17:18.226409,10.0,25,623
5288,2022-01-19 19:25:41.930249,10.0,25,623
5289,2022-01-19 19:29:17.142507,3.0,4,583
5290,2022-01-19 19:41:09.841568,5.0,22,520
5291,2022-01-19 19:43:38.036955,5.0,22,548
5292,2022-01-19 19:43:38.044646,,22,548
5293,2022-01-19 19:44:26.401222,10.0,25,583
5294,2022-01-19 19:52:44.724336,5.0,22,548
5295,2022-01-19 20:17:04.404715,5.0,22,548
5296,2022-01-19 20:23:11.441232,5.0,22,548
5297,2022-01-19 20:32:50.256830,5.0,22,548
5298,2022-01-19 20:32:50.272874,30.0,8,548
5299,2022-01-19 20:36:31.527596,3.0,4,549
5300,2022-01-19 20:47:55.906715,5.0,22,548
5301,2022-01-19 21:01:32.850450,5.0,22,548
5302,2022-01-19 21:03:38.672068,5.0,22,548
5303,2022-01-19 21:08:54.039397,3.0,4,97
5304,2022-01-19 21:57:17.327886,3.0,4,559
5305,2022-01-19 22:39:49.542649,3.0,4,121
5306,2022-01-20 03:13:53.631539,50.0,3,624
5307,2022-01-20 03:14:14.192232,3.0,4,624
5308,2022-01-20 03:20:36.694618,50.0,3,625
5309,2022-01-20 03:20:51.236021,3.0,4,625
5310,2022-01-20 03:31:41.603944,5.0,22,624
5311,2022-01-20 03:31:41.616752,,22,624
5312,2022-01-20 04:22:41.169397,3.0,4,161
5313,2022-01-20 04:25:49.680077,3.0,4,584
5314,2022-01-20 04:44:08.282452,3.0,4,605
5315,2022-01-20 05:05:38.645381,3.0,4,587
5316,2022-01-20 05:06:08.409304,3.0,4,614
5317,2022-01-20 05:06:31.909880,50.0,3,626
5318,2022-01-20 05:06:56.134263,3.0,4,626
5319,2022-01-20 05:27:52.016869,10.0,22,587
5320,2022-01-20 05:34:59.968979,5.0,22,614
5321,2022-01-20 05:34:59.989054,,22,614
5322,2022-01-20 05:36:46.869412,3.0,4,526
5323,2022-01-20 05:41:40.665691,5.0,22,614
5324,2022-01-20 06:02:18.275484,3.0,4,527
5325,2022-01-20 06:11:25.178970,50.0,3,629
5326,2022-01-20 06:11:25.204193,150.0,6,605
5327,2022-01-20 06:11:25.204347,50.0,7,629
5328,2022-01-20 06:12:15.407190,3.0,4,629
5329,2022-01-20 06:26:35.449717,50.0,3,630
5330,2022-01-20 06:27:07.636724,3.0,4,630
5331,2022-01-20 06:59:32.570583,3.0,4,608
5332,2022-01-20 07:08:28.519335,35.0,23,608
5333,2022-01-20 07:12:41.619681,10.0,22,608
5334,2022-01-20 07:12:41.633031,30.0,8,608
5335,2022-01-20 07:32:04.608222,10.0,22,608
5336,2022-01-20 07:35:23.479772,45.0,23,608
5337,2022-01-20 07:41:57.901252,20.0,22,608
5338,2022-01-20 07:45:49.510643,3.0,4,548
5339,2022-01-20 07:51:23.259414,3.0,4,486
5340,2022-01-20 07:52:09.459319,5.0,22,614
5341,2022-01-20 07:54:06.079622,10.0,25,608
5342,2022-01-20 08:00:48.570153,20.0,22,608
5343,2022-01-20 08:14:16.078093,35.0,23,614
5344,2022-01-20 08:36:19.131208,3.0,4,222
5345,2022-01-20 08:39:51.693852,50.0,3,631
5346,2022-01-20 08:39:51.709043,150.0,6,605
5347,2022-01-20 08:39:51.709146,50.0,7,631
5348,2022-01-20 08:40:26.888750,3.0,4,631
5349,2022-01-20 08:50:51.069566,3.0,4,623
5350,2022-01-20 08:58:21.678724,10.0,25,608
5351,2022-01-20 09:02:07.641554,20.0,22,608
5352,2022-01-20 09:09:35.854171,5.0,22,608
5353,2022-01-20 09:09:35.862488,100.0,9,608
5354,2022-01-20 09:16:33.979128,5.0,22,608
5355,2022-01-20 09:18:49.928173,100.0,2,623
5356,2022-01-20 09:19:56.052785,10.0,25,623
5357,2022-01-20 09:36:27.979317,3.0,4,446
5358,2022-01-20 09:49:56.716980,50.0,3,633
5359,2022-01-20 09:49:56.733042,150.0,6,605
5360,2022-01-20 09:49:56.733198,50.0,7,633
5361,2022-01-20 09:51:43.377206,50.0,3,634
5362,2022-01-20 09:51:55.839220,3.0,4,634
5363,2022-01-20 09:52:51.177749,3.0,4,477
5364,2022-01-20 09:55:30.934368,5.0,22,634
5365,2022-01-20 09:55:30.949992,,22,634
5366,2022-01-20 09:57:28.686267,3.0,4,348
5367,2022-01-20 10:00:34.451183,3.0,4,570
5368,2022-01-20 10:02:56.843760,50.0,3,635
5369,2022-01-20 10:03:08.897073,3.0,4,635
5370,2022-01-20 10:03:57.016440,10.0,25,477
5371,2022-01-20 10:06:15.387437,0.0,22,348
5372,2022-01-20 10:06:24.529381,3.0,4,494
5373,2022-01-20 10:11:35.723288,5.0,22,608
5374,2022-01-20 10:11:40.566725,10.0,25,623
5375,2022-01-20 10:12:08.941054,5.0,22,623
5376,2022-01-20 10:12:08.951517,,22,623
5377,2022-01-20 10:16:45.525020,5.0,22,494
5378,2022-01-20 10:18:43.829423,5.0,22,623
5379,2022-01-20 10:25:07.633136,10.0,22,634
5380,2022-01-20 10:27:03.619266,5.0,22,494
5381,2022-01-20 10:27:18.834208,5.0,22,623
5382,2022-01-20 10:28:37.403550,5.0,22,614
5383,2022-01-20 10:30:13.084817,3.0,4,553
5384,2022-01-20 10:32:27.114276,10.0,25,623
5385,2022-01-20 10:33:03.483212,5.0,22,623
5386,2022-01-20 10:37:26.819301,5.0,22,623
5387,2022-01-20 10:37:26.831621,30.0,8,623
5388,2022-01-20 10:45:26.275515,10.0,22,623
5389,2022-01-20 10:49:09.863715,5.0,22,570
5390,2022-01-20 10:49:13.792197,5.0,22,623
5391,2022-01-20 10:50:20.679869,35.0,23,570
5392,2022-01-20 10:51:20.489989,10.0,25,623
5393,2022-01-20 10:51:47.954176,5.0,22,570
5394,2022-01-20 10:52:23.457359,5.0,22,623
5395,2022-01-20 10:57:26.738753,0.0,22,446
5396,2022-01-20 10:59:53.673023,10.0,25,623
5397,2022-01-20 11:00:18.568615,5.0,22,623
5398,2022-01-20 11:07:59.243898,0.0,22,446
5399,2022-01-20 11:11:12.958571,10.0,22,623
5400,2022-01-20 11:11:12.969081,100.0,9,623
5401,2022-01-20 11:14:07.605075,10.0,25,623
5402,2022-01-20 11:14:56.704150,5.0,22,623
5403,2022-01-20 11:23:02.160993,10.0,25,623
5404,2022-01-20 11:23:18.767041,5.0,22,623
5405,2022-01-20 11:29:01.747056,10.0,22,623
5406,2022-01-20 11:30:26.505541,5.0,22,570
5407,2022-01-20 11:32:19.464027,10.0,22,623
5408,2022-01-20 11:38:04.196664,15.0,22,623
5409,2022-01-20 11:38:22.188082,3.0,4,600
5410,2022-01-20 11:43:21.895505,5.0,22,623
5411,2022-01-20 11:45:44.773598,5.0,22,623
5412,2022-01-20 11:50:20.828249,10.0,25,623
5413,2022-01-20 11:51:12.966292,5.0,22,623
5414,2022-01-20 11:51:53.399670,10.0,25,623
5415,2022-01-20 11:52:47.756450,10.0,22,623
5416,2022-01-20 11:54:56.233785,10.0,25,623
5417,2022-01-20 11:55:23.904303,10.0,22,623
5418,2022-01-20 11:56:00.666522,50.0,3,636
5419,2022-01-20 11:56:00.675852,150.0,6,605
5420,2022-01-20 11:56:00.675921,50.0,7,636
5421,2022-01-20 11:58:09.684444,3.0,4,636
5422,2022-01-20 12:06:11.004874,5.0,22,608
5423,2022-01-20 12:10:44.767072,5.0,22,608
5424,2022-01-20 12:34:28.631420,50.0,3,637
5425,2022-01-20 12:35:20.171529,3.0,4,637
5426,2022-01-20 12:43:25.230493,3.0,4,581
5427,2022-01-20 12:49:10.653316,10.0,25,581
5428,2022-01-20 12:50:39.948127,10.0,22,581
5429,2022-01-20 12:53:44.645885,10.0,22,608
5430,2022-01-20 12:59:10.344297,5.0,22,608
5431,2022-01-20 13:03:04.456673,10.0,25,608
5432,2022-01-20 13:03:17.483112,5.0,22,608
5433,2022-01-20 13:20:23.744613,3.0,4,413
5434,2022-01-20 13:20:37.839285,3.0,4,342
5435,2022-01-20 13:24:59.905435,0.0,22,413
5436,2022-01-20 13:35:54.259205,0.0,22,413
5437,2022-01-20 13:40:36.678827,0.0,22,413
5438,2022-01-20 13:51:11.825604,0.0,22,413
5439,2022-01-20 13:52:59.858480,0.0,22,413
5440,2022-01-20 14:13:31.129830,0.0,22,413
5441,2022-01-20 14:20:03.294138,50.0,3,638
5442,2022-01-20 14:20:17.889915,3.0,4,638
5443,2022-01-20 14:41:24.423149,3.0,4,397
5444,2022-01-20 15:22:22.030282,50.0,3,641
5445,2022-01-20 15:22:44.023764,3.0,4,641
5446,2022-01-20 15:56:44.110666,3.0,4,545
5447,2022-01-20 16:07:21.787323,3.0,4,515
5448,2022-01-20 16:07:24.901821,5.0,22,515
5449,2022-01-20 16:17:09.660986,5.0,22,515
5450,2022-01-20 16:17:17.308500,5.0,22,545
5451,2022-01-20 16:24:22.021492,45.0,23,623
5452,2022-01-20 16:25:55.986205,5.0,22,623
5453,2022-01-20 16:27:56.702137,10.0,25,623
5454,2022-01-20 16:29:57.021561,5.0,22,623
5455,2022-01-20 16:30:50.756251,35.0,23,623
5456,2022-01-20 16:31:28.345460,10.0,22,623
5457,2022-01-20 16:35:53.962419,10.0,25,623
5458,2022-01-20 16:37:32.842123,50.0,3,642
5459,2022-01-20 16:37:54.606059,3.0,4,642
5460,2022-01-20 16:38:16.513585,5.0,22,623
5461,2022-01-20 16:40:40.181440,10.0,25,623
5462,2022-01-20 16:42:40.411420,10.0,22,623
5463,2022-01-20 16:42:40.444495,200.0,10,623
5464,2022-01-20 16:43:11.585177,3.0,4,582
5465,2022-01-20 16:43:19.901024,35.0,23,623
5466,2022-01-20 16:44:08.485227,10.0,22,623
5467,2022-01-20 16:45:33.940177,45.0,23,623
5468,2022-01-20 16:46:01.219864,10.0,22,623
5469,2022-01-20 16:51:42.654127,5.0,22,582
5470,2022-01-20 16:51:58.711678,35.0,23,623
5471,2022-01-20 16:52:24.783643,10.0,22,623
5472,2022-01-20 16:55:20.692456,10.0,22,642
5473,2022-01-20 16:55:20.703785,,22,642
5474,2022-01-20 16:56:01.514785,10.0,25,623
5475,2022-01-20 16:56:27.258369,5.0,22,623
5476,2022-01-20 16:57:07.644307,45.0,23,623
5477,2022-01-20 16:57:08.192247,5.0,22,582
5478,2022-01-20 17:00:49.676740,5.0,22,623
5479,2022-01-20 17:03:17.260308,45.0,23,623
5480,2022-01-20 17:03:20.431263,50.0,3,643
5481,2022-01-20 17:04:00.625516,5.0,22,623
5482,2022-01-20 17:04:11.713361,3.0,4,643
5483,2022-01-20 17:04:55.929637,15.0,22,642
5484,2022-01-20 17:04:58.981487,5.0,22,623
5485,2022-01-20 17:05:45.034657,5.0,22,623
5486,2022-01-20 17:07:04.039515,55.0,23,623
5487,2022-01-20 17:07:21.681294,10.0,22,623
5488,2022-01-20 17:18:53.947851,3.0,4,350
5489,2022-01-20 17:22:57.345120,10.0,25,582
5490,2022-01-20 17:23:33.994348,20.0,22,582
5491,2022-01-20 17:23:34.004287,100.0,9,582
5492,2022-01-20 17:26:14.216667,10.0,25,642
5493,2022-01-20 17:42:13.194155,3.0,4,363
5494,2022-01-20 17:42:21.083357,5.0,22,582
5495,2022-01-20 17:42:33.335843,10.0,25,582
5496,2022-01-20 17:50:16.820037,5.0,22,582
5497,2022-01-20 17:58:19.453746,50.0,3,644
5498,2022-01-20 17:58:43.952814,3.0,4,644
5499,2022-01-20 18:11:24.110474,5.0,22,644
5500,2022-01-20 18:11:24.156108,,22,644
5501,2022-01-20 18:44:19.957935,3.0,4,219
5502,2022-01-20 19:13:39.020365,5.0,22,644
5503,2022-01-20 19:20:34.258084,10.0,22,644
5504,2022-01-20 19:55:23.354684,50.0,3,645
5505,2022-01-20 19:57:18.047319,3.0,4,645
5506,2022-01-20 20:12:18.220114,10.0,25,642
5507,2022-01-20 20:45:37.326733,50.0,3,646
5508,2022-01-20 20:46:24.115446,3.0,4,646
5509,2022-01-20 20:46:47.817646,3.0,4,559
5510,2022-01-20 21:03:49.955665,3.0,4,589
5511,2022-01-20 23:21:37.807788,3.0,4,105
5512,2022-01-20 23:28:06.018511,3.0,4,304
5513,2022-01-20 23:45:37.482849,50.0,3,647
5514,2022-01-20 23:46:15.211475,3.0,4,647
5515,2022-01-21 00:01:16.413085,3.0,4,647
5516,2022-01-21 00:08:45.369667,3.0,4,605
5517,2022-01-21 02:54:51.828977,50.0,3,648
5518,2022-01-21 02:55:13.325371,3.0,4,648
5519,2022-01-21 05:42:11.572622,3.0,4,548
5520,2022-01-21 05:42:11.581629,30.0,5,548
5521,2022-01-21 05:46:04.739661,3.0,4,527
5522,2022-01-21 06:20:15.642365,3.0,4,494
5523,2022-01-21 07:37:44.491349,3.0,4,515
5524,2022-01-21 07:47:37.740856,3.0,4,486
5525,2022-01-21 07:48:05.395636,50.0,3,649
5526,2022-01-21 07:48:29.261503,3.0,4,649
5527,2022-01-21 07:54:30.911991,3.0,4,623
5528,2022-01-21 07:56:36.992382,10.0,22,649
5529,2022-01-21 07:56:37.005976,,22,649
5530,2022-01-21 08:10:02.836586,35.0,23,623
5531,2022-01-21 08:10:19.385937,5.0,22,623
5532,2022-01-21 08:16:18.918383,3.0,4,446
5533,2022-01-21 08:30:54.190865,50.0,3,650
5534,2022-01-21 08:31:11.513080,3.0,4,650
5535,2022-01-21 08:48:48.114126,50.0,3,653
5536,2022-01-21 08:49:07.377678,3.0,4,653
5537,2022-01-21 09:00:12.377585,3.0,4,617
5538,2022-01-21 09:11:02.847322,3.0,4,641
5539,2022-01-21 09:12:04.617421,3.0,4,157
5540,2022-01-21 09:20:42.883360,3.0,4,586
5541,2022-01-21 09:23:12.363210,3.0,4,177
5542,2022-01-21 09:28:10.872883,3.0,4,195
5543,2022-01-21 09:32:31.310427,3.0,4,570
5544,2022-01-21 09:46:38.864815,5.0,22,570
5545,2022-01-21 09:47:41.115112,3.0,4,219
5546,2022-01-21 10:03:12.257718,5.0,22,617
5547,2022-01-21 10:03:12.267126,,22,617
5548,2022-01-21 10:08:06.303517,3.0,4,73
5549,2022-01-21 10:32:09.097632,3.0,4,299
5550,2022-01-21 10:39:13.951963,5.0,22,515
5551,2022-01-21 10:52:41.611192,3.0,4,161
5552,2022-01-21 10:53:23.663893,3.0,4,348
5553,2022-01-21 10:53:54.779595,5.0,22,515
5554,2022-01-21 10:56:18.358321,3.0,4,600
5555,2022-01-21 11:15:37.476097,0.0,22,348
5556,2022-01-21 11:37:40.700652,3.0,4,587
5557,2022-01-21 11:46:22.299974,5.0,22,587
5558,2022-01-21 11:46:56.655301,3.0,4,363
5559,2022-01-21 12:00:05.399071,50.0,3,655
5560,2022-01-21 12:00:14.371058,3.0,4,655
5561,2022-01-21 12:42:08.701647,3.0,4,342
5562,2022-01-21 13:12:06.840640,3.0,4,483
5563,2022-01-21 13:30:54.130488,50.0,3,656
5564,2022-01-21 13:30:54.138637,,23,656
5565,2022-01-21 13:31:06.470844,3.0,4,656
5566,2022-01-21 13:52:22.804293,50.0,3,657
5567,2022-01-21 13:52:35.398985,3.0,4,657
5568,2022-01-21 13:57:00.173958,10.0,22,657
5569,2022-01-21 13:57:00.196438,,22,657
5570,2022-01-21 14:02:07.812535,5.0,22,363
5571,2022-01-21 14:24:26.725694,0.0,22,656
5572,2022-01-21 14:24:26.739211,,22,656
5573,2022-01-21 14:25:09.267216,3.0,4,421
5574,2022-01-21 14:25:51.309313,0.0,22,656
5575,2022-01-21 14:27:51.053235,3.0,4,222
5576,2022-01-21 14:29:35.295083,0.0,22,656
5577,2022-01-21 14:30:22.808762,0.0,22,656
5578,2022-01-21 14:33:56.228328,0.0,22,656
5579,2022-01-21 14:33:56.255887,30.0,8,656
5580,2022-01-21 14:42:00.646345,10.0,22,515
5581,2022-01-21 14:42:00.659840,100.0,9,515
5582,2022-01-21 14:47:09.963177,50.0,3,658
5583,2022-01-21 14:47:27.474653,3.0,4,658
5584,2022-01-21 14:50:32.187535,30.0,27,658
5585,2022-01-21 14:53:17.789884,0.0,22,656
5586,2022-01-21 15:10:10.234903,3.0,4,568
5587,2022-01-21 15:11:12.774778,35.0,23,568
5588,2022-01-21 15:30:38.233431,50.0,3,660
5589,2022-01-21 15:31:32.548238,3.0,4,660
5590,2022-01-21 15:31:59.205192,0.0,27,660
5591,2022-01-21 15:37:42.613379,5.0,22,649
5592,2022-01-21 17:00:08.382112,50.0,3,662
5593,2022-01-21 17:00:35.934556,3.0,4,662
5594,2022-01-21 17:26:26.544923,3.0,4,545
5595,2022-01-21 17:29:29.381459,5.0,22,545
5596,2022-01-21 17:31:14.229462,5.0,22,222
5597,2022-01-21 17:32:19.091937,50.0,3,663
5598,2022-01-21 17:33:06.931527,3.0,4,663
5599,2022-01-21 17:35:55.090877,5.0,22,545
5600,2022-01-21 17:39:12.113314,5.0,22,649
5601,2022-01-21 17:40:41.088171,5.0,22,545
5602,2022-01-21 17:40:41.117717,100.0,9,545
5603,2022-01-21 17:41:58.022002,5.0,22,649
5604,2022-01-21 17:44:22.584761,45.0,23,649
5605,2022-01-21 17:54:36.097310,5.0,22,545
5606,2022-01-21 18:10:28.580957,3.0,4,582
5607,2022-01-21 18:13:17.914664,5.0,22,582
5608,2022-01-21 18:16:25.522253,5.0,22,582
5609,2022-01-21 18:17:44.807852,5.0,22,363
5610,2022-01-21 18:19:13.364771,50.0,3,664
5611,2022-01-21 18:19:19.237218,3.0,4,664
5612,2022-01-21 18:38:58.911396,50.0,3,665
5613,2022-01-21 18:39:22.379983,3.0,4,665
5614,2022-01-21 18:46:22.659352,5.0,22,582
5615,2022-01-21 19:47:25.455434,50.0,3,666
5616,2022-01-21 19:54:51.788605,3.0,4,666
5617,2022-01-21 20:06:18.882202,3.0,4,642
5618,2022-01-21 20:07:20.251758,35.0,23,642
5619,2022-01-21 21:34:19.009232,50.0,3,667
5620,2022-01-21 21:34:30.542460,3.0,4,667
5621,2022-01-21 23:37:06.832994,50.0,3,669
5622,2022-01-21 23:37:19.975929,3.0,4,669
5623,2022-01-21 23:47:13.665767,10.0,22,669
5624,2022-01-21 23:47:13.681610,,22,669
5625,2022-01-21 23:55:26.882106,50.0,3,670
5626,2022-01-21 23:56:20.139099,3.0,4,670
5627,2022-01-22 00:00:19.001288,3.0,4,669
5628,2022-01-22 00:06:16.638031,0.0,27,669
5629,2022-01-22 00:18:19.749398,30.0,27,669
5630,2022-01-22 05:48:38.381721,50.0,3,673
5631,2022-01-22 05:48:38.389122,,23,673
5632,2022-01-22 05:49:04.811946,3.0,4,673
5633,2022-01-22 06:00:15.492998,0.0,22,673
5634,2022-01-22 06:00:15.507924,,22,673
5635,2022-01-22 06:05:32.021449,0.0,22,673
5636,2022-01-22 06:12:43.229767,0.0,22,673
5637,2022-01-22 06:14:21.843513,0.0,22,673
5638,2022-01-22 06:15:34.954757,0.0,22,673
5639,2022-01-22 06:15:34.967278,30.0,8,673
5640,2022-01-22 07:06:47.291185,50.0,3,674
5641,2022-01-22 07:07:09.189235,3.0,4,674
5642,2022-01-22 07:51:13.488383,3.0,4,482
5643,2022-01-22 07:58:43.529651,50.0,3,678
5644,2022-01-22 07:59:53.705593,3.0,4,486
5645,2022-01-22 08:00:00.980076,3.0,4,442
5646,2022-01-22 08:01:59.384577,3.0,4,678
5647,2022-01-22 08:02:02.605261,30.0,27,678
5648,2022-01-22 08:04:01.667392,3.0,4,222
5649,2022-01-22 08:04:09.180333,50.0,3,679
5650,2022-01-22 08:04:17.780364,3.0,4,679
5651,2022-01-22 08:12:31.631264,10.0,22,222
5652,2022-01-22 08:13:30.406538,5.0,22,482
5653,2022-01-22 09:00:47.565142,50.0,3,680
5654,2022-01-22 09:01:06.804028,3.0,4,680
5655,2022-01-22 09:11:19.780275,30.0,27,680
5656,2022-01-22 09:54:15.338370,3.0,4,649
5657,2022-01-22 10:38:45.455168,5.0,22,649
5658,2022-01-22 10:38:45.467142,30.0,8,649
5659,2022-01-22 10:59:15.344993,50.0,3,681
5660,2022-01-22 10:59:31.241685,3.0,4,681
5661,2022-01-22 11:00:12.715272,0.0,27,681
5662,2022-01-22 11:06:09.384948,3.0,4,614
5663,2022-01-22 11:17:21.599590,5.0,22,614
5664,2022-01-22 11:17:21.618626,30.0,8,614
5665,2022-01-22 11:40:46.976440,5.0,22,614
5666,2022-01-22 11:55:10.425822,3.0,4,515
5667,2022-01-22 11:55:10.435601,30.0,5,515
5668,2022-01-22 12:04:32.263958,5.0,22,614
5669,2022-01-22 13:24:38.948909,50.0,3,684
5670,2022-01-22 13:25:01.855518,3.0,4,684
5671,2022-01-22 13:26:06.530015,30.0,27,684
5672,2022-01-22 13:26:33.507515,0.0,22,442
5673,2022-01-22 13:26:33.517215,,22,442
5674,2022-01-22 13:55:06.210693,5.0,22,614
5675,2022-01-22 13:58:00.591265,3.0,4,642
5676,2022-01-22 14:20:57.804774,0.0,22,673
5677,2022-01-22 14:25:01.967974,3.0,4,161
5678,2022-01-22 14:34:13.724418,5.0,22,614
5679,2022-01-22 14:39:57.214282,3.0,4,660
5680,2022-01-22 14:40:30.255219,10.0,22,614
5681,2022-01-22 14:40:30.263554,100.0,9,614
5682,2022-01-22 14:50:55.561666,50.0,3,686
5683,2022-01-22 14:51:11.437674,3.0,4,686
5684,2022-01-22 14:53:53.377603,50.0,3,687
5685,2022-01-22 14:54:26.515970,30.0,27,686
5686,2022-01-22 14:55:12.536564,3.0,4,687
5687,2022-01-22 14:55:39.578061,30.0,27,687
5688,2022-01-22 15:02:34.590509,5.0,22,614
5689,2022-01-22 15:08:17.772185,50.0,3,688
5690,2022-01-22 15:08:39.077808,3.0,4,688
5691,2022-01-22 15:23:22.607159,10.0,22,614
5692,2022-01-22 15:51:29.140474,10.0,25,642
5693,2022-01-22 15:54:47.967945,10.0,22,642
5694,2022-01-22 16:06:18.106433,50.0,3,690
5695,2022-01-22 16:06:29.337976,3.0,4,690
5696,2022-01-22 16:18:35.172656,3.0,4,559
5697,2022-01-22 17:08:12.844196,50.0,3,692
5698,2022-01-22 17:10:13.250314,5.0,22,614
5699,2022-01-22 17:13:57.692405,3.0,4,621
5700,2022-01-22 17:13:59.375493,30.0,27,621
5701,2022-01-22 17:15:52.607729,50.0,3,694
5702,2022-01-22 17:16:20.647065,3.0,4,694
5703,2022-01-22 17:40:42.192934,10.0,22,614
5704,2022-01-22 18:29:23.669951,3.0,4,457
5705,2022-01-22 18:50:17.375592,10.0,22,614
5706,2022-01-22 19:12:00.591919,5.0,22,614
5707,2022-01-22 19:17:08.058027,50.0,3,699
5708,2022-01-22 19:17:26.645934,3.0,4,699
5709,2022-01-22 19:17:53.832460,3.0,4,195
5710,2022-01-22 19:33:10.501010,50.0,3,700
5711,2022-01-22 19:33:23.790148,3.0,4,700
5712,2022-01-22 19:33:28.811977,0.0,27,700
5713,2022-01-22 19:37:40.294359,30.0,27,700
5714,2022-01-22 19:45:29.213644,10.0,22,614
5715,2022-01-22 19:49:15.257430,50.0,3,701
5716,2022-01-22 19:49:32.319747,3.0,4,701
5717,2022-01-22 19:52:31.573904,5.0,22,614
5718,2022-01-22 20:05:25.313371,5.0,22,195
5719,2022-01-22 20:05:25.323182,100.0,9,195
5720,2022-01-22 20:32:55.088274,50.0,3,702
5721,2022-01-22 20:33:44.920743,3.0,4,702
5722,2022-01-22 20:45:13.274178,30.0,27,702
5723,2022-01-22 21:20:01.705754,50.0,3,703
5724,2022-01-22 21:20:04.134739,50.0,3,704
5725,2022-01-22 21:20:26.345255,3.0,4,703
5726,2022-01-22 21:20:26.368086,3.0,4,704
5727,2022-01-22 21:37:21.842774,30.0,27,704
5728,2022-01-22 21:38:49.229476,50.0,3,705
5729,2022-01-22 21:39:20.359204,3.0,4,705
5730,2022-01-22 21:39:47.008614,30.0,27,705
5731,2022-01-22 21:46:32.942625,10.0,22,702
5732,2022-01-22 21:46:32.953308,,22,702
5733,2022-01-22 22:31:49.750641,50.0,3,707
5734,2022-01-22 22:32:34.582135,3.0,4,707
5735,2022-01-22 22:32:38.957418,0.0,27,707
5736,2022-01-22 23:11:14.641548,50.0,3,708
5737,2022-01-22 23:12:05.735136,3.0,4,708
5738,2022-01-22 23:12:22.325285,30.0,27,708
5739,2022-01-23 03:51:22.424549,3.0,4,442
5740,2022-01-23 04:00:19.566298,0.0,22,442
5741,2022-01-23 04:27:08.110370,0.0,22,442
5742,2022-01-23 04:28:38.873032,0.0,22,442
5743,2022-01-23 04:40:13.390417,0.0,22,442
5744,2022-01-23 04:40:13.403615,30.0,8,442
5745,2022-01-23 05:10:13.989025,50.0,3,709
5746,2022-01-23 05:10:46.229284,3.0,4,709
5747,2022-01-23 06:17:05.234843,3.0,4,330
5748,2022-01-23 06:24:13.537072,0.0,22,442
5749,2022-01-23 06:37:01.423418,0.0,22,442
5750,2022-01-23 06:38:34.190871,0.0,22,442
5751,2022-01-23 07:00:12.342942,50.0,3,710
5752,2022-01-23 07:00:42.728162,3.0,4,710
5753,2022-01-23 07:02:17.814855,30.0,27,710
5754,2022-01-23 07:37:37.870822,3.0,4,482
5755,2022-01-23 07:54:30.485245,50.0,3,711
5756,2022-01-23 07:54:45.559193,3.0,4,711
5757,2022-01-23 07:54:59.424250,0.0,27,711
5758,2022-01-23 08:06:29.225452,15.0,22,482
5759,2022-01-23 08:11:32.283607,3.0,4,614
5760,2022-01-23 08:25:00.498786,3.0,4,486
5761,2022-01-23 08:25:17.779392,50.0,3,697
5762,2022-01-23 08:25:20.198659,3.0,4,697
5763,2022-01-23 08:27:29.359290,3.0,4,545
5764,2022-01-23 08:28:16.888251,30.0,27,545
5765,2022-01-23 08:45:00.772969,0.0,22,442
5766,2022-01-23 08:47:44.734287,30.0,27,545
5767,2022-01-23 08:57:34.247623,0.0,22,442
5768,2022-01-23 08:57:34.260319,100.0,9,442
5769,2022-01-23 09:18:04.183554,0.0,22,442
5770,2022-01-23 09:44:25.802494,0.0,22,442
5771,2022-01-23 09:55:33.968728,0.0,22,442
5772,2022-01-23 09:59:41.539315,0.0,22,442
5773,2022-01-23 10:03:00.106235,0.0,22,442
5774,2022-01-23 10:03:21.530891,3.0,4,509
5775,2022-01-23 10:12:32.599051,50.0,3,712
5776,2022-01-23 10:13:16.946182,3.0,4,712
5777,2022-01-23 10:21:52.903232,3.0,4,656
5778,2022-01-23 10:23:58.782673,0.0,22,442
5779,2022-01-23 10:24:25.483206,5.0,22,509
5780,2022-01-23 10:24:25.495323,100.0,9,509
5781,2022-01-23 10:31:40.335435,5.0,22,509
5782,2022-01-23 10:32:17.436225,0.0,22,656
5783,2022-01-23 10:33:45.138923,0.0,22,656
5784,2022-01-23 10:35:01.278562,45.0,23,509
5785,2022-01-23 10:37:43.870771,0.0,22,442
5786,2022-01-23 10:39:29.202398,0.0,22,656
5787,2022-01-23 10:41:48.691788,10.0,22,509
5788,2022-01-23 10:56:30.872363,5.0,22,509
5789,2022-01-23 11:02:25.490854,0.0,22,442
5790,2022-01-23 11:04:59.467386,5.0,22,509
5791,2022-01-23 11:09:34.572964,0.0,22,656
5792,2022-01-23 11:09:34.626107,100.0,9,656
5793,2022-01-23 11:11:07.364532,0.0,22,656
5794,2022-01-23 11:22:56.005708,0.0,22,656
5795,2022-01-23 11:33:39.310465,3.0,4,447
5796,2022-01-23 12:05:58.940414,5.0,22,656
5797,2022-01-23 12:21:45.170239,3.0,4,621
5798,2022-01-23 12:24:43.591762,100.0,2,482
5799,2022-01-23 12:27:33.788990,50.0,3,715
5800,2022-01-23 12:27:42.896657,3.0,4,715
5801,2022-01-23 12:37:28.912374,50.0,3,716
5802,2022-01-23 12:37:52.069523,3.0,4,716
5803,2022-01-23 12:41:36.828583,0.0,22,656
5804,2022-01-23 12:43:09.712114,0.0,22,656
5805,2022-01-23 12:43:44.091530,50.0,3,717
5806,2022-01-23 12:44:14.631685,3.0,4,717
5807,2022-01-23 12:49:50.663234,5.0,22,482
5808,2022-01-23 12:49:50.674143,30.0,8,482
5809,2022-01-23 12:54:05.051190,0.0,22,442
5810,2022-01-23 13:02:11.538403,50.0,3,714
5811,2022-01-23 13:02:27.377590,3.0,4,657
5812,2022-01-23 13:20:40.799437,3.0,4,642
5813,2022-01-23 13:27:47.906905,0.0,22,442
5814,2022-01-23 13:30:39.799028,3.0,4,73
5815,2022-01-23 13:32:07.387712,50.0,3,718
5816,2022-01-23 13:32:16.020390,5.0,22,482
5817,2022-01-23 13:32:40.084044,3.0,4,718
5818,2022-01-23 14:04:10.174309,50.0,3,719
5819,2022-01-23 14:04:36.471506,3.0,4,719
5820,2022-01-23 14:05:25.713030,35.0,23,719
5821,2022-01-23 14:05:40.341269,3.0,4,465
5822,2022-01-23 14:08:16.173563,5.0,22,719
5823,2022-01-23 14:08:16.200948,,22,719
5824,2022-01-23 14:08:38.434528,50.0,3,720
5825,2022-01-23 14:08:43.044826,3.0,4,720
5826,2022-01-23 14:15:20.118651,50.0,3,721
5827,2022-01-23 14:15:39.266223,3.0,4,721
5828,2022-01-23 14:15:53.888678,30.0,27,721
5829,2022-01-23 14:17:56.662232,5.0,22,720
5830,2022-01-23 14:17:56.672083,,22,720
5831,2022-01-23 14:20:42.129048,5.0,22,720
5832,2022-01-23 14:25:10.430562,10.0,22,720
5833,2022-01-23 14:27:37.110941,45.0,23,720
5834,2022-01-23 14:29:41.616086,50.0,3,722
5835,2022-01-23 14:29:50.219411,3.0,4,722
5836,2022-01-23 14:30:34.060119,5.0,22,720
5837,2022-01-23 14:37:07.997995,10.0,25,719
5838,2022-01-23 14:39:20.410575,5.0,22,719
5839,2022-01-23 14:58:24.924301,5.0,22,509
5840,2022-01-23 15:13:13.012496,10.0,25,509
5841,2022-01-23 15:25:41.703466,3.0,4,700
5842,2022-01-23 15:30:23.202887,5.0,22,509
5843,2022-01-23 15:45:21.231963,5.0,22,509
5844,2022-01-23 15:57:39.909753,45.0,23,509
5845,2022-01-23 15:57:59.684912,5.0,22,509
5846,2022-01-23 16:09:06.107401,5.0,22,509
5847,2022-01-23 16:12:58.693281,3.0,4,452
5848,2022-01-23 16:29:09.535389,50.0,3,723
5849,2022-01-23 16:29:24.303458,3.0,4,723
5850,2022-01-23 16:30:57.685880,50.0,3,724
5851,2022-01-23 16:31:30.101926,3.0,4,724
5852,2022-01-23 16:33:07.634177,30.0,27,724
5853,2022-01-23 16:42:41.431496,50.0,3,725
5854,2022-01-23 16:42:50.398905,3.0,4,725
5855,2022-01-23 16:48:55.105006,50.0,3,726
5856,2022-01-23 16:49:09.336251,3.0,4,726
5857,2022-01-23 16:49:36.625992,0.0,27,726
5858,2022-01-23 19:09:41.528082,20.0,22,614
5859,2022-01-23 19:15:03.764307,5.0,22,614
5860,2022-01-23 19:22:43.681443,5.0,22,614
5861,2022-01-23 21:22:41.929409,50.0,3,730
5862,2022-01-23 21:22:50.955171,3.0,4,730
5863,2022-01-23 21:22:55.121584,0.0,27,730
5864,2022-01-23 21:39:32.645092,0.0,22,656
5865,2022-01-23 21:54:06.552724,3.0,4,702
5866,2022-01-23 22:02:20.178895,0.0,22,656
5867,2022-01-23 22:04:52.319731,0.0,22,656
5868,2022-01-23 23:02:34.169347,3.0,4,463
5869,2022-01-24 03:58:38.240043,50.0,3,732
5870,2022-01-24 03:58:40.154062,3.0,4,732
5871,2022-01-24 04:19:33.926326,5.0,22,732
5872,2022-01-24 04:19:33.997193,,22,732
5873,2022-01-24 04:50:01.339386,15.0,22,732
5874,2022-01-24 05:00:12.913992,5.0,22,732
5875,2022-01-24 05:06:28.063275,10.0,22,732
5876,2022-01-24 05:12:36.982311,10.0,22,732
5877,2022-01-24 05:12:37.002904,30.0,8,732
5878,2022-01-24 05:23:17.094094,3.0,4,587
5879,2022-01-24 05:28:13.471659,5.0,22,732
5880,2022-01-24 05:29:48.172752,25.0,27,732
5881,2022-01-24 05:41:12.194050,3.0,4,614
5882,2022-01-24 05:41:58.903234,3.0,4,649
5883,2022-01-24 05:48:21.120149,50.0,3,733
5884,2022-01-24 05:48:58.869072,3.0,4,733
5885,2022-01-24 05:51:32.877025,5.0,22,732
5886,2022-01-24 06:04:10.952813,5.0,22,732
5887,2022-01-24 06:05:23.723455,35.0,23,732
5888,2022-01-24 06:15:52.028593,50.0,3,734
5889,2022-01-24 06:16:11.867977,3.0,4,734
5890,2022-01-24 06:20:08.332352,5.0,22,732
5891,2022-01-24 06:21:31.445924,3.0,4,446
5892,2022-01-24 06:56:49.624115,3.0,4,486
5893,2022-01-24 07:05:00.701426,3.0,4,559
5894,2022-01-24 07:08:24.039282,3.0,4,570
5895,2022-01-24 07:10:01.722427,5.0,22,570
5896,2022-01-24 07:10:01.736658,100.0,9,570
5897,2022-01-24 07:22:29.309924,10.0,25,559
5898,2022-01-24 07:26:47.804082,5.0,22,559
5899,2022-01-24 07:26:47.823257,,22,559
5900,2022-01-24 07:39:04.076325,10.0,22,559
5901,2022-01-24 07:47:05.193661,5.0,22,570
5902,2022-01-24 08:00:22.909364,50.0,3,738
5903,2022-01-24 08:00:49.392514,3.0,4,738
5904,2022-01-24 08:05:31.591502,3.0,4,623
5905,2022-01-24 08:06:53.161204,10.0,25,623
5906,2022-01-24 08:08:23.526403,45.0,23,623
5907,2022-01-24 08:09:32.438671,3.0,4,702
5908,2022-01-24 08:18:01.716413,3.0,4,266
5909,2022-01-24 08:50:26.788916,3.0,4,642
5910,2022-01-24 09:07:40.047774,50.0,3,739
5911,2022-01-24 09:07:47.232331,3.0,4,739
5912,2022-01-24 09:13:52.822112,50.0,3,740
5913,2022-01-24 09:14:10.541427,3.0,4,740
5914,2022-01-24 09:14:23.329605,30.0,27,740
5915,2022-01-24 09:29:02.186288,5.0,22,614
5916,2022-01-24 09:29:54.658127,3.0,4,717
5917,2022-01-24 09:58:11.981426,3.0,4,551
5918,2022-01-24 10:03:17.365963,50.0,3,742
5919,2022-01-24 10:03:24.529533,3.0,4,742
5920,2022-01-24 10:08:13.292702,0.0,22,551
5921,2022-01-24 10:27:08.840154,3.0,4,330
5922,2022-01-24 10:30:30.110547,0.0,22,551
5923,2022-01-24 10:40:23.839449,0.0,22,551
5924,2022-01-24 10:40:23.847279,200.0,10,551
5925,2022-01-24 10:43:39.213226,50.0,3,744
5926,2022-01-24 10:44:14.299972,3.0,4,744
5927,2022-01-24 10:44:46.313440,30.0,27,744
5928,2022-01-24 10:50:08.684568,10.0,22,742
5929,2022-01-24 10:50:08.699819,,22,742
5930,2022-01-24 10:52:22.070027,0.0,22,551
5931,2022-01-24 11:05:33.812293,0.0,22,551
5932,2022-01-24 11:14:56.553785,0.0,22,551
5933,2022-01-24 11:23:58.609227,0.0,22,551
5934,2022-01-24 11:50:24.572333,3.0,4,714
5935,2022-01-24 12:08:56.157678,3.0,4,711
5936,2022-01-24 12:12:02.606406,30.0,27,711
5937,2022-01-24 12:30:38.654154,50.0,3,746
5938,2022-01-24 12:30:46.730780,3.0,4,746
5939,2022-01-24 12:40:58.673646,3.0,4,73
5940,2022-01-24 12:42:01.597896,50.0,3,747
5941,2022-01-24 12:43:59.178568,3.0,4,747
5942,2022-01-24 12:47:35.771831,5.0,22,711
5943,2022-01-24 12:47:35.779881,,22,711
5944,2022-01-24 12:57:24.230127,5.0,22,746
5945,2022-01-24 12:57:24.242533,,22,746
5946,2022-01-24 12:58:18.706249,50.0,3,748
5947,2022-01-24 12:58:25.053503,3.0,4,748
5948,2022-01-24 13:09:53.855963,5.0,22,748
5949,2022-01-24 13:09:53.863990,,22,748
5950,2022-01-24 13:11:23.808186,5.0,22,748
5951,2022-01-24 13:12:17.642384,35.0,23,748
5952,2022-01-24 13:57:33.942194,50.0,3,749
5953,2022-01-24 13:58:06.234493,3.0,4,749
5954,2022-01-24 14:07:01.485687,3.0,4,699
5955,2022-01-24 14:29:27.782163,3.0,4,621
5956,2022-01-24 14:38:10.843115,5.0,22,714
5957,2022-01-24 14:38:10.861785,,22,714
5958,2022-01-24 14:57:35.457386,3.0,4,731
5959,2022-01-24 15:09:18.574415,20.0,22,623
5960,2022-01-24 15:10:17.134852,10.0,25,623
5961,2022-01-24 15:12:35.814970,45.0,23,623
5962,2022-01-24 15:13:28.987668,10.0,22,623
5963,2022-01-24 15:14:15.273842,5.0,22,614
5964,2022-01-24 15:18:39.419566,5.0,22,614
5965,2022-01-24 15:21:31.668770,10.0,25,623
5966,2022-01-24 15:26:39.674955,5.0,22,614
5967,2022-01-24 15:26:39.682607,200.0,10,614
5968,2022-01-24 15:38:13.196594,50.0,3,752
5969,2022-01-24 15:38:52.602560,3.0,4,752
5970,2022-01-24 15:38:54.759226,0.0,27,752
5971,2022-01-24 15:42:09.874516,3.0,4,515
5972,2022-01-24 15:46:56.000187,50.0,3,753
5973,2022-01-24 15:47:06.137125,3.0,4,753
5974,2022-01-24 15:49:03.314438,5.0,22,753
5975,2022-01-24 15:49:03.343966,,22,753
5976,2022-01-24 15:54:51.409683,50.0,3,754
5977,2022-01-24 15:55:16.708141,50.0,3,755
5978,2022-01-24 15:55:35.759075,3.0,4,755
5979,2022-01-24 15:56:23.085241,3.0,4,754
5980,2022-01-24 16:00:50.171432,50.0,3,756
5981,2022-01-24 16:01:03.597191,3.0,4,756
5982,2022-01-24 16:10:54.448244,5.0,22,753
5983,2022-01-24 16:11:07.019389,10.0,22,515
5984,2022-01-24 16:18:11.236466,3.0,4,258
5985,2022-01-24 16:29:03.518905,0.0,22,258
5986,2022-01-24 16:29:03.532350,,22,258
5987,2022-01-24 16:32:33.563515,5.0,22,614
5988,2022-01-24 16:33:42.588433,5.0,22,753
5989,2022-01-24 16:35:51.009453,50.0,3,757
5990,2022-01-24 16:36:16.502034,3.0,4,757
5991,2022-01-24 16:38:07.781525,5.0,22,753
5992,2022-01-24 16:45:36.451540,5.0,22,753
5993,2022-01-24 16:45:36.459941,30.0,8,753
5994,2022-01-24 16:54:46.287135,5.0,22,515
5995,2022-01-24 17:16:46.946556,5.0,22,753
5996,2022-01-24 17:21:07.671230,50.0,3,758
5997,2022-01-24 17:21:23.443323,3.0,4,758
5998,2022-01-24 17:24:56.872587,3.0,4,276
5999,2022-01-24 17:26:54.111776,3.0,4,320
6000,2022-01-24 17:30:48.773031,50.0,3,759
6001,2022-01-24 17:31:31.542661,3.0,4,759
6002,2022-01-24 17:31:50.850581,30.0,27,759
6003,2022-01-24 17:31:54.483105,10.0,25,614
6004,2022-01-24 17:36:13.277300,3.0,4,712
6005,2022-01-24 17:52:49.731734,50.0,3,760
6006,2022-01-24 17:53:56.117150,3.0,4,760
6007,2022-01-24 17:54:25.723923,10.0,25,614
6008,2022-01-24 17:54:28.018855,50.0,3,761
6009,2022-01-24 17:54:44.976083,3.0,4,761
6010,2022-01-24 17:56:26.486573,50.0,3,762
6011,2022-01-24 17:56:32.136846,3.0,4,762
6012,2022-01-24 17:59:53.362927,5.0,22,614
6013,2022-01-24 18:05:16.572268,50.0,3,763
6014,2022-01-24 18:06:21.518234,3.0,4,763
6015,2022-01-24 18:06:31.623129,3.0,4,487
6016,2022-01-24 18:10:30.869503,10.0,22,761
6017,2022-01-24 18:10:30.883861,,22,761
6018,2022-01-24 18:15:02.479353,5.0,22,614
6019,2022-01-24 18:24:43.962928,10.0,22,614
6020,2022-01-24 18:26:44.283345,45.0,23,614
6021,2022-01-24 18:31:00.314140,3.0,4,737
6022,2022-01-24 18:31:53.314412,5.0,22,487
6023,2022-01-24 18:31:53.326108,,22,487
6024,2022-01-24 18:32:12.020370,5.0,22,614
6025,2022-01-24 18:45:31.042442,3.0,4,673
6026,2022-01-24 18:46:56.422366,5.0,22,614
6027,2022-01-24 18:47:00.393503,10.0,22,487
6028,2022-01-24 18:48:28.014720,5.0,22,737
6029,2022-01-24 18:48:28.033648,,22,737
6030,2022-01-24 18:58:28.463560,0.0,22,673
6031,2022-01-24 19:10:46.604177,0.0,22,673
6032,2022-01-24 19:12:10.484890,50.0,3,766
6033,2022-01-24 19:12:46.990158,3.0,4,766
6034,2022-01-24 19:16:52.685154,50.0,3,767
6035,2022-01-24 19:17:13.066954,3.0,4,767
6036,2022-01-24 19:17:13.819783,0.0,22,673
6037,2022-01-24 19:18:25.180326,0.0,22,673
6038,2022-01-24 19:18:25.192305,100.0,9,673
6039,2022-01-24 19:19:05.394014,3.0,4,208
6040,2022-01-24 19:24:46.777069,50.0,3,768
6041,2022-01-24 19:25:08.410714,3.0,4,768
6042,2022-01-24 19:31:10.524754,0.0,22,673
6043,2022-01-24 19:34:30.209042,0.0,22,673
6044,2022-01-24 19:34:44.465874,10.0,22,731
6045,2022-01-24 19:34:44.473191,,22,731
6046,2022-01-24 19:48:34.443707,0.0,22,276
6047,2022-01-24 19:49:32.702705,10.0,22,767
6048,2022-01-24 19:49:32.729271,,22,767
6049,2022-01-24 19:56:12.593312,0.0,22,276
6050,2022-01-24 19:57:04.640152,0.0,22,673
6051,2022-01-24 19:59:21.217989,0.0,22,673
6052,2022-01-24 20:04:43.878026,5.0,22,208
6053,2022-01-24 20:04:43.886651,,22,208
6054,2022-01-24 20:09:57.043728,50.0,3,770
6055,2022-01-24 20:09:57.056584,150.0,6,208
6056,2022-01-24 20:09:57.056675,50.0,7,770
6057,2022-01-24 20:20:54.811069,0.0,22,673
6058,2022-01-24 20:31:47.175193,0.0,22,673
6059,2022-01-24 20:35:03.869299,0.0,22,673
6060,2022-01-24 21:05:14.851033,50.0,3,772
6061,2022-01-24 21:06:22.768504,3.0,4,772
6062,2022-01-24 21:13:39.261072,50.0,3,774
6063,2022-01-24 21:14:14.601961,3.0,4,342
6064,2022-01-24 21:14:53.818433,3.0,4,774
6065,2022-01-24 21:15:18.797626,3.0,4,648
6066,2022-01-24 21:15:28.042108,50.0,3,773
6067,2022-01-24 21:16:01.361223,3.0,4,773
6068,2022-01-24 21:42:26.994071,3.0,4,586
6069,2022-01-24 21:56:33.965414,50.0,3,776
6070,2022-01-24 21:56:51.142914,3.0,4,776
6071,2022-01-24 21:57:10.969769,0.0,27,776
6072,2022-01-24 23:14:45.252892,10.0,22,755
6073,2022-01-24 23:14:45.262344,,22,755
6074,2022-01-24 23:17:15.207342,5.0,22,714
6075,2022-01-25 00:03:22.622227,3.0,4,494
6076,2022-01-25 00:03:22.632965,30.0,5,494
6077,2022-01-25 00:07:50.079169,5.0,22,494
6078,2022-01-25 00:13:25.226023,10.0,25,494
6079,2022-01-25 00:14:51.412564,5.0,22,494
6080,2022-01-25 00:24:23.542628,5.0,22,494
6081,2022-01-25 01:11:27.656409,3.0,4,628
6082,2022-01-25 01:25:57.662254,3.0,4,342
6083,2022-01-25 01:32:50.118010,5.0,22,628
6084,2022-01-25 01:32:50.129520,,22,628
6085,2022-01-25 04:01:03.942027,3.0,4,570
6086,2022-01-25 04:06:32.823790,3.0,4,699
6087,2022-01-25 04:32:07.066973,3.0,4,566
6088,2022-01-25 04:43:18.182510,0.0,22,566
6089,2022-01-25 04:45:24.813886,0.0,22,566
6090,2022-01-25 04:57:51.150469,0.0,22,566
6091,2022-01-25 05:04:55.040335,0.0,22,566
6092,2022-01-25 05:05:12.051006,50.0,3,777
6093,2022-01-25 05:05:39.518524,3.0,4,777
6094,2022-01-25 05:06:01.046721,0.0,22,566
6095,2022-01-25 05:11:29.643841,0.0,22,566
6096,2022-01-25 05:15:34.282749,3.0,4,743
6097,2022-01-25 05:16:44.876340,0.0,22,566
6098,2022-01-25 05:18:57.921898,0.0,22,566
6099,2022-01-25 05:21:33.128730,0.0,22,566
6100,2022-01-25 05:24:34.145982,0.0,22,566
6101,2022-01-25 05:25:37.737784,0.0,22,566
6102,2022-01-25 05:36:48.343746,0.0,22,566
6103,2022-01-25 05:42:16.416718,5.0,22,743
6104,2022-01-25 05:42:16.481557,,22,743
6105,2022-01-25 05:46:11.200942,3.0,4,649
6106,2022-01-25 05:46:29.648012,3.0,4,486
6107,2022-01-25 05:46:29.656346,30.0,5,486
6108,2022-01-25 06:48:26.253468,10.0,24,570
6109,2022-01-25 06:54:18.652334,50.0,3,778
6110,2022-01-25 06:54:43.835272,3.0,4,778
6111,2022-01-25 06:56:17.467759,5.0,22,570
6112,2022-01-25 06:57:26.717014,3.0,4,614
6113,2022-01-25 06:57:30.398702,30.0,27,778
6114,2022-01-25 07:01:05.275091,5.0,22,628
6115,2022-01-25 07:09:44.963542,3.0,4,767
6116,2022-01-25 07:10:54.300508,50.0,3,779
6117,2022-01-25 07:11:10.209494,3.0,4,779
6118,2022-01-25 07:49:39.333690,3.0,4,446
6119,2022-01-25 07:51:34.305866,50.0,3,780
6120,2022-01-25 07:54:36.892969,3.0,4,758
6121,2022-01-25 07:54:55.761425,0.0,22,446
6122,2022-01-25 08:00:24.255341,50.0,3,781
6123,2022-01-25 08:00:41.294462,3.0,4,781
6124,2022-01-25 08:18:52.804049,50.0,3,782
6125,2022-01-25 08:19:18.533780,3.0,4,782
6126,2022-01-25 08:19:59.030274,3.0,4,623
6127,2022-01-25 08:41:08.040051,50.0,3,783
6128,2022-01-25 08:41:24.444737,3.0,4,783
6129,2022-01-25 08:46:07.502380,5.0,22,570
6130,2022-01-25 08:48:35.987822,5.0,22,570
6131,2022-01-25 08:50:38.011274,5.0,22,570
6132,2022-01-25 08:56:59.894087,5.0,22,614
6133,2022-01-25 08:59:52.542140,10.0,25,614
6134,2022-01-25 09:00:25.338052,5.0,22,743
6135,2022-01-25 09:26:06.129252,5.0,22,570
6136,2022-01-25 09:34:48.718298,5.0,22,494
6137,2022-01-25 09:35:17.651303,50.0,3,785
6138,2022-01-25 09:35:39.696830,3.0,4,785
6139,2022-01-25 09:37:30.548526,0.0,27,785
6140,2022-01-25 09:40:04.818111,3.0,4,537
6141,2022-01-25 09:44:53.483178,3.0,4,330
6142,2022-01-25 10:10:05.269377,5.0,22,494
6143,2022-01-25 10:11:15.036283,5.0,22,494
6144,2022-01-25 10:24:24.580256,10.0,22,537
6145,2022-01-25 10:38:11.132059,50.0,3,786
6146,2022-01-25 10:38:19.511780,3.0,4,786
6147,2022-01-25 10:54:53.436419,50.0,3,787
6148,2022-01-25 10:55:04.804774,3.0,4,787
6149,2022-01-25 10:59:16.830721,0.0,22,330
6150,2022-01-25 11:03:56.187675,3.0,4,320
6151,2022-01-25 11:05:22.122036,3.0,4,621
6152,2022-01-25 11:05:28.773177,50.0,3,788
6153,2022-01-25 11:05:29.377693,45.0,23,787
6154,2022-01-25 11:06:07.853790,3.0,4,788
6155,2022-01-25 11:06:14.496845,5.0,22,649
6156,2022-01-25 11:06:52.585980,0.0,27,788
6157,2022-01-25 11:07:26.050552,35.0,23,649
6158,2022-01-25 11:09:57.235932,5.0,22,614
6159,2022-01-25 11:11:03.754598,30.0,27,788
6160,2022-01-25 11:12:42.494349,3.0,4,559
6161,2022-01-25 11:19:13.298396,5.0,22,559
6162,2022-01-25 11:28:19.059261,3.0,4,656
6163,2022-01-25 11:31:45.827844,5.0,22,649
6164,2022-01-25 11:32:47.792382,30.0,27,623
6165,2022-01-25 11:40:26.093199,5.0,22,614
6166,2022-01-25 11:44:36.068157,5.0,22,614
6167,2022-01-25 11:49:06.088039,5.0,22,649
6168,2022-01-25 11:55:27.929638,5.0,22,614
6169,2022-01-25 11:58:15.881662,5.0,22,614
6170,2022-01-25 11:58:46.622574,3.0,4,241
6171,2022-01-25 12:00:17.466468,3.0,4,642
6172,2022-01-25 12:00:23.204312,5.0,22,614
6173,2022-01-25 12:00:57.395332,10.0,25,642
6174,2022-01-25 12:17:49.293096,5.0,22,614
6175,2022-01-25 12:25:00.962923,5.0,22,743
6176,2022-01-25 13:12:56.570236,3.0,4,702
6177,2022-01-25 13:27:14.499136,5.0,22,649
6178,2022-01-25 14:00:45.976084,50.0,3,791
6179,2022-01-25 14:00:57.359707,3.0,4,791
6180,2022-01-25 14:06:41.245859,50.0,3,790
6181,2022-01-25 14:06:41.259051,,23,790
6182,2022-01-25 14:06:57.207292,3.0,4,790
6183,2022-01-25 14:16:08.362194,0.0,22,790
6184,2022-01-25 14:16:08.431004,,22,790
6185,2022-01-25 14:16:48.133491,0.0,22,330
6186,2022-01-25 14:19:06.112008,0.0,22,790
6187,2022-01-25 14:25:16.983710,3.0,4,556
6188,2022-01-25 14:25:53.848461,0.0,22,790
6189,2022-01-25 14:30:29.791370,0.0,22,790
6190,2022-01-25 14:31:37.798856,0.0,22,790
6191,2022-01-25 14:31:37.811911,30.0,8,790
6192,2022-01-25 14:54:20.907273,3.0,4,776
6193,2022-01-25 14:58:11.266640,0.0,22,790
6194,2022-01-25 15:02:50.780811,35.0,23,767
6195,2022-01-25 15:07:06.551342,0.0,22,790
6196,2022-01-25 15:08:28.239187,0.0,22,790
6197,2022-01-25 15:10:30.327535,0.0,22,790
6198,2022-01-25 15:13:07.209536,0.0,22,790
6199,2022-01-25 15:13:07.227371,100.0,9,790
6200,2022-01-25 15:15:13.280538,0.0,22,790
6201,2022-01-25 15:22:57.168242,3.0,4,132
6202,2022-01-25 15:25:48.926933,50.0,3,792
6203,2022-01-25 15:26:06.192631,50.0,3,793
6204,2022-01-25 15:26:10.978410,3.0,4,792
6205,2022-01-25 15:26:15.173959,0.0,27,792
6206,2022-01-25 15:26:18.200942,3.0,4,793
6207,2022-01-25 15:48:50.123489,10.0,25,132
6208,2022-01-25 15:55:36.705465,10.0,22,132
6209,2022-01-25 16:03:43.952244,3.0,4,265
6210,2022-01-25 16:08:49.118867,50.0,3,796
6211,2022-01-25 16:09:21.029823,3.0,4,796
6212,2022-01-25 16:24:56.909351,50.0,3,798
6213,2022-01-25 16:25:18.854359,3.0,4,798
6214,2022-01-25 16:41:46.057905,50.0,3,799
6215,2022-01-25 16:42:02.119668,3.0,4,799
6216,2022-01-25 16:45:44.966450,5.0,22,798
6217,2022-01-25 16:45:44.981910,,22,798
6218,2022-01-25 16:53:47.842736,3.0,4,757
6219,2022-01-25 17:01:11.738751,10.0,25,799
6220,2022-01-25 17:03:29.043885,50.0,3,800
6221,2022-01-25 17:03:44.211415,3.0,4,800
6222,2022-01-25 17:07:55.686586,30.0,27,800
6223,2022-01-25 17:08:18.793575,3.0,4,363
6224,2022-01-25 17:15:18.585868,0.0,22,790
6225,2022-01-25 17:17:14.799327,3.0,4,222
6226,2022-01-25 17:17:35.169377,0.0,22,790
6227,2022-01-25 17:19:24.941735,45.0,23,222
6228,2022-01-25 17:19:48.807144,0.0,22,790
6229,2022-01-25 17:21:28.625936,20.0,22,222
6230,2022-01-25 17:21:40.429588,0.0,22,790
6231,2022-01-25 17:23:07.509576,0.0,22,790
6232,2022-01-25 17:41:39.618094,0.0,22,790
6233,2022-01-25 17:44:25.538158,10.0,25,799
6234,2022-01-25 17:44:44.890727,50.0,3,801
6235,2022-01-25 17:44:59.470257,3.0,4,801
6236,2022-01-25 18:10:10.996847,5.0,22,801
6237,2022-01-25 18:10:11.020340,,22,801
6238,2022-01-25 18:12:20.629672,5.0,22,801
6239,2022-01-25 18:48:44.540099,10.0,22,614
6240,2022-01-25 18:50:24.037176,50.0,3,805
6241,2022-01-25 18:51:59.998756,3.0,4,805
6242,2022-01-25 18:53:59.097631,0.0,27,805
6243,2022-01-25 18:57:07.603842,30.0,27,805
6244,2022-01-25 19:09:29.999765,3.0,4,690
6245,2022-01-25 19:10:03.119629,3.0,4,276
6246,2022-01-25 19:13:32.890423,50.0,3,806
6247,2022-01-25 19:13:48.578431,3.0,4,806
6248,2022-01-25 19:14:38.881103,0.0,27,806
6249,2022-01-25 19:16:10.149287,15.0,22,614
6250,2022-01-25 19:28:37.248397,35.0,23,614
6251,2022-01-25 19:29:14.972326,3.0,4,688
6252,2022-01-25 19:29:37.082348,5.0,22,690
6253,2022-01-25 19:29:37.097525,,22,690
6254,2022-01-25 19:33:45.605725,5.0,22,690
6255,2022-01-25 19:46:21.917146,5.0,22,614
6256,2022-01-25 19:50:05.703218,0.0,22,276
6257,2022-01-25 19:57:48.953437,50.0,3,807
6258,2022-01-25 19:58:04.492043,3.0,4,807
6259,2022-01-25 20:08:07.991661,0.0,22,276
6260,2022-01-25 20:25:16.066637,5.0,22,690
6261,2022-01-25 20:28:16.451633,5.0,22,690
6262,2022-01-25 20:53:21.332971,10.0,22,801
6263,2022-01-25 20:59:15.173776,3.0,4,586
6264,2022-01-25 21:16:46.945127,50.0,3,809
6265,2022-01-25 21:17:15.928070,3.0,4,809
6266,2022-01-25 21:30:57.964851,5.0,22,690
6267,2022-01-25 21:30:57.976367,30.0,8,690
6268,2022-01-25 21:41:47.672974,25.0,23,690
6269,2022-01-25 22:24:07.232541,3.0,4,455
6270,2022-01-25 22:57:41.884583,3.0,4,731
6271,2022-01-25 22:58:54.771593,50.0,3,810
6272,2022-01-25 22:59:08.571590,3.0,4,810
6273,2022-01-25 22:59:33.869116,35.0,23,810
6274,2022-01-26 00:26:51.092962,50.0,3,811
6275,2022-01-26 00:27:18.291812,3.0,4,811
6276,2022-01-26 02:36:59.047336,3.0,4,628
6277,2022-01-26 03:31:51.525521,5.0,22,628
6278,2022-01-26 04:14:08.853257,3.0,4,276
6279,2022-01-26 04:25:54.017481,50.0,3,812
6280,2022-01-26 04:30:52.034287,3.0,4,812
6281,2022-01-26 04:31:08.092608,30.0,27,812
6282,2022-01-26 05:00:13.552135,0.0,22,276
6283,2022-01-26 05:02:05.605968,3.0,4,614
6284,2022-01-26 05:02:40.642894,0.0,22,276
6285,2022-01-26 05:13:59.298607,45.0,23,614
6286,2022-01-26 05:17:55.651037,3.0,4,570
6287,2022-01-26 05:19:34.797198,5.0,22,570
6288,2022-01-26 05:33:18.542047,5.0,22,614
6289,2022-01-26 05:34:18.937702,35.0,23,614
6290,2022-01-26 05:39:06.017242,3.0,4,649
6291,2022-01-26 05:45:29.744651,10.0,22,614
6292,2022-01-26 05:46:07.276102,45.0,23,614
6293,2022-01-26 05:48:37.711945,3.0,4,566
6294,2022-01-26 05:50:23.877243,3.0,4,807
6295,2022-01-26 05:54:04.576676,10.0,22,614
6296,2022-01-26 05:54:05.060851,3.0,4,796
6297,2022-01-26 05:54:30.289973,45.0,23,614
6298,2022-01-26 05:55:00.803563,0.0,22,566
6299,2022-01-26 05:58:42.428773,0.0,22,566
6300,2022-01-26 05:58:42.448815,200.0,10,566
6301,2022-01-26 06:03:47.619897,0.0,22,566
6302,2022-01-26 06:06:07.931729,0.0,22,566
6303,2022-01-26 06:08:55.839892,5.0,22,628
6304,2022-01-26 06:11:43.486889,3.0,4,446
6305,2022-01-26 06:24:06.937573,3.0,4,584
6306,2022-01-26 06:25:34.099112,10.0,22,614
6307,2022-01-26 06:38:19.932498,3.0,4,586
6308,2022-01-26 06:45:57.279014,50.0,3,813
6309,2022-01-26 06:46:20.561549,3.0,4,813
6310,2022-01-26 06:46:55.803722,0.0,27,813
6311,2022-01-26 06:47:46.245056,45.0,23,586
6312,2022-01-26 06:55:15.463434,10.0,22,614
6313,2022-01-26 06:58:52.725774,45.0,23,614
6314,2022-01-26 07:01:02.689726,20.0,22,586
6315,2022-01-26 07:01:02.699549,30.0,8,586
6316,2022-01-26 07:08:15.922500,3.0,4,97
6317,2022-01-26 07:12:33.358209,3.0,4,222
6318,2022-01-26 07:14:50.768351,10.0,25,222
6319,2022-01-26 07:19:54.625026,50.0,3,814
6320,2022-01-26 07:20:19.683607,3.0,4,814
6321,2022-01-26 07:20:55.471721,10.0,22,586
6322,2022-01-26 07:22:01.745311,5.0,22,614
6323,2022-01-26 07:22:10.275627,30.0,27,814
6324,2022-01-26 07:24:58.228981,5.0,22,222
6325,2022-01-26 07:25:04.215228,3.0,4,623
6326,2022-01-26 07:26:58.443647,10.0,22,628
6327,2022-01-26 07:26:58.459670,30.0,8,628
6328,2022-01-26 07:30:12.759464,5.0,22,586
6329,2022-01-26 07:36:57.697932,10.0,22,614
6330,2022-01-26 07:37:48.459537,55.0,23,614
6331,2022-01-26 07:38:45.922200,5.0,22,586
6332,2022-01-26 07:39:23.467031,10.0,22,584
6333,2022-01-26 07:44:31.392545,3.0,4,790
6334,2022-01-26 07:44:48.468985,50.0,3,815
6335,2022-01-26 07:45:01.618296,3.0,4,815
6336,2022-01-26 07:55:26.150413,3.0,4,743
6337,2022-01-26 07:56:54.086515,5.0,22,743
6338,2022-01-26 07:58:12.630543,0.0,22,790
6339,2022-01-26 08:01:18.174927,30.0,27,815
6340,2022-01-26 08:01:40.548569,10.0,22,584
6341,2022-01-26 08:10:09.448720,10.0,22,614
6342,2022-01-26 08:10:44.352061,0.0,22,790
6343,2022-01-26 08:12:07.471822,5.0,22,743
6344,2022-01-26 08:12:07.481221,30.0,8,743
6345,2022-01-26 08:13:12.247448,45.0,23,614
6346,2022-01-26 08:14:56.809438,5.0,22,815
6347,2022-01-26 08:14:56.846713,,22,815
6348,2022-01-26 08:19:20.276206,10.0,25,584
6349,2022-01-26 08:21:44.614182,10.0,22,614
6350,2022-01-26 08:24:31.569268,10.0,22,584
6351,2022-01-26 08:25:16.316642,0.0,22,790
6352,2022-01-26 08:28:08.995176,3.0,4,494
6353,2022-01-26 08:28:31.376882,3.0,4,73
6354,2022-01-26 08:28:53.723227,35.0,23,614
6355,2022-01-26 08:30:01.945277,5.0,22,494
6356,2022-01-26 08:32:54.755262,5.0,22,494
6357,2022-01-26 08:37:15.664743,0.0,22,790
6358,2022-01-26 08:37:34.382035,5.0,22,494
6359,2022-01-26 08:42:37.866551,5.0,22,494
6360,2022-01-26 08:42:41.591317,10.0,25,584
6361,2022-01-26 08:42:52.496497,5.0,22,649
6362,2022-01-26 08:42:52.509945,100.0,9,649
6363,2022-01-26 08:43:10.418177,35.0,23,649
6364,2022-01-26 08:43:13.963255,10.0,22,584
6365,2022-01-26 08:45:15.663962,3.0,4,656
6366,2022-01-26 08:50:53.956423,0.0,22,656
6367,2022-01-26 08:51:20.524107,10.0,22,584
6368,2022-01-26 08:51:21.158843,50.0,3,816
6369,2022-01-26 08:51:36.925127,3.0,4,816
6370,2022-01-26 08:53:52.929386,10.0,22,584
6371,2022-01-26 08:53:52.938049,200.0,10,584
6372,2022-01-26 09:01:23.260348,50.0,3,817
6373,2022-01-26 09:02:03.074557,0.0,22,656
6374,2022-01-26 09:03:55.558083,10.0,22,649
6375,2022-01-26 09:05:26.028380,10.0,22,614
6376,2022-01-26 09:05:43.284617,3.0,4,621
6377,2022-01-26 09:07:19.333532,3.0,4,817
6378,2022-01-26 09:11:39.658189,0.0,22,656
6379,2022-01-26 09:15:47.260845,45.0,23,614
6380,2022-01-26 09:28:54.969249,3.0,4,287
6381,2022-01-26 09:31:22.984187,0.0,22,656
6382,2022-01-26 09:32:10.485906,5.0,22,815
6383,2022-01-26 09:33:41.233974,3.0,4,780
6384,2022-01-26 09:41:36.324958,20.0,22,614
6385,2022-01-26 09:42:18.977417,35.0,23,614
6386,2022-01-26 09:54:52.788117,10.0,22,614
6387,2022-01-26 10:03:51.998574,3.0,4,644
6388,2022-01-26 10:20:18.290738,3.0,4,537
6389,2022-01-26 10:22:44.662449,50.0,3,818
6390,2022-01-26 10:22:57.719404,3.0,4,818
6391,2022-01-26 10:23:23.411394,30.0,27,818
6392,2022-01-26 10:27:24.004623,50.0,3,819
6393,2022-01-26 10:27:34.228596,3.0,4,819
6394,2022-01-26 10:31:10.715294,0.0,22,656
6395,2022-01-26 10:40:39.388297,10.0,25,614
6396,2022-01-26 10:43:44.051207,10.0,22,815
6397,2022-01-26 10:44:10.864875,0.0,22,790
6398,2022-01-26 10:44:27.660872,10.0,22,614
6399,2022-01-26 10:51:35.628476,35.0,23,614
6400,2022-01-26 10:53:54.659841,3.0,4,642
6401,2022-01-26 10:53:54.666706,30.0,5,642
6402,2022-01-26 10:56:54.333665,10.0,25,642
6403,2022-01-26 10:57:55.897944,10.0,25,642
6404,2022-01-26 10:58:03.430650,10.0,22,614
6405,2022-01-26 11:07:20.866118,35.0,23,614
6406,2022-01-26 11:24:02.200350,50.0,3,820
6407,2022-01-26 11:25:30.680051,3.0,4,820
6408,2022-01-26 11:26:30.393875,0.0,27,820
6409,2022-01-26 11:30:34.608134,0.0,22,790
6410,2022-01-26 11:31:27.142389,50.0,3,821
6411,2022-01-26 11:31:49.948095,3.0,4,821
6412,2022-01-26 11:38:15.545737,10.0,22,614
6413,2022-01-26 11:38:53.264556,45.0,23,614
6414,2022-01-26 11:41:51.950218,50.0,3,822
6415,2022-01-26 11:42:05.103974,3.0,4,822
6416,2022-01-26 11:42:36.437043,0.0,27,822
6417,2022-01-26 11:52:50.497487,10.0,22,656
6418,2022-01-26 11:53:59.559118,5.0,22,614
6419,2022-01-26 12:12:19.844751,55.0,23,614
6420,2022-01-26 12:16:47.237714,10.0,22,656
6421,2022-01-26 12:16:47.245810,200.0,10,656
6422,2022-01-26 12:18:36.703993,5.0,22,494
6423,2022-01-26 12:24:11.266062,5.0,22,494
6424,2022-01-26 12:24:11.282421,200.0,10,494
6425,2022-01-26 12:33:33.820740,5.0,22,494
6426,2022-01-26 12:50:21.111230,50.0,3,823
6427,2022-01-26 12:50:22.184042,3.0,4,823
6428,2022-01-26 13:07:35.038248,20.0,22,614
6429,2022-01-26 13:10:46.123716,0.0,22,566
6430,2022-01-26 13:13:37.339390,50.0,3,825
6431,2022-01-26 13:15:40.412906,3.0,4,825
6432,2022-01-26 13:18:27.608084,0.0,22,566
6433,2022-01-26 13:19:58.324597,50.0,3,826
6434,2022-01-26 13:20:10.128845,3.0,4,826
6435,2022-01-26 13:27:31.939152,3.0,4,793
6436,2022-01-26 13:34:38.171994,50.0,3,827
6437,2022-01-26 13:35:05.096728,3.0,4,827
6438,2022-01-26 13:35:51.733345,30.0,27,827
6439,2022-01-26 13:36:47.203130,20.0,22,586
6440,2022-01-26 13:38:23.375652,45.0,23,614
6441,2022-01-26 13:43:37.509194,5.0,22,614
6442,2022-01-26 13:58:50.829955,3.0,4,641
6443,2022-01-26 14:00:33.352973,50.0,3,828
6444,2022-01-26 14:00:53.403583,3.0,4,828
6445,2022-01-26 14:01:09.645090,30.0,27,828
6446,2022-01-26 14:07:57.177073,50.0,3,829
6447,2022-01-26 14:08:14.143870,3.0,4,829
6448,2022-01-26 14:10:29.139128,35.0,23,614
6449,2022-01-26 14:11:10.173959,5.0,22,614
6450,2022-01-26 14:12:19.253485,0.0,27,821
6451,2022-01-26 14:14:53.633507,5.0,22,815
6452,2022-01-26 14:24:06.416993,5.0,22,614
6453,2022-01-26 14:39:50.334237,10.0,22,829
6454,2022-01-26 14:39:50.352345,,22,829
6455,2022-01-26 15:02:41.912932,50.0,3,830
6456,2022-01-26 15:03:06.641658,3.0,4,830
6457,2022-01-26 15:04:31.677374,30.0,27,830
6458,2022-01-26 15:26:06.727540,0.0,22,790
6459,2022-01-26 15:33:49.222785,0.0,22,790
6460,2022-01-26 15:33:49.233886,200.0,10,790
6461,2022-01-26 15:41:19.681627,0.0,22,790
6462,2022-01-26 15:48:23.680914,0.0,22,790
6463,2022-01-26 15:50:37.662412,50.0,3,831
6464,2022-01-26 15:51:17.686596,3.0,4,831
6465,2022-01-26 16:09:32.573867,0.0,22,790
6466,2022-01-26 16:44:45.846537,3.0,4,490
6467,2022-01-26 16:44:45.855562,30.0,5,490
6468,2022-01-26 16:58:36.207712,10.0,22,796
6469,2022-01-26 16:58:36.223400,,22,796
6470,2022-01-26 17:01:30.566909,10.0,25,490
6471,2022-01-26 17:02:05.760626,5.0,22,490
6472,2022-01-26 17:23:41.536167,5.0,22,796
6473,2022-01-26 17:26:28.144507,5.0,22,796
6474,2022-01-26 17:35:51.229897,3.0,4,712
6475,2022-01-26 17:43:12.833731,5.0,22,796
6476,2022-01-26 17:50:27.158728,5.0,22,796
6477,2022-01-26 17:50:27.167362,30.0,8,796
6478,2022-01-26 17:50:36.496445,10.0,25,796
6479,2022-01-26 18:18:46.322179,50.0,3,833
6480,2022-01-26 18:19:23.106363,3.0,4,833
6481,2022-01-26 18:21:30.633976,3.0,4,535
6482,2022-01-26 18:52:40.832694,3.0,4,98
6483,2022-01-26 18:55:43.651523,3.0,4,258
6484,2022-01-26 19:06:46.884105,5.0,22,833
6485,2022-01-26 19:06:46.894388,,22,833
6486,2022-01-26 19:33:40.844278,3.0,4,767
6487,2022-01-26 19:49:20.592151,50.0,3,835
6488,2022-01-26 19:49:39.728050,3.0,4,835
6489,2022-01-26 19:49:43.814265,0.0,27,835
6490,2022-01-26 19:53:26.376296,10.0,25,767
6491,2022-01-26 19:59:12.375308,5.0,22,767
6492,2022-01-26 20:05:03.389074,3.0,4,121
6493,2022-01-26 20:15:28.579749,0.0,22,258
6494,2022-01-26 20:28:31.169524,3.0,4,427
6495,2022-01-26 20:33:20.869275,10.0,25,427
6496,2022-01-26 20:33:50.716944,10.0,22,427
6497,2022-01-26 21:33:20.345293,50.0,3,836
6498,2022-01-26 21:33:35.964581,3.0,4,836
6499,2022-01-26 21:36:04.679853,50.0,3,837
6500,2022-01-26 21:36:30.519547,3.0,4,837
6501,2022-01-26 21:44:37.728608,50.0,3,838
6502,2022-01-26 21:45:01.407063,3.0,4,838
6503,2022-01-26 21:55:41.791925,0.0,27,838
6504,2022-01-26 23:24:01.325326,50.0,3,839
6505,2022-01-26 23:24:01.338351,,23,839
6506,2022-01-26 23:24:14.637913,3.0,4,839
6507,2022-01-26 23:35:46.100752,0.0,22,839
6508,2022-01-26 23:35:46.113161,,22,839
6509,2022-01-26 23:43:10.575717,0.0,22,839
6510,2022-01-27 00:11:20.739202,3.0,4,628
6511,2022-01-27 00:37:38.009415,35.0,23,628
6512,2022-01-27 00:52:41.796868,5.0,22,628
6513,2022-01-27 01:37:06.448842,5.0,22,628
6514,2022-01-27 01:42:22.025982,5.0,22,628
6515,2022-01-27 01:53:42.039694,5.0,22,628
6516,2022-01-27 02:07:35.348671,3.0,4,258
6517,2022-01-27 02:12:14.391876,0.0,22,258
6518,2022-01-27 02:54:33.344029,0.0,22,258
6519,2022-01-27 03:31:43.038208,5.0,22,628
6520,2022-01-27 03:31:43.045260,100.0,9,628
6521,2022-01-27 03:36:54.740210,5.0,22,628
6522,2022-01-27 04:03:59.232036,0.0,22,258
6523,2022-01-27 04:03:59.242515,30.0,8,258
6524,2022-01-27 04:44:35.641457,50.0,3,841
6525,2022-01-27 04:45:18.522653,3.0,4,841
6526,2022-01-27 04:45:22.119610,0.0,27,841
6527,2022-01-27 04:45:48.409003,3.0,4,363
6528,2022-01-27 04:58:22.269879,50.0,3,842
6529,2022-01-27 04:58:45.751865,3.0,4,842
6530,2022-01-27 04:59:25.101356,30.0,27,842
6531,2022-01-27 05:16:56.488528,5.0,22,628
6532,2022-01-27 05:35:03.614159,5.0,22,628
6533,2022-01-27 05:43:44.521638,3.0,4,446
6534,2022-01-27 05:48:56.103662,3.0,4,649
6535,2022-01-27 05:54:29.316052,3.0,4,815
6536,2022-01-27 05:59:58.419111,3.0,4,796
6537,2022-01-27 06:28:39.051960,35.0,23,815
6538,2022-01-27 06:36:21.057341,5.0,22,815
6539,2022-01-27 06:36:21.070686,30.0,8,815
6540,2022-01-27 06:42:12.885767,3.0,4,801
6541,2022-01-27 07:18:04.922412,50.0,3,843
6542,2022-01-27 07:19:33.819864,3.0,4,584
6543,2022-01-27 07:23:13.945538,5.0,22,815
6544,2022-01-27 07:23:25.710792,10.0,25,815
6545,2022-01-27 07:35:50.332875,15.0,22,584
6546,2022-01-27 07:43:43.049382,20.0,22,584
6547,2022-01-27 07:53:17.733838,20.0,22,584
6548,2022-01-27 07:54:56.422687,50.0,3,844
6549,2022-01-27 07:55:17.348292,3.0,4,844
6550,2022-01-27 07:56:10.740741,3.0,4,335
6551,2022-01-27 08:13:52.192669,3.0,4,656
6552,2022-01-27 08:19:31.300787,10.0,25,584
6553,2022-01-27 08:21:57.686436,20.0,22,584
6554,2022-01-27 08:29:33.448128,3.0,4,614
6555,2022-01-27 08:31:14.259318,3.0,4,570
6556,2022-01-27 08:36:03.685765,5.0,22,614
6557,2022-01-27 08:51:26.983185,3.0,4,101
6558,2022-01-27 09:02:08.513033,15.0,22,656
6559,2022-01-27 09:15:59.056230,50.0,3,845
6560,2022-01-27 09:16:44.205445,3.0,4,845
6561,2022-01-27 09:47:06.961700,0.0,22,656
6562,2022-01-27 09:57:06.887602,3.0,4,73
6563,2022-01-27 09:57:08.550791,10.0,25,73
6564,2022-01-27 10:01:23.315693,3.0,4,621
6565,2022-01-27 10:07:34.878726,50.0,3,847
6566,2022-01-27 10:07:58.864198,3.0,4,847
6567,2022-01-27 10:12:08.326690,30.0,27,847
6568,2022-01-27 10:22:39.500830,3.0,4,757
6569,2022-01-27 10:29:19.007835,50.0,3,848
6570,2022-01-27 10:29:46.691757,5.0,22,614
6571,2022-01-27 10:29:52.331929,3.0,4,848
6572,2022-01-27 10:30:26.210301,3.0,4,623
6573,2022-01-27 10:31:17.515428,5.0,22,614
6574,2022-01-27 10:38:52.620405,5.0,22,614
6575,2022-01-27 10:39:38.303564,50.0,3,850
6576,2022-01-27 10:41:42.269307,3.0,4,850
6577,2022-01-27 10:41:58.375467,3.0,4,742
6578,2022-01-27 10:44:24.703182,5.0,22,614
6579,2022-01-27 10:49:29.529346,0.0,22,656
6580,2022-01-27 10:53:00.496886,5.0,22,742
6581,2022-01-27 10:55:19.809322,45.0,23,742
6582,2022-01-27 11:00:58.532149,3.0,4,642
6583,2022-01-27 11:03:06.807278,10.0,22,614
6584,2022-01-27 11:04:01.284959,45.0,23,614
6585,2022-01-27 11:04:48.070832,3.0,4,586
6586,2022-01-27 11:18:07.938326,5.0,22,614
6587,2022-01-27 11:20:16.409887,10.0,22,642
6588,2022-01-27 11:20:26.320260,10.0,25,642
6589,2022-01-27 11:25:29.548642,5.0,22,614
6590,2022-01-27 11:31:11.525356,50.0,3,851
6591,2022-01-27 11:31:33.634201,3.0,4,851
6592,2022-01-27 11:33:45.559193,3.0,4,746
6593,2022-01-27 11:36:35.040918,50.0,3,852
6594,2022-01-27 11:38:49.964929,10.0,22,746
6595,2022-01-27 11:39:31.208924,3.0,4,852
6596,2022-01-27 11:41:16.448266,5.0,22,746
6597,2022-01-27 11:43:28.346182,3.0,4,494
6598,2022-01-27 11:43:54.914788,5.0,22,614
6599,2022-01-27 11:48:09.407972,5.0,22,746
6600,2022-01-27 11:50:27.072919,10.0,25,570
6601,2022-01-27 11:51:39.330134,5.0,22,852
6602,2022-01-27 11:51:39.347174,,22,852
6603,2022-01-27 11:52:24.635194,5.0,22,570
6604,2022-01-27 11:54:41.464684,30.0,27,570
6605,2022-01-27 11:57:56.410189,5.0,22,852
6606,2022-01-27 12:07:24.636375,3.0,4,132
6607,2022-01-27 12:09:29.531277,5.0,22,494
6608,2022-01-27 12:10:32.901964,10.0,22,852
6609,2022-01-27 12:11:51.902012,3.0,4,548
6610,2022-01-27 12:12:08.058573,35.0,23,570
6611,2022-01-27 12:12:14.345570,5.0,22,494
6612,2022-01-27 12:13:42.898012,3.0,4,821
6613,2022-01-27 12:16:35.826988,10.0,25,132
6614,2022-01-27 12:19:10.079831,50.0,3,853
6615,2022-01-27 12:19:32.260020,3.0,4,853
6616,2022-01-27 12:22:52.371972,10.0,22,132
6617,2022-01-27 12:24:00.160507,55.0,23,132
6618,2022-01-27 12:25:31.925102,5.0,22,570
6619,2022-01-27 12:29:01.954832,5.0,22,494
6620,2022-01-27 12:30:46.699546,45.0,23,132
6621,2022-01-27 12:33:54.245147,5.0,22,852
6622,2022-01-27 12:41:05.034198,5.0,22,494
6623,2022-01-27 12:47:32.676197,5.0,22,614
6624,2022-01-27 12:48:04.257463,50.0,3,854
6625,2022-01-27 12:48:10.451382,3.0,4,854
6626,2022-01-27 12:48:14.290764,0.0,27,854
6627,2022-01-27 12:50:52.312677,5.0,22,614
6628,2022-01-27 13:04:47.331660,5.0,22,614
6629,2022-01-27 13:05:36.904732,45.0,23,614
6630,2022-01-27 13:10:06.738125,5.0,22,614
6631,2022-01-27 13:13:48.429151,10.0,22,746
6632,2022-01-27 13:13:48.438117,30.0,8,746
6633,2022-01-27 13:25:50.962902,5.0,22,746
6634,2022-01-27 13:35:53.906705,15.0,22,746
6635,2022-01-27 13:39:59.967726,50.0,3,855
6636,2022-01-27 13:40:21.402396,3.0,4,855
6637,2022-01-27 13:43:45.982322,10.0,22,801
6638,2022-01-27 13:53:45.276299,20.0,22,614
6639,2022-01-27 14:44:50.462021,10.0,25,801
6640,2022-01-27 14:46:37.377020,10.0,22,801
6641,2022-01-27 14:46:37.383718,30.0,8,801
6642,2022-01-27 14:57:27.108426,10.0,25,852
6643,2022-01-27 14:58:25.006913,5.0,22,852
6644,2022-01-27 14:58:25.076927,30.0,8,852
6645,2022-01-27 15:00:28.201136,3.0,4,767
6646,2022-01-27 15:03:39.771456,50.0,3,857
6647,2022-01-27 15:03:39.787448,150.0,6,852
6648,2022-01-27 15:03:39.787598,50.0,7,857
6649,2022-01-27 15:06:00.793629,50.0,3,858
6650,2022-01-27 15:06:30.571098,3.0,4,858
6651,2022-01-27 15:07:48.333236,3.0,4,276
6652,2022-01-27 15:23:02.124646,50.0,3,856
6653,2022-01-27 15:23:35.387551,3.0,4,856
6654,2022-01-27 15:33:40.135840,10.0,22,856
6655,2022-01-27 15:33:40.155193,,22,856
6656,2022-01-27 15:41:55.214217,10.0,22,856
6657,2022-01-27 15:57:33.551384,50.0,3,859
6658,2022-01-27 15:58:06.817642,3.0,4,859
6659,2022-01-27 16:45:53.933595,50.0,3,860
6660,2022-01-27 16:46:36.813091,3.0,4,860
6661,2022-01-27 16:53:44.803909,3.0,4,553
6662,2022-01-27 16:56:44.257350,10.0,25,553
6663,2022-01-27 17:06:06.063335,50.0,3,861
6664,2022-01-27 17:06:06.075918,,23,861
6665,2022-01-27 17:06:54.232812,3.0,4,861
6666,2022-01-27 17:16:26.601454,50.0,3,862
6667,2022-01-27 17:16:38.211025,3.0,4,862
6668,2022-01-27 17:23:20.941708,0.0,22,861
6669,2022-01-27 17:23:20.951056,,22,861
6670,2022-01-27 17:33:33.390510,0.0,22,861
6671,2022-01-27 17:35:46.451710,50.0,3,863
6672,2022-01-27 17:36:24.032848,3.0,4,863
6673,2022-01-27 17:36:55.275403,30.0,27,863
6674,2022-01-27 17:40:05.664499,0.0,22,861
6675,2022-01-27 18:09:21.829444,0.0,22,861
6676,2022-01-27 18:24:28.109418,0.0,22,861
6677,2022-01-27 18:24:28.127217,30.0,8,861
6678,2022-01-27 18:40:01.315735,5.0,22,852
6679,2022-01-27 18:44:29.522075,0.0,22,861
6680,2022-01-27 18:50:53.989410,0.0,22,861
6681,2022-01-27 18:53:43.214259,35.0,23,852
6682,2022-01-27 18:54:23.069428,5.0,22,852
6683,2022-01-27 18:59:32.946468,3.0,4,121
6684,2022-01-27 19:03:00.755979,50.0,3,864
6685,2022-01-27 19:03:29.750952,3.0,4,864
6686,2022-01-27 19:07:06.097772,30.0,27,864
6687,2022-01-27 19:14:11.784618,50.0,3,865
6688,2022-01-27 19:14:56.732265,3.0,4,865
6689,2022-01-27 19:16:07.025082,30.0,27,865
6690,2022-01-27 19:22:41.162872,3.0,4,731
6691,2022-01-27 19:22:47.981892,0.0,27,731
6692,2022-01-27 19:23:52.404068,35.0,23,623
6693,2022-01-27 19:29:06.489436,50.0,3,866
6694,2022-01-27 19:29:41.762475,3.0,4,866
6695,2022-01-27 20:04:24.470990,50.0,3,867
6696,2022-01-27 20:04:47.791584,3.0,4,867
6697,2022-01-27 20:17:56.272990,50.0,3,868
6698,2022-01-27 20:18:22.508559,3.0,4,868
6699,2022-01-27 20:19:54.840945,30.0,27,868
6700,2022-01-27 22:05:58.031771,3.0,4,839
6701,2022-01-27 22:34:34.531197,0.0,22,839
6702,2022-01-27 22:50:18.643673,50.0,3,869
6703,2022-01-27 23:19:38.173934,0.0,22,839
6704,2022-01-27 23:31:14.799660,0.0,22,839
6705,2022-01-27 23:31:14.821314,30.0,8,839
6706,2022-01-27 23:34:15.049961,0.0,22,839
6707,2022-01-28 00:52:17.938682,3.0,4,628
6708,2022-01-28 01:17:37.401623,5.0,22,628
6709,2022-01-28 01:24:19.389192,50.0,3,870
6710,2022-01-28 01:24:39.764279,3.0,4,870
6711,2022-01-28 01:54:27.013213,5.0,22,628
6712,2022-01-28 03:36:06.617460,50.0,3,871
6713,2022-01-28 03:38:11.301009,3.0,4,871
6714,2022-01-28 03:51:24.658450,3.0,4,688
6715,2022-01-28 04:41:43.259001,3.0,4,566
6716,2022-01-28 05:21:22.642724,50.0,3,872
6717,2022-01-28 05:22:04.898822,3.0,4,872
6718,2022-01-28 05:24:50.690029,0.0,27,872
6719,2022-01-28 05:41:38.676242,3.0,4,614
6720,2022-01-28 05:41:38.686338,30.0,5,614
6721,2022-01-28 05:42:19.478505,45.0,23,614
6722,2022-01-28 05:45:01.049333,3.0,4,649
6723,2022-01-28 05:49:32.402913,5.0,22,614
6724,2022-01-28 05:51:08.932849,3.0,4,97
6725,2022-01-28 05:52:36.245316,5.0,22,614
6726,2022-01-28 06:00:49.968900,5.0,22,614
6727,2022-01-28 06:02:54.095304,5.0,22,614
6728,2022-01-28 06:12:06.162268,10.0,22,614
6729,2022-01-28 06:13:37.776722,45.0,23,614
6730,2022-01-28 06:37:28.223211,3.0,4,276
6731,2022-01-28 06:47:50.530345,10.0,22,614
6732,2022-01-28 06:52:49.667835,50.0,3,873
6733,2022-01-28 06:53:00.663209,3.0,4,623
6734,2022-01-28 06:53:10.424297,3.0,4,873
6735,2022-01-28 06:59:05.398039,5.0,22,614
6736,2022-01-28 07:04:37.099982,3.0,4,222
6737,2022-01-28 07:39:34.894005,50.0,3,874
6738,2022-01-28 07:40:23.078437,3.0,4,874
6739,2022-01-28 07:42:19.353705,5.0,22,614
6740,2022-01-28 08:00:53.939175,50.0,3,875
6741,2022-01-28 08:01:14.453627,3.0,4,875
6742,2022-01-28 08:04:27.488239,3.0,4,548
6743,2022-01-28 08:19:29.901237,10.0,25,614
6744,2022-01-28 08:26:23.820695,10.0,22,614
6745,2022-01-28 08:38:16.116209,3.0,4,446
6746,2022-01-28 08:39:22.034759,3.0,4,852
6747,2022-01-28 08:43:02.825246,3.0,4,656
6748,2022-01-28 09:08:23.526136,10.0,22,614
6749,2022-01-28 09:09:09.050505,50.0,3,876
6750,2022-01-28 09:09:16.549741,30.0,27,614
6751,2022-01-28 09:09:47.870770,3.0,4,876
6752,2022-01-28 09:20:30.442975,50.0,3,877
6753,2022-01-28 09:20:44.411596,3.0,4,877
6754,2022-01-28 09:35:54.929058,5.0,22,852
6755,2022-01-28 09:39:20.873565,10.0,25,852
6756,2022-01-28 09:46:41.538090,3.0,4,743
6757,2022-01-28 09:50:50.469240,5.0,22,852
6758,2022-01-28 09:59:00.228712,50.0,3,878
6759,2022-01-28 09:59:11.415765,3.0,4,878
6760,2022-01-28 10:00:05.868262,35.0,23,871
6761,2022-01-28 10:02:49.118811,5.0,22,871
6762,2022-01-28 10:02:49.130701,,22,871
6763,2022-01-28 10:03:18.369721,50.0,3,879
6764,2022-01-28 10:03:18.376895,150.0,6,852
6765,2022-01-28 10:03:18.376980,50.0,7,879
6766,2022-01-28 10:26:38.711074,10.0,22,614
6767,2022-01-28 10:28:00.575720,10.0,25,614
6768,2022-01-28 10:34:10.029949,3.0,4,736
6769,2022-01-28 10:36:02.982344,50.0,3,880
6770,2022-01-28 10:36:22.338656,3.0,4,880
6771,2022-01-28 10:39:27.191144,3.0,4,121
6772,2022-01-28 10:49:36.002108,50.0,3,846
6773,2022-01-28 10:49:57.814434,3.0,4,846
6774,2022-01-28 10:58:40.377909,10.0,22,846
6775,2022-01-28 10:58:40.391592,,22,846
6776,2022-01-28 11:00:27.933580,3.0,4,551
6777,2022-01-28 11:18:45.854676,3.0,4,807
6778,2022-01-28 11:19:20.502897,0.0,27,807
6779,2022-01-28 11:20:18.954622,10.0,22,846
6780,2022-01-28 11:33:43.500413,45.0,23,878
6781,2022-01-28 11:39:09.407789,3.0,4,621
6782,2022-01-28 11:39:09.416851,30.0,5,621
6783,2022-01-28 11:41:45.349763,3.0,4,132
6784,2022-01-28 11:46:00.013441,50.0,3,881
6785,2022-01-28 11:46:07.277404,3.0,4,881
6786,2022-01-28 11:46:50.822472,50.0,3,882
6787,2022-01-28 11:47:46.038283,3.0,4,882
6788,2022-01-28 11:47:56.084476,50.0,3,883
6789,2022-01-28 11:48:20.432219,3.0,4,883
6790,2022-01-28 11:51:37.104184,50.0,3,884
6791,2022-01-28 11:51:49.959900,3.0,4,884
6792,2022-01-28 11:52:06.116501,30.0,27,884
6793,2022-01-28 11:54:58.670053,10.0,22,882
6794,2022-01-28 11:54:58.683029,,22,882
6795,2022-01-28 11:55:35.355531,5.0,22,878
6796,2022-01-28 11:55:35.374258,,22,878
6797,2022-01-28 11:56:47.744971,50.0,3,885
6798,2022-01-28 11:57:01.774529,3.0,4,885
6799,2022-01-28 11:57:41.849206,0.0,22,551
6800,2022-01-28 12:07:09.195100,0.0,22,551
6801,2022-01-28 12:07:58.484342,50.0,3,886
6802,2022-01-28 12:08:13.237967,3.0,4,886
6803,2022-01-28 12:14:13.205327,3.0,4,570
6804,2022-01-28 12:16:43.037783,0.0,22,551
6805,2022-01-28 12:17:42.400577,5.0,22,570
6806,2022-01-28 12:22:04.291604,0.0,22,551
6807,2022-01-28 12:26:16.577747,50.0,3,887
6808,2022-01-28 12:26:32.349231,3.0,4,887
6809,2022-01-28 12:27:29.816156,5.0,22,570
6810,2022-01-28 12:34:27.364961,50.0,3,888
6811,2022-01-28 12:34:43.864246,3.0,4,888
6812,2022-01-28 12:45:19.455109,50.0,3,889
6813,2022-01-28 12:45:27.151968,3.0,4,889
6814,2022-01-28 12:49:20.875518,3.0,4,613
6815,2022-01-28 12:55:57.579744,50.0,3,890
6816,2022-01-28 12:56:10.501393,3.0,4,890
6817,2022-01-28 12:57:26.267890,50.0,3,891
6818,2022-01-28 12:57:46.807321,3.0,4,891
6819,2022-01-28 13:01:00.961234,3.0,4,604
6820,2022-01-28 13:03:37.194693,50.0,3,892
6821,2022-01-28 13:03:43.557849,3.0,4,892
6822,2022-01-28 13:03:57.384762,5.0,22,613
6823,2022-01-28 13:13:00.129501,50.0,3,893
6824,2022-01-28 13:13:41.040472,3.0,4,893
6825,2022-01-28 13:14:31.854257,5.0,22,890
6826,2022-01-28 13:14:31.931746,,22,890
6827,2022-01-28 13:27:27.613947,10.0,22,890
6828,2022-01-28 13:28:39.427366,30.0,27,890
6829,2022-01-28 13:32:53.140328,50.0,3,896
6830,2022-01-28 13:33:46.477902,3.0,4,896
6831,2022-01-28 13:38:18.136188,30.0,27,896
6832,2022-01-28 13:40:13.381827,3.0,4,363
6833,2022-01-28 14:05:30.019883,50.0,3,897
6834,2022-01-28 14:05:47.013152,3.0,4,897
6835,2022-01-28 14:05:55.689492,30.0,27,897
6836,2022-01-28 14:20:39.159682,50.0,3,898
6837,2022-01-28 14:20:49.777894,3.0,4,898
6838,2022-01-28 14:32:33.766303,3.0,4,746
6839,2022-01-28 15:03:33.473367,50.0,3,899
6840,2022-01-28 15:03:52.125124,3.0,4,899
6841,2022-01-28 15:06:10.906534,10.0,22,746
6842,2022-01-28 15:12:12.794815,3.0,4,494
6843,2022-01-28 15:28:44.218718,3.0,4,845
6844,2022-01-28 15:31:20.980534,50.0,3,900
6845,2022-01-28 15:31:40.538086,3.0,4,900
6846,2022-01-28 15:35:13.684089,0.0,27,900
6847,2022-01-28 15:35:50.886898,5.0,22,494
6848,2022-01-28 15:37:30.764246,45.0,23,494
6849,2022-01-28 15:42:19.018081,5.0,22,494
6850,2022-01-28 15:49:29.571629,10.0,22,746
6851,2022-01-28 15:59:00.901424,3.0,4,790
6852,2022-01-28 15:59:04.523516,5.0,22,494
6853,2022-01-28 16:00:38.351018,5.0,22,494
6854,2022-01-28 16:05:21.674659,0.0,22,790
6855,2022-01-28 16:28:04.693259,10.0,22,899
6856,2022-01-28 16:28:04.700340,,22,899
6857,2022-01-28 16:28:44.132950,50.0,3,901
6858,2022-01-28 16:29:17.376983,3.0,4,901
6859,2022-01-28 16:37:50.694865,50.0,3,902
6860,2022-01-28 16:43:34.473700,3.0,4,767
6861,2022-01-28 16:49:21.814903,15.0,22,846
6862,2022-01-28 16:54:31.001246,50.0,3,903
6863,2022-01-28 16:54:51.814230,3.0,4,903
6864,2022-01-28 17:03:08.874418,0.0,27,903
6865,2022-01-28 17:10:31.869065,3.0,4,345
6866,2022-01-28 17:33:59.125148,3.0,4,589
6867,2022-01-28 17:37:42.904487,10.0,22,899
6868,2022-01-28 18:20:46.015146,50.0,3,904
6869,2022-01-28 18:21:17.716024,3.0,4,904
6870,2022-01-28 18:42:08.426021,0.0,22,589
6871,2022-01-28 18:42:08.438166,,22,589
6872,2022-01-28 18:43:24.567051,50.0,3,905
6873,2022-01-28 18:43:57.624081,3.0,4,905
6874,2022-01-28 18:45:05.043078,3.0,4,258
6875,2022-01-28 18:49:09.378329,0.0,22,589
6876,2022-01-28 19:30:13.896036,50.0,3,906
6877,2022-01-28 19:30:13.908704,150.0,6,852
6878,2022-01-28 19:30:13.908776,50.0,7,906
6879,2022-01-28 19:30:37.332142,3.0,4,906
6880,2022-01-28 19:49:52.712698,50.0,3,907
6881,2022-01-28 19:50:23.184971,3.0,4,907
6882,2022-01-28 19:54:42.436284,3.0,4,556
6883,2022-01-28 19:57:03.173718,50.0,3,908
6884,2022-01-28 19:57:29.382402,3.0,4,908
6885,2022-01-28 20:01:42.890272,50.0,3,909
6886,2022-01-28 20:02:04.758187,3.0,4,909
6887,2022-01-28 20:06:41.078059,5.0,22,909
6888,2022-01-28 20:06:41.089191,,22,909
6889,2022-01-28 20:07:52.783679,0.0,22,556
6890,2022-01-28 20:13:22.901318,0.0,22,589
6891,2022-01-28 20:14:37.266097,10.0,22,909
6892,2022-01-28 20:18:12.540304,3.0,4,867
6893,2022-01-28 20:24:30.807402,15.0,22,909
6894,2022-01-28 20:33:30.800245,10.0,25,909
6895,2022-01-28 20:34:42.730373,20.0,22,909
6896,2022-01-28 20:41:01.130330,10.0,25,909
6897,2022-01-28 20:52:02.751517,0.0,22,589
6898,2022-01-28 20:55:00.254927,0.0,22,589
6899,2022-01-28 20:55:00.265423,30.0,8,589
6900,2022-01-28 20:56:57.814224,3.0,4,839
6901,2022-01-28 20:59:34.462897,3.0,4,509
6902,2022-01-28 21:07:43.832044,10.0,25,909
6903,2022-01-28 21:07:46.712890,0.0,22,589
6904,2022-01-28 21:12:48.153444,55.0,23,909
6905,2022-01-28 21:21:16.317361,3.0,4,195
6906,2022-01-28 21:28:17.717050,5.0,22,195
6907,2022-01-28 21:43:14.731591,50.0,3,911
6908,2022-01-28 21:43:35.911405,3.0,4,911
6909,2022-01-28 21:51:21.216461,0.0,22,839
6910,2022-01-28 21:54:35.190952,50.0,3,912
6911,2022-01-28 21:55:08.346942,3.0,4,912
6912,2022-01-28 21:59:06.577593,50.0,3,913
6913,2022-01-28 21:59:28.978880,3.0,4,913
6914,2022-01-28 22:00:16.720433,45.0,23,913
6915,2022-01-28 22:38:18.398183,20.0,22,913
6916,2022-01-28 22:38:18.406213,,22,913
6917,2022-01-28 23:02:16.165697,3.0,4,559
6918,2022-01-28 23:02:38.295394,0.0,22,839
6919,2022-01-28 23:03:56.224820,50.0,3,914
6920,2022-01-28 23:04:15.793477,3.0,4,914
6921,2022-01-28 23:27:59.947594,10.0,22,559
6922,2022-01-28 23:44:11.623772,3.0,4,597
6923,2022-01-29 02:35:10.766502,3.0,4,551
6924,2022-01-29 03:01:49.421619,0.0,22,551
6925,2022-01-29 03:57:46.629325,0.0,22,551
6926,2022-01-29 04:41:05.259085,0.0,22,551
6927,2022-01-29 05:30:40.747313,3.0,4,525
6928,2022-01-29 05:53:28.836582,3.0,4,584
6929,2022-01-29 06:00:57.486588,50.0,3,916
6930,2022-01-29 06:01:21.403429,3.0,4,916
6931,2022-01-29 06:01:28.769611,50.0,3,915
6932,2022-01-29 06:02:36.523489,3.0,4,915
6933,2022-01-29 06:05:34.793941,5.0,22,915
6934,2022-01-29 06:05:34.858883,,22,915
6935,2022-01-29 06:16:43.317632,0.0,27,916
6936,2022-01-29 06:33:57.070788,50.0,3,917
6937,2022-01-29 06:34:24.646486,3.0,4,917
6938,2022-01-29 06:51:39.911684,50.0,3,918
6939,2022-01-29 06:52:01.143546,3.0,4,918
6940,2022-01-29 06:54:32.430919,3.0,4,865
6941,2022-01-29 08:16:27.926301,3.0,4,158
6942,2022-01-29 08:19:45.974329,3.0,4,614
6943,2022-01-29 08:34:36.379464,50.0,3,920
6944,2022-01-29 08:34:42.816884,3.0,4,920
6945,2022-01-29 08:37:34.216406,30.0,27,920
6946,2022-01-29 08:39:58.880889,3.0,4,806
6947,2022-01-29 08:41:00.453693,30.0,27,806
6948,2022-01-29 08:58:34.601012,10.0,22,614
6949,2022-01-29 08:58:55.719739,50.0,3,921
6950,2022-01-29 08:59:16.368281,3.0,4,921
6951,2022-01-29 09:08:36.628948,5.0,22,614
6952,2022-01-29 09:14:56.513143,10.0,22,920
6953,2022-01-29 09:14:56.535878,,22,920
6954,2022-01-29 09:40:45.255493,3.0,4,909
6955,2022-01-29 09:41:08.665207,50.0,3,922
6956,2022-01-29 09:41:14.021453,3.0,4,282
6957,2022-01-29 09:41:33.382023,3.0,4,922
6958,2022-01-29 09:43:57.847744,50.0,3,923
6959,2022-01-29 09:44:14.292928,3.0,4,923
6960,2022-01-29 09:46:45.339862,20.0,22,909
6961,2022-01-29 09:46:45.364469,30.0,8,909
6962,2022-01-29 09:47:47.004786,3.0,4,589
6963,2022-01-29 09:55:36.461294,5.0,22,923
6964,2022-01-29 09:55:36.469197,,22,923
6965,2022-01-29 09:55:39.296569,10.0,25,909
6966,2022-01-29 09:56:07.927463,50.0,3,924
6967,2022-01-29 09:56:34.557099,3.0,4,924
6968,2022-01-29 10:00:30.021396,0.0,22,589
6969,2022-01-29 10:07:07.624028,0.0,22,589
6970,2022-01-29 10:53:14.809130,10.0,22,920
6971,2022-01-29 11:03:30.272346,3.0,4,767
6972,2022-01-29 11:06:17.339519,50.0,3,925
6973,2022-01-29 11:06:31.532229,3.0,4,925
6974,2022-01-29 11:12:19.205255,3.0,4,649
6975,2022-01-29 11:12:51.127776,0.0,22,589
6976,2022-01-29 11:17:37.120523,3.0,4,621
6977,2022-01-29 11:25:24.807201,3.0,4,852
6978,2022-01-29 11:31:46.991141,50.0,3,926
6979,2022-01-29 11:34:54.890278,3.0,4,926
6980,2022-01-29 12:03:45.667480,0.0,22,589
6981,2022-01-29 12:03:45.686445,100.0,9,589
6982,2022-01-29 12:05:58.617169,15.0,22,920
6983,2022-01-29 12:10:39.430352,50.0,3,928
6984,2022-01-29 12:10:55.913112,50.0,3,927
6985,2022-01-29 12:11:08.733142,3.0,4,928
6986,2022-01-29 12:11:22.359158,30.0,27,928
6987,2022-01-29 12:11:26.060090,0.0,22,589
6988,2022-01-29 12:13:23.768251,3.0,4,927
6989,2022-01-29 12:15:51.501634,0.0,22,589
6990,2022-01-29 12:29:56.503870,0.0,22,589
6991,2022-01-29 12:36:19.997545,0.0,22,589
6992,2022-01-29 12:36:26.469366,3.0,4,673
6993,2022-01-29 12:48:36.329136,3.0,4,559
6994,2022-01-29 12:50:45.215975,50.0,3,929
6995,2022-01-29 12:52:15.749204,3.0,4,929
6996,2022-01-29 12:53:19.213326,50.0,3,930
6997,2022-01-29 12:53:43.823145,3.0,4,930
6998,2022-01-29 13:02:03.391720,3.0,4,912
6999,2022-01-29 13:03:20.843196,50.0,3,931
7000,2022-01-29 13:07:00.004112,3.0,4,132
7001,2022-01-29 13:08:23.487107,3.0,4,931
7002,2022-01-29 13:11:34.076829,50.0,3,932
7003,2022-01-29 13:12:04.533357,3.0,4,932
7004,2022-01-29 13:12:16.844723,30.0,27,932
7005,2022-01-29 13:22:56.378308,50.0,3,933
7006,2022-01-29 13:23:07.932627,3.0,4,933
7007,2022-01-29 13:23:49.156459,50.0,3,934
7008,2022-01-29 13:24:08.521624,3.0,4,934
7009,2022-01-29 13:36:44.500589,50.0,3,935
7010,2022-01-29 13:37:03.066666,3.0,4,935
7011,2022-01-29 13:43:55.747008,3.0,4,494
7012,2022-01-29 13:44:34.972714,50.0,3,936
7013,2022-01-29 13:44:40.748399,3.0,4,936
7014,2022-01-29 13:45:09.942291,0.0,22,673
7015,2022-01-29 13:45:41.303153,5.0,22,929
7016,2022-01-29 13:45:41.316750,,22,929
7017,2022-01-29 14:06:23.529644,3.0,4,363
7018,2022-01-29 14:19:53.071965,50.0,3,937
7019,2022-01-29 14:20:06.169972,3.0,4,937
7020,2022-01-29 14:24:01.128052,30.0,27,937
7021,2022-01-29 14:30:57.109068,50.0,3,938
7022,2022-01-29 14:31:40.844031,3.0,4,938
7023,2022-01-29 14:31:43.376497,0.0,27,938
7024,2022-01-29 14:32:12.839074,3.0,4,905
7025,2022-01-29 15:01:41.921081,50.0,3,939
7026,2022-01-29 15:01:47.105950,3.0,4,939
7027,2022-01-29 15:09:12.560976,50.0,3,940
7028,2022-01-29 15:09:54.253638,3.0,4,940
7029,2022-01-29 15:13:16.126588,10.0,22,559
7030,2022-01-29 15:13:16.143657,30.0,8,559
7031,2022-01-29 15:15:16.007117,0.0,22,589
7032,2022-01-29 15:19:23.265159,0.0,22,589
7033,2022-01-29 15:37:54.830240,3.0,4,567
7034,2022-01-29 15:47:13.371343,0.0,22,589
7035,2022-01-29 15:55:21.692747,50.0,3,941
7036,2022-01-29 15:55:31.206483,3.0,4,941
7037,2022-01-29 16:11:30.749321,5.0,22,933
7038,2022-01-29 16:11:30.760713,,22,933
7039,2022-01-29 16:27:12.637856,3.0,4,846
7040,2022-01-29 16:42:21.268508,50.0,3,942
7041,2022-01-29 16:42:35.593398,3.0,4,942
7042,2022-01-29 16:44:23.565159,3.0,4,887
7043,2022-01-29 16:57:24.503761,45.0,23,559
7044,2022-01-29 16:58:43.867507,20.0,22,559
7045,2022-01-29 17:17:26.861430,0.0,22,589
7046,2022-01-29 17:18:52.243348,50.0,3,943
7047,2022-01-29 17:19:48.640422,3.0,4,943
7048,2022-01-29 17:33:36.364088,3.0,4,873
7049,2022-01-29 17:36:13.938150,0.0,22,589
7050,2022-01-29 17:41:15.708127,50.0,3,944
7051,2022-01-29 17:42:01.154088,3.0,4,944
7052,2022-01-29 17:53:01.495094,50.0,3,945
7053,2022-01-29 17:53:26.568446,3.0,4,945
7054,2022-01-29 18:02:38.888419,0.0,22,589
7055,2022-01-29 18:08:10.417167,3.0,4,829
7056,2022-01-29 18:12:45.202924,50.0,3,946
7057,2022-01-29 18:12:45.214135,,23,946
7058,2022-01-29 18:13:01.114601,3.0,4,946
7059,2022-01-29 18:34:13.373490,50.0,3,947
7060,2022-01-29 18:34:13.389991,,23,947
7061,2022-01-29 18:35:13.796557,3.0,4,947
7062,2022-01-29 18:36:00.824011,5.0,22,829
7063,2022-01-29 18:42:52.337662,50.0,3,948
7064,2022-01-29 18:43:11.439828,3.0,4,948
7065,2022-01-29 18:45:36.848511,0.0,22,589
7066,2022-01-29 18:55:00.781194,0.0,27,912
7067,2022-01-29 18:55:33.884366,10.0,25,829
7068,2022-01-29 18:59:37.719195,5.0,22,829
7069,2022-01-29 19:05:38.459662,5.0,22,829
7070,2022-01-29 19:23:40.953503,0.0,22,589
7071,2022-01-29 19:30:42.067046,50.0,3,949
7072,2022-01-29 19:31:08.220284,3.0,4,949
7073,2022-01-29 19:46:21.724604,3.0,4,899
7074,2022-01-29 19:48:44.984124,3.0,4,877
7075,2022-01-29 20:22:42.899422,5.0,22,829
7076,2022-01-29 20:22:42.918442,30.0,8,829
7077,2022-01-29 20:35:12.821186,10.0,25,829
7078,2022-01-29 20:35:57.516767,5.0,22,829
7079,2022-01-29 20:37:12.715618,0.0,27,829
7080,2022-01-29 21:16:31.891264,50.0,3,950
7081,2022-01-29 21:17:03.597570,3.0,4,950
7082,2022-01-29 21:23:15.463729,45.0,23,950
7083,2022-01-29 21:43:38.450676,10.0,22,363
7084,2022-01-29 21:44:32.847762,45.0,23,363
7085,2022-01-29 21:45:28.154192,5.0,22,363
7086,2022-01-29 21:47:50.599785,3.0,4,914
7087,2022-01-29 21:49:50.681681,30.0,27,914
7088,2022-01-29 22:11:29.185120,0.0,27,914
7089,2022-01-29 22:11:38.506151,50.0,3,951
7090,2022-01-29 22:11:58.757073,3.0,4,951
7091,2022-01-29 23:43:17.412627,3.0,4,886
7092,2022-01-30 04:44:08.038943,3.0,4,589
7093,2022-01-30 06:32:39.853751,0.0,22,589
7094,2022-01-30 06:35:54.689776,3.0,4,614
7095,2022-01-30 06:49:35.406767,50.0,3,952
7096,2022-01-30 06:50:57.348413,3.0,4,952
7097,2022-01-30 06:55:07.397532,3.0,4,821
7098,2022-01-30 07:17:14.155504,5.0,22,821
7099,2022-01-30 07:17:14.166271,,22,821
7100,2022-01-30 07:17:53.101577,50.0,3,953
7101,2022-01-30 07:18:49.149514,3.0,4,953
7102,2022-01-30 07:21:08.570969,5.0,22,821
7103,2022-01-30 07:27:16.440112,10.0,22,821
7104,2022-01-30 07:32:59.919210,3.0,4,899
7105,2022-01-30 07:37:00.318036,30.0,27,821
7106,2022-01-30 07:47:45.818337,3.0,4,914
7107,2022-01-30 07:53:11.086026,25.0,27,914
7108,2022-01-30 08:20:57.532929,5.0,22,914
7109,2022-01-30 08:20:57.541307,,22,914
7110,2022-01-30 08:33:26.807064,5.0,22,914
7111,2022-01-30 08:43:43.214318,10.0,22,914
7112,2022-01-30 08:50:51.393696,50.0,3,954
7113,2022-01-30 08:51:04.525711,3.0,4,954
7114,2022-01-30 09:07:29.006565,3.0,4,509
7115,2022-01-30 09:07:46.744997,3.0,4,543
7116,2022-01-30 09:16:20.021427,0.0,22,589
7117,2022-01-30 09:18:23.522128,50.0,3,956
7118,2022-01-30 09:18:30.622672,3.0,4,956
7119,2022-01-30 09:28:49.119276,3.0,4,839
7120,2022-01-30 09:34:21.323720,3.0,4,195
7121,2022-01-30 09:43:06.908027,3.0,4,767
7122,2022-01-30 09:43:06.921438,30.0,5,767
7123,2022-01-30 09:48:03.738241,50.0,3,957
7124,2022-01-30 09:48:14.735083,3.0,4,957
7125,2022-01-30 09:58:32.989481,5.0,22,195
7126,2022-01-30 10:14:35.048514,5.0,22,954
7127,2022-01-30 10:14:35.065197,,22,954
7128,2022-01-30 10:28:17.221153,5.0,22,954
7129,2022-01-30 10:31:14.575832,3.0,4,360
7130,2022-01-30 10:34:52.788027,0.0,22,589
7131,2022-01-30 10:34:52.802254,200.0,10,589
7132,2022-01-30 10:51:08.188825,10.0,22,954
7133,2022-01-30 11:13:25.793838,50.0,3,958
7134,2022-01-30 11:13:36.377070,3.0,4,958
7135,2022-01-30 11:14:04.049385,0.0,27,958
7136,2022-01-30 11:16:57.236504,0.0,22,360
7137,2022-01-30 11:39:54.646875,3.0,4,159
7138,2022-01-30 11:51:47.535925,3.0,4,583
7139,2022-01-30 12:27:01.592583,3.0,4,363
7140,2022-01-30 12:32:23.791414,10.0,22,363
7141,2022-01-30 12:35:55.964555,50.0,3,961
7142,2022-01-30 12:36:28.433676,3.0,4,961
7143,2022-01-30 12:36:50.118901,0.0,27,961
7144,2022-01-30 12:47:24.080118,50.0,3,962
7145,2022-01-30 12:47:37.399762,3.0,4,962
7146,2022-01-30 12:48:12.409230,0.0,27,962
7147,2022-01-30 12:49:11.422524,3.0,4,649
7148,2022-01-30 12:49:11.432641,30.0,5,649
7149,2022-01-30 12:50:20.032053,50.0,3,963
7150,2022-01-30 12:51:22.323237,3.0,4,963
7151,2022-01-30 12:52:50.755005,50.0,3,964
7152,2022-01-30 12:53:18.418023,3.0,4,964
7153,2022-01-30 12:53:44.923072,30.0,27,964
7154,2022-01-30 13:03:02.517599,3.0,4,951
7155,2022-01-30 13:28:18.050219,10.0,22,964
7156,2022-01-30 13:28:18.064571,,22,964
7157,2022-01-30 13:29:13.324222,3.0,4,556
7158,2022-01-30 13:38:18.647004,50.0,3,965
7159,2022-01-30 13:38:34.607087,3.0,4,965
7160,2022-01-30 13:45:01.640229,50.0,3,967
7161,2022-01-30 13:45:27.739970,3.0,4,967
7162,2022-01-30 13:51:50.604749,10.0,22,964
7163,2022-01-30 14:06:03.695679,50.0,3,968
7164,2022-01-30 14:06:56.322835,3.0,4,968
7165,2022-01-30 14:09:44.004620,30.0,27,968
7166,2022-01-30 14:31:03.681368,3.0,4,149
7167,2022-01-30 14:32:28.419948,3.0,4,947
7168,2022-01-30 15:02:41.250326,3.0,4,621
7169,2022-01-30 15:32:36.634144,0.0,22,589
7170,2022-01-30 15:55:42.822198,50.0,3,970
7171,2022-01-30 15:55:59.985408,3.0,4,970
7172,2022-01-30 15:56:36.015766,35.0,23,970
7173,2022-01-30 15:57:16.459707,50.0,3,972
7174,2022-01-30 15:57:16.603222,3.0,4,501
7175,2022-01-30 15:57:44.159243,3.0,4,972
7176,2022-01-30 15:57:45.732917,5.0,22,970
7177,2022-01-30 15:57:45.748604,,22,970
7178,2022-01-30 16:24:54.121718,10.0,25,501
7179,2022-01-30 16:44:45.771198,3.0,4,928
7180,2022-01-30 16:45:57.253988,3.0,4,447
7181,2022-01-30 17:04:42.244825,50.0,3,974
7182,2022-01-30 17:04:58.155521,3.0,4,974
7183,2022-01-30 17:09:19.287844,0.0,22,589
7184,2022-01-30 17:41:41.817409,0.0,22,589
7185,2022-01-30 17:47:15.812961,3.0,4,282
7186,2022-01-30 17:48:15.612892,50.0,3,973
7187,2022-01-30 17:48:31.251295,3.0,4,973
7188,2022-01-30 17:49:12.239661,50.0,3,975
7189,2022-01-30 17:49:28.140691,3.0,4,975
7190,2022-01-30 17:56:05.136120,0.0,22,360
7191,2022-01-30 17:56:21.016006,5.0,22,975
7192,2022-01-30 17:56:21.037054,,22,975
7193,2022-01-30 17:58:58.941988,0.0,22,589
7194,2022-01-30 18:26:33.863150,50.0,3,976
7195,2022-01-30 18:40:01.094998,0.0,22,556
7196,2022-01-30 18:51:03.253190,50.0,3,977
7197,2022-01-30 18:51:16.800860,3.0,4,977
7198,2022-01-30 18:57:49.766439,0.0,22,556
7199,2022-01-30 18:59:02.512609,0.0,22,556
7200,2022-01-30 19:08:50.869505,50.0,3,978
7201,2022-01-30 19:09:03.182041,3.0,4,978
7202,2022-01-30 19:09:47.550046,30.0,27,978
7203,2022-01-30 19:14:22.530359,0.0,22,556
7204,2022-01-30 19:30:22.502079,50.0,3,979
7205,2022-01-30 19:30:36.326870,3.0,4,979
7206,2022-01-30 19:47:26.918044,3.0,4,586
7207,2022-01-30 19:53:18.173557,50.0,3,980
7208,2022-01-30 19:53:33.121724,3.0,4,980
7209,2022-01-30 19:56:13.229776,50.0,3,981
7210,2022-01-30 19:56:26.917128,3.0,4,981
7211,2022-01-30 19:58:25.177474,35.0,23,981
7212,2022-01-30 20:51:14.568634,15.0,22,980
7213,2022-01-30 20:51:14.589500,,22,980
7214,2022-01-30 21:12:08.507108,3.0,4,428
7215,2022-01-30 21:17:50.935147,3.0,4,262
7216,2022-01-30 21:21:59.513872,30.0,27,262
7217,2022-01-30 21:28:21.621253,30.0,27,262
7218,2022-01-30 21:37:56.190313,50.0,3,982
7219,2022-01-30 21:38:19.129540,3.0,4,982
7220,2022-01-30 21:46:13.542511,50.0,3,983
7221,2022-01-30 21:47:00.692650,3.0,4,983
7222,2022-01-30 21:49:40.542103,3.0,4,806
7223,2022-01-30 22:21:55.458700,3.0,4,757
7224,2022-01-31 00:04:19.524026,50.0,3,984
7225,2022-01-31 00:04:44.354588,3.0,4,984
7226,2022-01-31 00:08:39.558706,30.0,27,984
7227,2022-01-31 00:15:45.373476,3.0,4,628
7228,2022-01-31 00:33:37.461833,3.0,4,972
7229,2022-01-31 04:03:30.078196,3.0,4,920
7230,2022-01-31 05:52:22.043360,3.0,4,614
7231,2022-01-31 06:04:23.103166,5.0,22,614
7232,2022-01-31 06:05:03.032726,3.0,4,413
7233,2022-01-31 06:11:00.565366,5.0,22,614
7234,2022-01-31 06:48:01.567264,50.0,3,985
7235,2022-01-31 06:48:50.326385,3.0,4,985
7236,2022-01-31 06:53:37.759606,50.0,3,986
7237,2022-01-31 06:54:51.138571,3.0,4,446
7238,2022-01-31 06:59:14.206438,3.0,4,986
7239,2022-01-31 07:02:04.715202,3.0,4,586
7240,2022-01-31 07:05:43.973435,30.0,27,986
7241,2022-01-31 07:10:43.508078,3.0,4,623
7242,2022-01-31 07:35:36.280381,3.0,4,570
7243,2022-01-31 07:46:28.730424,10.0,25,570
7244,2022-01-31 07:47:26.140098,5.0,22,570
7245,2022-01-31 08:14:50.918535,3.0,4,886
7246,2022-01-31 08:24:10.365279,3.0,4,767
7247,2022-01-31 08:44:02.718466,50.0,3,988
7248,2022-01-31 08:44:13.648933,3.0,4,988
7249,2022-01-31 08:44:50.682552,3.0,4,980
7250,2022-01-31 09:05:54.578542,3.0,4,494
7251,2022-01-31 09:07:25.851662,3.0,4,954
7252,2022-01-31 09:15:10.227535,5.0,22,954
7253,2022-01-31 09:15:29.242145,10.0,25,954
7254,2022-01-31 09:31:16.917156,3.0,4,63
7255,2022-01-31 09:40:48.112203,3.0,4,936
7256,2022-01-31 10:18:28.252334,5.0,22,920
7257,2022-01-31 10:21:07.370835,3.0,4,207
7258,2022-01-31 10:23:34.511117,3.0,4,427
7259,2022-01-31 10:24:39.849719,50.0,3,989
7260,2022-01-31 10:25:01.525858,3.0,4,989
7261,2022-01-31 10:45:58.227539,3.0,4,649
7262,2022-01-31 11:19:21.035765,45.0,23,586
7263,2022-01-31 11:22:45.413453,50.0,3,990
7264,2022-01-31 11:23:23.050854,3.0,4,990
7265,2022-01-31 11:23:42.257113,30.0,27,990
7266,2022-01-31 11:29:50.113515,50.0,3,991
7267,2022-01-31 11:30:01.005692,3.0,4,991
7268,2022-01-31 11:39:17.464371,3.0,4,946
7269,2022-01-31 11:52:29.607025,50.0,3,992
7270,2022-01-31 11:52:37.656834,3.0,4,992
7271,2022-01-31 11:53:09.217107,0.0,22,946
7272,2022-01-31 11:53:09.238341,,22,946
7273,2022-01-31 12:06:25.053621,3.0,4,852
7274,2022-01-31 12:10:33.336343,0.0,22,946
7275,2022-01-31 12:13:09.589588,3.0,4,282
7276,2022-01-31 12:15:24.141481,50.0,3,993
7277,2022-01-31 12:15:47.997386,3.0,4,993
7278,2022-01-31 12:17:03.716536,0.0,22,946
7279,2022-01-31 12:22:13.669646,50.0,3,994
7280,2022-01-31 12:22:31.168302,3.0,4,994
7281,2022-01-31 12:22:54.552011,3.0,4,515
7282,2022-01-31 12:23:55.605024,0.0,27,994
7283,2022-01-31 12:24:41.492047,0.0,22,946
7284,2022-01-31 12:25:33.714824,5.0,22,920
7285,2022-01-31 12:25:33.723833,30.0,8,920
7286,2022-01-31 12:28:42.973263,0.0,22,946
7287,2022-01-31 12:28:42.981213,30.0,8,946
7288,2022-01-31 12:45:37.848077,0.0,22,946
7289,2022-01-31 12:47:28.587599,10.0,22,920
7290,2022-01-31 12:48:58.339866,3.0,4,411
7291,2022-01-31 12:53:37.523942,50.0,3,995
7292,2022-01-31 12:55:34.780928,3.0,4,995
7293,2022-01-31 13:20:33.568753,3.0,4,878
7294,2022-01-31 13:21:18.788516,3.0,4,898
7295,2022-01-31 13:36:49.447430,5.0,22,515
7296,2022-01-31 13:51:36.375577,50.0,3,996
7297,2022-01-31 13:51:51.781356,3.0,4,996
7298,2022-01-31 14:25:11.611473,50.0,3,997
7299,2022-01-31 14:25:24.777959,3.0,4,997
7300,2022-01-31 14:25:49.339260,35.0,23,997
7301,2022-01-31 14:36:16.586173,5.0,22,207
7302,2022-01-31 14:41:45.288010,10.0,22,207
7303,2022-01-31 14:43:20.974766,5.0,22,515
7304,2022-01-31 14:45:27.266243,5.0,22,207
7305,2022-01-31 14:45:27.275313,30.0,8,207
7306,2022-01-31 14:59:14.661949,5.0,22,207
7307,2022-01-31 15:00:36.115209,50.0,3,998
7308,2022-01-31 15:01:10.998722,3.0,4,998
7309,2022-01-31 15:06:52.602267,3.0,4,132
7310,2022-01-31 15:07:15.505040,5.0,22,494
7311,2022-01-31 15:11:40.651732,5.0,22,494
7312,2022-01-31 15:13:36.397872,5.0,22,494
7313,2022-01-31 15:16:23.655498,5.0,22,207
7314,2022-01-31 15:34:46.513428,0.0,22,411
7315,2022-01-31 15:36:21.327665,3.0,4,222
7316,2022-01-31 15:55:20.046389,5.0,22,207
7317,2022-01-31 15:57:23.060111,3.0,4,957
7318,2022-01-31 15:57:53.441406,5.0,22,207
7319,2022-01-31 15:58:26.696008,30.0,27,957
7320,2022-01-31 16:10:22.404829,30.0,27,957
7321,2022-01-31 16:17:11.147864,3.0,4,482
7322,2022-01-31 16:18:04.788096,10.0,22,957
7323,2022-01-31 16:18:04.800180,,22,957
7324,2022-01-31 16:30:36.803286,50.0,3,1000
7325,2022-01-31 16:30:48.644675,3.0,4,1000
7326,2022-01-31 16:31:04.019350,5.0,22,614
7327,2022-01-31 16:32:32.583320,50.0,3,1002
7328,2022-01-31 16:32:48.675846,3.0,4,1002
7329,2022-01-31 16:39:14.103833,50.0,3,1003
7330,2022-01-31 16:39:50.751316,3.0,4,1003
7331,2022-01-31 16:50:15.206247,3.0,4,589
7332,2022-01-31 17:18:16.111998,5.0,22,614
7333,2022-01-31 17:33:46.882131,3.0,4,243
7334,2022-01-31 17:34:55.071891,50.0,3,1007
7335,2022-01-31 17:35:40.548497,50.0,3,1006
7336,2022-01-31 17:36:43.170822,3.0,4,1006
7337,2022-01-31 17:37:21.726916,3.0,4,1007
7338,2022-01-31 17:41:17.529771,0.0,27,1007
7339,2022-01-31 17:44:47.821952,3.0,4,502
7340,2022-01-31 18:13:41.454258,0.0,22,589
7341,2022-01-31 18:16:03.153007,50.0,3,1009
7342,2022-01-31 18:16:14.710660,3.0,4,1009
7343,2022-01-31 18:16:20.241953,50.0,3,1008
7344,2022-01-31 18:16:59.452546,3.0,4,1008
7345,2022-01-31 18:54:27.560690,50.0,3,1010
7346,2022-01-31 18:56:01.342291,5.0,22,502
7347,2022-01-31 19:00:15.315604,3.0,4,438
7348,2022-01-31 19:04:27.447317,5.0,22,502
7349,2022-01-31 19:08:24.578453,50.0,3,1011
7350,2022-01-31 19:09:02.983514,3.0,4,1011
7351,2022-01-31 19:09:38.032730,30.0,27,1011
7352,2022-01-31 19:12:16.904267,5.0,22,1009
7353,2022-01-31 19:12:16.916303,,22,1009
7354,2022-01-31 19:31:51.363086,50.0,3,1012
7355,2022-01-31 19:32:16.996537,3.0,4,1012
7356,2022-01-31 19:35:58.240357,0.0,27,1012
7357,2022-01-31 19:53:07.472871,3.0,4,891
7358,2022-01-31 19:53:46.350667,10.0,22,1012
7359,2022-01-31 19:53:46.364622,,22,1012
7360,2022-01-31 19:55:29.664943,50.0,3,1013
7361,2022-01-31 19:56:27.145964,3.0,4,1013
7362,2022-01-31 20:13:10.323010,5.0,22,891
7363,2022-01-31 20:13:10.347786,,22,891
7364,2022-01-31 20:37:01.042314,50.0,3,1014
7365,2022-01-31 20:37:38.260128,3.0,4,1014
7366,2022-01-31 20:38:38.236749,30.0,27,1014
7367,2022-01-31 20:47:47.462434,0.0,22,589
7368,2022-01-31 20:49:06.674973,5.0,22,891
7369,2022-01-31 20:51:01.989512,50.0,3,1015
7370,2022-01-31 20:51:43.393529,3.0,4,1015
7371,2022-01-31 21:08:54.996481,0.0,22,589
7372,2022-02-01 01:21:27.712469,50.0,3,1017
7373,2022-02-01 04:20:31.178391,3.0,4,566
7374,2022-02-01 04:34:05.121176,0.0,22,566
7375,2022-02-01 04:36:26.083674,50.0,3,1018
7376,2022-02-01 04:37:37.176237,3.0,4,1018
7377,2022-02-01 04:41:47.216627,0.0,22,566
7378,2022-02-01 04:52:34.717362,3.0,4,525
7379,2022-02-01 05:03:29.203037,0.0,22,566
7380,2022-02-01 05:14:17.939639,3.0,4,570
7381,2022-02-01 05:15:33.404405,0.0,22,566
7382,2022-02-01 05:33:38.238179,3.0,4,589
7383,2022-02-01 05:35:42.049421,50.0,3,1019
7384,2022-02-01 05:35:56.328124,3.0,4,1019
7385,2022-02-01 05:37:32.240194,0.0,22,589
7386,2022-02-01 05:46:38.555224,0.0,22,566
7387,2022-02-01 05:51:29.615720,3.0,4,586
7388,2022-02-01 05:52:12.232284,0.0,22,566
7389,2022-02-01 05:52:34.910567,3.0,4,490
7390,2022-02-01 06:07:07.265099,0.0,22,589
7391,2022-02-01 06:07:08.303543,0.0,22,566
7392,2022-02-01 06:09:27.100846,3.0,4,614
7393,2022-02-01 06:15:22.032067,3.0,4,883
7394,2022-02-01 06:17:21.097518,0.0,22,566
7395,2022-02-01 06:31:19.701645,3.0,4,97
7396,2022-02-01 06:31:43.667207,10.0,25,490
7397,2022-02-01 06:32:35.058714,0.0,22,566
7398,2022-02-01 06:33:00.511742,5.0,22,490
7399,2022-02-01 06:33:00.519625,100.0,9,490
7400,2022-02-01 06:42:25.192893,3.0,4,207
7401,2022-02-01 06:56:15.779093,0.0,22,566
7402,2022-02-01 07:08:19.677430,5.0,22,207
7403,2022-02-01 07:08:19.747564,100.0,9,207
7404,2022-02-01 07:13:10.185662,5.0,22,207
7405,2022-02-01 07:16:11.861652,3.0,4,954
7406,2022-02-01 07:16:11.863698,3.0,4,954
7407,2022-02-01 07:20:14.965859,5.0,22,207
7408,2022-02-01 07:21:02.004194,3.0,4,829
7409,2022-02-01 07:26:46.648747,3.0,4,649
7410,2022-02-01 07:43:38.412195,3.0,4,515
7411,2022-02-01 07:54:26.106060,3.0,4,980
7412,2022-02-01 07:54:32.410561,50.0,3,1020
7413,2022-02-01 07:54:53.666337,3.0,4,1020
7414,2022-02-01 08:00:50.653822,0.0,22,566
7415,2022-02-01 08:07:43.412962,50.0,3,1021
7416,2022-02-01 08:07:50.989701,0.0,22,566
7417,2022-02-01 08:08:34.052872,3.0,4,1021
7418,2022-02-01 08:10:27.501702,50.0,3,1022
7419,2022-02-01 08:10:44.279971,3.0,4,1022
7420,2022-02-01 08:12:19.592870,0.0,22,566
7421,2022-02-01 08:20:20.148261,0.0,22,566
7422,2022-02-01 08:29:55.990179,50.0,3,1023
7423,2022-02-01 08:30:19.412145,3.0,4,1023
7424,2022-02-01 08:32:09.298665,5.0,22,954
7425,2022-02-01 08:32:09.311661,30.0,8,954
7426,2022-02-01 08:37:17.859309,3.0,4,494
7427,2022-02-01 08:40:03.785639,10.0,25,954
7428,2022-02-01 08:40:29.631053,0.0,22,566
7429,2022-02-01 08:59:03.361886,10.0,25,954
7430,2022-02-01 09:00:54.606526,5.0,22,954
7431,2022-02-01 09:12:51.193735,0.0,22,566
7432,2022-02-01 09:21:50.674302,50.0,3,1026
7433,2022-02-01 09:21:58.403243,3.0,4,1026
7434,2022-02-01 09:22:02.890238,10.0,25,1026
7435,2022-02-01 09:30:52.032912,10.0,22,494
7436,2022-02-01 09:32:52.242019,50.0,3,1027
7437,2022-02-01 09:32:59.485511,3.0,4,1027
7438,2022-02-01 09:33:53.109994,50.0,3,1025
7439,2022-02-01 09:34:18.360712,3.0,4,1025
7440,2022-02-01 09:34:31.888215,30.0,27,1027
7441,2022-02-01 09:34:39.611677,30.0,27,1025
7442,2022-02-01 09:40:18.400005,50.0,3,1028
7443,2022-02-01 09:40:46.752760,3.0,4,1028
7444,2022-02-01 09:56:03.360227,3.0,4,839
7445,2022-02-01 10:24:39.610432,50.0,3,1029
7446,2022-02-01 10:25:23.884457,3.0,4,1029
7447,2022-02-01 10:25:28.572484,0.0,27,1029
7448,2022-02-01 10:42:30.185747,3.0,4,471
7449,2022-02-01 10:44:13.409635,0.0,22,839
7450,2022-02-01 10:48:28.556123,10.0,25,570
7451,2022-02-01 10:49:02.276443,5.0,22,570
7452,2022-02-01 10:55:33.939339,5.0,22,494
7453,2022-02-01 11:01:02.226268,5.0,22,586
7454,2022-02-01 11:01:02.238341,100.0,9,586
7455,2022-02-01 11:01:19.819399,3.0,4,276
7456,2022-02-01 11:27:20.359295,50.0,3,1030
7457,2022-02-01 11:28:16.834286,5.0,22,1029
7458,2022-02-01 11:28:16.853369,,22,1029
7459,2022-02-01 11:28:56.469560,3.0,4,1030
7460,2022-02-01 11:31:18.557166,50.0,3,1031
7461,2022-02-01 11:31:51.878889,3.0,4,1031
7462,2022-02-01 11:31:59.568788,0.0,27,1031
7463,2022-02-01 11:32:18.072432,3.0,4,846
7464,2022-02-01 11:35:30.911543,10.0,25,846
7465,2022-02-01 11:42:33.066037,10.0,25,586
7466,2022-02-01 11:45:42.243518,50.0,3,1032
7467,2022-02-01 11:45:55.384287,3.0,4,1032
7468,2022-02-01 11:47:56.857229,5.0,22,1029
7469,2022-02-01 12:14:24.542631,5.0,22,515
7470,2022-02-01 12:28:49.605524,3.0,4,623
7471,2022-02-01 12:29:06.310266,35.0,23,570
7472,2022-02-01 12:31:09.256355,10.0,22,1030
7473,2022-02-01 12:31:09.265156,,22,1030
7474,2022-02-01 12:37:06.755358,5.0,22,570
7475,2022-02-01 13:07:51.553612,3.0,4,1012
7476,2022-02-01 13:10:48.222537,3.0,4,1015
7477,2022-02-01 13:19:47.332860,5.0,22,515
7478,2022-02-01 13:19:49.288878,35.0,23,586
7479,2022-02-01 13:24:08.582132,50.0,3,1034
7480,2022-02-01 13:24:24.243225,3.0,4,1034
7481,2022-02-01 13:30:36.836273,3.0,4,386
7482,2022-02-01 13:31:40.258277,10.0,25,570
7483,2022-02-01 13:31:58.078300,5.0,22,570
7484,2022-02-01 13:31:58.091671,200.0,10,570
7485,2022-02-01 13:33:32.247262,10.0,22,586
7486,2022-02-01 13:33:49.873516,5.0,22,515
7487,2022-02-01 13:39:39.119023,50.0,3,1035
7488,2022-02-01 13:39:59.169932,3.0,4,1035
7489,2022-02-01 13:41:59.639768,50.0,3,1036
7490,2022-02-01 13:42:31.540508,3.0,4,1036
7491,2022-02-01 13:43:21.229560,0.0,27,1036
7492,2022-02-01 13:45:05.279278,30.0,27,1036
7493,2022-02-01 13:45:27.207783,10.0,22,207
7494,2022-02-01 13:48:16.273894,45.0,23,386
7495,2022-02-01 13:50:19.710308,5.0,22,1034
7496,2022-02-01 13:50:19.728462,,22,1034
7497,2022-02-01 14:13:41.086218,50.0,3,1037
7498,2022-02-01 14:13:49.055982,3.0,4,1037
7499,2022-02-01 14:19:32.493849,3.0,4,241
7500,2022-02-01 14:24:27.850532,10.0,25,490
7501,2022-02-01 14:25:57.857167,5.0,22,490
7502,2022-02-01 14:27:50.727025,50.0,3,1038
7503,2022-02-01 14:28:06.062404,3.0,4,1038
7504,2022-02-01 14:38:06.651433,10.0,25,490
7505,2022-02-01 14:38:36.520491,5.0,22,490
7506,2022-02-01 14:43:07.716385,50.0,3,1039
7507,2022-02-01 14:44:58.186124,3.0,4,1039
7508,2022-02-01 14:46:21.606896,10.0,22,207
7509,2022-02-01 14:58:05.412333,50.0,3,1041
7510,2022-02-01 14:58:18.176315,3.0,4,1041
7511,2022-02-01 15:17:37.925000,50.0,3,1042
7512,2022-02-01 15:18:15.957344,3.0,4,1042
7513,2022-02-01 15:19:02.608370,0.0,27,1042
7514,2022-02-01 15:28:57.988717,50.0,3,1043
7515,2022-02-01 15:29:10.375504,3.0,4,1043
7516,2022-02-01 15:31:19.551521,5.0,22,1043
7517,2022-02-01 15:31:19.586625,,22,1043
7518,2022-02-01 15:34:20.494538,5.0,22,1043
7519,2022-02-01 15:56:58.604399,3.0,4,1009
7520,2022-02-01 16:34:01.609526,3.0,4,438
7521,2022-02-01 16:41:31.705589,10.0,22,438
7522,2022-02-01 16:54:10.602503,5.0,22,438
7523,2022-02-01 16:56:18.859396,50.0,3,1044
7524,2022-02-01 16:56:39.894351,3.0,4,1044
7525,2022-02-01 17:10:08.227856,50.0,3,1045
7526,2022-02-01 17:10:11.392187,3.0,4,1045
7527,2022-02-01 17:10:14.571474,0.0,27,1045
7528,2022-02-01 17:22:23.894339,5.0,22,438
7529,2022-02-01 17:26:44.326394,50.0,3,1004
7530,2022-02-01 17:27:11.386984,3.0,4,1004
7531,2022-02-01 17:32:18.224408,50.0,3,1046
7532,2022-02-01 17:32:40.659745,3.0,4,1046
7533,2022-02-01 17:33:37.103202,10.0,25,438
7534,2022-02-01 17:34:02.254007,3.0,4,222
7535,2022-02-01 17:35:41.715269,3.0,4,743
7536,2022-02-01 17:36:29.304551,10.0,22,222
7537,2022-02-01 17:36:59.945995,5.0,22,438
7538,2022-02-01 17:45:46.143944,5.0,22,743
7539,2022-02-01 17:54:00.757526,5.0,22,438
7540,2022-02-01 17:54:00.766436,100.0,9,438
7541,2022-02-01 17:57:06.670387,5.0,22,438
7542,2022-02-01 18:01:52.161442,5.0,22,438
7543,2022-02-01 18:02:46.273262,50.0,3,1047
7544,2022-02-01 18:02:56.457480,3.0,4,1047
7545,2022-02-01 18:07:23.086661,10.0,25,438
7546,2022-02-01 18:08:15.197549,5.0,22,438
7547,2022-02-01 18:17:05.241043,30.0,27,1047
7548,2022-02-01 18:23:28.771694,3.0,4,673
7549,2022-02-01 18:27:10.394420,10.0,25,1009
7550,2022-02-01 18:31:24.476414,5.0,22,1009
7551,2022-02-01 18:39:53.832676,5.0,22,743
7552,2022-02-01 18:40:33.978839,50.0,3,1048
7553,2022-02-01 18:41:06.242154,3.0,4,1048
7554,2022-02-01 18:42:34.862300,0.0,27,1048
7555,2022-02-01 18:48:35.360508,10.0,25,743
7556,2022-02-01 19:03:27.307367,5.0,22,743
7557,2022-02-01 19:05:07.215547,10.0,25,743
7558,2022-02-01 19:07:06.251435,50.0,3,1049
7559,2022-02-01 19:07:48.786374,3.0,4,1049
7560,2022-02-01 19:36:19.269758,0.0,22,589
7561,2022-02-01 19:36:28.450696,5.0,22,743
7562,2022-02-01 19:36:41.154474,10.0,25,743
7563,2022-02-01 19:43:04.822282,10.0,22,438
7564,2022-02-01 19:45:58.300400,10.0,22,1009
7565,2022-02-01 19:48:37.889640,0.0,22,589
7566,2022-02-01 19:54:42.264541,5.0,22,438
7567,2022-02-01 19:57:19.022319,5.0,22,438
7568,2022-02-01 20:05:06.762516,5.0,22,438
7569,2022-02-01 20:12:19.842263,5.0,22,438
7570,2022-02-01 20:17:18.542322,10.0,25,438
7571,2022-02-01 20:17:50.363422,5.0,22,438
7572,2022-02-01 20:54:36.018262,0.0,22,839
7573,2022-02-01 20:54:36.030146,100.0,9,839
7574,2022-02-01 21:03:14.566553,50.0,3,1050
7575,2022-02-01 21:03:14.575425,,23,1050
7576,2022-02-01 21:03:30.093124,3.0,4,1050
7577,2022-02-01 21:07:17.019283,0.0,22,1050
7578,2022-02-01 21:07:17.033036,,22,1050
7579,2022-02-01 21:08:41.056234,0.0,22,1050
7580,2022-02-01 21:12:50.801772,0.0,22,1050
7581,2022-02-01 21:14:55.493540,0.0,22,1050
7582,2022-02-01 21:16:54.396005,0.0,22,1050
7583,2022-02-01 21:16:54.404297,30.0,8,1050
7584,2022-02-01 21:21:08.619242,0.0,22,1050
7585,2022-02-01 22:27:00.987765,50.0,3,1053
7586,2022-02-01 22:27:19.967155,3.0,4,1053
7587,2022-02-02 00:13:58.958541,3.0,4,121
7588,2022-02-02 00:44:44.713951,50.0,3,1054
7589,2022-02-02 00:45:04.625115,3.0,4,1054
7590,2022-02-02 04:57:56.834739,3.0,4,743
7591,2022-02-02 05:35:16.468593,50.0,3,1040
7592,2022-02-02 05:44:59.967433,3.0,4,649
7593,2022-02-02 06:13:30.719482,5.0,22,743
7594,2022-02-02 06:13:30.728688,100.0,9,743
7595,2022-02-02 06:13:54.202308,10.0,25,743
7596,2022-02-02 06:29:26.407713,3.0,4,887
7597,2022-02-02 06:30:03.805152,3.0,4,1034
7598,2022-02-02 06:33:31.080169,3.0,4,570
7599,2022-02-02 06:47:09.532178,3.0,4,138
7600,2022-02-02 06:55:09.688252,3.0,4,566
7601,2022-02-02 06:59:17.753757,3.0,4,494
7602,2022-02-02 07:01:09.284942,35.0,23,494
7603,2022-02-02 07:03:19.191953,10.0,22,494
7604,2022-02-02 07:03:49.238496,35.0,23,494
7605,2022-02-02 07:06:27.505934,5.0,22,494
7606,2022-02-02 07:07:00.221892,35.0,23,494
7607,2022-02-02 07:09:41.188829,5.0,22,494
7608,2022-02-02 07:11:04.573624,0.0,22,566
7609,2022-02-02 07:11:23.553704,45.0,23,494
7610,2022-02-02 07:16:01.256412,50.0,3,1056
7611,2022-02-02 07:16:44.713355,3.0,4,1056
7612,2022-02-02 07:18:06.363484,3.0,4,989
7613,2022-02-02 07:20:46.474330,30.0,27,1056
7614,2022-02-02 07:22:28.350324,50.0,3,1057
7615,2022-02-02 07:22:35.910849,3.0,4,1057
7616,2022-02-02 07:22:37.322912,0.0,22,566
7617,2022-02-02 07:23:49.695920,10.0,22,494
7618,2022-02-02 07:48:43.521682,10.0,25,743
7619,2022-02-02 07:50:16.265347,5.0,22,743
7620,2022-02-02 07:52:01.085818,5.0,22,1057
7621,2022-02-02 07:52:01.097636,,22,1057
7622,2022-02-02 08:04:50.083447,5.0,22,494
7623,2022-02-02 08:15:29.787238,5.0,22,1057
7624,2022-02-02 08:30:12.830871,3.0,4,954
7625,2022-02-02 08:30:12.832978,3.0,4,954
7626,2022-02-02 08:43:57.910706,50.0,3,1058
7627,2022-02-02 08:44:38.203054,3.0,4,1058
7628,2022-02-02 08:53:39.487037,10.0,25,743
7629,2022-02-02 08:57:39.245906,5.0,22,743
7630,2022-02-02 08:59:55.171249,3.0,4,1011
7631,2022-02-02 09:00:28.096867,3.0,4,1012
7632,2022-02-02 09:07:30.010182,3.0,4,213
7633,2022-02-02 09:24:15.068349,50.0,3,1059
7634,2022-02-02 09:30:47.096314,10.0,22,213
7635,2022-02-02 09:35:52.643478,3.0,4,207
7636,2022-02-02 09:36:22.751641,10.0,22,213
7637,2022-02-02 09:51:33.269207,5.0,22,1057
7638,2022-02-02 09:57:21.048834,3.0,4,621
7639,2022-02-02 10:00:57.517011,50.0,3,1061
7640,2022-02-02 10:01:41.725536,3.0,4,1061
7641,2022-02-02 10:06:28.551044,15.0,22,213
7642,2022-02-02 10:15:22.598740,50.0,3,1062
7643,2022-02-02 10:15:45.390193,3.0,4,1062
7644,2022-02-02 10:15:49.416601,0.0,27,1062
7645,2022-02-02 10:44:37.515961,3.0,4,839
7646,2022-02-02 10:46:19.549569,50.0,3,1063
7647,2022-02-02 10:46:33.407448,3.0,4,1063
7648,2022-02-02 10:56:16.269560,10.0,22,1061
7649,2022-02-02 10:56:16.276940,,22,1061
7650,2022-02-02 10:59:40.287421,35.0,23,570
7651,2022-02-02 11:01:39.377199,5.0,22,213
7652,2022-02-02 11:06:36.904523,5.0,22,570
7653,2022-02-02 11:09:39.975383,0.0,22,839
7654,2022-02-02 11:26:15.338914,3.0,4,477
7655,2022-02-02 11:28:35.847227,10.0,22,477
7656,2022-02-02 11:29:50.556780,3.0,4,854
7657,2022-02-02 11:47:59.167202,50.0,3,1065
7658,2022-02-02 11:48:14.288620,3.0,4,1065
7659,2022-02-02 11:48:45.940596,0.0,27,1065
7660,2022-02-02 11:53:26.374457,3.0,4,550
7661,2022-02-02 12:13:30.826340,3.0,4,883
7662,2022-02-02 12:34:58.451638,50.0,3,1066
7663,2022-02-02 12:35:11.809216,3.0,4,1066
7664,2022-02-02 12:35:41.366631,3.0,4,929
7665,2022-02-02 13:00:24.435297,35.0,23,929
7666,2022-02-02 13:13:34.634160,10.0,22,1061
7667,2022-02-02 14:06:33.108514,10.0,22,1012
7668,2022-02-02 14:13:29.883212,50.0,3,1067
7669,2022-02-02 14:13:54.451255,3.0,4,1067
7670,2022-02-02 14:37:12.957035,3.0,4,861
7671,2022-02-02 14:44:38.342238,50.0,3,1069
7672,2022-02-02 14:44:58.942577,3.0,4,1069
7673,2022-02-02 14:58:03.823829,3.0,4,515
7674,2022-02-02 15:01:35.728040,3.0,4,934
7675,2022-02-02 15:03:30.163563,50.0,3,1070
7676,2022-02-02 15:03:43.317020,3.0,4,1070
7677,2022-02-02 15:04:22.530072,5.0,22,515
7678,2022-02-02 15:07:56.656116,50.0,3,1071
7679,2022-02-02 15:08:30.380144,3.0,4,1071
7680,2022-02-02 15:08:31.875449,0.0,27,1071
7681,2022-02-02 15:08:51.290489,5.0,22,515
7682,2022-02-02 15:28:52.590181,15.0,22,1012
7683,2022-02-02 15:32:11.116019,3.0,4,1036
7684,2022-02-02 15:39:02.536593,5.0,22,934
7685,2022-02-02 15:39:02.552311,,22,934
7686,2022-02-02 15:44:13.803880,5.0,22,934
7687,2022-02-02 15:53:31.894113,5.0,22,934
7688,2022-02-02 16:00:31.763505,3.0,4,1009
7689,2022-02-02 16:01:56.228482,10.0,22,934
7690,2022-02-02 16:05:51.773566,3.0,4,614
7691,2022-02-02 16:25:03.477599,10.0,22,934
7692,2022-02-02 16:25:03.514775,30.0,8,934
7693,2022-02-02 16:32:27.731861,3.0,4,623
7694,2022-02-02 16:33:03.395232,20.0,22,623
7695,2022-02-02 16:35:50.700859,5.0,22,1012
7696,2022-02-02 16:35:55.954638,35.0,23,623
7697,2022-02-02 16:36:52.805518,10.0,22,623
7698,2022-02-02 16:37:46.321719,10.0,25,623
7699,2022-02-02 16:38:00.455594,5.0,22,623
7700,2022-02-02 17:17:18.692769,15.0,22,934
7701,2022-02-02 17:36:06.956335,3.0,4,502
7702,2022-02-02 17:38:33.056860,30.0,27,502
7703,2022-02-02 17:41:17.469856,10.0,22,934
7704,2022-02-02 17:45:18.812836,5.0,22,934
7705,2022-02-02 17:47:43.430496,5.0,22,934
7706,2022-02-02 17:48:42.687496,50.0,3,1072
7707,2022-02-02 17:49:37.956382,3.0,4,1072
7708,2022-02-02 17:50:18.427349,0.0,27,1072
7709,2022-02-02 17:51:00.335906,50.0,3,1073
7710,2022-02-02 17:51:25.109112,3.0,4,1073
7711,2022-02-02 17:51:27.345092,3.0,4,438
7712,2022-02-02 17:51:49.000816,5.0,22,934
7713,2022-02-02 17:51:49.009593,100.0,9,934
7714,2022-02-02 17:52:19.535351,3.0,4,195
7715,2022-02-02 17:53:05.978324,5.0,22,438
7716,2022-02-02 17:55:34.805470,30.0,27,1073
7717,2022-02-02 17:57:09.981083,5.0,22,438
7718,2022-02-02 17:57:19.280626,5.0,22,515
7719,2022-02-02 18:06:26.463183,5.0,22,515
7720,2022-02-02 18:08:56.315505,3.0,4,603
7721,2022-02-02 18:15:18.825648,5.0,22,603
7722,2022-02-02 18:46:04.122614,3.0,4,1021
7723,2022-02-02 18:56:01.045248,10.0,22,195
7724,2022-02-02 19:13:33.125344,5.0,22,502
7725,2022-02-02 19:13:33.135633,30.0,8,502
7726,2022-02-02 19:20:49.043663,50.0,3,1074
7727,2022-02-02 19:21:02.045909,3.0,4,1074
7728,2022-02-02 19:21:46.542092,3.0,4,1050
7729,2022-02-02 19:22:30.502127,5.0,22,954
7730,2022-02-02 19:22:47.491069,10.0,25,954
7731,2022-02-02 19:25:58.618467,0.0,22,1050
7732,2022-02-02 19:26:07.337825,10.0,25,502
7733,2022-02-02 19:28:27.547914,10.0,25,954
7734,2022-02-02 19:29:55.963660,5.0,22,502
7735,2022-02-02 19:30:13.238262,5.0,22,954
7736,2022-02-02 19:32:33.511444,50.0,3,1076
7737,2022-02-02 19:32:33.522547,,23,1076
7738,2022-02-02 19:32:49.340520,3.0,4,1076
7739,2022-02-02 19:34:35.377083,0.0,22,1050
7740,2022-02-02 19:36:26.969045,0.0,22,1050
7741,2022-02-02 19:40:05.034093,0.0,22,1050
7742,2022-02-02 19:40:05.080068,100.0,9,1050
7743,2022-02-02 19:40:51.566359,5.0,22,502
7744,2022-02-02 19:42:30.266048,0.0,22,1050
7745,2022-02-02 19:43:52.347227,0.0,22,1050
7746,2022-02-02 19:45:48.939335,0.0,22,1050
7747,2022-02-02 19:48:02.413500,0.0,22,1050
7748,2022-02-02 19:51:09.082722,0.0,22,1050
7749,2022-02-02 20:00:07.295751,10.0,22,954
7750,2022-02-02 20:00:21.900481,10.0,25,954
7751,2022-02-02 20:04:24.427924,0.0,22,1050
7752,2022-02-02 20:11:43.683866,5.0,22,502
7753,2022-02-02 20:21:31.628296,0.0,22,1050
7754,2022-02-02 20:25:29.681355,5.0,22,502
7755,2022-02-02 20:59:36.805906,50.0,3,1077
7756,2022-02-02 21:00:12.254312,0.0,22,1050
7757,2022-02-02 21:00:56.331537,3.0,4,1077
7758,2022-02-02 21:13:39.153264,50.0,3,1078
7759,2022-02-02 21:14:06.947372,3.0,4,1078
7760,2022-02-02 21:14:11.961758,0.0,27,1078
7761,2022-02-02 21:18:41.807053,0.0,22,1050
7762,2022-02-02 21:27:05.445772,0.0,22,1050
7763,2022-02-02 23:55:05.735555,3.0,4,742
7764,2022-02-03 02:27:03.372168,3.0,4,1030
7765,2022-02-03 04:18:38.825778,3.0,4,494
7766,2022-02-03 04:19:00.499113,35.0,23,494
7767,2022-02-03 04:29:14.047082,45.0,23,494
7768,2022-02-03 04:36:21.116117,3.0,4,570
7769,2022-02-03 04:37:08.887254,45.0,23,570
7770,2022-02-03 04:52:32.530112,5.0,22,570
7771,2022-02-03 04:54:57.575844,45.0,23,570
7772,2022-02-03 04:59:40.817627,50.0,3,1080
7773,2022-02-03 04:59:53.955218,3.0,4,1080
7774,2022-02-03 05:13:19.337913,5.0,22,570
7775,2022-02-03 05:42:00.375070,3.0,4,649
7776,2022-02-03 05:55:59.796579,3.0,4,614
7777,2022-02-03 05:57:40.647303,3.0,4,743
7778,2022-02-03 06:12:16.985528,50.0,3,1081
7779,2022-02-03 06:12:47.959443,3.0,4,1081
7780,2022-02-03 06:33:38.678280,10.0,25,743
7781,2022-02-03 06:48:55.232904,3.0,4,1032
7782,2022-02-03 06:56:18.897538,50.0,3,1082
7783,2022-02-03 06:56:37.920018,3.0,4,1082
7784,2022-02-03 07:16:46.453285,3.0,4,241
7785,2022-02-03 07:53:11.607786,3.0,4,1074
7786,2022-02-03 07:57:23.396940,30.0,27,241
7787,2022-02-03 08:00:17.616680,3.0,4,815
7788,2022-02-03 08:00:39.359415,3.0,4,954
7789,2022-02-03 08:00:39.366936,30.0,5,954
7790,2022-02-03 08:05:04.776906,5.0,22,743
7791,2022-02-03 08:16:20.392540,3.0,4,851
7792,2022-02-03 08:24:23.658088,5.0,22,815
7793,2022-02-03 08:24:47.339330,50.0,3,1083
7794,2022-02-03 08:25:05.970195,3.0,4,1083
7795,2022-02-03 08:32:55.269489,3.0,4,742
7796,2022-02-03 08:35:06.123095,3.0,4,644
7797,2022-02-03 08:39:02.243658,5.0,22,742
7798,2022-02-03 08:42:49.201464,5.0,22,742
7799,2022-02-03 08:44:59.478951,5.0,22,743
7800,2022-02-03 08:50:04.445345,5.0,22,851
7801,2022-02-03 08:50:04.462354,,22,851
7802,2022-02-03 08:57:24.532012,5.0,22,742
7803,2022-02-03 08:57:24.610937,30.0,8,742
7804,2022-02-03 08:59:32.676531,5.0,22,851
7805,2022-02-03 09:03:19.730675,5.0,22,742
7806,2022-02-03 09:05:30.177347,35.0,23,742
7807,2022-02-03 09:26:01.849846,5.0,22,742
7808,2022-02-03 09:51:14.499035,5.0,22,743
7809,2022-02-03 09:59:17.147822,5.0,22,851
7810,2022-02-03 10:13:06.469394,50.0,3,1086
7811,2022-02-03 10:13:50.108718,3.0,4,1086
7812,2022-02-03 10:14:34.641009,30.0,27,1086
7813,2022-02-03 10:18:17.374552,10.0,25,743
7814,2022-02-03 10:21:22.685513,3.0,4,240
7815,2022-02-03 10:27:02.827566,50.0,3,1087
7816,2022-02-03 10:27:13.806648,3.0,4,1087
7817,2022-02-03 11:03:54.105166,3.0,4,623
7818,2022-02-03 11:14:37.283334,3.0,4,929
7819,2022-02-03 11:26:21.274252,5.0,22,743
7820,2022-02-03 11:31:28.729754,3.0,4,586
7821,2022-02-03 11:41:26.861473,3.0,4,589
7822,2022-02-03 11:42:37.553613,50.0,3,1089
7823,2022-02-03 11:42:53.649438,3.0,4,1089
7824,2022-02-03 11:58:55.015026,5.0,22,743
7825,2022-02-03 12:02:50.696092,5.0,22,743
7826,2022-02-03 12:09:31.096916,5.0,22,743
7827,2022-02-03 12:17:42.839307,5.0,22,1083
7828,2022-02-03 12:17:42.850326,,22,1083
7829,2022-02-03 12:19:37.752508,3.0,4,1012
7830,2022-02-03 12:22:29.336758,5.0,22,1012
7831,2022-02-03 12:22:29.348387,30.0,8,1012
7832,2022-02-03 12:27:23.458390,5.0,22,743
7833,2022-02-03 12:29:34.277295,5.0,22,1012
7834,2022-02-03 12:30:27.792712,10.0,25,1030
7835,2022-02-03 12:31:52.202029,10.0,25,743
7836,2022-02-03 12:34:18.355966,5.0,22,743
7837,2022-02-03 12:36:06.019424,5.0,22,1012
7838,2022-02-03 12:44:40.647293,10.0,25,743
7839,2022-02-03 12:47:38.724325,5.0,22,743
7840,2022-02-03 12:56:12.358577,5.0,22,1030
7841,2022-02-03 12:58:17.503581,45.0,23,1030
7842,2022-02-03 13:15:04.769927,50.0,3,1090
7843,2022-02-03 13:15:04.781035,,23,1090
7844,2022-02-03 13:15:27.198867,3.0,4,1090
7845,2022-02-03 13:22:59.958197,50.0,3,1091
7846,2022-02-03 13:23:27.634857,3.0,4,1091
7847,2022-02-03 13:24:21.807342,3.0,4,1061
7848,2022-02-03 13:34:03.034709,5.0,22,1061
7849,2022-02-03 13:35:48.964772,30.0,27,241
7850,2022-02-03 13:37:52.166941,5.0,22,1061
7851,2022-02-03 13:40:37.982248,50.0,3,1092
7852,2022-02-03 13:40:53.756918,3.0,4,1092
7853,2022-02-03 13:41:05.888654,5.0,22,1030
7854,2022-02-03 13:41:12.574408,0.0,27,1092
7855,2022-02-03 13:41:37.660113,10.0,22,1012
7856,2022-02-03 13:48:44.885422,5.0,22,1030
7857,2022-02-03 13:52:17.357145,35.0,23,1092
7858,2022-02-03 13:57:56.623323,5.0,22,1030
7859,2022-02-03 13:57:56.636045,30.0,8,1030
7860,2022-02-03 14:11:18.612165,3.0,4,934
7861,2022-02-03 14:15:45.704326,5.0,22,934
7862,2022-02-03 14:17:59.042434,50.0,3,1093
7863,2022-02-03 14:18:06.796279,3.0,4,1093
7864,2022-02-03 14:18:17.560455,3.0,4,1067
7865,2022-02-03 14:19:24.110924,5.0,22,241
7866,2022-02-03 14:22:32.519111,5.0,22,934
7867,2022-02-03 14:27:08.613409,5.0,22,934
7868,2022-02-03 14:30:15.368219,3.0,4,946
7869,2022-02-03 14:32:21.038165,3.0,4,621
7870,2022-02-03 14:33:41.381735,5.0,22,241
7871,2022-02-03 14:34:10.865400,5.0,22,934
7872,2022-02-03 14:45:38.763848,35.0,23,1083
7873,2022-02-03 14:51:57.675526,0.0,22,946
7874,2022-02-03 14:56:29.761231,10.0,22,934
7875,2022-02-03 15:11:18.715499,50.0,3,1094
7876,2022-02-03 15:11:29.749665,3.0,4,1094
7877,2022-02-03 15:12:07.202424,0.0,27,1094
7878,2022-02-03 15:26:33.588003,5.0,22,1094
7879,2022-02-03 15:26:33.603609,,22,1094
7880,2022-02-03 15:27:30.822072,30.0,27,1094
7881,2022-02-03 15:35:20.256281,3.0,4,502
7882,2022-02-03 15:39:23.298161,50.0,3,1095
7883,2022-02-03 15:39:51.338278,3.0,4,1095
7884,2022-02-03 15:39:58.143783,5.0,22,502
7885,2022-02-03 15:39:58.162437,100.0,9,502
7886,2022-02-03 15:40:52.734228,45.0,23,502
7887,2022-02-03 15:40:59.915196,30.0,27,1095
7888,2022-02-03 15:43:11.831945,10.0,22,934
7889,2022-02-03 15:54:26.133127,3.0,4,1009
7890,2022-02-03 15:57:52.899934,3.0,4,1015
7891,2022-02-03 15:58:18.890420,10.0,22,934
7892,2022-02-03 15:58:47.593350,10.0,25,934
7893,2022-02-03 16:00:01.323497,5.0,22,1015
7894,2022-02-03 16:00:01.398510,,22,1015
7895,2022-02-03 16:11:42.938954,5.0,22,502
7896,2022-02-03 16:17:17.445194,5.0,22,934
7897,2022-02-03 16:17:58.557821,0.0,22,946
7898,2022-02-03 16:20:44.345588,5.0,22,934
7899,2022-02-03 16:20:55.849713,10.0,25,934
7900,2022-02-03 16:22:52.135171,5.0,22,502
7901,2022-02-03 16:23:02.643256,3.0,4,980
7902,2022-02-03 16:23:15.856043,5.0,22,851
7903,2022-02-03 16:25:04.684588,3.0,4,222
7904,2022-02-03 16:29:30.425907,5.0,22,934
7905,2022-02-03 16:29:39.527476,10.0,25,934
7906,2022-02-03 16:36:10.240097,5.0,22,934
7907,2022-02-03 16:42:05.969936,5.0,22,934
7908,2022-02-03 16:43:33.087103,10.0,25,934
7909,2022-02-03 16:45:49.019757,5.0,22,934
7910,2022-02-03 16:50:12.725696,5.0,22,502
7911,2022-02-03 16:53:13.552894,10.0,22,851
7912,2022-02-03 16:53:13.560156,30.0,8,851
7913,2022-02-03 16:55:08.824037,10.0,22,502
7914,2022-02-03 17:01:10.469489,5.0,22,502
7915,2022-02-03 17:04:45.422741,0.0,22,946
7916,2022-02-03 17:05:18.159824,35.0,23,502
7917,2022-02-03 17:12:21.646364,3.0,4,786
7918,2022-02-03 17:25:44.023534,5.0,22,502
7919,2022-02-03 17:37:39.694823,3.0,4,556
7920,2022-02-03 17:39:40.659392,50.0,3,1096
7921,2022-02-03 17:40:04.278090,3.0,4,1096
7922,2022-02-03 17:42:46.788947,0.0,27,1096
7923,2022-02-03 17:43:39.148192,0.0,22,556
7924,2022-02-03 17:48:11.035225,0.0,22,946
7925,2022-02-03 17:48:11.048442,100.0,9,946
7926,2022-02-03 17:56:44.863071,0.0,22,556
7927,2022-02-03 18:03:09.923425,0.0,22,556
7928,2022-02-03 18:03:09.936563,200.0,10,556
7929,2022-02-03 18:20:48.160994,0.0,22,946
7930,2022-02-03 18:27:21.655986,50.0,3,1097
7931,2022-02-03 18:27:33.184314,3.0,4,1097
7932,2022-02-03 18:27:59.931526,10.0,25,1097
7933,2022-02-03 18:39:12.567021,0.0,22,946
7934,2022-02-03 18:39:59.696136,0.0,22,946
7935,2022-02-03 19:16:21.825590,3.0,4,1050
7936,2022-02-03 19:24:18.944720,0.0,22,1050
7937,2022-02-03 19:40:45.026250,3.0,4,861
7938,2022-02-03 19:49:52.007349,0.0,22,1050
7939,2022-02-03 19:51:12.640653,50.0,3,1099
7940,2022-02-03 19:52:26.169171,3.0,4,1099
7941,2022-02-03 19:52:35.682834,0.0,27,1099
7942,2022-02-03 19:57:02.729366,0.0,22,1050
7943,2022-02-03 20:05:12.197769,0.0,22,1050
7944,2022-02-03 20:06:39.225211,50.0,3,1084
7945,2022-02-03 20:07:49.881894,3.0,4,862
7946,2022-02-03 20:17:40.540594,0.0,22,556
7947,2022-02-03 20:18:20.612873,0.0,22,1050
7948,2022-02-03 20:18:20.623158,200.0,10,1050
7949,2022-02-03 20:19:08.920356,0.0,22,556
7950,2022-02-03 20:27:13.567159,0.0,22,1050
7951,2022-02-03 20:29:49.524820,5.0,22,1083
7952,2022-02-03 20:35:35.848861,0.0,22,1050
7953,2022-02-03 21:04:55.866099,50.0,3,1100
7954,2022-02-03 21:05:02.469903,3.0,4,1100
7955,2022-02-03 21:17:36.627532,50.0,3,1101
7956,2022-02-03 21:20:26.810867,3.0,4,1101
7957,2022-02-03 21:30:06.836745,5.0,22,934
7958,2022-02-03 21:45:19.460163,10.0,25,934
7959,2022-02-03 21:46:20.261527,5.0,22,934
7960,2022-02-03 21:46:20.273611,200.0,10,934
7961,2022-02-03 21:49:21.590133,5.0,22,934
7962,2022-02-03 21:51:43.073912,3.0,4,839
7963,2022-02-03 21:52:43.037822,5.0,22,839
7964,2022-02-03 21:53:07.625016,10.0,22,934
7965,2022-02-03 21:53:15.907585,10.0,25,934
7966,2022-02-03 21:56:49.975968,30.0,27,934
7967,2022-02-03 22:13:01.803646,50.0,3,1102
7968,2022-02-03 22:14:58.209410,3.0,4,1102
7969,2022-02-03 22:17:07.885509,30.0,27,934
7970,2022-02-03 22:20:06.360696,3.0,4,1034
7971,2022-02-03 22:20:22.047140,0.0,27,1102
7972,2022-02-03 23:31:25.899310,5.0,22,839
7973,2022-02-03 23:31:35.610057,10.0,25,839
7974,2022-02-03 23:36:06.593610,35.0,23,839
7975,2022-02-04 00:22:45.936477,3.0,4,839
7976,2022-02-04 00:23:12.600065,5.0,22,839
7977,2022-02-04 00:26:04.847523,45.0,23,839
7978,2022-02-04 01:20:26.931320,3.0,4,925
7979,2022-02-04 01:57:35.935431,3.0,4,627
7980,2022-02-04 01:58:25.276238,3.0,4,628
7981,2022-02-04 02:05:35.254557,45.0,23,628
7982,2022-02-04 02:05:53.293414,10.0,22,628
7983,2022-02-04 02:19:24.105942,5.0,22,628
7984,2022-02-04 02:27:39.376758,5.0,22,628
7985,2022-02-04 03:03:11.114140,5.0,22,628
7986,2022-02-04 03:58:50.321072,3.0,4,570
7987,2022-02-04 03:58:57.188985,3.0,4,887
7988,2022-02-04 04:17:44.454363,45.0,23,570
7989,2022-02-04 04:27:10.597824,5.0,22,570
7990,2022-02-04 05:25:20.160933,3.0,4,589
7991,2022-02-04 05:44:35.610813,3.0,4,649
7992,2022-02-04 05:47:03.677363,35.0,23,628
7993,2022-02-04 05:47:50.646989,5.0,22,628
7994,2022-02-04 06:10:52.586397,5.0,22,628
7995,2022-02-04 06:29:57.551133,50.0,3,1103
7996,2022-02-04 06:31:11.499981,3.0,4,1103
7997,2022-02-04 06:31:22.831534,30.0,27,1103
7998,2022-02-04 06:54:05.830597,3.0,4,815
7999,2022-02-04 07:05:42.266505,50.0,3,1104
8000,2022-02-04 07:06:07.187506,3.0,4,1104
8001,2022-02-04 07:15:41.815915,10.0,22,815
8002,2022-02-04 07:17:30.389643,3.0,4,1032
8003,2022-02-04 07:17:41.831993,30.0,27,1032
8004,2022-02-04 07:22:24.463579,0.0,27,1032
8005,2022-02-04 07:30:12.508788,3.0,4,980
8006,2022-02-04 07:42:49.458262,3.0,4,743
8007,2022-02-04 07:45:42.367110,3.0,4,851
8008,2022-02-04 07:59:43.909397,10.0,25,743
8009,2022-02-04 08:01:48.221177,5.0,22,743
8010,2022-02-04 08:11:57.632094,3.0,4,614
8011,2022-02-04 08:11:57.640432,30.0,5,614
8012,2022-02-04 08:14:23.930532,5.0,22,649
8013,2022-02-04 08:17:48.842578,5.0,22,851
8014,2022-02-04 08:31:53.898902,3.0,4,725
8015,2022-02-04 08:46:24.630417,3.0,4,1083
8016,2022-02-04 08:46:44.184552,5.0,22,1083
8017,2022-02-04 09:00:17.230091,3.0,4,471
8018,2022-02-04 09:15:46.955520,3.0,4,1102
8019,2022-02-04 09:22:45.483670,3.0,4,465
8020,2022-02-04 09:27:02.732394,5.0,22,570
8021,2022-02-04 09:30:13.128612,50.0,3,1105
8022,2022-02-04 09:30:24.821662,3.0,4,1105
8023,2022-02-04 10:05:40.817535,3.0,4,316
8024,2022-02-04 10:18:09.433385,50.0,3,1106
8025,2022-02-04 10:18:43.713664,3.0,4,1106
8026,2022-02-04 10:29:31.420069,5.0,22,1083
8027,2022-02-04 10:29:42.147670,10.0,25,1083
8028,2022-02-04 10:42:24.500696,5.0,22,839
8029,2022-02-04 10:58:56.579624,3.0,4,73
8030,2022-02-04 10:58:58.824041,10.0,25,73
8031,2022-02-04 10:59:36.335454,10.0,25,73
8032,2022-02-04 11:03:03.115470,35.0,23,73
8033,2022-02-04 11:05:18.238632,5.0,22,73
8034,2022-02-04 11:25:32.235900,3.0,4,732
8035,2022-02-04 11:26:35.958522,50.0,3,1107
8036,2022-02-04 11:26:35.971086,,23,1107
8037,2022-02-04 11:26:55.835497,3.0,4,1107
8038,2022-02-04 11:41:34.294953,0.0,22,1107
8039,2022-02-04 11:41:34.306591,,22,1107
8040,2022-02-04 11:44:26.479016,0.0,22,1107
8041,2022-02-04 11:49:40.317302,0.0,22,1107
8042,2022-02-04 11:56:38.395336,3.0,4,946
8043,2022-02-04 12:17:59.930620,3.0,4,515
8044,2022-02-04 12:46:48.919466,3.0,4,1012
8045,2022-02-04 12:52:01.370633,50.0,3,1109
8046,2022-02-04 12:52:52.086458,3.0,4,1109
8047,2022-02-04 13:33:39.212176,5.0,22,1012
8048,2022-02-04 13:35:14.501948,3.0,4,861
8049,2022-02-04 13:39:10.392148,50.0,3,1110
8050,2022-02-04 13:40:08.414451,3.0,4,1110
8051,2022-02-04 14:18:18.401947,3.0,4,219
8052,2022-02-04 14:52:26.883458,3.0,4,1009
8053,2022-02-04 15:10:12.050754,5.0,22,515
8054,2022-02-04 15:21:15.198974,50.0,3,1111
8055,2022-02-04 15:22:01.156578,3.0,4,1111
8056,2022-02-04 15:26:02.159105,3.0,4,757
8057,2022-02-04 15:26:10.078918,5.0,22,515
8058,2022-02-04 15:31:51.171507,5.0,22,515
8059,2022-02-04 15:32:50.519884,50.0,3,1112
8060,2022-02-04 15:33:14.104880,3.0,4,1112
8061,2022-02-04 15:33:47.193864,0.0,27,1112
8062,2022-02-04 15:43:07.483165,3.0,4,222
8063,2022-02-04 15:55:06.783637,50.0,3,1113
8064,2022-02-04 15:55:50.992503,3.0,4,1113
8065,2022-02-04 15:55:53.757271,10.0,25,1113
8066,2022-02-04 17:00:42.337372,50.0,3,1114
8067,2022-02-04 17:01:52.537212,3.0,4,1114
8068,2022-02-04 17:08:02.698111,50.0,3,1115
8069,2022-02-04 17:37:06.385216,3.0,4,605
8070,2022-02-04 18:19:38.836643,50.0,3,1118
8071,2022-02-04 18:19:57.758474,3.0,4,1118
8072,2022-02-04 18:20:23.480651,0.0,27,1118
8073,2022-02-04 18:38:15.796414,3.0,4,157
8074,2022-02-04 18:38:17.880128,35.0,23,157
8075,2022-02-04 18:39:05.800494,5.0,22,157
8076,2022-02-04 18:39:58.837301,3.0,4,195
8077,2022-02-04 18:44:14.932306,3.0,4,223
8078,2022-02-04 18:44:19.090183,0.0,27,223
8079,2022-02-04 18:45:35.707741,3.0,4,843
8080,2022-02-04 18:45:39.215277,0.0,27,843
8081,2022-02-04 18:58:33.723855,10.0,25,195
8082,2022-02-04 18:59:15.826982,3.0,4,644
8083,2022-02-04 19:10:17.601638,50.0,3,1119
8084,2022-02-04 19:10:52.831383,3.0,4,1119
8085,2022-02-04 19:30:09.279668,3.0,4,494
8086,2022-02-04 19:34:03.337061,35.0,23,494
8087,2022-02-04 19:39:39.949624,50.0,3,1120
8088,2022-02-04 19:39:53.028409,3.0,4,1120
8089,2022-02-04 19:47:41.884493,10.0,22,1120
8090,2022-02-04 19:47:41.891714,,22,1120
8091,2022-02-04 20:08:37.416763,10.0,22,1120
8092,2022-02-04 20:14:42.387458,5.0,22,195
8093,2022-02-04 20:52:24.349282,50.0,3,1121
8094,2022-02-04 20:52:49.923394,3.0,4,1121
8095,2022-02-04 21:28:34.932366,50.0,3,1122
8096,2022-02-04 21:30:03.500255,3.0,4,1122
8097,2022-02-04 22:18:42.864104,3.0,4,463
8098,2022-02-04 22:25:35.075123,50.0,3,1123
8099,2022-02-04 22:26:02.575239,3.0,4,1123
8100,2022-02-05 02:07:06.187050,50.0,3,1124
8101,2022-02-05 02:07:51.877143,3.0,4,1124
8102,2022-02-05 04:09:33.906316,3.0,4,589
8103,2022-02-05 04:34:32.829080,50.0,3,1125
8104,2022-02-05 04:35:36.141580,3.0,4,1125
8105,2022-02-05 05:50:56.597996,50.0,3,1126
8106,2022-02-05 05:51:29.801947,3.0,4,1126
8107,2022-02-05 06:07:28.831135,0.0,27,1126
8108,2022-02-05 06:27:37.701204,50.0,3,1127
8109,2022-02-05 06:27:55.890220,3.0,4,1127
8110,2022-02-05 06:35:03.484528,3.0,4,1095
8111,2022-02-05 07:03:26.066000,50.0,3,1128
8112,2022-02-05 07:03:36.052381,3.0,4,1128
8113,2022-02-05 08:17:28.345720,50.0,3,1129
8114,2022-02-05 08:18:04.237039,3.0,4,1129
8115,2022-02-05 08:27:14.950161,0.0,27,1129
8116,2022-02-05 08:35:01.475697,50.0,3,1130
8117,2022-02-05 08:35:28.828026,3.0,4,1130
8118,2022-02-05 08:36:12.949913,30.0,27,1130
8119,2022-02-05 09:10:15.082640,3.0,4,861
8120,2022-02-05 09:17:34.458019,3.0,4,1012
8121,2022-02-05 09:23:49.041606,50.0,3,1133
8122,2022-02-05 09:24:07.143398,3.0,4,1133
8123,2022-02-05 09:26:22.911700,50.0,3,1134
8124,2022-02-05 09:27:18.365386,3.0,4,1134
8125,2022-02-05 09:50:28.284306,50.0,3,1137
8126,2022-02-05 09:51:00.851305,3.0,4,1137
8127,2022-02-05 10:14:56.886603,50.0,3,1136
8128,2022-02-05 10:15:31.818406,3.0,4,1136
8129,2022-02-05 10:43:27.303513,50.0,3,1138
8130,2022-02-05 10:43:54.755185,3.0,4,1138
8131,2022-02-05 11:12:46.837287,3.0,4,1021
8132,2022-02-05 11:32:42.700385,5.0,22,1012
8133,2022-02-05 11:32:42.707392,100.0,9,1012
8134,2022-02-05 11:45:25.553637,3.0,4,1083
8135,2022-02-05 11:47:08.427114,5.0,22,1012
8136,2022-02-05 11:48:24.311116,10.0,25,1012
8137,2022-02-05 11:56:11.402185,3.0,4,673
8138,2022-02-05 12:08:45.929166,5.0,22,1012
8139,2022-02-05 12:42:59.534776,5.0,22,1083
8140,2022-02-05 12:42:59.544238,30.0,8,1083
8141,2022-02-05 12:43:11.574818,50.0,3,1139
8142,2022-02-05 12:43:50.876236,3.0,4,1139
8143,2022-02-05 12:44:40.105079,30.0,27,1139
8144,2022-02-05 12:44:43.173249,50.0,3,1140
8145,2022-02-05 12:44:43.182471,,23,1140
8146,2022-02-05 12:45:20.138248,3.0,4,1140
8147,2022-02-05 12:47:31.662374,10.0,22,1012
8148,2022-02-05 12:51:31.692861,3.0,4,767
8149,2022-02-05 12:51:45.792632,0.0,27,1139
8150,2022-02-05 13:00:45.451839,3.0,4,559
8151,2022-02-05 13:11:50.074472,10.0,22,1012
8152,2022-02-05 13:19:51.152959,50.0,3,1141
8153,2022-02-05 13:20:07.402294,3.0,4,1141
8154,2022-02-05 13:26:22.508879,0.0,22,1140
8155,2022-02-05 13:26:22.517971,,22,1140
8156,2022-02-05 13:26:47.882173,5.0,22,1141
8157,2022-02-05 13:26:47.891588,,22,1141
8158,2022-02-05 13:29:32.117666,0.0,22,1140
8159,2022-02-05 13:32:58.340763,5.0,22,1083
8160,2022-02-05 13:33:46.012614,5.0,22,1141
8161,2022-02-05 13:34:54.472478,50.0,3,1143
8162,2022-02-05 13:35:39.064505,3.0,4,1143
8163,2022-02-05 13:36:15.403446,0.0,22,1140
8164,2022-02-05 13:36:59.272952,50.0,3,1142
8165,2022-02-05 13:37:20.715064,3.0,4,1142
8166,2022-02-05 13:39:08.334902,50.0,3,1144
8167,2022-02-05 13:39:19.612104,3.0,4,1144
8168,2022-02-05 13:42:39.817699,3.0,4,621
8169,2022-02-05 13:43:09.892161,30.0,27,1143
8170,2022-02-05 13:54:44.488763,0.0,22,1140
8171,2022-02-05 14:01:17.377928,3.0,4,1090
8172,2022-02-05 14:07:06.350340,50.0,3,1145
8173,2022-02-05 14:07:21.750587,3.0,4,1145
8174,2022-02-05 14:07:46.629830,0.0,22,1090
8175,2022-02-05 14:07:46.640846,,22,1090
8176,2022-02-05 14:10:50.211225,0.0,22,1090
8177,2022-02-05 14:11:00.615499,3.0,4,1120
8178,2022-02-05 14:18:25.638146,50.0,3,1146
8179,2022-02-05 14:20:12.585284,3.0,4,1146
8180,2022-02-05 14:20:42.466010,10.0,22,1137
8181,2022-02-05 14:20:42.476742,,22,1137
8182,2022-02-05 14:20:56.144014,0.0,22,1090
8183,2022-02-05 14:23:33.582939,0.0,22,1090
8184,2022-02-05 14:24:12.238551,0.0,22,1090
8185,2022-02-05 14:24:12.255565,30.0,8,1090
8186,2022-02-05 14:24:29.056461,50.0,3,1147
8187,2022-02-05 14:24:41.105842,3.0,4,1147
8188,2022-02-05 14:30:04.578684,50.0,3,1148
8189,2022-02-05 14:30:23.496180,3.0,4,1148
8190,2022-02-05 14:35:40.150985,15.0,22,1120
8191,2022-02-05 14:40:25.276730,5.0,22,1137
8192,2022-02-05 14:45:13.157461,0.0,22,1090
8193,2022-02-05 14:46:29.135149,5.0,22,1083
8194,2022-02-05 14:46:31.450106,45.0,23,1137
8195,2022-02-05 14:49:19.804772,3.0,4,1104
8196,2022-02-05 14:56:11.980600,5.0,22,1145
8197,2022-02-05 14:56:11.990203,,22,1145
8198,2022-02-05 15:05:21.740311,5.0,22,1145
8199,2022-02-05 15:11:19.712514,50.0,3,1149
8200,2022-02-05 15:11:55.720562,3.0,4,1149
8201,2022-02-05 15:12:30.011340,30.0,27,1149
8202,2022-02-05 15:23:27.800893,50.0,3,1150
8203,2022-02-05 15:23:48.747963,3.0,4,1150
8204,2022-02-05 15:30:19.858474,5.0,22,1083
8205,2022-02-05 15:38:13.425599,5.0,22,1149
8206,2022-02-05 15:38:13.440775,,22,1149
8207,2022-02-05 15:43:21.097008,10.0,22,1149
8208,2022-02-05 15:45:31.593178,3.0,4,556
8209,2022-02-05 15:50:07.876701,0.0,22,556
8210,2022-02-05 15:57:23.268612,3.0,4,1107
8211,2022-02-05 15:58:15.206824,3.0,4,737
8212,2022-02-05 16:04:56.165134,50.0,3,1151
8213,2022-02-05 16:05:12.944957,3.0,4,1151
8214,2022-02-05 16:06:45.528944,3.0,4,649
8215,2022-02-05 16:11:06.280959,5.0,22,1120
8216,2022-02-05 16:22:46.755150,0.0,22,556
8217,2022-02-05 16:24:03.881205,5.0,22,1137
8218,2022-02-05 16:35:33.104373,3.0,4,223
8219,2022-02-05 16:37:08.345246,5.0,22,1083
8220,2022-02-05 16:55:45.992277,5.0,22,1137
8221,2022-02-05 17:00:04.881239,0.0,22,556
8222,2022-02-05 17:01:48.385071,0.0,22,556
8223,2022-02-05 17:03:33.726191,0.0,22,556
8224,2022-02-05 17:05:09.730847,0.0,22,556
8225,2022-02-05 17:06:36.608485,0.0,22,556
8226,2022-02-05 17:18:57.112484,50.0,3,1152
8227,2022-02-05 17:19:36.801000,3.0,4,1152
8228,2022-02-05 17:42:24.783768,50.0,3,1153
8229,2022-02-05 17:42:43.353467,3.0,4,1153
8230,2022-02-05 17:46:33.761444,0.0,22,1107
8231,2022-02-05 17:48:18.841411,0.0,22,1107
8232,2022-02-05 17:48:18.882732,30.0,8,1107
8233,2022-02-05 17:59:09.724635,5.0,22,1152
8234,2022-02-05 17:59:09.739130,,22,1152
8235,2022-02-05 17:59:14.885950,0.0,22,1107
8236,2022-02-05 18:01:54.191545,5.0,22,1083
8237,2022-02-05 18:01:54.204218,100.0,9,1083
8238,2022-02-05 18:04:05.671864,5.0,22,1083
8239,2022-02-05 18:04:38.736240,5.0,22,1152
8240,2022-02-05 18:23:24.824360,3.0,4,1015
8241,2022-02-05 18:31:00.616253,50.0,3,1154
8242,2022-02-05 18:31:17.546645,3.0,4,1154
8243,2022-02-05 18:31:26.522588,5.0,22,1152
8244,2022-02-05 18:39:19.742071,0.0,22,1107
8245,2022-02-05 18:41:03.480729,5.0,22,1152
8246,2022-02-05 18:42:34.060236,50.0,3,1156
8247,2022-02-05 18:43:07.101648,3.0,4,1156
8248,2022-02-05 18:43:09.251604,0.0,27,1156
8249,2022-02-05 19:16:45.561997,50.0,3,1157
8250,2022-02-05 19:17:11.586923,3.0,4,1157
8251,2022-02-05 19:30:48.859504,50.0,3,1158
8252,2022-02-05 19:31:19.096999,3.0,4,1158
8253,2022-02-05 19:31:24.138678,0.0,27,1158
8254,2022-02-05 19:42:27.693862,5.0,22,1137
8255,2022-02-05 19:42:27.703521,30.0,8,1137
8256,2022-02-05 19:50:01.650956,5.0,22,1141
8257,2022-02-05 19:51:37.377216,50.0,3,1159
8258,2022-02-05 19:52:42.261865,3.0,4,1159
8259,2022-02-05 19:55:20.121854,3.0,4,195
8260,2022-02-05 19:58:59.918638,3.0,4,258
8261,2022-02-05 20:00:03.951705,5.0,22,195
8262,2022-02-05 20:05:27.812359,3.0,4,719
8263,2022-02-05 20:06:35.215490,10.0,22,1159
8264,2022-02-05 20:06:35.225742,,22,1159
8265,2022-02-05 20:18:58.281376,45.0,23,1159
8266,2022-02-05 20:20:33.085117,5.0,22,1141
8267,2022-02-05 20:50:40.462240,5.0,22,1137
8268,2022-02-05 21:12:25.180708,5.0,22,1120
8269,2022-02-05 21:12:25.193710,30.0,8,1120
8270,2022-02-05 21:17:15.993585,3.0,4,1094
8271,2022-02-05 22:03:18.418285,50.0,3,1161
8272,2022-02-05 22:03:53.845359,3.0,4,1161
8273,2022-02-05 22:35:08.427010,50.0,3,1162
8274,2022-02-05 22:35:24.486647,3.0,4,1162
8275,2022-02-05 22:47:42.410014,5.0,22,1162
8276,2022-02-05 22:47:42.426837,,22,1162
8277,2022-02-05 22:56:28.718360,5.0,22,1162
8278,2022-02-05 23:25:49.409355,3.0,4,1102
8279,2022-02-06 06:41:38.995097,3.0,4,559
8280,2022-02-06 06:51:01.322202,50.0,3,1163
8281,2022-02-06 06:51:27.985608,3.0,4,1163
8282,2022-02-06 07:02:33.309190,15.0,22,559
8283,2022-02-06 07:06:32.931123,50.0,3,1164
8284,2022-02-06 07:06:33.401436,3.0,4,1164
8285,2022-02-06 07:07:02.056203,30.0,27,1164
8286,2022-02-06 07:37:11.953522,3.0,4,1012
8287,2022-02-06 07:37:11.979579,30.0,5,1012
8288,2022-02-06 07:45:50.107310,3.0,4,861
8289,2022-02-06 08:27:54.088545,10.0,22,1012
8290,2022-02-06 08:28:35.326274,3.0,4,934
8291,2022-02-06 08:29:42.162092,45.0,23,934
8292,2022-02-06 08:39:15.361134,3.0,4,1120
8293,2022-02-06 09:01:08.579004,3.0,4,1141
8294,2022-02-06 09:06:23.407007,5.0,22,1141
8295,2022-02-06 09:06:23.416893,30.0,8,1141
8296,2022-02-06 09:13:44.488725,10.0,25,1012
8297,2022-02-06 09:15:44.535195,5.0,22,1012
8298,2022-02-06 09:27:49.871026,5.0,22,1012
8299,2022-02-06 09:37:17.784790,5.0,22,1141
8300,2022-02-06 09:46:49.496467,3.0,4,649
8301,2022-02-06 09:46:49.505598,30.0,5,649
8302,2022-02-06 10:11:55.254871,3.0,4,1137
8303,2022-02-06 10:39:37.476383,3.0,4,767
8304,2022-02-06 10:42:48.453774,45.0,23,1141
8305,2022-02-06 10:48:17.777447,50.0,3,1165
8306,2022-02-06 10:48:32.785228,5.0,22,1141
8307,2022-02-06 10:49:16.101864,3.0,4,1165
8308,2022-02-06 10:49:54.237032,30.0,27,1165
8309,2022-02-06 11:05:34.749094,3.0,4,1077
8310,2022-02-06 11:09:54.455851,5.0,22,1141
8311,2022-02-06 11:12:22.710318,5.0,22,1137
8312,2022-02-06 11:15:47.651979,5.0,22,1141
8313,2022-02-06 11:21:00.082608,5.0,22,1141
8314,2022-02-06 11:21:00.092009,100.0,9,1141
8315,2022-02-06 11:23:56.441154,5.0,22,1077
8316,2022-02-06 11:23:56.447966,,22,1077
8317,2022-02-06 11:28:12.355709,50.0,3,1166
8318,2022-02-06 11:28:31.554704,3.0,4,1166
8319,2022-02-06 11:35:34.905073,50.0,3,1167
8320,2022-02-06 11:35:56.171543,3.0,4,1167
8321,2022-02-06 11:36:33.877228,0.0,27,1167
8322,2022-02-06 11:38:01.077453,5.0,22,1012
8323,2022-02-06 11:40:45.245566,50.0,3,1169
8324,2022-02-06 11:41:08.871431,3.0,4,1169
8325,2022-02-06 11:56:37.069553,5.0,22,1012
8326,2022-02-06 12:10:01.791594,5.0,22,1077
8327,2022-02-06 12:12:04.936874,3.0,4,614
8328,2022-02-06 12:20:04.462374,3.0,4,364
8329,2022-02-06 12:29:03.883410,3.0,4,258
8330,2022-02-06 12:30:14.882702,5.0,22,364
8331,2022-02-06 12:30:36.509630,10.0,25,364
8332,2022-02-06 12:32:16.769459,3.0,4,534
8333,2022-02-06 12:39:16.144034,50.0,3,1171
8334,2022-02-06 12:40:07.384845,3.0,4,1171
8335,2022-02-06 12:40:12.083945,0.0,27,1171
8336,2022-02-06 12:40:43.271851,5.0,22,364
8337,2022-02-06 12:40:43.281676,30.0,8,364
8338,2022-02-06 12:41:01.446412,10.0,25,364
8339,2022-02-06 12:42:38.977317,50.0,3,1170
8340,2022-02-06 12:44:58.423038,3.0,4,1170
8341,2022-02-06 12:50:51.743845,50.0,3,1172
8342,2022-02-06 12:51:35.341465,3.0,4,1172
8343,2022-02-06 12:52:35.831348,3.0,4,1107
8344,2022-02-06 13:11:17.943760,5.0,22,1012
8345,2022-02-06 13:14:44.648170,5.0,22,1012
8346,2022-02-06 13:16:43.109264,10.0,25,1141
8347,2022-02-06 13:18:52.558925,10.0,22,1141
8348,2022-02-06 13:21:35.042263,45.0,23,1141
8349,2022-02-06 13:23:31.216263,3.0,4,1095
8350,2022-02-06 13:43:34.185901,5.0,22,1012
8351,2022-02-06 14:25:39.438988,50.0,3,1173
8352,2022-02-06 14:25:51.275626,3.0,4,1173
8353,2022-02-06 14:43:44.224660,3.0,4,839
8354,2022-02-06 14:49:13.033574,50.0,3,1174
8355,2022-02-06 14:49:20.078743,3.0,4,1174
8356,2022-02-06 14:53:12.525588,3.0,4,1090
8357,2022-02-06 15:00:29.372059,0.0,22,1090
8358,2022-02-06 15:06:54.521693,0.0,22,1090
8359,2022-02-06 15:10:33.492696,0.0,22,1090
8360,2022-02-06 15:10:44.796445,10.0,22,1141
8361,2022-02-06 15:12:26.960546,0.0,22,1090
8362,2022-02-06 15:12:26.981145,100.0,9,1090
8363,2022-02-06 15:14:05.863782,50.0,3,1175
8364,2022-02-06 15:16:41.170419,3.0,4,1175
8365,2022-02-06 15:16:56.892580,0.0,22,1090
8366,2022-02-06 15:23:41.107727,5.0,22,1137
8367,2022-02-06 15:27:06.860747,0.0,22,1090
8368,2022-02-06 15:30:38.243719,0.0,22,1090
8369,2022-02-06 15:33:51.917925,0.0,22,1090
8370,2022-02-06 15:39:39.141761,35.0,23,1141
8371,2022-02-06 15:39:43.527626,30.0,27,1175
8372,2022-02-06 15:41:22.924589,5.0,22,1141
8373,2022-02-06 15:42:26.343821,45.0,23,1141
8374,2022-02-06 16:02:19.742508,3.0,4,1043
8375,2022-02-06 16:03:05.974052,0.0,27,1175
8376,2022-02-06 16:15:59.857500,3.0,4,132
8377,2022-02-06 16:34:30.793321,3.0,4,978
8378,2022-02-06 16:58:23.830822,5.0,22,1141
8379,2022-02-06 16:59:32.909954,35.0,23,1141
8380,2022-02-06 17:00:38.140985,5.0,22,1141
8381,2022-02-06 17:04:52.788845,50.0,3,1176
8382,2022-02-06 17:05:41.180126,3.0,4,1176
8383,2022-02-06 17:14:22.042418,50.0,3,1177
8384,2022-02-06 17:14:45.430106,3.0,4,1177
8385,2022-02-06 17:24:53.860543,3.0,4,673
8386,2022-02-06 18:09:42.719962,0.0,22,673
8387,2022-02-06 18:22:03.484762,0.0,22,673
8388,2022-02-06 18:22:48.740136,0.0,22,673
8389,2022-02-06 18:23:37.145526,50.0,3,1178
8390,2022-02-06 18:23:37.156947,,23,1178
8391,2022-02-06 18:24:00.750137,3.0,4,1178
8392,2022-02-06 18:27:37.923552,0.0,22,258
8393,2022-02-06 18:33:41.253609,50.0,3,1179
8394,2022-02-06 18:34:02.256689,3.0,4,1179
8395,2022-02-06 18:37:28.351624,0.0,22,673
8396,2022-02-06 18:40:52.906484,0.0,22,1178
8397,2022-02-06 18:40:52.924401,,22,1178
8398,2022-02-06 18:53:59.722012,3.0,4,1009
8399,2022-02-06 19:09:57.858214,5.0,22,1137
8400,2022-02-06 19:20:49.942142,5.0,22,1141
8401,2022-02-06 19:24:27.315607,3.0,4,763
8402,2022-02-06 19:40:06.315621,10.0,22,763
8403,2022-02-06 19:40:06.329495,,22,763
8404,2022-02-06 19:41:09.257762,50.0,3,1181
8405,2022-02-06 19:41:28.137512,3.0,4,1181
8406,2022-02-06 20:03:56.649102,50.0,3,1183
8407,2022-02-06 20:04:19.331526,3.0,4,1183
8408,2022-02-06 20:06:32.362687,10.0,22,1141
8409,2022-02-06 20:08:41.364641,3.0,4,1015
8410,2022-02-06 20:35:15.505436,50.0,3,1184
8411,2022-02-06 20:35:33.936088,3.0,4,1184
8412,2022-02-06 20:57:03.451968,5.0,22,1120
8413,2022-02-06 21:33:01.854916,10.0,22,1120
8414,2022-02-06 21:54:32.237497,50.0,3,1185
8415,2022-02-06 21:55:03.349557,3.0,4,1185
8416,2022-02-06 21:55:28.527056,30.0,27,1185
8417,2022-02-06 21:55:47.758336,5.0,22,1141
8418,2022-02-06 21:57:36.094289,50.0,3,1186
8419,2022-02-06 21:58:27.581067,3.0,4,1186
8420,2022-02-06 22:05:32.443368,5.0,22,1120
8421,2022-02-06 22:44:43.790233,3.0,4,1106
8422,2022-02-06 23:07:25.115316,50.0,3,1187
8423,2022-02-06 23:07:54.474500,3.0,4,1187
8424,2022-02-07 00:18:02.933475,3.0,4,628
8425,2022-02-07 01:15:57.917529,3.0,4,1177
8426,2022-02-07 02:09:25.889254,50.0,3,1188
8427,2022-02-07 02:10:21.463955,3.0,4,1188
8428,2022-02-07 03:12:04.507227,35.0,23,628
8429,2022-02-07 03:12:42.210317,5.0,22,628
8430,2022-02-07 03:31:57.746228,50.0,3,1189
8431,2022-02-07 04:23:03.181849,3.0,4,570
8432,2022-02-07 04:47:00.421225,10.0,25,570
8433,2022-02-07 04:47:28.250867,5.0,22,570
8434,2022-02-07 04:54:22.381831,50.0,3,1192
8435,2022-02-07 04:55:12.740333,3.0,4,1192
8436,2022-02-07 05:08:03.288342,50.0,3,1193
8437,2022-02-07 05:08:30.596256,3.0,4,1193
8438,2022-02-07 05:09:01.958064,0.0,27,1193
8439,2022-02-07 05:15:02.273359,10.0,25,570
8440,2022-02-07 05:15:15.541192,5.0,22,570
8441,2022-02-07 05:46:35.676923,5.0,22,628
8442,2022-02-07 05:47:53.348172,3.0,4,649
8443,2022-02-07 06:00:32.503240,50.0,3,1194
8444,2022-02-07 06:01:19.159933,3.0,4,1194
8445,2022-02-07 06:07:54.647177,3.0,4,511
8446,2022-02-07 06:08:28.350511,3.0,4,490
8447,2022-02-07 06:08:40.478152,3.0,4,586
8448,2022-02-07 06:12:06.940199,3.0,4,559
8449,2022-02-07 06:13:21.294740,10.0,25,490
8450,2022-02-07 06:14:08.321457,5.0,22,490
8451,2022-02-07 06:15:55.708153,5.0,22,559
8452,2022-02-07 06:16:11.318879,50.0,3,1195
8453,2022-02-07 06:16:28.826091,3.0,4,1195
8454,2022-02-07 06:26:26.305457,10.0,25,490
8455,2022-02-07 06:27:48.204005,5.0,22,490
8456,2022-02-07 06:32:16.959390,50.0,3,1196
8457,2022-02-07 06:32:29.172392,10.0,25,490
8458,2022-02-07 06:32:50.570034,3.0,4,1196
8459,2022-02-07 06:32:55.016610,5.0,22,490
8460,2022-02-07 06:48:03.906195,5.0,22,1195
8461,2022-02-07 06:48:03.915739,,22,1195
8462,2022-02-07 06:54:33.516971,3.0,4,1137
8463,2022-02-07 06:57:19.678287,3.0,4,1012
8464,2022-02-07 07:10:47.358584,10.0,25,1012
8465,2022-02-07 07:11:09.214637,5.0,22,1012
8466,2022-02-07 07:16:00.272382,10.0,25,1137
8467,2022-02-07 07:17:20.209408,5.0,22,1137
8468,2022-02-07 07:17:20.219138,100.0,9,1137
8469,2022-02-07 07:22:10.230716,5.0,22,1137
8470,2022-02-07 07:22:42.243834,3.0,4,73
8471,2022-02-07 07:24:06.857700,3.0,4,961
8472,2022-02-07 07:25:58.965896,5.0,22,1137
8473,2022-02-07 07:28:12.819339,50.0,3,1197
8474,2022-02-07 07:28:35.934154,3.0,4,1197
8475,2022-02-07 07:31:59.633378,15.0,25,490
8476,2022-02-07 07:32:44.559606,10.0,22,490
8477,2022-02-07 07:34:56.691060,5.0,22,1012
8478,2022-02-07 07:39:29.606176,25.0,23,1195
8479,2022-02-07 07:39:53.804058,5.0,22,1195
8480,2022-02-07 07:53:22.000709,3.0,4,1120
8481,2022-02-07 08:06:11.493523,5.0,22,628
8482,2022-02-07 08:08:42.665410,3.0,4,387
8483,2022-02-07 08:10:41.216897,3.0,4,815
8484,2022-02-07 08:12:40.413255,35.0,23,73
8485,2022-02-07 08:28:17.598322,3.0,4,1015
8486,2022-02-07 08:30:16.720681,35.0,23,628
8487,2022-02-07 08:30:40.278262,5.0,22,628
8488,2022-02-07 08:30:40.289214,200.0,10,628
8489,2022-02-07 08:34:10.505936,5.0,22,649
8490,2022-02-07 08:34:29.358669,45.0,23,649
8491,2022-02-07 08:53:45.612027,50.0,3,1198
8492,2022-02-07 08:54:30.430787,3.0,4,1198
8493,2022-02-07 09:09:01.942638,3.0,4,386
8494,2022-02-07 09:28:33.225818,3.0,4,589
8495,2022-02-07 09:31:15.422419,50.0,3,1199
8496,2022-02-07 09:31:44.888646,3.0,4,1199
8497,2022-02-07 09:39:26.206893,30.0,27,1199
8498,2022-02-07 10:53:59.142245,5.0,22,1137
8499,2022-02-07 11:03:39.211938,10.0,22,386
8500,2022-02-07 11:05:48.344528,3.0,4,1185
8501,2022-02-07 11:21:12.455065,20.0,22,386
8502,2022-02-07 11:58:57.536514,50.0,3,1200
8503,2022-02-07 11:59:19.192651,3.0,4,1200
8504,2022-02-07 12:10:30.184545,50.0,3,1201
8505,2022-02-07 12:11:01.968917,3.0,4,1201
8506,2022-02-07 12:28:31.309951,35.0,23,628
8507,2022-02-07 12:29:21.080708,5.0,22,628
8508,2022-02-07 12:56:59.825561,50.0,3,1202
8509,2022-02-07 12:57:32.922233,3.0,4,1202
8510,2022-02-07 13:04:09.577555,5.0,24,1012
8511,2022-02-07 13:04:24.705978,3.0,4,1140
8512,2022-02-07 13:10:52.194263,3.0,4,243
8513,2022-02-07 13:27:54.007458,3.0,4,446
8514,2022-02-07 14:00:51.216841,3.0,4,1172
8515,2022-02-07 14:01:33.020585,3.0,4,1107
8516,2022-02-07 14:01:35.859446,50.0,3,1203
8517,2022-02-07 14:01:59.688426,3.0,4,1203
8518,2022-02-07 14:05:58.085931,50.0,3,1204
8519,2022-02-07 14:06:21.236330,3.0,4,1204
8520,2022-02-07 14:10:28.611509,50.0,3,1205
8521,2022-02-07 14:10:49.946107,3.0,4,1205
8522,2022-02-07 14:11:31.059591,0.0,27,1205
8523,2022-02-07 14:14:17.193987,5.0,22,1012
8524,2022-02-07 14:14:17.267791,200.0,10,1012
8525,2022-02-07 14:15:11.299324,3.0,4,1050
8526,2022-02-07 14:19:44.120621,0.0,22,1107
8527,2022-02-07 14:32:13.979743,5.0,22,1012
8528,2022-02-07 14:33:16.895482,5.0,24,1012
8529,2022-02-07 14:35:43.815646,10.0,22,1012
8530,2022-02-07 14:37:27.395313,10.0,22,1202
8531,2022-02-07 14:37:27.416708,,22,1202
8532,2022-02-07 14:42:51.597603,5.0,22,1202
8533,2022-02-07 14:47:45.998922,3.0,4,572
8534,2022-02-07 14:56:53.822049,5.0,22,1202
8535,2022-02-07 15:03:46.156494,3.0,4,1141
8536,2022-02-07 15:29:34.630655,5.0,22,1141
8537,2022-02-07 15:38:59.969773,50.0,3,1206
8538,2022-02-07 15:39:22.804296,3.0,4,1206
8539,2022-02-07 15:42:34.455168,50.0,3,1207
8540,2022-02-07 15:43:25.795692,3.0,4,1207
8541,2022-02-07 15:44:33.238361,3.0,4,821
8542,2022-02-07 15:49:26.393250,50.0,3,1208
8543,2022-02-07 15:49:45.504986,3.0,4,1208
8544,2022-02-07 15:52:03.452737,45.0,23,1208
8545,2022-02-07 16:01:03.052621,25.0,23,73
8546,2022-02-07 16:31:01.240605,3.0,4,1021
8547,2022-02-07 16:35:41.045341,50.0,3,1209
8548,2022-02-07 16:36:08.492099,3.0,4,1209
8549,2022-02-07 16:36:34.692841,30.0,27,1209
8550,2022-02-07 16:51:11.549900,50.0,3,1210
8551,2022-02-07 16:51:31.125530,3.0,4,1210
8552,2022-02-07 16:55:07.259003,3.0,4,258
8553,2022-02-07 16:55:09.929779,0.0,22,258
8554,2022-02-07 17:04:37.089554,50.0,3,1211
8555,2022-02-07 17:04:56.464969,3.0,4,1211
8556,2022-02-07 17:12:17.520078,3.0,4,213
8557,2022-02-07 17:17:38.127002,50.0,3,1212
8558,2022-02-07 17:18:10.394830,3.0,4,1212
8559,2022-02-07 17:19:13.825332,0.0,27,1212
8560,2022-02-07 17:25:39.260496,3.0,4,766
8561,2022-02-07 17:27:40.440423,5.0,22,213
8562,2022-02-07 17:37:51.696094,50.0,3,1213
8563,2022-02-07 17:38:18.333171,3.0,4,1213
8564,2022-02-07 17:45:50.371018,0.0,22,258
8565,2022-02-07 18:05:10.578474,0.0,22,258
8566,2022-02-07 18:17:47.061176,3.0,4,989
8567,2022-02-07 18:19:45.104761,3.0,4,890
8568,2022-02-07 18:29:20.732466,5.0,22,890
8569,2022-02-07 18:29:42.090043,50.0,3,1216
8570,2022-02-07 18:33:42.179117,5.0,22,890
8571,2022-02-07 18:39:36.623140,50.0,3,1217
8572,2022-02-07 18:39:36.632341,,23,1217
8573,2022-02-07 18:40:50.316107,3.0,4,1217
8574,2022-02-07 18:46:26.419727,3.0,4,527
8575,2022-02-07 18:48:07.581426,0.0,22,1217
8576,2022-02-07 18:48:07.629104,,22,1217
8577,2022-02-07 18:53:07.952898,0.0,22,1217
8578,2022-02-07 18:56:11.350515,0.0,22,1217
8579,2022-02-07 19:04:53.839513,3.0,4,240
8580,2022-02-07 19:07:18.564574,35.0,23,240
8581,2022-02-07 19:20:54.250958,5.0,22,240
8582,2022-02-07 19:23:04.083849,35.0,23,240
8583,2022-02-07 19:23:43.884045,5.0,22,240
8584,2022-02-07 19:23:52.618696,5.0,24,240
8585,2022-02-07 19:25:11.954791,50.0,3,1218
8586,2022-02-07 19:25:23.242318,3.0,4,1218
8587,2022-02-07 19:29:39.709960,5.0,22,240
8588,2022-02-07 19:29:46.120430,10.0,25,240
8589,2022-02-07 19:44:13.640919,50.0,3,1219
8590,2022-02-07 19:44:53.621323,3.0,4,1219
8591,2022-02-07 19:55:31.804187,50.0,3,1220
8592,2022-02-07 19:56:00.628620,0.0,27,1219
8593,2022-02-07 19:59:43.620526,3.0,4,1220
8594,2022-02-07 20:00:19.669680,30.0,27,1220
8595,2022-02-07 20:21:15.024751,0.0,22,1050
8596,2022-02-07 20:21:24.765157,10.0,22,1202
8597,2022-02-07 20:25:38.914060,3.0,4,1166
8598,2022-02-07 20:27:10.585141,0.0,22,1050
8599,2022-02-07 21:27:35.288066,3.0,4,838
8600,2022-02-07 21:59:07.953549,50.0,3,1223
8601,2022-02-07 21:59:40.506059,3.0,4,1223
8602,2022-02-07 22:03:04.269007,50.0,3,1225
8603,2022-02-07 22:04:06.633715,3.0,4,1225
8604,2022-02-07 22:10:29.684575,5.0,22,1209
8605,2022-02-07 22:10:29.696657,,22,1209
8606,2022-02-07 22:17:12.689711,3.0,4,839
8607,2022-02-08 00:09:28.628235,50.0,3,1227
8608,2022-02-08 00:10:47.130268,3.0,4,1227
8609,2022-02-08 01:29:14.252216,50.0,3,1228
8610,2022-02-08 01:29:46.889454,3.0,4,1228
8611,2022-02-08 01:31:26.642213,0.0,27,1228
8612,2022-02-08 04:15:53.642355,50.0,3,1230
8613,2022-02-08 04:16:12.212971,3.0,4,1230
8614,2022-02-08 04:22:17.579665,3.0,4,258
8615,2022-02-08 04:31:17.325495,50.0,3,1222
8616,2022-02-08 05:24:49.065644,3.0,4,628
8617,2022-02-08 05:36:40.341645,5.0,22,628
8618,2022-02-08 05:43:03.914370,3.0,4,649
8619,2022-02-08 05:48:07.972952,5.0,22,628
8620,2022-02-08 05:49:16.093528,3.0,4,97
8621,2022-02-08 05:49:31.926038,50.0,3,1231
8622,2022-02-08 05:50:13.323364,3.0,4,1231
8623,2022-02-08 05:51:41.058886,30.0,27,1231
8624,2022-02-08 06:30:48.707615,50.0,3,1232
8625,2022-02-08 06:31:10.948749,3.0,4,1232
8626,2022-02-08 06:32:33.514882,3.0,4,1194
8627,2022-02-08 06:47:48.152128,50.0,3,1233
8628,2022-02-08 06:48:05.507474,3.0,4,1233
8629,2022-02-08 06:48:36.236417,0.0,27,1233
8630,2022-02-08 06:59:05.814917,50.0,3,1234
8631,2022-02-08 06:59:22.838540,3.0,4,1234
8632,2022-02-08 07:13:43.368668,3.0,4,1030
8633,2022-02-08 07:20:51.269174,3.0,4,1185
8634,2022-02-08 07:21:13.650238,3.0,4,1209
8635,2022-02-08 07:23:33.405310,5.0,22,628
8636,2022-02-08 07:29:34.197373,3.0,4,73
8637,2022-02-08 07:30:31.524093,10.0,22,1209
8638,2022-02-08 07:49:12.460825,3.0,4,368
8639,2022-02-08 08:05:29.638027,5.0,22,628
8640,2022-02-08 08:09:30.671221,3.0,4,815
8641,2022-02-08 08:12:46.084021,3.0,4,586
8642,2022-02-08 08:14:03.899433,5.0,22,815
8643,2022-02-08 08:14:18.663861,3.0,4,316
8644,2022-02-08 08:24:13.858649,3.0,4,623
8645,2022-02-08 08:26:44.648137,50.0,3,1235
8646,2022-02-08 08:26:57.846682,3.0,4,1235
8647,2022-02-08 08:33:09.382490,3.0,4,1120
8648,2022-02-08 08:42:09.557626,10.0,25,815
8649,2022-02-08 08:42:46.468975,5.0,22,368
8650,2022-02-08 08:42:46.486475,,22,368
8651,2022-02-08 09:05:05.710776,3.0,4,1077
8652,2022-02-08 09:42:42.669414,50.0,3,1236
8653,2022-02-08 09:43:25.907580,3.0,4,1236
8654,2022-02-08 10:01:40.514085,50.0,3,1237
8655,2022-02-08 10:02:12.574397,3.0,4,1237
8656,2022-02-08 10:06:30.166109,5.0,24,73
8657,2022-02-08 10:06:39.305228,20.0,25,73
8658,2022-02-08 10:16:02.586196,3.0,4,554
8659,2022-02-08 10:20:12.463200,3.0,4,551
8660,2022-02-08 10:20:42.695776,5.0,22,73
8661,2022-02-08 10:20:42.710556,100.0,9,73
8662,2022-02-08 10:35:42.411131,50.0,3,1238
8663,2022-02-08 10:35:59.840275,50.0,3,1239
8664,2022-02-08 10:36:12.728738,3.0,4,1239
8665,2022-02-08 10:36:18.783604,3.0,4,1238
8666,2022-02-08 10:37:29.716874,50.0,3,1240
8667,2022-02-08 10:38:06.571114,3.0,4,1240
8668,2022-02-08 10:44:39.617177,5.0,22,97
8669,2022-02-08 10:45:18.597266,10.0,25,97
8670,2022-02-08 11:07:15.034665,50.0,3,1241
8671,2022-02-08 11:07:37.049898,3.0,4,1241
8672,2022-02-08 11:13:09.683730,50.0,3,1242
8673,2022-02-08 11:13:18.708153,3.0,4,1242
8674,2022-02-08 11:36:00.187499,3.0,4,1203
8675,2022-02-08 11:52:26.188283,20.0,25,1239
8676,2022-02-08 11:52:57.258654,10.0,22,1239
8677,2022-02-08 11:52:57.276587,,22,1239
8678,2022-02-08 12:04:09.945106,10.0,22,1242
8679,2022-02-08 12:04:09.953610,,22,1242
8680,2022-02-08 12:14:50.138558,5.0,22,1239
8681,2022-02-08 12:20:28.901347,3.0,4,363
8682,2022-02-08 12:28:37.360559,5.0,22,1239
8683,2022-02-08 12:30:56.799147,3.0,4,1090
8684,2022-02-08 12:45:47.825943,50.0,3,1243
8685,2022-02-08 12:46:11.514811,3.0,4,1243
8686,2022-02-08 12:53:25.459543,30.0,27,1243
8687,2022-02-08 13:00:51.612724,0.0,27,1243
8688,2022-02-08 13:06:27.867789,3.0,4,222
8689,2022-02-08 13:07:24.729456,50.0,3,1244
8690,2022-02-08 13:08:00.839662,3.0,4,1244
8691,2022-02-08 13:09:04.165895,35.0,23,1244
8692,2022-02-08 13:27:44.275636,50.0,3,1245
8693,2022-02-08 13:28:10.126131,3.0,4,1245
8694,2022-02-08 13:41:53.259889,50.0,3,1246
8695,2022-02-08 13:42:29.648168,3.0,4,1246
8696,2022-02-08 13:43:38.427128,3.0,4,1183
8697,2022-02-08 13:55:34.094728,5.0,22,1183
8698,2022-02-08 13:55:34.107282,,22,1183
8699,2022-02-08 13:58:02.603833,5.0,24,1185
8700,2022-02-08 14:17:45.337171,50.0,3,1247
8701,2022-02-08 14:18:26.939988,3.0,4,1247
8702,2022-02-08 17:03:55.112258,3.0,4,50
8703,2022-02-08 17:05:20.929902,3.0,4,1107
8704,2022-02-08 17:10:48.803717,3.0,4,590
8705,2022-02-08 17:11:39.080371,0.0,22,1107
8706,2022-02-08 17:16:07.776582,0.0,22,1107
8707,2022-02-08 17:16:07.823281,100.0,9,1107
8708,2022-02-08 17:21:41.949145,0.0,22,1107
8709,2022-02-08 17:25:56.143586,0.0,22,1107
8710,2022-02-08 17:29:51.572526,3.0,4,1150
8711,2022-02-08 17:34:32.352007,50.0,3,1251
8712,2022-02-08 17:34:39.113006,3.0,4,1251
8713,2022-02-08 17:39:24.324568,0.0,22,1107
8714,2022-02-08 17:54:26.836730,3.0,4,184
8715,2022-02-08 17:55:58.919268,3.0,4,219
8716,2022-02-08 17:56:34.667994,50.0,3,1252
8717,2022-02-08 17:57:33.800038,3.0,4,1252
8718,2022-02-08 18:17:46.439371,0.0,22,219
8719,2022-02-08 18:20:55.218968,3.0,4,767
8720,2022-02-08 18:23:33.738651,3.0,4,1015
8721,2022-02-08 18:29:26.590720,0.0,22,1107
8722,2022-02-08 18:37:41.161307,3.0,4,172
8723,2022-02-08 18:47:03.577421,25.0,25,172
8724,2022-02-08 18:55:15.904069,5.0,22,172
8725,2022-02-08 18:55:48.532353,3.0,4,852
8726,2022-02-08 18:57:20.110418,50.0,3,1180
8727,2022-02-08 18:59:28.357877,5.0,24,222
8728,2022-02-08 19:01:08.917064,5.0,24,222
8729,2022-02-08 19:01:13.094626,5.0,24,222
8730,2022-02-08 19:01:22.284336,25.0,25,222
8731,2022-02-08 19:03:32.823949,5.0,22,222
8732,2022-02-08 19:27:10.253469,5.0,22,172
8733,2022-02-08 19:37:05.373500,3.0,4,503
8734,2022-02-08 19:39:44.696527,3.0,4,1197
8735,2022-02-08 20:01:57.512212,3.0,4,1009
8736,2022-02-08 20:03:18.736128,25.0,23,1009
8737,2022-02-08 20:11:11.094390,10.0,25,503
8738,2022-02-08 20:15:14.123482,5.0,22,1009
8739,2022-02-08 20:17:02.793060,50.0,3,1253
8740,2022-02-08 20:18:13.152824,3.0,4,1253
8741,2022-02-08 20:19:11.534007,30.0,27,1253
8742,2022-02-08 20:20:06.578869,50.0,3,1254
8743,2022-02-08 20:20:29.187496,3.0,4,1254
8744,2022-02-08 20:20:53.343940,50.0,3,1255
8745,2022-02-08 20:21:12.092540,3.0,4,1255
8746,2022-02-08 20:25:16.897234,3.0,4,121
8747,2022-02-08 20:25:47.008817,5.0,22,1255
8748,2022-02-08 20:47:54.005683,3.0,4,719
8749,2022-02-08 21:06:13.756602,3.0,4,63
8750,2022-02-08 21:09:24.762761,3.0,4,157
8751,2022-02-08 21:27:35.103525,50.0,3,1257
8752,2022-02-08 21:31:02.828621,25.0,25,157
8753,2022-02-08 21:31:09.407075,5.0,22,157
8754,2022-02-08 21:34:40.617774,3.0,4,559
8755,2022-02-08 21:39:05.430709,5.0,24,559
8756,2022-02-08 21:39:37.684590,5.0,24,559
8757,2022-02-08 21:57:10.027065,10.0,22,559
8758,2022-02-08 22:09:20.523848,3.0,4,43
8759,2022-02-08 23:10:47.593518,50.0,3,1258
8760,2022-02-08 23:11:06.860517,3.0,4,1258
8761,2022-02-09 00:31:12.639165,3.0,4,628
8762,2022-02-09 04:45:30.573671,3.0,4,1194
8763,2022-02-09 05:06:57.503572,50.0,3,1259
8764,2022-02-09 05:07:30.193635,3.0,4,1259
8765,2022-02-09 05:17:45.907547,50.0,3,1260
8766,2022-02-09 05:18:01.878185,3.0,4,1260
8767,2022-02-09 05:22:09.508126,50.0,3,1261
8768,2022-02-09 05:22:50.301942,3.0,4,1261
8769,2022-02-09 05:29:43.010651,10.0,22,1259
8770,2022-02-09 06:02:33.725653,3.0,4,368
8771,2022-02-09 06:06:36.434254,3.0,4,569
8772,2022-02-09 06:14:35.841035,3.0,4,276
8773,2022-02-09 06:23:05.490819,3.0,4,1185
8774,2022-02-09 06:25:53.398683,50.0,3,1256
8775,2022-02-09 06:26:13.074106,3.0,4,1256
8776,2022-02-09 06:36:17.529265,3.0,4,559
8777,2022-02-09 06:47:15.946128,50.0,3,1262
8778,2022-02-09 06:47:55.878253,3.0,4,1262
8779,2022-02-09 06:54:09.965065,3.0,4,184
8780,2022-02-09 07:16:30.756788,5.0,22,1259
8781,2022-02-09 07:21:26.839888,5.0,22,1259
8782,2022-02-09 07:44:58.649603,50.0,3,1263
8783,2022-02-09 07:45:17.827165,3.0,4,1263
8784,2022-02-09 07:57:47.585188,10.0,25,1256
8785,2022-02-09 07:59:05.486914,5.0,22,1256
8786,2022-02-09 08:02:15.047036,50.0,3,1264
8787,2022-02-09 08:02:50.977014,3.0,4,1264
8788,2022-02-09 08:09:23.180860,30.0,27,1263
8789,2022-02-09 08:17:26.566651,3.0,4,73
8790,2022-02-09 08:23:58.259555,3.0,4,623
8791,2022-02-09 08:25:12.930522,20.0,22,623
8792,2022-02-09 08:26:08.744480,20.0,22,623
8793,2022-02-09 08:35:15.496574,5.0,24,1256
8794,2022-02-09 08:35:47.196525,55.0,23,623
8795,2022-02-09 08:39:03.535478,20.0,22,623
8796,2022-02-09 08:41:40.088481,10.0,22,623
8797,2022-02-09 08:42:33.357166,45.0,23,623
8798,2022-02-09 08:42:53.723239,10.0,22,623
8799,2022-02-09 08:54:36.350658,10.0,25,1256
8800,2022-02-09 08:57:13.451083,5.0,22,1256
8801,2022-02-09 09:22:35.543539,3.0,4,287
8802,2022-02-09 09:23:18.650560,3.0,4,50
8803,2022-02-09 09:32:56.260537,5.0,24,1256
8804,2022-02-09 09:50:42.262329,3.0,4,503
8805,2022-02-09 09:55:25.227875,5.0,24,1256
8806,2022-02-09 09:55:51.002699,10.0,25,1256
8807,2022-02-09 09:56:43.896269,3.0,4,386
8808,2022-02-09 10:00:49.092264,5.0,22,1256
8809,2022-02-09 10:18:56.579915,3.0,4,1012
8810,2022-02-09 10:35:47.752276,0.0,22,287
8811,2022-02-09 10:45:09.210666,50.0,3,1266
8812,2022-02-09 10:45:15.735326,3.0,4,1266
8813,2022-02-09 10:45:59.362235,30.0,27,1266
8814,2022-02-09 11:09:57.356914,50.0,3,1267
8815,2022-02-09 11:10:07.032194,3.0,4,1267
8816,2022-02-09 11:12:15.032564,30.0,27,1267
8817,2022-02-09 11:20:59.930013,50.0,3,1268
8818,2022-02-09 11:21:29.217028,3.0,4,1268
8819,2022-02-09 11:27:24.165404,50.0,3,1269
8820,2022-02-09 11:27:44.145971,3.0,4,1269
8821,2022-02-09 11:42:03.803171,50.0,3,1270
8822,2022-02-09 11:42:19.584993,3.0,4,1270
8823,2022-02-09 11:44:24.935584,3.0,4,1107
8824,2022-02-09 11:48:23.631003,0.0,22,1107
8825,2022-02-09 11:49:09.641079,0.0,22,287
8826,2022-02-09 11:50:04.206291,3.0,4,934
8827,2022-02-09 11:51:29.609035,0.0,22,1107
8828,2022-02-09 11:53:37.609092,10.0,25,1268
8829,2022-02-09 11:54:36.367956,5.0,22,1268
8830,2022-02-09 11:59:51.324693,0.0,22,287
8831,2022-02-09 12:11:54.280325,5.0,22,1268
8832,2022-02-09 12:23:08.427330,3.0,4,649
8833,2022-02-09 12:27:07.859236,0.0,22,1107
8834,2022-02-09 12:31:28.273730,5.0,24,649
8835,2022-02-09 12:31:47.838324,5.0,24,649
8836,2022-02-09 12:33:40.415976,50.0,3,1273
8837,2022-02-09 12:34:06.202102,3.0,4,1273
8838,2022-02-09 12:34:30.339874,50.0,3,1274
8839,2022-02-09 12:34:48.662236,3.0,4,1274
8840,2022-02-09 12:35:31.174161,5.0,22,1268
8841,2022-02-09 12:37:20.304773,10.0,25,1256
8842,2022-02-09 12:39:39.475896,5.0,22,1256
8843,2022-02-09 12:46:01.766743,5.0,22,1268
8844,2022-02-09 12:52:09.224835,3.0,4,294
8845,2022-02-09 12:59:27.371868,10.0,25,1256
8846,2022-02-09 13:00:20.679821,5.0,22,1256
8847,2022-02-09 13:00:20.689022,30.0,8,1256
8848,2022-02-09 13:01:07.715938,5.0,22,1268
8849,2022-02-09 13:01:07.725965,30.0,8,1268
8850,2022-02-09 13:02:44.707278,3.0,4,908
8851,2022-02-09 13:15:20.223555,5.0,22,1268
8852,2022-02-09 13:20:05.559474,25.0,23,1274
8853,2022-02-09 13:21:52.087507,5.0,22,1268
8854,2022-02-09 14:30:53.859898,3.0,4,1120
8855,2022-02-09 15:01:26.286379,3.0,4,954
8856,2022-02-09 15:07:41.742638,35.0,23,954
8857,2022-02-09 15:12:25.838781,50.0,3,1279
8858,2022-02-09 15:12:55.577110,3.0,4,1279
8859,2022-02-09 15:21:16.923474,5.0,22,954
8860,2022-02-09 15:21:16.936375,100.0,9,954
8861,2022-02-09 15:26:21.305898,30.0,27,1279
8862,2022-02-09 15:29:24.387341,50.0,3,919
8863,2022-02-09 15:33:08.407463,5.0,22,368
8864,2022-02-09 15:34:05.994429,45.0,23,954
8865,2022-02-09 15:43:06.611679,10.0,22,954
8866,2022-02-09 15:49:58.200207,3.0,4,786
8867,2022-02-09 15:52:52.324286,50.0,3,1280
8868,2022-02-09 15:53:16.138140,3.0,4,1280
8869,2022-02-09 16:07:20.797384,5.0,22,649
8870,2022-02-09 16:27:08.694270,5.0,22,649
8871,2022-02-09 16:40:07.424976,10.0,25,786
8872,2022-02-09 16:40:58.858721,3.0,4,605
8873,2022-02-09 16:41:13.791296,5.0,22,786
8874,2022-02-09 16:53:42.729910,50.0,3,1281
8875,2022-02-09 16:54:05.344979,3.0,4,1281
8876,2022-02-09 17:17:50.911959,3.0,4,258
8877,2022-02-09 17:26:30.141613,3.0,4,256
8878,2022-02-09 18:03:37.198025,50.0,3,1283
8879,2022-02-09 18:04:05.003933,3.0,4,1283
8880,2022-02-09 18:10:13.731157,3.0,4,457
8881,2022-02-09 18:17:20.757966,5.0,22,457
8882,2022-02-09 18:17:36.300230,3.0,4,1015
8883,2022-02-09 18:42:02.359739,50.0,3,1284
8884,2022-02-09 18:42:13.491077,3.0,4,1284
8885,2022-02-09 18:54:00.272770,50.0,3,1285
8886,2022-02-09 18:54:22.034284,3.0,4,1285
8887,2022-02-09 19:38:50.367081,0.0,22,258
8888,2022-02-09 19:38:50.377106,100.0,9,258
8889,2022-02-09 19:52:38.986382,3.0,4,634
8890,2022-02-09 19:53:51.897572,5.0,24,634
8891,2022-02-09 19:55:54.936242,10.0,22,634
8892,2022-02-09 20:01:44.958597,50.0,3,1286
8893,2022-02-09 20:02:02.845908,3.0,4,1286
8894,2022-02-09 20:03:15.971674,15.0,25,1286
8895,2022-02-09 20:03:36.001305,10.0,22,1286
8896,2022-02-09 20:04:16.190433,35.0,23,1286
8897,2022-02-09 20:04:25.018995,5.0,22,634
8898,2022-02-09 20:07:08.946978,50.0,3,1287
8899,2022-02-09 20:07:21.174373,3.0,4,1287
8900,2022-02-09 20:07:38.490244,10.0,25,1287
8901,2022-02-09 20:07:49.007057,5.0,24,1287
8902,2022-02-09 20:07:50.799373,5.0,24,1287
8903,2022-02-09 20:14:26.178337,10.0,22,1286
8904,2022-02-09 20:15:37.834615,10.0,25,634
8905,2022-02-09 20:36:15.686188,5.0,22,634
8906,2022-02-09 20:36:15.698194,30.0,8,634
8907,2022-02-09 20:36:48.392935,5.0,24,634
8908,2022-02-09 20:37:00.029194,10.0,25,634
8909,2022-02-09 20:39:34.277056,5.0,24,634
8910,2022-02-09 20:48:32.510860,5.0,22,256
8911,2022-02-09 21:00:03.894787,25.0,25,634
8912,2022-02-09 21:03:01.610737,5.0,24,634
8913,2022-02-09 21:15:14.464473,50.0,3,1288
8914,2022-02-09 21:15:44.985631,3.0,4,1288
8915,2022-02-09 21:45:04.443468,5.0,24,1288
8916,2022-02-09 21:45:36.961084,10.0,22,1288
8917,2022-02-09 22:03:31.923132,5.0,22,1288
8918,2022-02-09 22:05:35.617890,50.0,3,1289
8919,2022-02-09 22:05:35.628095,150.0,6,1288
8920,2022-02-09 22:05:35.628162,50.0,7,1289
8921,2022-02-09 22:12:46.157886,50.0,3,1290
8922,2022-02-09 22:13:18.257656,3.0,4,1290
8923,2022-02-09 22:18:35.081659,5.0,24,1288
8924,2022-02-09 22:19:45.272552,5.0,22,1288
8925,2022-02-09 23:08:50.227968,50.0,3,1291
8926,2022-02-09 23:09:12.439813,3.0,4,1291
8927,2022-02-09 23:10:00.391609,35.0,23,1291
8928,2022-02-10 01:39:24.355328,50.0,3,1292
8929,2022-02-10 01:39:36.839764,3.0,4,1292
8930,2022-02-10 04:31:14.991085,3.0,4,258
8931,2022-02-10 04:44:11.139371,0.0,22,258
8932,2022-02-10 06:04:19.088487,3.0,4,97
8933,2022-02-10 06:08:41.322203,3.0,4,1262
8934,2022-02-10 06:10:15.545188,10.0,22,97
8935,2022-02-10 06:10:39.800681,15.0,25,97
8936,2022-02-10 06:15:52.570937,5.0,24,97
8937,2022-02-10 06:16:15.192904,5.0,24,97
8938,2022-02-10 06:30:54.236951,5.0,22,97
8939,2022-02-10 06:30:59.944253,10.0,25,97
8940,2022-02-10 06:53:12.764669,50.0,3,1294
8941,2022-02-10 06:53:35.019544,3.0,4,1294
8942,2022-02-10 07:04:31.945307,50.0,3,1295
8943,2022-02-10 07:04:53.859162,3.0,4,1295
8944,2022-02-10 07:16:07.074075,3.0,4,954
8945,2022-02-10 07:25:00.960540,0.0,22,1294
8946,2022-02-10 07:26:33.483345,3.0,4,570
8947,2022-02-10 07:28:30.637221,3.0,4,73
8948,2022-02-10 07:28:44.007469,0.0,22,73
8949,2022-02-10 07:30:02.393484,3.0,4,725
8950,2022-02-10 07:30:31.737872,0.0,22,73
8951,2022-02-10 07:34:30.418881,50.0,3,1296
8952,2022-02-10 07:34:36.214832,3.0,4,1296
8953,2022-02-10 07:35:04.147227,5.0,24,1296
8954,2022-02-10 07:35:27.461233,0.0,22,1294
8955,2022-02-10 08:09:50.842322,3.0,4,792
8956,2022-02-10 08:22:59.963666,3.0,4,1090
8957,2022-02-10 08:28:54.953129,0.0,22,1294
8958,2022-02-10 08:31:51.950428,0.0,22,1294
8959,2022-02-10 08:32:24.249982,0.0,22,1294
8960,2022-02-10 08:32:24.278155,30.0,8,1294
8961,2022-02-10 08:35:47.954667,0.0,22,1294
8962,2022-02-10 08:42:41.642608,3.0,4,851
8963,2022-02-10 08:53:09.393393,50.0,3,1297
8964,2022-02-10 08:53:15.645353,3.0,4,1297
8965,2022-02-10 09:15:32.718377,50.0,3,1299
8966,2022-02-10 09:15:43.013658,3.0,4,1299
8967,2022-02-10 09:23:45.435712,50.0,3,1300
8968,2022-02-10 09:23:49.579689,3.0,4,1300
8969,2022-02-10 09:28:32.853779,3.0,4,1286
8970,2022-02-10 09:43:21.769785,3.0,4,287
8971,2022-02-10 09:46:06.526459,50.0,3,1301
8972,2022-02-10 09:46:51.192306,3.0,4,1301
8973,2022-02-10 09:54:06.056651,3.0,4,1209
8974,2022-02-10 09:56:59.530340,50.0,3,1214
8975,2022-02-10 09:58:19.712444,3.0,4,1214
8976,2022-02-10 10:05:14.621713,3.0,4,1012
8977,2022-02-10 10:08:11.930388,45.0,23,1012
8978,2022-02-10 10:20:55.038713,5.0,24,1012
8979,2022-02-10 10:30:50.958587,0.0,22,287
8980,2022-02-10 10:39:01.786791,0.0,27,1300
8981,2022-02-10 10:41:50.778727,5.0,22,1012
8982,2022-02-10 10:43:19.876679,0.0,22,1294
8983,2022-02-10 10:43:35.391875,45.0,23,1012
8984,2022-02-10 10:45:37.675078,0.0,22,1294
8985,2022-02-10 10:48:27.052611,0.0,22,1294
8986,2022-02-10 10:50:59.511961,0.0,22,287
8987,2022-02-10 10:55:29.918321,5.0,24,1012
8988,2022-02-10 11:00:48.877853,0.0,22,1294
8989,2022-02-10 11:00:48.909624,100.0,9,1294
8990,2022-02-10 11:03:10.497139,0.0,22,287
8991,2022-02-10 11:05:25.759345,50.0,3,1302
8992,2022-02-10 11:06:06.576573,0.0,22,1294
8993,2022-02-10 11:06:07.913942,3.0,4,1302
8994,2022-02-10 11:08:38.661189,0.0,22,1294
8995,2022-02-10 11:10:50.031941,0.0,22,1294
8996,2022-02-10 11:13:39.319196,0.0,22,1294
8997,2022-02-10 11:16:33.017301,5.0,22,1012
8998,2022-02-10 11:17:23.346462,45.0,23,1012
8999,2022-02-10 11:23:37.974928,50.0,3,1303
9000,2022-02-10 11:23:43.426912,5.0,24,1012
9001,2022-02-10 11:23:45.272067,3.0,4,1303
9002,2022-02-10 11:23:54.504412,5.0,24,1012
9003,2022-02-10 11:38:42.101528,5.0,22,1012
9004,2022-02-10 11:39:10.752976,35.0,23,1012
9005,2022-02-10 11:57:19.484011,3.0,4,444
9006,2022-02-10 12:01:53.286695,50.0,3,1304
9007,2022-02-10 12:02:05.284355,3.0,4,1304
9008,2022-02-10 12:02:08.966989,0.0,27,1304
9009,2022-02-10 12:04:40.336468,50.0,3,1305
9010,2022-02-10 12:04:52.731185,3.0,4,1305
9011,2022-02-10 12:05:22.096888,5.0,24,1012
9012,2022-02-10 12:05:26.130000,5.0,24,1012
9013,2022-02-10 12:05:51.511361,5.0,24,1012
9014,2022-02-10 12:06:29.432196,5.0,22,1012
9015,2022-02-10 12:06:59.018296,45.0,23,1012
9016,2022-02-10 12:08:47.470190,30.0,27,1302
9017,2022-02-10 12:09:05.261581,5.0,24,1012
9018,2022-02-10 12:09:11.519331,5.0,24,1012
9019,2022-02-10 12:35:50.467482,50.0,3,1307
9020,2022-02-10 12:36:05.150981,3.0,4,1307
9021,2022-02-10 12:36:05.212032,0.0,22,287
9022,2022-02-10 12:36:05.229088,200.0,10,287
9023,2022-02-10 12:39:17.003406,3.0,4,649
9024,2022-02-10 12:42:33.676375,0.0,22,287
9025,2022-02-10 13:04:45.915991,0.0,22,287
9026,2022-02-10 13:06:23.118257,0.0,22,287
9027,2022-02-10 13:08:31.577909,50.0,3,1308
9028,2022-02-10 13:08:51.106574,3.0,4,1308
9029,2022-02-10 13:09:24.957429,0.0,22,287
9030,2022-02-10 13:14:54.485394,30.0,27,1308
9031,2022-02-10 13:16:46.022910,5.0,22,287
9032,2022-02-10 13:19:10.158181,50.0,3,1309
9033,2022-02-10 13:19:26.916003,3.0,4,1309
9034,2022-02-10 13:29:11.728707,3.0,4,589
9035,2022-02-10 14:03:35.953680,50.0,3,1310
9036,2022-02-10 14:04:13.010114,3.0,4,1310
9037,2022-02-10 14:05:15.309610,0.0,27,1310
9038,2022-02-10 14:12:14.643238,3.0,4,527
9039,2022-02-10 14:13:46.981010,0.0,22,1090
9040,2022-02-10 14:22:25.426299,5.0,22,1012
9041,2022-02-10 14:37:55.461070,0.0,22,1294
9042,2022-02-10 14:40:49.585116,50.0,3,1311
9043,2022-02-10 14:47:41.307670,3.0,4,1311
9044,2022-02-10 14:48:05.186127,0.0,22,444
9045,2022-02-10 14:48:41.252288,0.0,22,1090
9046,2022-02-10 14:52:13.864291,0.0,22,1090
9047,2022-02-10 15:09:07.578344,5.0,24,527
9048,2022-02-10 15:31:06.065044,3.0,4,1194
9049,2022-02-10 15:32:17.544971,5.0,22,527
9050,2022-02-10 15:32:49.770974,50.0,3,1312
9051,2022-02-10 15:33:31.356433,3.0,4,1312
9052,2022-02-10 15:43:22.338233,5.0,22,527
9053,2022-02-10 15:49:32.239841,3.0,4,222
9054,2022-02-10 16:02:13.760957,0.0,22,444
9055,2022-02-10 16:03:42.057806,0.0,22,1090
9056,2022-02-10 16:04:49.486465,0.0,22,1294
9057,2022-02-10 16:09:28.302424,0.0,22,444
9058,2022-02-10 16:12:14.962089,0.0,22,444
9059,2022-02-10 16:19:19.992982,0.0,22,444
9060,2022-02-10 16:30:40.059723,50.0,3,1313
9061,2022-02-10 16:31:06.408484,50.0,3,1314
9062,2022-02-10 16:31:37.180409,3.0,4,1314
9063,2022-02-10 16:31:40.088130,3.0,4,1313
9064,2022-02-10 16:32:29.384857,5.0,24,1314
9065,2022-02-10 16:35:26.281833,20.0,25,1314
9066,2022-02-10 16:36:51.541193,10.0,22,1314
9067,2022-02-10 17:00:48.866768,50.0,3,1315
9068,2022-02-10 17:01:09.992650,3.0,4,1315
9069,2022-02-10 17:01:54.549168,30.0,27,1315
9070,2022-02-10 17:05:28.180384,0.0,22,1090
9071,2022-02-10 17:18:56.428396,15.0,25,1314
9072,2022-02-10 17:35:29.725572,3.0,4,1256
9073,2022-02-10 17:37:03.995113,3.0,4,989
9074,2022-02-10 17:49:17.017073,50.0,3,1318
9075,2022-02-10 17:50:16.888221,3.0,4,1318
9076,2022-02-10 17:51:18.098384,50.0,3,1319
9077,2022-02-10 17:51:41.427614,3.0,4,1319
9078,2022-02-10 17:51:41.875565,50.0,3,1320
9079,2022-02-10 17:52:01.494031,3.0,4,1320
9080,2022-02-10 17:59:58.629040,45.0,23,1320
9081,2022-02-10 18:00:15.584790,15.0,22,1320
9082,2022-02-10 18:13:34.162534,50.0,3,1321
9083,2022-02-10 18:13:46.126041,3.0,4,1321
9084,2022-02-10 18:23:22.635402,3.0,4,1235
9085,2022-02-10 18:25:24.874721,3.0,4,543
9086,2022-02-10 18:29:32.192957,3.0,4,1015
9087,2022-02-10 18:44:11.742695,5.0,22,543
9088,2022-02-10 19:00:58.033911,0.0,22,1294
9089,2022-02-10 19:01:32.838357,50.0,3,1323
9090,2022-02-10 19:01:41.183115,50.0,3,1322
9091,2022-02-10 19:01:57.255179,3.0,4,1322
9092,2022-02-10 19:02:09.680108,3.0,4,1323
9093,2022-02-10 19:16:28.103808,50.0,3,1324
9094,2022-02-10 19:16:51.851523,3.0,4,1324
9095,2022-02-10 19:19:38.015175,50.0,3,1325
9096,2022-02-10 19:20:18.408919,3.0,4,1325
9097,2022-02-10 19:22:43.053162,30.0,27,1325
9098,2022-02-10 19:24:40.076336,0.0,22,1294
9099,2022-02-10 19:37:54.508412,0.0,22,1294
9100,2022-02-10 19:41:51.093023,0.0,22,1294
9101,2022-02-10 19:46:19.475547,50.0,3,1326
9102,2022-02-10 19:46:24.692504,3.0,4,1326
9103,2022-02-10 19:57:39.192685,50.0,3,1327
9104,2022-02-10 19:58:13.771760,3.0,4,1327
9105,2022-02-10 20:10:21.124785,0.0,22,1294
9106,2022-02-10 20:33:53.290291,3.0,4,605
9107,2022-02-10 20:58:48.321470,50.0,3,1328
9108,2022-02-10 20:59:01.091521,3.0,4,1328
9109,2022-02-10 20:59:03.770475,0.0,27,1328
9110,2022-02-10 21:14:45.471036,0.0,27,1324
9111,2022-02-10 21:18:23.825974,3.0,4,839
9112,2022-02-10 21:19:16.424462,0.0,22,1294
9113,2022-02-10 21:21:24.472179,30.0,27,1324
9114,2022-02-10 21:48:52.776066,3.0,4,1288
9115,2022-02-10 21:55:08.649862,50.0,3,1329
9116,2022-02-10 21:55:19.027166,3.0,4,1329
9117,2022-02-10 21:55:39.015565,50.0,3,1330
9118,2022-02-10 21:56:01.595483,3.0,4,1330
9119,2022-02-10 22:13:54.507372,50.0,3,1331
9120,2022-02-10 22:14:24.264553,3.0,4,1331
9121,2022-02-10 23:04:04.708753,50.0,3,1332
9122,2022-02-10 23:04:32.614570,3.0,4,1332
9123,2022-02-10 23:10:32.388192,30.0,27,1332
9124,2022-02-11 04:05:30.574413,3.0,4,444
9125,2022-02-11 04:18:20.338169,3.0,4,1318
9126,2022-02-11 04:43:00.632138,3.0,4,258
9127,2022-02-11 04:43:00.645559,30.0,5,258
9128,2022-02-11 05:04:55.223592,50.0,3,1333
9129,2022-02-11 05:05:28.740228,3.0,4,1333
9130,2022-02-11 05:05:42.636480,45.0,23,1333
9131,2022-02-11 05:12:00.079008,50.0,3,1334
9132,2022-02-11 05:12:11.270791,3.0,4,1334
9133,2022-02-11 05:13:45.642186,3.0,4,1061
9134,2022-02-11 05:20:11.022055,15.0,22,1333
9135,2022-02-11 05:29:25.800042,50.0,3,1335
9136,2022-02-11 05:29:46.730930,3.0,4,1335
9137,2022-02-11 05:53:29.116016,3.0,4,649
9138,2022-02-11 06:27:31.402843,50.0,3,1336
9139,2022-02-11 06:27:55.870943,3.0,4,1336
9140,2022-02-11 07:03:53.478406,3.0,4,1012
9141,2022-02-11 07:09:16.806401,3.0,4,1297
9142,2022-02-11 07:49:38.666145,3.0,4,1040
9143,2022-02-11 07:49:56.429657,3.0,4,73
9144,2022-02-11 08:01:43.977955,50.0,3,1337
9145,2022-02-11 08:03:22.026418,3.0,4,1337
9146,2022-02-11 08:05:27.284406,3.0,4,742
9147,2022-02-11 08:31:37.882048,50.0,3,1338
9148,2022-02-11 08:31:57.718664,3.0,4,1338
9149,2022-02-11 08:35:36.958143,3.0,4,494
9150,2022-02-11 08:35:51.081749,3.0,4,880
9151,2022-02-11 08:50:56.650332,15.0,25,494
9152,2022-02-11 09:01:38.252471,3.0,4,1194
9153,2022-02-11 09:21:37.474378,50.0,3,1340
9154,2022-02-11 09:21:54.242133,3.0,4,1340
9155,2022-02-11 09:23:06.308700,5.0,24,494
9156,2022-02-11 09:27:38.385475,5.0,22,494
9157,2022-02-11 09:53:36.058324,50.0,3,1341
9158,2022-02-11 09:53:47.526352,3.0,4,1341
9159,2022-02-11 09:57:29.713134,50.0,3,1342
9160,2022-02-11 09:57:47.376635,3.0,4,1342
9161,2022-02-11 10:04:48.499147,3.0,4,605
9162,2022-02-11 10:05:55.949406,50.0,3,1343
9163,2022-02-11 10:26:51.934756,3.0,4,543
9164,2022-02-11 10:30:56.737418,50.0,3,1344
9165,2022-02-11 10:31:23.629891,3.0,4,1344
9166,2022-02-11 10:32:10.064234,0.0,27,1344
9167,2022-02-11 10:33:17.700994,3.0,4,776
9168,2022-02-11 10:38:51.097162,5.0,24,776
9169,2022-02-11 10:39:06.466537,20.0,25,776
9170,2022-02-11 10:39:22.734191,10.0,22,776
9171,2022-02-11 10:47:53.287004,5.0,22,776
9172,2022-02-11 10:48:45.089230,25.0,23,776
9173,2022-02-11 10:57:17.284437,50.0,3,1346
9174,2022-02-11 10:57:34.197768,3.0,4,1346
9175,2022-02-11 11:03:54.981818,5.0,22,605
9176,2022-02-11 11:08:20.943426,5.0,22,776
9177,2022-02-11 11:15:44.708969,5.0,22,776
9178,2022-02-11 11:17:26.125001,25.0,23,776
9179,2022-02-11 11:20:49.381847,5.0,22,776
9180,2022-02-11 11:20:49.394439,30.0,8,776
9181,2022-02-11 11:21:12.507590,45.0,23,776
9182,2022-02-11 11:27:01.002204,50.0,3,1347
9183,2022-02-11 11:27:45.301083,3.0,4,1347
9184,2022-02-11 11:33:46.505135,5.0,22,776
9185,2022-02-11 11:43:58.414753,3.0,4,1329
9186,2022-02-11 11:58:48.923728,50.0,3,1348
9187,2022-02-11 11:59:09.891745,3.0,4,1348
9188,2022-02-11 12:07:55.702170,3.0,4,1090
9189,2022-02-11 12:14:40.934324,0.0,22,1090
9190,2022-02-11 12:14:50.609039,50.0,3,1350
9191,2022-02-11 12:15:13.378097,3.0,4,1350
9192,2022-02-11 12:15:54.605265,0.0,22,1090
9193,2022-02-11 12:21:07.652751,0.0,22,1090
9194,2022-02-11 12:22:44.117019,0.0,22,1090
9195,2022-02-11 12:28:06.608868,25.0,23,605
9196,2022-02-11 12:30:28.572291,3.0,4,1309
9197,2022-02-11 12:32:09.989503,0.0,22,1090
9198,2022-02-11 12:57:00.172916,50.0,3,1352
9199,2022-02-11 12:57:13.300655,3.0,4,1352
9200,2022-02-11 13:15:05.202990,50.0,3,1353
9201,2022-02-11 13:15:22.767022,3.0,4,1353
9202,2022-02-11 13:18:11.487104,50.0,3,1354
9203,2022-02-11 13:33:11.216059,50.0,3,1356
9204,2022-02-11 13:33:21.445580,3.0,4,1356
9205,2022-02-11 13:35:29.985931,50.0,3,1357
9206,2022-02-11 13:35:44.991717,3.0,4,1357
9207,2022-02-11 14:12:31.004076,50.0,3,1358
9208,2022-02-11 14:12:59.298203,10.0,22,1357
9209,2022-02-11 14:13:16.483182,3.0,4,1358
9210,2022-02-11 14:14:48.962699,35.0,23,1357
9211,2022-02-11 14:31:56.245358,5.0,24,494
9212,2022-02-11 14:32:11.336672,5.0,24,494
9213,2022-02-11 14:33:33.525966,10.0,22,1357
9214,2022-02-11 14:54:21.544022,50.0,3,1359
9215,2022-02-11 14:54:28.318079,3.0,4,1359
9216,2022-02-11 15:01:28.482576,3.0,4,589
9217,2022-02-11 15:14:40.392906,50.0,3,1360
9218,2022-02-11 15:15:22.559247,3.0,4,1360
9219,2022-02-11 15:17:53.025348,35.0,23,1360
9220,2022-02-11 15:18:48.208034,3.0,4,1184
9221,2022-02-11 15:19:05.874918,5.0,24,1360
9222,2022-02-11 15:19:28.637262,5.0,22,605
9223,2022-02-11 15:21:39.790364,30.0,27,1360
9224,2022-02-11 15:24:09.415239,3.0,4,1107
9225,2022-02-11 15:24:09.422282,30.0,5,1107
9226,2022-02-11 15:32:51.269139,3.0,4,1294
9227,2022-02-11 15:53:45.403538,0.0,22,1294
9228,2022-02-11 16:26:58.104648,0.0,22,1090
9229,2022-02-11 16:26:58.121641,200.0,10,1090
9230,2022-02-11 16:27:17.404861,50.0,3,1361
9231,2022-02-11 16:27:32.239205,3.0,4,1361
9232,2022-02-11 16:36:18.549906,10.0,25,1361
9233,2022-02-11 16:36:48.928543,0.0,22,1090
9234,2022-02-11 16:38:20.267229,5.0,22,1361
9235,2022-02-11 16:44:42.164936,10.0,22,1357
9236,2022-02-11 16:45:01.783219,5.0,22,1361
9237,2022-02-11 16:45:55.143551,0.0,22,1090
9238,2022-02-11 16:47:14.882833,5.0,22,1357
9239,2022-02-11 16:48:38.083575,50.0,3,1362
9240,2022-02-11 16:48:52.667443,3.0,4,1362
9241,2022-02-11 16:50:44.121927,5.0,22,1361
9242,2022-02-11 16:50:44.406503,50.0,3,1363
9243,2022-02-11 16:51:08.374177,3.0,4,1363
9244,2022-02-11 16:53:44.312394,10.0,22,1361
9245,2022-02-11 17:01:51.870488,10.0,22,1361
9246,2022-02-11 17:01:51.883346,30.0,8,1361
9247,2022-02-11 17:02:23.535641,50.0,3,1364
9248,2022-02-11 17:02:30.536694,3.0,4,1364
9249,2022-02-11 17:04:09.575845,50.0,3,1365
9250,2022-02-11 17:04:42.715648,3.0,4,1365
9251,2022-02-11 17:11:15.549108,50.0,3,1366
9252,2022-02-11 17:11:33.037205,3.0,4,1366
9253,2022-02-11 17:15:33.940992,0.0,22,1090
9254,2022-02-11 17:18:25.377093,3.0,4,363
9255,2022-02-11 17:20:29.500925,50.0,3,1355
9256,2022-02-11 17:20:39.883159,3.0,4,1355
9257,2022-02-11 17:21:38.390347,30.0,27,1355
9258,2022-02-11 17:22:52.784690,0.0,22,1090
9259,2022-02-11 17:28:06.564414,10.0,22,1361
9260,2022-02-11 17:44:44.840993,3.0,4,1009
9261,2022-02-11 17:49:46.119164,3.0,4,168
9262,2022-02-11 17:51:54.038621,10.0,22,1009
9263,2022-02-11 17:51:54.087136,30.0,8,1009
9264,2022-02-11 17:53:41.851902,20.0,22,1361
9265,2022-02-11 17:57:10.335715,5.0,22,1361
9266,2022-02-11 18:00:27.180871,5.0,22,1361
9267,2022-02-11 18:07:04.182678,5.0,22,1361
9268,2022-02-11 18:07:04.196838,100.0,9,1361
9269,2022-02-11 18:16:51.271446,50.0,3,1367
9270,2022-02-11 18:16:58.544089,3.0,4,1367
9271,2022-02-11 18:17:39.001846,45.0,23,1367
9272,2022-02-11 18:18:06.230064,0.0,22,1107
9273,2022-02-11 18:19:12.944847,3.0,4,891
9274,2022-02-11 18:22:15.045083,3.0,4,181
9275,2022-02-11 18:25:35.648778,10.0,22,1367
9276,2022-02-11 18:26:27.871325,50.0,3,1368
9277,2022-02-11 18:26:54.586897,3.0,4,1368
9278,2022-02-11 18:27:32.421314,5.0,22,1361
9279,2022-02-11 18:27:45.474832,50.0,3,1369
9280,2022-02-11 18:28:01.697016,3.0,4,1369
9281,2022-02-11 18:31:37.784235,3.0,4,1030
9282,2022-02-11 18:32:40.931258,5.0,22,1369
9283,2022-02-11 18:33:15.173496,25.0,25,1369
9284,2022-02-11 18:40:08.928535,0.0,22,1294
9285,2022-02-11 18:42:32.553336,5.0,22,891
9286,2022-02-11 18:44:59.956264,5.0,24,181
9287,2022-02-11 18:45:05.710676,25.0,25,891
9288,2022-02-11 18:45:28.878141,5.0,24,181
9289,2022-02-11 18:45:39.604088,5.0,24,181
9290,2022-02-11 18:47:25.388303,20.0,22,1361
9291,2022-02-11 19:01:46.636768,5.0,22,1369
9292,2022-02-11 19:05:34.416638,25.0,23,1369
9293,2022-02-11 19:06:25.916553,50.0,3,1370
9294,2022-02-11 19:07:08.355185,3.0,4,1370
9295,2022-02-11 19:10:08.331692,5.0,22,1369
9296,2022-02-11 19:15:47.035662,3.0,4,1015
9297,2022-02-11 19:15:47.043495,30.0,5,1015
9298,2022-02-11 19:16:09.621961,50.0,3,1371
9299,2022-02-11 19:16:28.003141,3.0,4,1371
9300,2022-02-11 19:27:41.550187,0.0,22,1294
9301,2022-02-11 19:27:41.565539,200.0,10,1294
9302,2022-02-11 19:42:09.143447,50.0,3,1372
9303,2022-02-11 19:42:19.759689,3.0,4,1372
9304,2022-02-11 19:42:51.269257,10.0,25,1372
9305,2022-02-11 20:19:12.003554,3.0,4,364
9306,2022-02-11 20:54:56.125825,10.0,22,1371
9307,2022-02-11 20:55:58.279839,3.0,4,293
9308,2022-02-11 21:00:30.689186,5.0,22,1371
9309,2022-02-11 21:06:28.148356,5.0,22,1371
9310,2022-02-11 21:16:40.860902,0.0,22,1294
9311,2022-02-11 21:36:04.858324,10.0,22,1362
9312,2022-02-11 21:36:37.659427,20.0,25,1362
9313,2022-02-11 21:39:11.492583,0.0,22,1294
9314,2022-02-11 21:43:15.364060,50.0,3,1373
9315,2022-02-11 21:44:51.763930,3.0,4,1373
9316,2022-02-11 21:46:20.889599,3.0,4,128
9317,2022-02-11 22:01:47.154192,5.0,22,1357
9318,2022-02-11 22:01:47.163031,30.0,8,1357
9319,2022-02-11 22:41:12.796540,50.0,3,1374
9320,2022-02-11 22:41:57.693639,3.0,4,1374
9321,2022-02-11 22:41:58.785388,5.0,22,1357
9322,2022-02-11 22:55:05.936354,10.0,22,1357
9323,2022-02-11 23:17:27.985710,50.0,3,1375
9324,2022-02-11 23:17:51.396437,3.0,4,1375
9325,2022-02-11 23:18:35.437984,10.0,22,1357
9326,2022-02-12 03:55:18.746097,3.0,4,1090
9327,2022-02-12 04:43:57.795055,3.0,4,1369
9328,2022-02-12 05:34:55.808103,50.0,3,1376
9329,2022-02-12 05:35:31.571539,3.0,4,1376
9330,2022-02-12 06:29:39.415748,50.0,3,1377
9331,2022-02-12 06:30:22.185994,3.0,4,1377
9332,2022-02-12 06:31:30.941588,30.0,27,1377
9333,2022-02-12 06:37:15.658481,50.0,3,1378
9334,2022-02-12 06:38:13.158100,3.0,4,1378
9335,2022-02-12 06:43:50.307271,3.0,4,1362
9336,2022-02-12 07:50:33.277381,3.0,4,954
9337,2022-02-12 07:58:29.294787,3.0,4,1315
9338,2022-02-12 08:05:58.221878,50.0,3,1379
9339,2022-02-12 08:06:18.604327,3.0,4,1379
9340,2022-02-12 08:16:57.849563,3.0,4,1218
9341,2022-02-12 08:17:52.116783,3.0,4,446
9342,2022-02-12 08:24:46.993190,50.0,3,1380
9343,2022-02-12 08:25:26.580305,3.0,4,1361
9344,2022-02-12 08:29:02.845505,10.0,25,1379
9345,2022-02-12 08:33:34.456187,25.0,23,1379
9346,2022-02-12 08:38:51.905713,3.0,4,219
9347,2022-02-12 08:43:54.338297,0.0,22,219
9348,2022-02-12 08:44:25.389202,3.0,4,1380
9349,2022-02-12 08:46:44.378779,3.0,4,1015
9350,2022-02-12 09:06:25.615261,3.0,4,892
9351,2022-02-12 09:17:02.023738,50.0,3,1381
9352,2022-02-12 09:17:02.034750,150.0,6,1361
9353,2022-02-12 09:17:02.034892,50.0,7,1381
9354,2022-02-12 09:18:22.837670,45.0,23,1361
9355,2022-02-12 09:26:18.675732,50.0,3,1382
9356,2022-02-12 09:26:45.227116,3.0,4,1382
9357,2022-02-12 09:34:00.112764,50.0,3,1383
9358,2022-02-12 09:34:05.481027,3.0,4,1383
9359,2022-02-12 09:34:22.501344,15.0,25,1383
9360,2022-02-12 09:37:00.945405,3.0,4,1009
9361,2022-02-12 09:37:36.594212,15.0,22,1361
9362,2022-02-12 09:49:55.256944,3.0,4,605
9363,2022-02-12 09:52:38.845571,50.0,3,1384
9364,2022-02-12 09:53:06.847747,3.0,4,1384
9365,2022-02-12 09:59:35.249639,3.0,4,132
9366,2022-02-12 10:56:02.588155,50.0,3,1387
9367,2022-02-12 10:56:35.959991,3.0,4,1387
9368,2022-02-12 10:56:39.333954,5.0,24,1387
9369,2022-02-12 10:57:43.482007,3.0,4,821
9370,2022-02-12 10:59:17.377106,3.0,4,211
9371,2022-02-12 11:05:22.175057,5.0,22,1387
9372,2022-02-12 11:26:49.425493,3.0,4,1003
9373,2022-02-12 11:46:13.727904,5.0,24,821
9374,2022-02-12 11:49:34.795121,3.0,4,101
9375,2022-02-12 11:50:04.826072,3.0,4,1235
9376,2022-02-12 11:52:23.392446,3.0,4,394
9377,2022-02-12 11:55:39.212221,50.0,3,1388
9378,2022-02-12 11:55:59.295391,3.0,4,1388
9379,2022-02-12 11:56:19.109060,30.0,27,1388
9380,2022-02-12 11:57:46.724647,5.0,22,101
9381,2022-02-12 12:03:43.276483,5.0,22,101
9382,2022-02-12 12:04:11.520411,5.0,24,101
9383,2022-02-12 12:04:18.062721,5.0,24,101
9384,2022-02-12 12:04:23.877987,25.0,25,101
9385,2022-02-12 12:04:48.594174,5.0,22,101
9386,2022-02-12 12:18:46.570578,3.0,4,1294
9387,2022-02-12 12:28:00.919670,0.0,22,1294
9388,2022-02-12 12:35:04.231169,0.0,22,1294
9389,2022-02-12 12:40:54.557578,10.0,22,1362
9390,2022-02-12 12:41:38.483858,15.0,25,1362
9391,2022-02-12 12:47:36.235403,50.0,3,1389
9392,2022-02-12 12:52:34.402349,50.0,3,1390
9393,2022-02-12 12:52:55.936715,3.0,4,1390
9394,2022-02-12 13:06:52.175158,3.0,4,1004
9395,2022-02-12 13:11:00.781502,30.0,27,1004
9396,2022-02-12 13:15:11.451752,30.0,27,1004
9397,2022-02-12 13:35:16.323052,3.0,4,1373
9398,2022-02-12 13:48:07.860506,50.0,3,1392
9399,2022-02-12 13:48:14.885698,3.0,4,1392
9400,2022-02-12 13:53:51.480086,50.0,3,1393
9401,2022-02-12 13:53:58.229144,3.0,4,1393
9402,2022-02-12 13:58:48.499948,50.0,3,1394
9403,2022-02-12 14:01:06.695119,50.0,3,1385
9404,2022-02-12 14:21:21.708686,50.0,3,1395
9405,2022-02-12 14:21:44.509454,3.0,4,1395
9406,2022-02-12 14:25:20.644189,0.0,22,1090
9407,2022-02-12 14:28:52.747752,30.0,27,1395
9408,2022-02-12 14:34:44.030450,50.0,3,1396
9409,2022-02-12 14:34:54.441720,0.0,22,1090
9410,2022-02-12 14:34:59.191447,3.0,4,1396
9411,2022-02-12 14:36:08.555627,0.0,22,1090
9412,2022-02-12 14:47:29.206150,0.0,22,1090
9413,2022-02-12 14:49:34.671991,3.0,4,543
9414,2022-02-12 15:04:11.327488,50.0,3,1397
9415,2022-02-12 15:04:18.726352,3.0,4,1397
9416,2022-02-12 15:19:08.612680,3.0,4,379
9417,2022-02-12 15:21:55.639439,50.0,3,1398
9418,2022-02-12 15:29:15.295653,50.0,3,1399
9419,2022-02-12 15:29:39.539876,3.0,4,1399
9420,2022-02-12 15:32:48.129881,3.0,4,1398
9421,2022-02-12 15:46:19.879181,50.0,3,1400
9422,2022-02-12 15:46:53.656884,3.0,4,1400
9423,2022-02-12 16:03:20.571231,50.0,3,1401
9424,2022-02-12 16:03:29.794146,3.0,4,1401
9425,2022-02-12 16:22:02.035927,3.0,4,218
9426,2022-02-12 16:36:20.621561,50.0,3,1403
9427,2022-02-12 16:36:49.767698,3.0,4,1403
9428,2022-02-12 16:39:26.630083,30.0,27,1401
9429,2022-02-12 16:40:43.241722,30.0,27,1403
9430,2022-02-12 16:54:16.412899,0.0,22,218
9431,2022-02-12 17:11:09.371504,55.0,23,1090
9432,2022-02-12 17:11:38.400292,5.0,24,1090
9433,2022-02-12 17:21:22.909957,50.0,3,1404
9434,2022-02-12 17:22:00.391374,3.0,4,1404
9435,2022-02-12 17:26:22.252862,0.0,22,218
9436,2022-02-12 17:26:31.611964,50.0,3,1405
9437,2022-02-12 17:26:42.485905,3.0,4,1405
9438,2022-02-12 17:28:13.421365,50.0,3,1406
9439,2022-02-12 17:28:33.837976,3.0,4,1406
9440,2022-02-12 17:30:07.224395,50.0,3,1407
9441,2022-02-12 17:30:07.235822,150.0,6,1404
9442,2022-02-12 17:30:07.235964,50.0,7,1407
9443,2022-02-12 17:31:16.292518,50.0,3,1409
9444,2022-02-12 17:32:51.206706,3.0,4,1409
9445,2022-02-12 17:42:24.634739,3.0,4,438
9446,2022-02-12 17:48:18.510825,3.0,4,422
9447,2022-02-12 18:14:30.157550,0.0,22,218
9448,2022-02-12 18:23:55.458441,0.0,22,218
9449,2022-02-12 18:40:36.185455,3.0,4,1194
9450,2022-02-12 18:52:05.477226,50.0,3,1410
9451,2022-02-12 18:52:23.019428,3.0,4,1410
9452,2022-02-12 19:14:40.913533,50.0,3,1412
9453,2022-02-12 19:17:01.571863,3.0,4,1412
9454,2022-02-12 20:10:39.456144,50.0,3,1414
9455,2022-02-12 20:10:51.640773,3.0,4,1414
9456,2022-02-12 20:35:43.525576,3.0,4,1255
9457,2022-02-12 20:43:02.923530,0.0,22,218
9458,2022-02-12 20:54:25.921642,3.0,4,427
9459,2022-02-12 21:31:40.757650,3.0,4,421
9460,2022-02-12 21:46:05.812963,5.0,22,421
9461,2022-02-12 21:56:24.022929,5.0,22,421
9462,2022-02-12 22:01:34.750140,5.0,22,421
9463,2022-02-12 22:01:34.790462,30.0,8,421
9464,2022-02-12 22:01:42.041602,0.0,22,218
9465,2022-02-12 22:11:39.222879,5.0,22,421
9466,2022-02-12 22:24:23.958758,10.0,22,421
9467,2022-02-12 23:04:02.047564,50.0,3,1415
9468,2022-02-12 23:04:38.655699,3.0,4,1415
9469,2022-02-13 00:28:48.859452,3.0,4,605
9470,2022-02-13 05:47:12.632249,50.0,3,1416
9471,2022-02-13 05:47:41.992302,3.0,4,1416
9472,2022-02-13 06:13:41.089998,3.0,4,649
9473,2022-02-13 06:21:06.969042,50.0,3,1417
9474,2022-02-13 06:21:29.724424,3.0,4,1417
9475,2022-02-13 07:21:41.151422,50.0,3,1418
9476,2022-02-13 07:22:08.625420,3.0,4,1418
9477,2022-02-13 07:33:28.522442,3.0,4,1403
9478,2022-02-13 07:36:36.230420,10.0,22,1418
9479,2022-02-13 07:38:35.154362,5.0,24,1418
9480,2022-02-13 08:00:39.757426,3.0,4,954
9481,2022-02-13 08:10:35.192742,3.0,4,1361
9482,2022-02-13 08:20:24.261129,3.0,4,421
9483,2022-02-13 08:24:22.950224,3.0,4,1294
9484,2022-02-13 08:30:03.633097,3.0,4,98
9485,2022-02-13 08:30:31.659088,3.0,4,258
9486,2022-02-13 08:32:05.720340,3.0,4,218
9487,2022-02-13 08:32:07.851099,3.0,4,934
9488,2022-02-13 09:05:26.128208,3.0,4,1405
9489,2022-02-13 09:17:59.184922,3.0,4,1009
9490,2022-02-13 10:08:19.849367,3.0,4,1380
9491,2022-02-13 10:35:02.718202,3.0,4,250
9492,2022-02-13 10:46:46.549724,3.0,4,1288
9493,2022-02-13 11:12:32.989284,5.0,24,1288
9494,2022-02-13 11:17:01.647300,5.0,24,1288
9495,2022-02-13 11:18:16.473506,15.0,25,1288
9496,2022-02-13 11:20:22.716873,10.0,22,1288
9497,2022-02-13 11:24:17.354669,50.0,3,1420
9498,2022-02-13 11:25:13.284948,3.0,4,1420
9499,2022-02-13 11:25:46.047429,30.0,27,1420
9500,2022-02-13 11:27:51.269514,3.0,4,1404
9501,2022-02-13 11:45:43.115021,0.0,22,258
9502,2022-02-13 11:45:46.754751,3.0,4,320
9503,2022-02-13 12:06:07.203234,3.0,4,1030
9504,2022-02-13 12:15:35.663333,50.0,3,1421
9505,2022-02-13 12:17:02.380965,3.0,4,1421
9506,2022-02-13 12:27:47.092681,3.0,4,444
9507,2022-02-13 12:30:58.964569,5.0,22,1380
9508,2022-02-13 12:37:19.474556,3.0,4,732
9509,2022-02-13 12:47:21.296647,50.0,3,1423
9510,2022-02-13 12:48:17.715713,3.0,4,1423
9511,2022-02-13 12:52:24.333891,3.0,4,737
9512,2022-02-13 12:52:55.130687,0.0,22,1423
9513,2022-02-13 12:53:54.848490,25.0,25,1380
9514,2022-02-13 12:57:21.830465,0.0,22,1423
9515,2022-02-13 13:06:47.148524,0.0,22,258
9516,2022-02-13 13:07:12.484864,50.0,3,1424
9517,2022-02-13 13:07:34.666593,3.0,4,1424
9518,2022-02-13 13:09:20.851982,0.0,22,1423
9519,2022-02-13 13:10:16.303881,35.0,23,1424
9520,2022-02-13 13:10:29.208365,50.0,3,1425
9521,2022-02-13 13:10:45.182558,3.0,4,1425
9522,2022-02-13 13:11:43.816377,0.0,22,1423
9523,2022-02-13 13:18:04.526520,0.0,22,1423
9524,2022-02-13 13:18:04.536901,30.0,8,1423
9525,2022-02-13 13:21:25.581164,50.0,3,1426
9526,2022-02-13 13:21:33.589776,3.0,4,1426
9527,2022-02-13 13:22:25.882756,35.0,23,1426
9528,2022-02-13 13:22:46.181584,50.0,3,1427
9529,2022-02-13 13:22:55.398051,3.0,4,1427
9530,2022-02-13 13:23:30.997366,35.0,23,1427
9531,2022-02-13 13:23:38.950537,5.0,22,1426
9532,2022-02-13 13:24:47.430823,3.0,4,522
9533,2022-02-13 13:26:21.877927,3.0,4,422
9534,2022-02-13 13:27:59.216839,3.0,4,438
9535,2022-02-13 13:29:41.616235,3.0,4,1360
9536,2022-02-13 13:29:57.762949,3.0,4,543
9537,2022-02-13 13:30:35.050241,50.0,3,1429
9538,2022-02-13 13:31:28.332827,5.0,22,1424
9539,2022-02-13 13:32:03.605736,35.0,23,438
9540,2022-02-13 13:32:10.405832,3.0,4,1429
9541,2022-02-13 13:34:44.557290,5.0,22,438
9542,2022-02-13 13:38:34.006333,50.0,3,1430
9543,2022-02-13 13:38:56.507643,3.0,4,923
9544,2022-02-13 13:39:34.592680,3.0,4,1430
9545,2022-02-13 13:39:39.215663,0.0,27,1430
9546,2022-02-13 13:42:15.974405,50.0,3,1431
9547,2022-02-13 13:42:57.192333,3.0,4,1431
9548,2022-02-13 13:43:11.281991,0.0,22,422
9549,2022-02-13 13:46:45.024632,0.0,22,258
9550,2022-02-13 13:54:30.924885,10.0,22,1426
9551,2022-02-13 13:55:02.082498,10.0,22,1424
9552,2022-02-13 13:56:06.648110,50.0,3,1432
9553,2022-02-13 13:56:19.634474,3.0,4,1432
9554,2022-02-13 13:56:20.259323,5.0,24,1424
9555,2022-02-13 14:02:21.561842,100.0,2,1424
9556,2022-02-13 14:03:30.289640,45.0,23,1424
9557,2022-02-13 14:04:25.438982,50.0,3,1433
9558,2022-02-13 14:04:38.584033,3.0,4,1433
9559,2022-02-13 14:08:54.705495,15.0,22,1424
9560,2022-02-13 14:11:32.719638,5.0,24,1424
9561,2022-02-13 14:14:33.384635,50.0,3,1434
9562,2022-02-13 14:14:49.872908,3.0,4,1434
9563,2022-02-13 14:15:13.545554,50.0,3,1435
9564,2022-02-13 14:15:29.656049,3.0,4,1435
9565,2022-02-13 14:17:02.195124,3.0,4,1015
9566,2022-02-13 14:17:41.242345,50.0,3,1436
9567,2022-02-13 14:17:56.757679,3.0,4,1436
9568,2022-02-13 14:19:11.393746,0.0,22,422
9569,2022-02-13 14:19:19.721114,5.0,24,543
9570,2022-02-13 14:20:59.208963,3.0,4,163
9571,2022-02-13 14:21:19.560180,50.0,3,1437
9572,2022-02-13 14:21:36.988115,10.0,25,543
9573,2022-02-13 14:23:27.483524,0.0,22,422
9574,2022-02-13 14:26:18.624046,3.0,4,1437
9575,2022-02-13 14:26:43.145777,0.0,22,422
9576,2022-02-13 14:26:43.231903,30.0,8,422
9577,2022-02-13 14:26:44.796194,10.0,22,163
9578,2022-02-13 14:27:49.736008,50.0,3,1438
9579,2022-02-13 14:27:57.079919,3.0,4,1438
9580,2022-02-13 14:28:59.582944,5.0,22,438
9581,2022-02-13 14:29:17.355682,10.0,25,438
9582,2022-02-13 14:29:20.185328,0.0,22,422
9583,2022-02-13 14:29:30.724547,3.0,4,1203
9584,2022-02-13 14:30:14.517365,5.0,22,1424
9585,2022-02-13 14:32:05.112055,10.0,22,1437
9586,2022-02-13 14:33:20.615748,0.0,22,422
9587,2022-02-13 14:35:51.170081,10.0,25,543
9588,2022-02-13 14:37:23.484854,50.0,3,1439
9589,2022-02-13 14:37:35.767229,3.0,4,1439
9590,2022-02-13 14:37:52.373424,5.0,22,543
9591,2022-02-13 14:37:55.736145,3.0,4,1396
9592,2022-02-13 14:38:38.197034,25.0,23,543
9593,2022-02-13 14:39:32.389240,5.0,22,1426
9594,2022-02-13 14:40:10.571883,50.0,3,1440
9595,2022-02-13 14:40:10.585152,150.0,6,1424
9596,2022-02-13 14:40:10.585288,50.0,7,1440
9597,2022-02-13 14:40:25.628657,50.0,3,1441
9598,2022-02-13 14:40:25.635591,150.0,6,1424
9599,2022-02-13 14:40:25.635652,50.0,7,1441
9600,2022-02-13 14:40:27.119572,3.0,4,1440
9601,2022-02-13 14:40:40.281446,3.0,4,1441
9602,2022-02-13 14:42:18.449432,5.0,22,543
9603,2022-02-13 14:48:21.066217,10.0,25,543
9604,2022-02-13 14:50:17.547671,25.0,23,1441
9605,2022-02-13 14:50:29.917444,50.0,3,1442
9606,2022-02-13 14:50:29.933086,150.0,6,1424
9607,2022-02-13 14:50:29.933157,50.0,7,1442
9608,2022-02-13 14:54:06.370461,3.0,4,1442
9609,2022-02-13 14:54:36.398521,10.0,25,543
9610,2022-02-13 14:54:54.623274,5.0,22,1441
9611,2022-02-13 14:58:00.252220,50.0,3,1443
9612,2022-02-13 14:58:40.739946,3.0,4,1443
9613,2022-02-13 15:00:28.080547,0.0,22,422
9614,2022-02-13 15:04:21.533042,10.0,25,1009
9615,2022-02-13 15:05:51.477006,10.0,22,923
9616,2022-02-13 15:06:33.498539,50.0,3,1444
9617,2022-02-13 15:06:48.486708,5.0,22,1009
9618,2022-02-13 15:07:05.644055,3.0,4,1444
9619,2022-02-13 15:07:05.856696,50.0,3,1445
9620,2022-02-13 15:07:26.514277,3.0,4,1445
9621,2022-02-13 15:07:44.167048,45.0,23,1445
9622,2022-02-13 15:13:48.164294,0.0,22,258
9623,2022-02-13 15:14:22.191434,15.0,22,1445
9624,2022-02-13 15:17:47.479172,3.0,4,1194
9625,2022-02-13 15:17:47.524754,30.0,5,1194
9626,2022-02-13 15:21:03.153777,0.0,22,422
9627,2022-02-13 15:21:27.179005,5.0,22,1426
9628,2022-02-13 15:24:17.450309,0.0,22,422
9629,2022-02-13 15:24:17.459681,100.0,9,422
9630,2022-02-13 15:29:18.898717,5.0,22,438
9631,2022-02-13 15:30:15.273423,0.0,22,422
9632,2022-02-13 15:31:10.880354,15.0,25,543
9633,2022-02-13 15:35:48.248866,10.0,25,438
9634,2022-02-13 15:36:50.619498,5.0,22,438
9635,2022-02-13 15:36:50.635985,200.0,10,438
9636,2022-02-13 15:38:04.255773,5.0,22,438
9637,2022-02-13 15:39:28.506512,5.0,22,1437
9638,2022-02-13 15:48:07.730626,0.0,22,258
9639,2022-02-13 15:48:47.396760,0.0,22,422
9640,2022-02-13 15:51:52.231578,0.0,22,258
9641,2022-02-13 15:52:00.339907,0.0,22,422
9642,2022-02-13 15:52:33.261767,5.0,22,1426
9643,2022-02-13 15:52:33.277239,30.0,8,1426
9644,2022-02-13 15:55:29.229556,0.0,22,258
9645,2022-02-13 15:57:29.168102,50.0,3,1446
9646,2022-02-13 15:57:59.727556,5.0,22,1426
9647,2022-02-13 15:58:03.654528,3.0,4,1446
9648,2022-02-13 16:04:18.926223,10.0,22,1443
9649,2022-02-13 16:11:05.046512,5.0,22,1426
9650,2022-02-13 16:17:04.364628,50.0,3,1447
9651,2022-02-13 16:17:25.213954,3.0,4,1447
9652,2022-02-13 16:19:34.443432,0.0,22,258
9653,2022-02-13 16:29:04.353368,5.0,22,1443
9654,2022-02-13 16:33:51.827257,5.0,22,438
9655,2022-02-13 16:37:44.087214,0.0,22,258
9656,2022-02-13 16:38:30.814213,5.0,22,438
9657,2022-02-13 16:41:06.740475,5.0,24,1426
9658,2022-02-13 16:41:23.319469,5.0,22,438
9659,2022-02-13 16:41:43.687823,5.0,24,1426
9660,2022-02-13 16:42:24.542071,15.0,25,1426
9661,2022-02-13 16:43:20.384588,10.0,22,1426
9662,2022-02-13 16:45:39.582212,5.0,22,1443
9663,2022-02-13 16:50:13.802490,5.0,22,438
9664,2022-02-13 16:54:01.709177,5.0,22,1426
9665,2022-02-13 17:06:58.778011,15.0,25,438
9666,2022-02-13 17:08:45.238783,10.0,22,438
9667,2022-02-13 17:12:40.610960,5.0,22,438
9668,2022-02-13 17:13:17.005711,5.0,22,1426
9669,2022-02-13 17:13:17.015332,100.0,9,1426
9670,2022-02-13 17:16:59.911054,15.0,25,438
9671,2022-02-13 17:18:20.965903,10.0,22,438
9672,2022-02-13 17:21:44.862543,5.0,22,438
9673,2022-02-13 17:28:20.742492,5.0,22,438
9674,2022-02-13 17:28:27.475753,3.0,4,861
9675,2022-02-13 17:33:52.763401,10.0,22,438
9676,2022-02-13 17:38:42.454849,50.0,3,1448
9677,2022-02-13 17:38:47.639478,3.0,4,1448
9678,2022-02-13 17:41:35.518019,3.0,4,742
9679,2022-02-13 17:48:16.741055,3.0,4,1398
9680,2022-02-13 17:53:46.715517,5.0,22,1426
9681,2022-02-13 18:01:29.055676,5.0,22,934
9682,2022-02-13 18:02:37.640173,35.0,23,934
9683,2022-02-13 18:07:10.699285,50.0,3,1449
9684,2022-02-13 18:07:21.343174,3.0,4,1449
9685,2022-02-13 18:10:46.613696,3.0,4,316
9686,2022-02-13 18:12:40.019151,5.0,24,934
9687,2022-02-13 18:12:52.696515,5.0,24,934
9688,2022-02-13 18:13:46.719732,0.0,22,316
9689,2022-02-13 18:16:09.325857,5.0,22,1426
9690,2022-02-13 18:16:54.228074,0.0,22,316
9691,2022-02-13 18:19:04.306169,10.0,22,934
9692,2022-02-13 18:22:19.494249,0.0,22,316
9693,2022-02-13 18:24:20.548089,0.0,22,316
9694,2022-02-13 18:26:18.849948,0.0,22,316
9695,2022-02-13 18:28:03.455624,0.0,22,316
9696,2022-02-13 18:32:15.966343,0.0,22,316
9697,2022-02-13 18:34:59.789577,3.0,4,158
9698,2022-02-13 18:35:59.331402,30.0,27,1426
9699,2022-02-13 18:36:02.965944,35.0,23,158
9700,2022-02-13 18:40:06.215071,50.0,3,1450
9701,2022-02-13 18:40:38.581715,3.0,4,1450
9702,2022-02-13 18:44:16.604787,3.0,4,589
9703,2022-02-13 18:46:55.462609,5.0,22,1439
9704,2022-02-13 18:54:58.085268,5.0,24,158
9705,2022-02-13 18:58:16.513023,10.0,22,158
9706,2022-02-13 18:58:42.898557,35.0,23,934
9707,2022-02-13 19:00:23.081613,10.0,22,1426
9708,2022-02-13 19:03:13.244969,5.0,22,934
9709,2022-02-13 19:28:42.296023,5.0,22,1426
9710,2022-02-13 19:37:01.104145,5.0,22,1426
9711,2022-02-13 19:37:35.684470,3.0,4,494
9712,2022-02-13 19:39:40.047191,25.0,25,732
9713,2022-02-13 19:49:41.714543,3.0,4,1175
9714,2022-02-13 19:54:49.835069,50.0,3,1451
9715,2022-02-13 19:55:50.096429,3.0,4,1451
9716,2022-02-13 19:59:06.741738,25.0,23,1451
9717,2022-02-13 19:59:09.250449,5.0,22,1451
9718,2022-02-13 20:01:56.303653,50.0,3,1452
9719,2022-02-13 20:02:33.715016,3.0,4,1452
9720,2022-02-13 20:06:47.694732,50.0,3,1453
9721,2022-02-13 20:06:55.517736,3.0,4,1453
9722,2022-02-13 20:19:37.031539,3.0,4,63
9723,2022-02-13 20:19:48.905442,45.0,23,63
9724,2022-02-13 20:24:53.465275,50.0,3,1454
9725,2022-02-13 20:25:28.790654,3.0,4,1454
9726,2022-02-13 20:37:40.627239,50.0,3,1455
9727,2022-02-13 20:38:04.417366,3.0,4,1455
9728,2022-02-13 20:57:00.123010,50.0,3,1456
9729,2022-02-13 20:58:47.353946,3.0,4,1456
9730,2022-02-13 21:00:23.665435,5.0,24,1439
9731,2022-02-13 21:00:44.405984,5.0,24,1439
9732,2022-02-13 21:06:20.101453,30.0,27,421
9733,2022-02-13 21:09:23.702106,5.0,24,1439
9734,2022-02-13 21:10:16.487165,30.0,27,421
9735,2022-02-13 21:14:00.446698,25.0,23,421
9736,2022-02-13 21:16:20.905572,5.0,22,421
9737,2022-02-13 21:22:22.913086,5.0,22,1454
9738,2022-02-13 21:24:18.617150,5.0,22,421
9739,2022-02-13 21:31:27.164113,50.0,3,1457
9740,2022-02-13 21:54:22.532286,5.0,22,1439
9741,2022-02-13 22:18:00.793990,50.0,3,1458
9742,2022-02-13 22:19:37.459104,3.0,4,1457
9743,2022-02-13 22:50:13.529703,50.0,3,1459
9744,2022-02-13 22:50:36.702743,3.0,4,1459
9745,2022-02-13 23:00:06.845400,3.0,4,1458
9746,2022-02-14 00:09:17.759012,3.0,4,732
9747,2022-02-14 00:15:40.494816,50.0,3,1460
9748,2022-02-14 00:16:06.855987,3.0,4,1460
9749,2022-02-14 02:29:49.803939,3.0,4,1444
9750,2022-02-14 04:19:23.599105,3.0,4,624
9751,2022-02-14 04:20:33.269751,3.0,4,605
9752,2022-02-14 05:12:54.491046,3.0,4,743
9753,2022-02-14 05:15:47.224891,3.0,4,444
9754,2022-02-14 05:19:01.917173,10.0,25,624
9755,2022-02-14 05:19:52.618293,5.0,22,624
9756,2022-02-14 05:32:25.729557,3.0,4,589
9757,2022-02-14 05:39:43.020110,50.0,3,1461
9758,2022-02-14 06:06:46.361007,3.0,4,1454
9759,2022-02-14 06:13:29.118148,3.0,4,1318
9760,2022-02-14 06:19:55.416505,50.0,3,1462
9761,2022-02-14 06:20:11.852202,3.0,4,1462
9762,2022-02-14 06:22:32.516277,3.0,4,316
9763,2022-02-14 06:28:37.831001,3.0,4,1427
9764,2022-02-14 06:34:52.372302,3.0,4,1107
9765,2022-02-14 06:40:26.213501,5.0,24,743
9766,2022-02-14 06:40:32.870611,5.0,24,743
9767,2022-02-14 06:41:32.395743,3.0,4,1451
9768,2022-02-14 06:43:23.187382,5.0,24,743
9769,2022-02-14 06:45:05.468321,3.0,4,121
9770,2022-02-14 06:45:06.998964,25.0,25,743
9771,2022-02-14 06:50:52.242075,3.0,4,954
9772,2022-02-14 06:51:31.045929,5.0,22,743
9773,2022-02-14 06:54:32.893792,3.0,4,570
9774,2022-02-14 07:03:50.756469,50.0,3,1464
9775,2022-02-14 07:06:22.252740,3.0,4,821
9776,2022-02-14 07:06:22.930053,3.0,4,1352
9777,2022-02-14 07:07:14.070279,3.0,4,1464
9778,2022-02-14 07:14:42.739202,5.0,22,743
9779,2022-02-14 07:14:42.758018,200.0,10,743
9780,2022-02-14 07:14:56.589522,10.0,25,743
9781,2022-02-14 07:16:35.920260,10.0,22,1464
9782,2022-02-14 07:18:49.178837,3.0,4,158
9783,2022-02-14 07:19:17.030529,5.0,22,821
9784,2022-02-14 07:19:34.266391,5.0,24,743
9785,2022-02-14 07:19:39.390444,5.0,24,743
9786,2022-02-14 07:25:19.237248,10.0,25,743
9787,2022-02-14 07:32:56.299255,3.0,4,586
9788,2022-02-14 07:33:17.398169,30.0,27,586
9789,2022-02-14 07:36:56.986988,50.0,3,1466
9790,2022-02-14 07:37:05.801643,3.0,4,1466
9791,2022-02-14 07:38:01.980486,3.0,4,1447
9792,2022-02-14 07:38:20.246064,25.0,23,1466
9793,2022-02-14 07:40:04.654073,5.0,22,1466
9794,2022-02-14 07:51:31.667267,5.0,22,743
9795,2022-02-14 07:52:57.734212,50.0,3,1467
9796,2022-02-14 07:53:35.464270,3.0,4,1467
9797,2022-02-14 07:58:50.795669,3.0,4,1455
9798,2022-02-14 08:02:20.443487,3.0,4,779
9799,2022-02-14 08:03:33.735473,3.0,4,73
9800,2022-02-14 08:03:43.598886,3.0,4,63
9801,2022-02-14 08:06:03.518084,50.0,3,1468
9802,2022-02-14 08:06:13.428857,3.0,4,1468
9803,2022-02-14 08:19:01.814765,3.0,4,649
9804,2022-02-14 08:19:02.099565,3.0,4,163
9805,2022-02-14 08:30:58.463071,3.0,4,1431
9806,2022-02-14 08:34:55.436183,50.0,3,1469
9807,2022-02-14 08:35:00.896187,3.0,4,1469
9808,2022-02-14 08:35:28.685972,25.0,25,1469
9809,2022-02-14 08:35:34.012441,5.0,24,163
9810,2022-02-14 08:40:05.663849,20.0,22,163
9811,2022-02-14 08:58:01.813760,3.0,4,438
9812,2022-02-14 09:13:46.560669,25.0,23,63
9813,2022-02-14 09:35:00.501496,50.0,3,1470
9814,2022-02-14 09:35:16.529915,3.0,4,1470
9815,2022-02-14 09:44:38.413098,30.0,27,1470
9816,2022-02-14 09:51:21.385289,50.0,3,1471
9817,2022-02-14 09:51:29.483057,3.0,4,1471
9818,2022-02-14 10:03:02.725660,10.0,25,570
9819,2022-02-14 10:04:14.651816,5.0,22,570
9820,2022-02-14 10:04:32.137717,10.0,25,570
9821,2022-02-14 10:04:53.983552,5.0,22,570
9822,2022-02-14 10:18:32.618420,50.0,3,1472
9823,2022-02-14 10:18:50.418897,3.0,4,1472
9824,2022-02-14 10:25:02.215155,30.0,27,1472
9825,2022-02-14 10:26:27.541679,3.0,4,1436
9826,2022-02-14 10:30:19.004427,10.0,22,1436
9827,2022-02-14 10:31:37.136714,3.0,4,515
9828,2022-02-14 10:32:51.061316,3.0,4,1209
9829,2022-02-14 11:08:17.834089,3.0,4,1440
9830,2022-02-14 11:15:48.343302,50.0,3,1473
9831,2022-02-14 11:16:03.053022,3.0,4,1473
9832,2022-02-14 11:17:07.567567,5.0,22,1440
9833,2022-02-14 11:18:39.492983,50.0,3,1474
9834,2022-02-14 11:19:01.505998,3.0,4,1474
9835,2022-02-14 11:26:57.970895,35.0,23,1474
9836,2022-02-14 11:28:46.713651,3.0,4,50
9837,2022-02-14 11:42:02.095222,20.0,25,1473
9838,2022-02-14 11:53:17.385888,3.0,4,1356
9839,2022-02-14 11:57:01.784749,50.0,3,1475
9840,2022-02-14 11:57:15.237492,3.0,4,1475
9841,2022-02-14 12:02:19.220036,3.0,4,1120
9842,2022-02-14 12:02:19.247129,30.0,5,1120
9843,2022-02-14 12:15:55.101571,3.0,4,1424
9844,2022-02-14 12:38:48.427024,50.0,3,1476
9845,2022-02-14 12:39:42.687990,50.0,3,1477
9846,2022-02-14 12:39:54.431593,3.0,4,1476
9847,2022-02-14 12:40:15.305904,3.0,4,1477
9848,2022-02-14 12:55:16.612264,50.0,3,1478
9849,2022-02-14 12:55:39.093847,3.0,4,1478
9850,2022-02-14 12:57:45.798933,3.0,4,861
9851,2022-02-14 13:14:27.174103,3.0,4,1420
9852,2022-02-14 13:14:33.914870,3.0,4,1294
9853,2022-02-14 13:18:53.453654,50.0,3,1480
9854,2022-02-14 13:19:28.421319,3.0,4,1480
9855,2022-02-14 13:24:49.614505,0.0,22,1294
9856,2022-02-14 13:30:20.286274,5.0,22,1480
9857,2022-02-14 13:32:32.938372,10.0,22,1480
9858,2022-02-14 13:40:11.909886,10.0,22,1480
9859,2022-02-14 13:44:44.263421,3.0,4,1435
9860,2022-02-14 13:46:14.113187,5.0,24,1480
9861,2022-02-14 13:52:43.491765,5.0,22,1480
9862,2022-02-14 13:57:07.482044,50.0,3,1481
9863,2022-02-14 13:57:20.172985,5.0,22,1480
9864,2022-02-14 13:57:20.194973,30.0,8,1480
9865,2022-02-14 13:57:36.299400,3.0,4,1481
9866,2022-02-14 14:03:09.096969,3.0,4,394
9867,2022-02-14 14:09:55.415203,5.0,22,1480
9868,2022-02-14 14:16:39.164979,0.0,22,1294
9869,2022-02-14 14:18:50.103022,0.0,22,1294
9870,2022-02-14 14:44:54.664099,0.0,22,1294
9871,2022-02-14 14:56:31.843410,25.0,25,1444
9872,2022-02-14 15:00:38.490358,10.0,25,1444
9873,2022-02-14 15:01:34.034630,50.0,3,1482
9874,2022-02-14 15:01:34.044406,150.0,6,1424
9875,2022-02-14 15:01:34.044533,50.0,7,1482
9876,2022-02-14 15:01:45.757027,3.0,4,1482
9877,2022-02-14 15:02:52.104362,50.0,3,1483
9878,2022-02-14 15:02:52.116565,500.0,29,1483
9879,2022-02-14 15:03:00.422846,3.0,4,1483
9880,2022-02-14 15:04:19.308589,5.0,22,515
9881,2022-02-14 15:04:19.319140,200.0,10,515
9882,2022-02-14 15:37:27.251774,3.0,4,1441
9883,2022-02-14 15:38:27.324615,50.0,3,1484
9884,2022-02-14 15:38:51.986957,3.0,4,1484
9885,2022-02-14 15:39:37.563477,30.0,27,1484
9886,2022-02-14 15:45:28.326402,50.0,3,1485
9887,2022-02-14 15:45:36.388706,3.0,4,1485
9888,2022-02-14 15:59:27.523912,3.0,4,1009
9889,2022-02-14 16:02:04.079113,50.0,3,1486
9890,2022-02-14 16:02:08.074888,3.0,4,1486
9891,2022-02-14 16:04:17.182038,50.0,3,1487
9892,2022-02-14 16:04:38.240461,3.0,4,1487
9893,2022-02-14 16:06:31.499342,3.0,4,1439
9894,2022-02-14 16:14:34.056980,3.0,4,494
9895,2022-02-14 16:22:20.713567,50.0,3,1488
9896,2022-02-14 16:23:06.952080,3.0,4,1488
9897,2022-02-14 16:30:18.646221,5.0,22,1488
9898,2022-02-14 16:38:09.192294,5.0,22,494
9899,2022-02-14 16:44:43.229984,3.0,4,934
9900,2022-02-14 16:44:57.033268,3.0,4,1423
9901,2022-02-14 16:44:59.244555,35.0,23,934
9902,2022-02-14 16:49:19.186053,3.0,4,320
9903,2022-02-14 16:57:51.039725,10.0,22,934
9904,2022-02-14 17:07:02.182032,35.0,23,934
9905,2022-02-14 17:29:49.404654,3.0,4,909
9906,2022-02-14 17:29:57.638762,25.0,25,909
9907,2022-02-14 17:36:24.082732,10.0,22,934
9908,2022-02-14 17:37:27.475162,35.0,23,934
9909,2022-02-14 18:02:35.071557,5.0,22,1440
9910,2022-02-14 18:06:10.928918,3.0,4,502
9911,2022-02-14 18:08:37.174470,10.0,22,934
9912,2022-02-14 18:09:52.306131,45.0,23,934
9913,2022-02-14 18:11:25.503052,5.0,22,1439
9914,2022-02-14 18:13:47.214899,5.0,22,502
9915,2022-02-14 18:27:48.383352,5.0,22,934
9916,2022-02-14 18:29:44.020025,5.0,22,502
9917,2022-02-14 18:32:19.195687,45.0,23,502
9918,2022-02-14 18:38:12.157544,10.0,22,502
9919,2022-02-14 18:38:57.470909,35.0,23,502
9920,2022-02-14 18:45:13.065662,3.0,4,1015
9921,2022-02-14 19:12:26.620547,3.0,4,1238
9922,2022-02-14 19:17:03.710124,10.0,22,502
9923,2022-02-14 19:18:10.082282,3.0,4,1426
9924,2022-02-14 19:20:22.758769,50.0,3,1489
9925,2022-02-14 19:20:38.155160,3.0,4,1489
9926,2022-02-14 19:21:22.646927,45.0,23,1489
9927,2022-02-14 19:23:48.096932,30.0,27,1489
9928,2022-02-14 19:32:25.331182,50.0,3,1491
9929,2022-02-14 19:32:39.567925,3.0,4,1491
9930,2022-02-14 19:36:55.363711,35.0,23,1491
9931,2022-02-14 19:45:17.100845,50.0,3,1492
9932,2022-02-14 19:45:55.831191,3.0,4,1492
9933,2022-02-14 19:50:40.570186,5.0,22,1439
9934,2022-02-14 19:52:47.538089,50.0,3,1493
9935,2022-02-14 19:53:43.143145,3.0,4,1493
9936,2022-02-14 20:00:03.583477,5.0,22,1491
9937,2022-02-14 20:08:07.821349,50.0,3,1494
9938,2022-02-14 20:08:16.685301,3.0,4,1494
9939,2022-02-14 20:36:28.308858,50.0,3,1496
9940,2022-02-14 20:36:28.322168,150.0,6,1424
9941,2022-02-14 20:36:28.322301,50.0,7,1496
9942,2022-02-14 20:36:45.014054,3.0,4,1496
9943,2022-02-14 20:44:27.585196,45.0,23,934
9944,2022-02-14 20:48:32.126855,35.0,23,1488
9945,2022-02-14 20:49:10.711177,5.0,22,934
9946,2022-02-14 20:50:10.893524,45.0,23,934
9947,2022-02-14 20:56:53.404449,10.0,22,934
9948,2022-02-14 21:02:48.941703,10.0,22,1491
9949,2022-02-14 21:05:03.527752,50.0,3,1497
9950,2022-02-14 21:05:41.328950,3.0,4,1497
9951,2022-02-14 21:06:11.376111,30.0,27,1497
9952,2022-02-14 21:10:10.754664,50.0,3,1498
9953,2022-02-14 21:10:29.032675,3.0,4,1498
9954,2022-02-14 21:19:45.090217,5.0,24,934
9955,2022-02-14 21:20:16.430782,5.0,24,934
9956,2022-02-14 21:34:13.139065,5.0,22,1491
9957,2022-02-14 21:37:35.999408,10.0,22,1488
9958,2022-02-15 01:17:08.159466,50.0,3,1500
9959,2022-02-15 01:17:49.955599,3.0,4,1500
9960,2022-02-15 01:47:47.876684,50.0,3,1502
9961,2022-02-15 01:48:14.450328,3.0,4,1502
9962,2022-02-15 04:13:10.240674,3.0,4,494
9963,2022-02-15 04:50:54.114944,3.0,4,163
9964,2022-02-15 05:01:51.531782,5.0,24,163
9965,2022-02-15 05:20:22.461267,50.0,3,1504
9966,2022-02-15 05:20:39.009790,3.0,4,1504
9967,2022-02-15 05:21:21.603527,50.0,3,1505
9968,2022-02-15 05:21:47.225747,3.0,4,1505
9969,2022-02-15 05:30:48.042406,50.0,3,1506
9970,2022-02-15 05:31:07.764225,3.0,4,1506
9971,2022-02-15 05:32:19.984340,3.0,4,589
9972,2022-02-15 05:50:04.545614,3.0,4,1454
9973,2022-02-15 05:53:26.406493,3.0,4,954
9974,2022-02-15 05:59:11.413085,3.0,4,1294
9975,2022-02-15 06:02:05.016469,3.0,4,276
9976,2022-02-15 06:03:53.079444,3.0,4,1468
9977,2022-02-15 06:04:30.070316,3.0,4,515
9978,2022-02-15 06:32:05.490498,50.0,3,1507
9979,2022-02-15 06:32:17.975352,3.0,4,1507
9980,2022-02-15 06:40:24.020620,3.0,4,934
9981,2022-02-15 06:41:05.834473,50.0,3,1508
9982,2022-02-15 06:41:31.929258,3.0,4,1508
9983,2022-02-15 06:55:49.251877,3.0,4,586
9984,2022-02-15 07:11:01.880130,3.0,4,1397
9985,2022-02-15 07:20:51.683656,3.0,4,1496
9986,2022-02-15 07:24:56.946731,10.0,22,586
9987,2022-02-15 07:25:46.531260,15.0,25,586
9988,2022-02-15 07:36:20.909639,5.0,24,1508
9989,2022-02-15 07:36:32.256298,5.0,24,1508
9990,2022-02-15 07:36:43.664240,5.0,24,1508
9991,2022-02-15 07:37:44.506060,20.0,25,163
9992,2022-02-15 07:39:24.274846,20.0,22,163
9993,2022-02-15 07:56:37.935884,3.0,4,1318
9994,2022-02-15 08:06:57.513593,3.0,4,649
9995,2022-02-15 08:11:53.068926,50.0,3,1510
9996,2022-02-15 08:12:02.348125,50.0,3,1511
9997,2022-02-15 08:12:08.060959,3.0,4,1510
9998,2022-02-15 08:13:01.324069,25.0,25,1510
9999,2022-02-15 08:13:26.632751,35.0,23,163
10000,2022-02-15 08:13:46.050875,3.0,4,1511
10001,2022-02-15 08:15:37.706154,25.0,25,1508
10002,2022-02-15 08:22:05.377962,3.0,4,292
10003,2022-02-15 08:26:24.823780,3.0,4,1453
10004,2022-02-15 08:35:54.113896,10.0,22,1468
10005,2022-02-15 08:37:15.853647,3.0,4,1483
10006,2022-02-15 08:46:50.189038,3.0,4,438
10007,2022-02-15 08:52:29.390025,5.0,22,1510
10008,2022-02-15 08:53:35.118664,10.0,25,1510
10009,2022-02-15 09:11:33.333263,3.0,4,1488
10010,2022-02-15 09:33:35.942264,10.0,22,1488
10011,2022-02-15 09:50:14.857667,3.0,4,815
10012,2022-02-15 09:57:28.663536,3.0,4,1423
10013,2022-02-15 09:57:52.141728,5.0,22,1488
10014,2022-02-15 09:58:05.517215,50.0,3,1513
10015,2022-02-15 09:58:05.528735,150.0,6,1424
10016,2022-02-15 09:58:05.528892,50.0,7,1513
10017,2022-02-15 09:58:22.426973,3.0,4,1513
10018,2022-02-15 10:01:04.560989,30.0,27,1513
10019,2022-02-15 10:12:01.666570,5.0,22,1513
10020,2022-02-15 10:12:48.941027,0.0,22,1423
10021,2022-02-15 10:23:16.147204,20.0,25,1513
10022,2022-02-15 10:25:10.591182,20.0,22,1513
10023,2022-02-15 10:30:41.868744,50.0,3,1514
10024,2022-02-15 10:31:19.759350,3.0,4,1514
10025,2022-02-15 10:35:02.884624,3.0,4,570
10026,2022-02-15 10:38:35.156871,5.0,22,570
10027,2022-02-15 10:38:42.255342,10.0,25,570
10028,2022-02-15 10:51:30.138039,3.0,4,1440
10029,2022-02-15 10:52:28.813524,3.0,4,868
10030,2022-02-15 10:57:48.185514,50.0,3,1515
10031,2022-02-15 10:58:03.480996,3.0,4,1515
10032,2022-02-15 11:14:51.340439,3.0,4,1393
10033,2022-02-15 11:30:22.430101,3.0,4,219
10034,2022-02-15 11:32:43.008717,3.0,4,1427
10035,2022-02-15 11:41:30.211826,0.0,22,1423
10036,2022-02-15 12:28:33.989086,50.0,3,1517
10037,2022-02-15 12:28:51.068962,3.0,4,1517
10038,2022-02-15 13:10:13.470778,5.0,22,292
10039,2022-02-15 13:10:40.381930,5.0,24,292
10040,2022-02-15 13:21:23.391716,3.0,4,43
10041,2022-02-15 13:24:59.807077,5.0,24,43
10042,2022-02-15 13:25:20.910724,20.0,25,43
10043,2022-02-15 14:12:21.186982,35.0,23,934
10044,2022-02-15 14:18:43.822919,10.0,22,934
10045,2022-02-15 14:20:14.827430,45.0,23,934
10046,2022-02-15 14:29:33.245682,45.0,23,1483
10047,2022-02-15 14:29:50.846535,10.0,22,934
10048,2022-02-15 14:32:07.761927,50.0,3,1521
10049,2022-02-15 14:32:47.974674,3.0,4,1521
10050,2022-02-15 14:44:02.164994,3.0,4,1401
10051,2022-02-15 15:05:59.608307,3.0,4,50
10052,2022-02-15 15:19:56.487046,3.0,4,961
10053,2022-02-15 15:21:19.990724,50.0,3,1522
10054,2022-02-15 15:21:51.230007,3.0,4,1522
10055,2022-02-15 15:28:50.539930,3.0,4,502
10056,2022-02-15 15:39:12.592394,5.0,24,502
10057,2022-02-15 15:39:39.608938,5.0,24,502
10058,2022-02-15 15:45:17.028182,5.0,24,934
10059,2022-02-15 15:45:30.079603,5.0,24,934
10060,2022-02-15 15:54:15.571733,50.0,3,1524
10061,2022-02-15 15:54:41.707417,3.0,4,1524
10062,2022-02-15 15:57:18.297090,3.0,4,1009
10063,2022-02-15 16:06:49.861728,0.0,22,1423
10064,2022-02-15 16:15:13.793635,3.0,4,444
10065,2022-02-15 16:19:52.438076,3.0,4,63
10066,2022-02-15 16:24:48.987983,3.0,4,1194
10067,2022-02-15 17:12:34.081869,50.0,3,1525
10068,2022-02-15 17:13:05.233970,3.0,4,1525
10069,2022-02-15 18:06:38.226683,0.0,22,1423
10070,2022-02-15 18:13:01.689831,0.0,22,1423
10071,2022-02-15 18:13:01.705570,100.0,9,1423
10072,2022-02-15 18:24:36.286446,5.0,24,502
10073,2022-02-15 18:25:10.448602,5.0,24,502
10074,2022-02-15 18:25:43.037593,50.0,3,1526
10075,2022-02-15 18:26:07.246665,3.0,4,1526
10076,2022-02-15 18:30:05.407348,10.0,22,502
10077,2022-02-15 18:41:17.583854,5.0,24,502
10078,2022-02-15 18:41:30.844670,5.0,24,502
10079,2022-02-15 18:42:08.108448,5.0,24,502
10080,2022-02-15 18:50:16.391473,10.0,22,502
10081,2022-02-15 18:50:18.939269,3.0,4,1185
10082,2022-02-15 18:59:23.793476,5.0,24,502
10083,2022-02-15 18:59:30.864827,5.0,24,502
10084,2022-02-15 19:01:40.872940,3.0,4,1030
10085,2022-02-15 19:06:16.526690,10.0,22,502
10086,2022-02-15 19:17:05.745731,50.0,3,1527
10087,2022-02-15 19:17:12.689400,3.0,4,1527
10088,2022-02-15 19:17:39.001619,45.0,23,1527
10089,2022-02-15 19:37:29.917442,0.0,22,1294
10090,2022-02-15 19:40:20.071507,3.0,4,1491
10091,2022-02-15 19:48:19.602466,3.0,4,203
10092,2022-02-15 19:58:04.800724,50.0,3,1528
10093,2022-02-15 19:59:54.743397,3.0,4,1528
10094,2022-02-15 20:04:31.260555,3.0,4,1469
10095,2022-02-15 20:15:16.666847,30.0,27,438
10096,2022-02-15 20:18:05.938309,25.0,27,438
10097,2022-02-15 20:24:39.422999,45.0,23,438
10098,2022-02-15 20:27:23.931571,5.0,22,438
10099,2022-02-15 20:32:40.934138,15.0,25,438
10100,2022-02-15 20:33:10.211257,10.0,22,438
10101,2022-02-15 20:37:20.923814,5.0,22,438
10102,2022-02-15 20:39:20.153196,45.0,23,438
10103,2022-02-15 20:43:00.704570,5.0,22,438
10104,2022-02-15 20:46:57.110065,5.0,22,438
10105,2022-02-15 20:49:21.339080,10.0,25,438
10106,2022-02-15 20:50:32.383282,5.0,22,438
10107,2022-02-15 20:52:17.650203,10.0,25,438
10108,2022-02-15 20:52:42.368654,5.0,22,438
10109,2022-02-15 20:54:14.115295,10.0,25,438
10110,2022-02-15 20:54:50.214957,5.0,22,438
10111,2022-02-15 20:56:55.336896,55.0,23,438
10112,2022-02-15 21:01:53.880360,10.0,22,438
10113,2022-02-15 21:02:53.517505,10.0,25,438
10114,2022-02-15 21:03:13.774442,5.0,22,438
10115,2022-02-15 21:03:55.775980,30.0,27,438
10116,2022-02-15 21:12:57.642656,50.0,3,1529
10117,2022-02-15 21:12:57.659702,150.0,6,438
10118,2022-02-15 21:12:57.659912,50.0,7,1529
10119,2022-02-15 21:13:19.788408,3.0,4,1529
10120,2022-02-15 21:15:57.779879,50.0,3,1530
10121,2022-02-15 21:16:17.517616,3.0,4,1530
10122,2022-02-15 21:49:03.972014,3.0,4,121
10123,2022-02-15 21:54:16.615855,50.0,3,1533
10124,2022-02-15 21:54:32.944441,3.0,4,1533
10125,2022-02-15 22:39:23.257266,50.0,3,1534
10126,2022-02-15 22:39:43.387851,3.0,4,1534
10127,2022-02-15 23:24:55.666842,3.0,4,470
10128,2022-02-15 23:25:26.454614,30.0,12,438
10129,2022-02-15 23:56:45.378018,100.0,13,438
10130,2022-02-16 00:00:04.172625,3.0,4,438
10131,2022-02-16 00:05:44.407046,15.0,25,438
10132,2022-02-16 00:06:08.765731,10.0,22,438
10133,2022-02-16 00:06:54.913886,25.0,25,438
10134,2022-02-16 00:22:12.382298,3.0,4,1533
10135,2022-02-16 01:01:28.323474,50.0,3,1535
10136,2022-02-16 01:01:36.342006,3.0,4,1535
10137,2022-02-16 03:16:26.239556,3.0,4,163
10138,2022-02-16 03:16:35.083298,10.0,22,163
10139,2022-02-16 04:35:19.298635,3.0,4,203
10140,2022-02-16 04:36:55.239396,3.0,4,1194
10141,2022-02-16 04:48:55.203159,5.0,22,203
10142,2022-02-16 05:11:49.554780,3.0,4,815
10143,2022-02-16 05:21:21.361988,3.0,4,1423
10144,2022-02-16 05:32:30.420757,5.0,22,815
10145,2022-02-16 05:32:30.433832,100.0,9,815
10146,2022-02-16 05:37:43.510782,3.0,4,649
10147,2022-02-16 05:55:35.828313,50.0,3,1536
10148,2022-02-16 05:56:45.987734,3.0,4,1536
10149,2022-02-16 05:59:07.168233,3.0,4,1318
10150,2022-02-16 06:17:58.164574,5.0,22,815
10151,2022-02-16 06:26:41.131880,3.0,4,954
10152,2022-02-16 06:39:14.754426,5.0,22,815
10153,2022-02-16 07:00:57.293094,3.0,4,494
10154,2022-02-16 07:05:17.023009,5.0,22,815
10155,2022-02-16 07:11:31.244867,5.0,22,494
10156,2022-02-16 07:21:50.194916,3.0,4,746
10157,2022-02-16 07:25:11.499960,50.0,3,1537
10158,2022-02-16 07:25:21.993216,3.0,4,1537
10159,2022-02-16 07:47:12.294863,3.0,4,1067
10160,2022-02-16 07:56:03.879918,3.0,4,1454
10161,2022-02-16 08:19:19.080087,3.0,4,50
10162,2022-02-16 08:40:41.152779,50.0,3,1538
10163,2022-02-16 08:41:06.804276,3.0,4,1538
10164,2022-02-16 09:02:05.064202,50.0,3,1539
10165,2022-02-16 09:03:01.174500,3.0,4,1539
10166,2022-02-16 09:04:04.609692,35.0,23,1539
10167,2022-02-16 09:26:45.331405,45.0,23,163
10168,2022-02-16 09:28:37.045410,3.0,4,1483
10169,2022-02-16 09:29:58.173272,3.0,4,63
10170,2022-02-16 09:35:18.283868,10.0,22,163
10171,2022-02-16 09:35:18.304627,30.0,8,163
10172,2022-02-16 09:42:41.368534,5.0,22,203
10173,2022-02-16 10:02:11.582310,3.0,4,515
10174,2022-02-16 10:42:35.097401,50.0,3,1543
10175,2022-02-16 10:42:49.036353,3.0,4,1543
10176,2022-02-16 10:48:58.124945,10.0,22,1543
10177,2022-02-16 10:50:12.226670,3.0,4,1427
10178,2022-02-16 10:52:32.788941,3.0,4,1420
10179,2022-02-16 10:56:02.556257,5.0,22,1427
10180,2022-02-16 10:58:22.529560,5.0,22,1427
10181,2022-02-16 11:03:53.879143,5.0,22,1427
10182,2022-02-16 11:03:54.066101,3.0,4,509
10183,2022-02-16 11:04:31.854655,3.0,4,132
10184,2022-02-16 11:06:36.389338,5.0,22,1427
10185,2022-02-16 11:08:10.673241,5.0,22,1427
10186,2022-02-16 11:08:10.686439,30.0,8,1427
10187,2022-02-16 11:09:11.519614,5.0,22,1427
10188,2022-02-16 11:24:01.720850,5.0,22,1543
10189,2022-02-16 11:24:12.187045,10.0,25,1543
10190,2022-02-16 11:38:09.486228,3.0,4,1209
10191,2022-02-16 11:44:00.218605,50.0,3,1544
10192,2022-02-16 11:44:22.512893,3.0,4,1544
10193,2022-02-16 12:03:04.557549,10.0,22,1543
10194,2022-02-16 12:35:09.416753,50.0,3,1545
10195,2022-02-16 12:35:14.936020,3.0,4,1545
10196,2022-02-16 12:38:15.924323,50.0,3,1546
10197,2022-02-16 12:38:37.508001,3.0,4,1546
10198,2022-02-16 13:09:58.757990,25.0,25,1544
10199,2022-02-16 13:13:16.487113,50.0,3,1547
10200,2022-02-16 13:14:23.141035,0.0,22,1546
10201,2022-02-16 13:14:43.613906,3.0,4,1547
10202,2022-02-16 13:18:23.301897,0.0,22,1546
10203,2022-02-16 13:18:31.412701,5.0,22,1544
10204,2022-02-16 13:20:37.795935,3.0,4,861
10205,2022-02-16 13:20:50.278486,5.0,22,1547
10206,2022-02-16 13:29:48.894479,0.0,22,1546
10207,2022-02-16 13:31:43.221646,0.0,22,1546
10208,2022-02-16 13:35:38.806028,0.0,22,1546
10209,2022-02-16 13:35:38.819949,30.0,8,1546
10210,2022-02-16 13:40:54.962176,10.0,25,1544
10211,2022-02-16 13:41:39.068067,10.0,25,63
10212,2022-02-16 13:42:30.571941,50.0,3,1548
10213,2022-02-16 13:42:58.781938,3.0,4,644
10214,2022-02-16 13:48:03.200198,3.0,4,1548
10215,2022-02-16 13:55:22.476576,10.0,25,63
10216,2022-02-16 14:01:20.989249,5.0,22,63
10217,2022-02-16 14:07:10.603204,5.0,22,1544
10218,2022-02-16 14:12:31.855096,5.0,22,1543
10219,2022-02-16 14:15:29.926562,5.0,22,1543
10220,2022-02-16 14:15:29.943711,30.0,8,1543
10221,2022-02-16 14:18:00.251473,100.0,2,1544
10222,2022-02-16 14:18:20.507430,25.0,23,1544
10223,2022-02-16 14:22:12.964931,25.0,23,1543
10224,2022-02-16 14:31:49.841380,5.0,22,1544
10225,2022-02-16 14:36:05.975912,0.0,22,1546
10226,2022-02-16 14:37:30.389267,50.0,3,1549
10227,2022-02-16 14:37:57.781519,3.0,4,1549
10228,2022-02-16 14:38:03.167298,45.0,23,1549
10229,2022-02-16 14:39:56.397880,3.0,4,1447
10230,2022-02-16 14:46:19.380582,25.0,25,1447
10231,2022-02-16 14:46:48.264471,3.0,4,73
10232,2022-02-16 14:48:46.877917,50.0,3,1550
10233,2022-02-16 14:48:53.677090,3.0,4,1550
10234,2022-02-16 14:53:55.134288,50.0,3,1551
10235,2022-02-16 14:54:17.060404,3.0,4,1551
10236,2022-02-16 15:01:25.575442,3.0,4,1280
10237,2022-02-16 15:03:49.094308,50.0,3,1552
10238,2022-02-16 15:04:15.283717,3.0,4,1552
10239,2022-02-16 15:04:55.530530,50.0,3,1553
10240,2022-02-16 15:05:03.916713,10.0,22,1447
10241,2022-02-16 15:05:12.902512,3.0,4,1553
10242,2022-02-16 15:09:05.779785,50.0,3,1554
10243,2022-02-16 15:09:31.965322,3.0,4,1554
10244,2022-02-16 15:10:03.572477,45.0,23,1553
10245,2022-02-16 15:10:14.554701,45.0,23,1554
10246,2022-02-16 15:15:56.615428,20.0,22,1553
10247,2022-02-16 15:16:24.760681,0.0,22,1546
10248,2022-02-16 15:22:39.052098,20.0,22,1554
10249,2022-02-16 15:23:49.761707,5.0,24,1554
10250,2022-02-16 15:24:44.262683,20.0,25,1554
10251,2022-02-16 15:25:52.113510,0.0,22,1546
10252,2022-02-16 15:27:05.374974,50.0,3,1555
10253,2022-02-16 15:27:26.303688,3.0,4,1555
10254,2022-02-16 15:34:22.434701,0.0,22,1546
10255,2022-02-16 15:36:00.324886,3.0,4,1237
10256,2022-02-16 15:37:25.173487,25.0,23,1237
10257,2022-02-16 15:38:31.750748,0.0,22,1546
10258,2022-02-16 15:38:31.763533,100.0,9,1546
10259,2022-02-16 15:41:59.976684,0.0,22,1546
10260,2022-02-16 15:55:00.997562,3.0,4,1458
10261,2022-02-16 16:05:14.841053,10.0,22,1458
10262,2022-02-16 16:06:20.863603,35.0,23,1458
10263,2022-02-16 16:11:45.658578,50.0,3,1558
10264,2022-02-16 16:11:50.415444,3.0,4,1558
10265,2022-02-16 16:11:58.968045,20.0,25,1558
10266,2022-02-16 16:14:36.006037,50.0,3,1495
10267,2022-02-16 16:15:47.527614,3.0,4,1495
10268,2022-02-16 16:20:40.705090,50.0,3,1559
10269,2022-02-16 16:20:50.392261,3.0,4,1559
10270,2022-02-16 16:22:16.067093,50.0,3,1560
10271,2022-02-16 16:22:37.027880,3.0,4,1560
10272,2022-02-16 16:22:45.025647,50.0,3,1561
10273,2022-02-16 16:24:18.584375,3.0,4,1439
10274,2022-02-16 16:25:01.130837,3.0,4,1561
10275,2022-02-16 16:25:05.632011,30.0,27,1561
10276,2022-02-16 16:26:02.236898,10.0,22,1209
10277,2022-02-16 16:26:22.370402,50.0,3,1562
10278,2022-02-16 16:26:42.150334,3.0,4,1562
10279,2022-02-16 16:31:45.125690,15.0,25,1447
10280,2022-02-16 16:32:20.861744,10.0,25,63
10281,2022-02-16 16:32:49.101857,50.0,3,1563
10282,2022-02-16 16:33:28.289049,3.0,4,1563
10283,2022-02-16 16:36:17.865069,10.0,22,1439
10284,2022-02-16 16:36:17.881540,30.0,8,1439
10285,2022-02-16 16:41:03.778892,50.0,3,1564
10286,2022-02-16 16:41:03.790383,150.0,6,1439
10287,2022-02-16 16:41:03.790560,50.0,7,1564
10288,2022-02-16 16:42:18.626531,5.0,22,1209
10289,2022-02-16 16:44:16.628329,3.0,4,1009
10290,2022-02-16 16:45:38.439790,25.0,23,1209
10291,2022-02-16 16:48:18.905898,5.0,22,1209
10292,2022-02-16 16:48:18.923107,30.0,8,1209
10293,2022-02-16 16:56:01.416724,3.0,4,1137
10294,2022-02-16 16:56:11.242516,50.0,3,1565
10295,2022-02-16 16:56:51.985098,5.0,22,1439
10296,2022-02-16 16:57:08.587638,3.0,4,1565
10297,2022-02-16 17:03:23.687845,3.0,4,43
10298,2022-02-16 17:03:26.317577,0.0,27,43
10299,2022-02-16 17:07:24.675639,3.0,4,258
10300,2022-02-16 17:17:34.315125,10.0,22,1458
10301,2022-02-16 17:21:39.148322,5.0,22,1458
10302,2022-02-16 17:22:13.558047,45.0,23,1458
10303,2022-02-16 17:35:46.090885,50.0,3,1566
10304,2022-02-16 17:36:08.876451,3.0,4,1566
10305,2022-02-16 17:36:39.320828,25.0,25,1566
10306,2022-02-16 17:41:55.207167,5.0,22,1439
10307,2022-02-16 17:48:56.772479,3.0,4,502
10308,2022-02-16 17:50:09.689373,45.0,23,502
10309,2022-02-16 17:53:59.942801,3.0,4,1488
10310,2022-02-16 17:55:07.519822,5.0,22,502
10311,2022-02-16 17:55:43.769676,45.0,23,502
10312,2022-02-16 18:03:26.250982,50.0,3,1567
10313,2022-02-16 18:03:48.638233,3.0,4,1567
10314,2022-02-16 18:14:39.638391,50.0,3,1568
10315,2022-02-16 18:14:55.715856,3.0,4,1568
10316,2022-02-16 18:15:06.507631,45.0,23,1568
10317,2022-02-16 18:21:45.781106,10.0,22,1567
10318,2022-02-16 18:23:17.144385,5.0,22,502
10319,2022-02-16 18:23:17.164630,200.0,10,502
10320,2022-02-16 18:23:42.368713,25.0,23,502
10321,2022-02-16 18:24:36.901277,35.0,23,1567
10322,2022-02-16 18:25:25.193645,50.0,3,1569
10323,2022-02-16 18:25:50.530229,3.0,4,1569
10324,2022-02-16 18:27:14.723467,20.0,22,1568
10325,2022-02-16 18:28:39.576750,50.0,3,1570
10326,2022-02-16 18:29:11.317807,15.0,22,1458
10327,2022-02-16 18:29:46.691318,3.0,4,1570
10328,2022-02-16 18:30:14.373818,45.0,23,1569
10329,2022-02-16 18:30:31.240323,3.0,4,1506
10330,2022-02-16 18:36:15.108469,10.0,22,1570
10331,2022-02-16 18:40:11.678619,20.0,22,1569
10332,2022-02-16 18:41:19.988349,0.0,22,258
10333,2022-02-16 18:43:56.871066,5.0,22,502
10334,2022-02-16 18:47:10.707416,50.0,3,1571
10335,2022-02-16 18:47:25.389405,3.0,4,1571
10336,2022-02-16 18:47:43.420525,45.0,23,1571
10337,2022-02-16 18:50:18.213869,3.0,4,1296
10338,2022-02-16 18:51:52.602563,3.0,4,1510
10339,2022-02-16 18:54:37.805463,5.0,24,1296
10340,2022-02-16 18:55:40.016420,5.0,22,502
10341,2022-02-16 19:00:11.977121,50.0,3,1572
10342,2022-02-16 19:00:18.054892,3.0,4,1572
10343,2022-02-16 19:01:14.488589,5.0,22,502
10344,2022-02-16 19:04:18.296829,10.0,25,1510
10345,2022-02-16 19:10:17.606439,50.0,3,1573
10346,2022-02-16 19:10:50.334161,3.0,4,1573
10347,2022-02-16 19:17:39.259232,50.0,3,1574
10348,2022-02-16 19:18:05.470593,3.0,4,1574
10349,2022-02-16 19:18:51.698926,50.0,3,1575
10350,2022-02-16 19:19:14.193465,3.0,4,1575
10351,2022-02-16 19:26:45.253066,3.0,4,1294
10352,2022-02-16 19:26:45.262335,30.0,5,1294
10353,2022-02-16 19:30:50.146467,50.0,3,1576
10354,2022-02-16 19:30:55.438700,3.0,4,1576
10355,2022-02-16 19:42:54.772587,35.0,23,509
10356,2022-02-16 19:43:46.610514,5.0,22,509
10357,2022-02-16 19:45:31.335646,10.0,22,1510
10358,2022-02-16 19:47:15.133103,35.0,23,509
10359,2022-02-16 19:47:45.828408,5.0,22,509
10360,2022-02-16 19:53:02.697047,3.0,4,176
10361,2022-02-16 19:53:08.601245,50.0,3,1577
10362,2022-02-16 19:53:30.678269,3.0,4,1577
10363,2022-02-16 19:54:32.862443,25.0,23,1577
10364,2022-02-16 19:55:45.337212,5.0,22,509
10365,2022-02-16 20:00:52.747098,35.0,23,438
10366,2022-02-16 20:01:34.246935,5.0,22,438
10367,2022-02-16 20:02:21.526605,5.0,22,1577
10368,2022-02-16 20:08:31.261316,45.0,23,509
10369,2022-02-16 20:09:18.163756,3.0,4,1015
10370,2022-02-16 20:10:42.555545,45.0,23,1015
10371,2022-02-16 20:16:42.804847,50.0,3,1578
10372,2022-02-16 20:17:23.047497,3.0,4,1578
10373,2022-02-16 20:21:19.771525,50.0,3,1579
10374,2022-02-16 20:21:32.747469,3.0,4,1579
10375,2022-02-16 20:31:02.902859,5.0,22,509
10376,2022-02-16 20:37:32.377382,35.0,23,509
10377,2022-02-16 20:38:08.361155,5.0,22,509
10378,2022-02-16 20:44:37.463647,5.0,22,1495
10379,2022-02-16 20:48:45.045409,20.0,22,1579
10380,2022-02-16 20:56:53.851990,10.0,22,1579
10381,2022-02-16 21:24:01.679538,15.0,25,1579
10382,2022-02-16 22:18:03.975134,50.0,3,1581
10383,2022-02-16 22:18:10.653280,3.0,4,1581
10384,2022-02-17 00:05:22.453553,50.0,3,1582
10385,2022-02-17 00:05:29.408966,3.0,4,1582
10386,2022-02-17 00:13:49.730164,10.0,22,1582
10387,2022-02-17 00:55:12.335226,50.0,3,1583
10388,2022-02-17 00:55:32.602537,3.0,4,1583
10389,2022-02-17 01:00:09.570454,50.0,3,1584
10390,2022-02-17 01:00:26.420989,3.0,4,1584
10391,2022-02-17 01:18:59.175567,5.0,22,1583
10392,2022-02-17 01:32:03.625695,10.0,25,1583
10393,2022-02-17 01:34:33.481924,5.0,22,1583
10394,2022-02-17 01:50:10.975209,50.0,3,1585
10395,2022-02-17 01:50:47.257147,3.0,4,1585
10396,2022-02-17 01:54:38.851680,50.0,3,1586
10397,2022-02-17 01:55:51.932916,3.0,4,1586
10398,2022-02-17 02:00:43.358540,50.0,3,1587
10399,2022-02-17 02:01:18.090601,3.0,4,1587
10400,2022-02-17 03:10:58.700609,10.0,22,1587
10401,2022-02-17 03:14:48.765647,50.0,3,1588
10402,2022-02-17 03:23:48.116685,3.0,4,1588
10403,2022-02-17 03:26:07.095986,50.0,3,1589
10404,2022-02-17 03:26:25.857131,3.0,4,1589
10405,2022-02-17 03:33:40.386874,3.0,4,163
10406,2022-02-17 03:34:01.095427,5.0,22,163
10407,2022-02-17 03:38:23.379590,15.0,25,1583
10408,2022-02-17 03:38:39.099544,10.0,22,1583
10409,2022-02-17 03:49:13.163479,3.0,4,815
10410,2022-02-17 03:49:43.343975,10.0,22,1589
10411,2022-02-17 03:59:17.529913,50.0,3,1590
10412,2022-02-17 03:59:24.750178,3.0,4,1590
10413,2022-02-17 04:03:45.356287,5.0,22,815
10414,2022-02-17 04:13:47.528571,10.0,22,1590
10415,2022-02-17 04:22:50.300775,10.0,22,1583
10416,2022-02-17 04:30:19.243440,3.0,4,1194
10417,2022-02-17 04:33:32.480243,5.0,22,1583
10418,2022-02-17 04:33:32.490852,30.0,8,1583
10419,2022-02-17 04:39:19.213581,50.0,3,1593
10420,2022-02-17 04:40:29.603886,3.0,4,1593
10421,2022-02-17 04:40:47.220877,50.0,3,1594
10422,2022-02-17 04:40:57.503146,3.0,4,1594
10423,2022-02-17 04:49:15.533737,50.0,3,1595
10424,2022-02-17 04:49:39.926591,3.0,4,1595
10425,2022-02-17 04:58:09.868707,50.0,3,1597
10426,2022-02-17 04:58:30.087076,3.0,4,1597
10427,2022-02-17 04:59:46.995035,50.0,3,1598
10428,2022-02-17 04:59:58.676625,3.0,4,1598
10429,2022-02-17 05:00:06.668457,45.0,23,1598
10430,2022-02-17 05:02:41.810576,5.0,22,1589
10431,2022-02-17 05:05:01.502229,50.0,3,1599
10432,2022-02-17 05:05:16.907533,3.0,4,1599
10433,2022-02-17 05:05:51.248486,45.0,23,1599
10434,2022-02-17 05:09:23.281194,15.0,25,1583
10435,2022-02-17 05:09:34.307374,50.0,3,1600
10436,2022-02-17 05:10:20.611548,3.0,4,1600
10437,2022-02-17 05:10:57.248843,5.0,22,1589
10438,2022-02-17 05:16:49.032966,50.0,3,1601
10439,2022-02-17 05:17:04.505142,3.0,4,1601
10440,2022-02-17 05:17:45.228518,45.0,23,1601
10441,2022-02-17 05:20:29.351246,3.0,4,1571
10442,2022-02-17 05:21:27.876056,10.0,25,1600
10443,2022-02-17 05:22:11.936437,5.0,22,1600
10444,2022-02-17 05:26:04.530362,20.0,22,1598
10445,2022-02-17 05:27:10.037521,20.0,22,1571
10446,2022-02-17 05:27:29.812264,20.0,22,1599
10447,2022-02-17 05:30:01.253864,45.0,23,1600
10448,2022-02-17 05:32:28.048288,20.0,22,1598
10449,2022-02-17 05:44:19.132159,50.0,3,1602
10450,2022-02-17 05:44:25.386389,3.0,4,1602
10451,2022-02-17 05:49:48.977667,10.0,22,1589
10452,2022-02-17 05:59:57.375306,50.0,3,1603
10453,2022-02-17 06:00:05.130111,3.0,4,1603
10454,2022-02-17 06:02:19.421528,5.0,24,1594
10455,2022-02-17 06:02:35.580243,20.0,25,1594
10456,2022-02-17 06:03:37.805391,50.0,3,1604
10457,2022-02-17 06:04:18.232307,3.0,4,1604
10458,2022-02-17 06:07:44.444517,20.0,22,1600
10459,2022-02-17 06:08:31.639507,50.0,3,1606
10460,2022-02-17 06:08:50.272870,3.0,4,1606
10461,2022-02-17 06:19:05.626937,50.0,3,1607
10462,2022-02-17 06:19:13.576022,3.0,4,1607
10463,2022-02-17 06:21:07.170831,50.0,3,1608
10464,2022-02-17 06:21:15.789648,3.0,4,1608
10465,2022-02-17 06:38:55.136217,50.0,3,1609
10466,2022-02-17 06:39:23.589192,3.0,4,1609
10467,2022-02-17 06:44:50.971332,3.0,4,241
10468,2022-02-17 06:47:22.167707,10.0,22,1600
10469,2022-02-17 06:48:02.845147,5.0,22,1589
10470,2022-02-17 06:48:02.858727,30.0,8,1589
10471,2022-02-17 06:50:08.737586,3.0,4,649
10472,2022-02-17 06:51:03.685104,50.0,3,1610
10473,2022-02-17 06:51:15.077568,3.0,4,1610
10474,2022-02-17 06:52:21.371871,20.0,22,1589
10475,2022-02-17 06:54:37.780418,50.0,3,1611
10476,2022-02-17 06:55:27.151280,3.0,4,1611
10477,2022-02-17 06:57:45.771347,5.0,22,1610
10478,2022-02-17 06:59:49.528491,50.0,3,1613
10479,2022-02-17 07:00:00.070958,3.0,4,1613
10480,2022-02-17 07:00:27.521659,20.0,22,1609
10481,2022-02-17 07:03:23.627675,5.0,22,1610
10482,2022-02-17 07:09:00.258560,3.0,4,1581
10483,2022-02-17 07:10:54.615305,50.0,3,1614
10484,2022-02-17 07:11:09.828681,3.0,4,1614
10485,2022-02-17 07:11:58.958143,45.0,23,1614
10486,2022-02-17 07:14:45.108152,10.0,22,1610
10487,2022-02-17 07:15:41.227701,3.0,4,1544
10488,2022-02-17 07:21:21.535152,50.0,3,1615
10489,2022-02-17 07:21:39.954331,3.0,4,1615
10490,2022-02-17 07:22:38.719419,50.0,3,1616
10491,2022-02-17 07:23:27.178523,3.0,4,1616
10492,2022-02-17 07:24:30.793851,50.0,3,1617
10493,2022-02-17 07:24:33.546078,3.0,4,1617
10494,2022-02-17 07:26:50.109680,3.0,4,63
10495,2022-02-17 07:26:57.387198,10.0,22,1617
10496,2022-02-17 07:27:29.759828,5.0,22,1616
10497,2022-02-17 07:27:32.623454,35.0,23,63
10498,2022-02-17 07:27:58.067140,50.0,3,1618
10499,2022-02-17 07:28:00.729624,3.0,4,1618
10500,2022-02-17 07:28:32.896680,35.0,23,1617
10501,2022-02-17 07:31:00.207675,20.0,25,63
10502,2022-02-17 07:31:17.256554,3.0,4,1209
10503,2022-02-17 07:33:32.099602,50.0,3,1619
10504,2022-02-17 07:33:51.663137,3.0,4,1619
10505,2022-02-17 07:34:44.008452,20.0,25,1615
10506,2022-02-17 07:34:44.106283,35.0,23,1619
10507,2022-02-17 07:35:28.447842,10.0,22,1615
10508,2022-02-17 07:36:28.575438,5.0,22,1611
10509,2022-02-17 07:38:19.746509,10.0,22,1617
10510,2022-02-17 07:38:48.169315,3.0,4,1427
10511,2022-02-17 07:40:23.815451,5.0,22,163
10512,2022-02-17 07:46:00.025520,50.0,3,1620
10513,2022-02-17 07:46:05.964759,3.0,4,1100
10514,2022-02-17 07:46:22.358991,3.0,4,1620
10515,2022-02-17 07:47:16.153414,45.0,23,1616
10516,2022-02-17 07:47:59.039541,50.0,3,1621
10517,2022-02-17 07:48:11.333980,5.0,22,1619
10518,2022-02-17 07:48:35.236837,3.0,4,1621
10519,2022-02-17 07:48:51.428616,30.0,27,1621
10520,2022-02-17 07:55:20.200926,5.0,22,1589
10521,2022-02-17 08:03:31.459555,50.0,3,1622
10522,2022-02-17 08:03:43.662104,3.0,4,1622
10523,2022-02-17 08:12:08.185980,20.0,22,1616
10524,2022-02-17 08:14:26.368452,3.0,4,586
10525,2022-02-17 08:18:03.733158,10.0,22,1611
10526,2022-02-17 08:18:13.888444,50.0,3,1623
10527,2022-02-17 08:18:49.537599,3.0,4,1623
10528,2022-02-17 08:19:03.287094,10.0,25,63
10529,2022-02-17 08:19:07.995569,35.0,23,1611
10530,2022-02-17 08:19:41.132716,50.0,3,1625
10531,2022-02-17 08:19:54.798609,3.0,4,1625
10532,2022-02-17 08:21:24.167741,50.0,3,1624
10533,2022-02-17 08:22:07.953023,3.0,4,1624
10534,2022-02-17 08:25:38.545736,50.0,3,1626
10535,2022-02-17 08:25:47.443217,3.0,4,1626
10536,2022-02-17 08:27:17.783879,5.0,22,815
10537,2022-02-17 08:28:40.815787,50.0,3,1627
10538,2022-02-17 08:29:29.822065,3.0,4,1627
10539,2022-02-17 08:33:25.130883,45.0,23,63
10540,2022-02-17 08:34:06.856980,10.0,22,1626
10541,2022-02-17 08:40:34.548274,50.0,3,1628
10542,2022-02-17 08:40:40.059783,3.0,4,1628
10543,2022-02-17 08:41:19.053542,5.0,24,1628
10544,2022-02-17 08:41:33.569913,5.0,24,1628
10545,2022-02-17 08:41:52.167326,20.0,25,1628
10546,2022-02-17 08:42:58.524838,50.0,3,1629
10547,2022-02-17 08:45:20.928324,10.0,22,1611
10548,2022-02-17 08:45:24.051722,5.0,22,1626
10549,2022-02-17 08:47:40.266374,35.0,23,1611
10550,2022-02-17 08:48:04.622045,5.0,22,1611
10551,2022-02-17 08:55:27.540315,5.0,22,241
10552,2022-02-17 09:02:07.823385,45.0,23,63
10553,2022-02-17 09:05:24.643408,35.0,23,63
10554,2022-02-17 09:07:12.226956,35.0,23,1544
10555,2022-02-17 09:11:07.601866,3.0,4,1431
10556,2022-02-17 09:12:05.997101,50.0,3,1630
10557,2022-02-17 09:12:09.587686,5.0,24,1431
10558,2022-02-17 09:12:35.626278,3.0,4,1630
10559,2022-02-17 09:33:06.910515,5.0,22,1544
10560,2022-02-17 09:34:39.710236,45.0,23,63
10561,2022-02-17 09:37:30.972895,55.0,23,63
10562,2022-02-17 09:39:28.019367,50.0,3,1633
10563,2022-02-17 09:39:36.553060,3.0,4,1633
10564,2022-02-17 09:41:52.589237,55.0,23,63
10565,2022-02-17 09:42:18.609224,50.0,3,1634
10566,2022-02-17 09:42:35.341346,3.0,4,1634
10567,2022-02-17 09:44:02.398922,50.0,3,1632
10568,2022-02-17 09:44:21.793077,3.0,4,1632
10569,2022-02-17 09:46:06.732657,5.0,22,1633
10570,2022-02-17 09:47:35.731945,20.0,25,1544
10571,2022-02-17 09:49:30.520152,10.0,22,1544
10572,2022-02-17 09:49:30.531210,30.0,8,1544
10573,2022-02-17 09:54:04.184031,50.0,3,1635
10574,2022-02-17 09:54:10.913359,3.0,4,1635
10575,2022-02-17 09:54:15.266698,45.0,23,1635
10576,2022-02-17 09:55:10.644153,3.0,4,1107
10577,2022-02-17 09:56:55.784630,3.0,4,570
10578,2022-02-17 09:57:06.005978,5.0,22,1633
10579,2022-02-17 09:59:03.651338,50.0,3,1636
10580,2022-02-17 09:59:34.436896,3.0,4,1636
10581,2022-02-17 10:00:05.014556,20.0,25,63
10582,2022-02-17 10:01:26.044086,5.0,24,1633
10583,2022-02-17 10:03:43.769382,10.0,22,1636
10584,2022-02-17 10:04:05.679743,50.0,3,1637
10585,2022-02-17 10:04:20.668764,3.0,4,1637
10586,2022-02-17 10:05:50.553367,50.0,3,1638
10587,2022-02-17 10:06:55.188306,3.0,4,1638
10588,2022-02-17 10:10:42.973628,35.0,23,1632
10589,2022-02-17 10:11:13.176198,50.0,3,1639
10590,2022-02-17 10:11:15.890059,20.0,22,1635
10591,2022-02-17 10:11:26.883563,3.0,4,1357
10592,2022-02-17 10:11:44.170630,3.0,4,1639
10593,2022-02-17 10:11:49.913481,25.0,23,1639
10594,2022-02-17 10:11:53.332162,15.0,25,63
10595,2022-02-17 10:14:06.364274,5.0,22,1637
10596,2022-02-17 10:14:51.008338,3.0,4,1015
10597,2022-02-17 10:15:28.649107,50.0,3,1640
10598,2022-02-17 10:15:40.177905,3.0,4,1640
10599,2022-02-17 10:21:15.759909,50.0,3,1642
10600,2022-02-17 10:22:08.097702,50.0,3,1643
10601,2022-02-17 10:22:10.192762,50.0,3,1644
10602,2022-02-17 10:22:11.893786,3.0,4,1642
10603,2022-02-17 10:22:15.235516,3.0,4,1644
10604,2022-02-17 10:22:26.090688,3.0,4,1643
10605,2022-02-17 10:23:03.581629,50.0,3,1641
10606,2022-02-17 10:23:41.213938,3.0,4,1641
10607,2022-02-17 10:26:12.244035,50.0,3,1645
10608,2022-02-17 10:26:20.603955,3.0,4,1645
10609,2022-02-17 10:30:37.066407,3.0,4,1551
10610,2022-02-17 10:33:02.013115,45.0,23,1644
10611,2022-02-17 10:34:07.285067,50.0,3,1646
10612,2022-02-17 10:34:13.197504,3.0,4,1646
10613,2022-02-17 10:39:12.466191,10.0,22,1645
10614,2022-02-17 10:48:46.292037,10.0,22,1646
10615,2022-02-17 10:55:28.466510,3.0,4,1361
10616,2022-02-17 10:56:22.211404,3.0,4,801
10617,2022-02-17 10:59:06.510601,25.0,23,1361
10618,2022-02-17 11:01:08.072304,5.0,22,1361
10619,2022-02-17 11:08:52.297527,3.0,4,1128
10620,2022-02-17 11:09:32.792783,50.0,3,1648
10621,2022-02-17 11:09:36.885609,50.0,3,1647
10622,2022-02-17 11:09:40.908135,3.0,4,1647
10623,2022-02-17 11:10:02.611019,3.0,4,1648
10624,2022-02-17 11:10:28.480414,35.0,23,1648
10625,2022-02-17 11:10:54.791833,50.0,3,1649
10626,2022-02-17 11:11:01.656185,3.0,4,1649
10627,2022-02-17 11:11:30.665413,3.0,4,444
10628,2022-02-17 11:12:04.241441,5.0,22,570
10629,2022-02-17 11:13:44.984022,5.0,22,1648
10630,2022-02-17 11:14:21.041931,5.0,24,1647
10631,2022-02-17 11:14:35.356574,20.0,25,1647
10632,2022-02-17 11:15:57.279255,5.0,22,570
10633,2022-02-17 11:18:06.679353,10.0,22,1632
10634,2022-02-17 11:21:30.769372,50.0,3,1650
10635,2022-02-17 11:21:39.375371,3.0,4,1650
10636,2022-02-17 11:26:52.577068,3.0,4,1280
10637,2022-02-17 11:52:57.173606,3.0,4,221
10638,2022-02-17 11:58:21.320765,50.0,3,1651
10639,2022-02-17 11:58:45.802967,3.0,4,1651
10640,2022-02-17 11:59:35.657871,45.0,23,1649
10641,2022-02-17 12:03:49.234026,5.0,22,1638
10642,2022-02-17 12:13:19.731007,0.0,22,444
10643,2022-02-17 12:14:32.328592,50.0,3,1652
10644,2022-02-17 12:14:46.048930,3.0,4,1652
10645,2022-02-17 12:23:50.093657,30.0,27,1652
10646,2022-02-17 12:24:37.354184,50.0,3,1653
10647,2022-02-17 12:24:47.494312,3.0,4,1653
10648,2022-02-17 12:25:02.517128,45.0,23,1653
10649,2022-02-17 12:25:47.050296,3.0,4,50
10650,2022-02-17 12:27:04.104960,25.0,23,221
10651,2022-02-17 12:31:07.940834,25.0,23,63
10652,2022-02-17 12:33:25.636611,5.0,22,221
10653,2022-02-17 12:34:28.540085,50.0,3,1654
10654,2022-02-17 12:34:42.673289,3.0,4,1654
10655,2022-02-17 12:52:32.421811,50.0,3,1655
10656,2022-02-17 12:53:30.816839,3.0,4,1655
10657,2022-02-17 12:57:30.200197,50.0,3,1657
10658,2022-02-17 12:57:41.676820,3.0,4,1657
10659,2022-02-17 13:04:41.139576,3.0,4,1426
10660,2022-02-17 13:05:58.992570,5.0,22,1426
10661,2022-02-17 13:13:31.282563,50.0,3,1659
10662,2022-02-17 13:13:49.047978,3.0,4,1659
10663,2022-02-17 13:14:02.384173,5.0,22,1426
10664,2022-02-17 13:19:08.876549,10.0,22,1659
10665,2022-02-17 13:20:49.088181,35.0,23,1659
10666,2022-02-17 13:22:46.149297,3.0,4,494
10667,2022-02-17 13:23:02.027584,45.0,23,494
10668,2022-02-17 13:26:20.501535,5.0,22,494
10669,2022-02-17 13:30:13.717276,5.0,24,63
10670,2022-02-17 13:30:39.778632,45.0,23,494
10671,2022-02-17 13:32:03.415684,3.0,4,868
10672,2022-02-17 13:32:52.279111,50.0,3,1662
10673,2022-02-17 13:33:07.889707,3.0,4,1662
10674,2022-02-17 13:37:14.766669,10.0,22,1659
10675,2022-02-17 13:37:24.773580,5.0,22,1426
10676,2022-02-17 13:39:35.047128,5.0,22,1426
10677,2022-02-17 13:42:00.346558,50.0,3,1663
10678,2022-02-17 13:42:08.190282,3.0,4,1663
10679,2022-02-17 13:46:22.673931,50.0,3,1664
10680,2022-02-17 13:46:25.539163,10.0,22,1632
10681,2022-02-17 13:50:23.852735,3.0,4,1664
10682,2022-02-17 13:59:05.272081,3.0,4,1545
10683,2022-02-17 14:00:46.982836,10.0,22,1664
10684,2022-02-17 14:03:34.720038,5.0,24,1545
10685,2022-02-17 14:05:13.403178,20.0,25,1545
10686,2022-02-17 14:05:28.203883,10.0,22,1545
10687,2022-02-17 14:07:59.808010,10.0,22,1663
10688,2022-02-17 14:08:50.800833,10.0,22,63
10689,2022-02-17 14:09:00.619164,10.0,22,63
10690,2022-02-17 14:11:21.943106,10.0,25,63
10691,2022-02-17 14:11:38.663447,10.0,25,63
10692,2022-02-17 14:20:19.803023,20.0,22,1663
10693,2022-02-17 14:20:52.266664,3.0,4,1318
10694,2022-02-17 14:23:58.166075,50.0,3,1665
10695,2022-02-17 14:24:03.574017,3.0,4,1665
10696,2022-02-17 14:24:36.933228,3.0,4,1472
10697,2022-02-17 14:27:11.351306,10.0,22,1545
10698,2022-02-17 14:28:16.797357,3.0,4,157
10699,2022-02-17 14:28:49.876614,5.0,22,1545
10700,2022-02-17 14:29:00.734151,10.0,22,1665
10701,2022-02-17 14:32:18.993456,50.0,3,1666
10702,2022-02-17 14:32:19.328579,3.0,4,1666
10703,2022-02-17 14:32:24.279372,35.0,23,1666
10704,2022-02-17 14:34:01.349953,5.0,22,1545
10705,2022-02-17 14:34:27.812641,50.0,3,1667
10706,2022-02-17 14:35:28.812108,50.0,3,1668
10707,2022-02-17 14:35:34.459413,3.0,4,1668
10708,2022-02-17 14:35:49.312543,3.0,4,1667
10709,2022-02-17 14:35:58.294853,45.0,23,1668
10710,2022-02-17 14:36:19.125224,25.0,23,1545
10711,2022-02-17 14:38:57.322302,50.0,3,1669
10712,2022-02-17 14:39:21.751345,3.0,4,1669
10713,2022-02-17 14:40:11.516114,5.0,22,1545
10714,2022-02-17 14:40:11.577332,30.0,8,1545
10715,2022-02-17 14:40:23.897036,20.0,22,1668
10716,2022-02-17 14:44:06.727991,20.0,22,1665
10717,2022-02-17 14:46:07.553049,5.0,22,1662
10718,2022-02-17 14:56:24.339383,10.0,22,1663
10719,2022-02-17 15:02:01.965176,5.0,22,1663
10720,2022-02-17 15:09:44.505754,5.0,22,1663
10721,2022-02-17 15:09:44.539872,30.0,8,1663
10722,2022-02-17 15:13:20.283203,50.0,3,1670
10723,2022-02-17 15:13:36.651376,3.0,4,1670
10724,2022-02-17 15:14:05.505840,35.0,23,1670
10725,2022-02-17 15:25:20.010956,5.0,24,1670
10726,2022-02-17 15:30:16.741979,5.0,22,1663
10727,2022-02-17 15:32:35.436474,5.0,22,1663
10728,2022-02-17 15:39:26.428477,50.0,3,1671
10729,2022-02-17 15:39:45.088865,3.0,4,1671
10730,2022-02-17 15:39:52.996032,5.0,22,1663
10731,2022-02-17 15:41:58.026530,5.0,22,1663
10732,2022-02-17 15:46:16.609745,3.0,4,1444
10733,2022-02-17 15:51:44.335651,50.0,3,1672
10734,2022-02-17 15:52:30.813843,3.0,4,1672
10735,2022-02-17 15:57:13.353920,3.0,4,1495
10736,2022-02-17 15:59:34.449994,10.0,25,1663
10737,2022-02-17 16:06:46.677913,5.0,22,1663
10738,2022-02-17 16:06:46.696574,100.0,9,1663
10739,2022-02-17 16:12:11.306541,3.0,4,438
10740,2022-02-17 16:12:44.615381,5.0,22,1671
10741,2022-02-17 16:20:00.860893,5.0,24,1663
10742,2022-02-17 16:20:17.980451,15.0,25,1663
10743,2022-02-17 16:21:20.788850,10.0,22,1663
10744,2022-02-17 16:21:23.559494,10.0,25,438
10745,2022-02-17 16:23:02.437259,5.0,22,438
10746,2022-02-17 16:24:53.121946,15.0,25,438
10747,2022-02-17 16:25:28.946075,10.0,22,438
10748,2022-02-17 16:27:22.145762,50.0,3,1674
10749,2022-02-17 16:27:27.034953,3.0,4,1674
10750,2022-02-17 16:27:32.757588,5.0,22,1663
10751,2022-02-17 16:28:10.271317,5.0,22,1495
10752,2022-02-17 16:30:32.682873,5.0,24,438
10753,2022-02-17 16:31:02.374831,10.0,25,438
10754,2022-02-17 16:32:08.760394,5.0,22,1663
10755,2022-02-17 16:33:13.487171,5.0,22,438
10756,2022-02-17 16:36:58.703500,3.0,4,1506
10757,2022-02-17 16:40:22.815012,50.0,3,1675
10758,2022-02-17 16:41:03.859507,3.0,4,1675
10759,2022-02-17 16:41:59.249034,5.0,22,1663
10760,2022-02-17 16:44:23.313860,5.0,22,1663
10761,2022-02-17 16:46:23.382392,10.0,22,1675
10762,2022-02-17 16:46:35.072624,5.0,22,1663
10763,2022-02-17 16:46:41.347577,50.0,3,1676
10764,2022-02-17 16:46:53.293730,3.0,4,1676
10765,2022-02-17 16:48:08.222979,5.0,22,1671
10766,2022-02-17 16:49:54.677608,5.0,22,1663
10767,2022-02-17 16:51:51.244270,5.0,22,1506
10768,2022-02-17 16:52:41.145260,35.0,23,1495
10769,2022-02-17 16:53:45.784321,50.0,3,1677
10770,2022-02-17 16:53:46.207075,5.0,22,1663
10771,2022-02-17 16:54:04.556127,3.0,4,1677
10772,2022-02-17 16:54:52.494915,5.0,22,1495
10773,2022-02-17 16:56:13.507615,25.0,23,1671
10774,2022-02-17 16:57:54.933269,50.0,3,1678
10775,2022-02-17 16:58:10.096727,3.0,4,1678
10776,2022-02-17 16:59:52.308139,10.0,22,1604
10777,2022-02-17 17:03:03.222943,10.0,22,1677
10778,2022-02-17 17:03:48.514993,20.0,22,1663
10779,2022-02-17 17:07:17.270364,5.0,22,1677
10780,2022-02-17 17:07:19.103122,5.0,22,1675
10781,2022-02-17 17:07:37.930856,5.0,22,1676
10782,2022-02-17 17:08:09.088839,10.0,25,1676
10783,2022-02-17 17:13:08.623523,5.0,22,1677
10784,2022-02-17 17:15:43.584585,50.0,3,1679
10785,2022-02-17 17:16:19.507165,3.0,4,1679
10786,2022-02-17 17:16:45.447949,45.0,23,1679
10787,2022-02-17 17:17:00.170305,20.0,25,1678
10788,2022-02-17 17:18:00.345273,10.0,22,1495
10789,2022-02-17 17:18:22.327481,20.0,25,1495
10790,2022-02-17 17:18:48.496330,50.0,3,1680
10791,2022-02-17 17:19:08.907201,3.0,4,1680
10792,2022-02-17 17:22:35.586163,50.0,3,1681
10793,2022-02-17 17:23:12.052215,3.0,4,1681
10794,2022-02-17 17:25:12.634231,45.0,23,1681
10795,2022-02-17 17:34:32.363576,10.0,25,1677
10796,2022-02-17 17:34:37.780897,50.0,3,1682
10797,2022-02-17 17:34:48.117507,3.0,4,1682
10798,2022-02-17 17:35:53.394690,5.0,22,1677
10799,2022-02-17 17:36:44.910494,3.0,4,1312
10800,2022-02-17 17:40:59.241560,45.0,23,1587
10801,2022-02-17 17:42:50.553963,10.0,22,1587
10802,2022-02-17 17:45:06.298702,5.0,22,1664
10803,2022-02-17 17:50:58.916179,3.0,4,1011
10804,2022-02-17 17:54:37.856771,50.0,3,1683
10805,2022-02-17 17:54:50.652653,3.0,4,1683
10806,2022-02-17 17:57:33.789088,15.0,22,1681
10807,2022-02-17 18:01:09.435256,50.0,3,1684
10808,2022-02-17 18:01:27.195567,3.0,4,1684
10809,2022-02-17 18:06:47.804368,5.0,22,1683
10810,2022-02-17 18:07:37.009557,10.0,25,1683
10811,2022-02-17 18:20:54.992175,50.0,3,1685
10812,2022-02-17 18:21:14.658062,3.0,4,1685
10813,2022-02-17 18:22:03.177540,5.0,22,1662
10814,2022-02-17 18:24:25.965118,50.0,3,1686
10815,2022-02-17 18:25:02.618718,3.0,4,1686
10816,2022-02-17 18:27:06.961087,50.0,3,1687
10817,2022-02-17 18:27:29.941083,3.0,4,1687
10818,2022-02-17 18:30:45.760876,10.0,22,1495
10819,2022-02-17 18:30:45.785445,30.0,8,1495
10820,2022-02-17 18:31:09.615726,5.0,22,1662
10821,2022-02-17 18:36:41.735164,30.0,27,1687
10822,2022-02-17 18:38:28.438626,10.0,22,1604
10823,2022-02-17 18:47:55.838126,5.0,22,1604
10824,2022-02-17 18:48:49.531661,50.0,3,1688
10825,2022-02-17 18:48:55.966971,3.0,4,1688
10826,2022-02-17 18:53:22.574895,3.0,4,1390
10827,2022-02-17 18:54:18.847336,5.0,22,1662
10828,2022-02-17 18:58:50.802970,10.0,22,1688
10829,2022-02-17 18:59:54.027429,35.0,23,1688
10830,2022-02-17 19:00:46.377266,3.0,4,1504
10831,2022-02-17 19:02:15.818991,5.0,22,1604
10832,2022-02-17 19:02:40.934540,50.0,3,1689
10833,2022-02-17 19:02:47.722386,3.0,4,1689
10834,2022-02-17 19:07:51.612065,10.0,22,1689
10835,2022-02-17 19:10:59.454663,35.0,23,1689
10836,2022-02-17 19:15:23.038671,50.0,3,1690
10837,2022-02-17 19:15:30.103214,3.0,4,1690
10838,2022-02-17 19:16:34.757741,3.0,4,121
10839,2022-02-17 19:17:21.696336,5.0,22,1688
10840,2022-02-17 19:17:23.742553,50.0,3,1691
10841,2022-02-17 19:17:34.479484,50.0,3,1692
10842,2022-02-17 19:17:39.967860,3.0,4,1692
10843,2022-02-17 19:17:51.870681,3.0,4,1691
10844,2022-02-17 19:19:53.670387,5.0,22,1604
10845,2022-02-17 19:19:53.685275,30.0,8,1604
10846,2022-02-17 19:24:57.585657,10.0,22,1692
10847,2022-02-17 19:29:46.347835,25.0,23,1692
10848,2022-02-17 19:32:31.242064,50.0,3,1693
10849,2022-02-17 19:32:36.863639,3.0,4,1693
10850,2022-02-17 19:34:06.682881,30.0,27,1693
10851,2022-02-17 19:34:09.902099,10.0,22,1604
10852,2022-02-17 19:37:53.905715,50.0,3,1695
10853,2022-02-17 19:39:18.399107,5.0,22,1692
10854,2022-02-17 19:39:25.592316,3.0,4,1695
10855,2022-02-17 19:39:48.348942,10.0,22,1689
10856,2022-02-17 19:41:24.343004,50.0,3,1696
10857,2022-02-17 19:41:33.212558,3.0,4,1696
10858,2022-02-17 19:48:59.367186,20.0,22,1689
10859,2022-02-17 19:49:00.696348,25.0,23,1495
10860,2022-02-17 19:53:49.245302,5.0,22,1495
10861,2022-02-17 19:56:01.103643,35.0,23,121
10862,2022-02-17 19:56:32.975360,5.0,22,121
10863,2022-02-17 19:58:56.128044,35.0,23,1495
10864,2022-02-17 20:01:34.045457,3.0,4,589
10865,2022-02-17 20:02:08.811061,25.0,25,1696
10866,2022-02-17 20:05:57.345824,0.0,22,589
10867,2022-02-17 20:22:10.689609,3.0,4,509
10868,2022-02-17 20:26:30.556852,5.0,22,1495
10869,2022-02-17 20:36:10.187105,5.0,22,509
10870,2022-02-17 20:36:10.201186,200.0,10,509
10871,2022-02-17 20:37:17.753618,35.0,23,509
10872,2022-02-17 20:47:13.537569,5.0,22,509
10873,2022-02-17 20:51:16.030730,35.0,23,509
10874,2022-02-17 20:52:04.315831,5.0,22,509
10875,2022-02-17 20:52:31.263147,50.0,3,1698
10876,2022-02-17 20:52:47.345311,3.0,4,1698
10877,2022-02-17 20:52:50.146765,0.0,27,1698
10878,2022-02-17 20:59:37.692348,50.0,3,1699
10879,2022-02-17 20:59:46.614532,3.0,4,1699
10880,2022-02-17 21:00:05.270088,45.0,23,1699
10881,2022-02-17 21:44:34.995691,30.0,27,1617
10882,2022-02-17 21:57:52.904262,50.0,3,1700
10883,2022-02-17 21:58:00.832640,3.0,4,1700
10884,2022-02-17 22:01:14.024370,5.0,22,1617
10885,2022-02-17 22:09:31.050448,10.0,22,1700
10886,2022-02-17 22:16:31.676429,5.0,22,1700
10887,2022-02-17 22:35:43.982252,10.0,22,1700
10888,2022-02-17 23:13:35.811721,5.0,22,1587
10889,2022-02-18 02:00:52.431862,50.0,3,1702
10890,2022-02-18 02:01:38.668962,3.0,4,1702
10891,2022-02-18 04:18:52.314107,50.0,3,1703
10892,2022-02-18 04:19:08.793116,3.0,4,1703
10893,2022-02-18 04:36:24.213333,3.0,4,1504
10894,2022-02-18 04:36:29.466063,3.0,4,1600
10895,2022-02-18 04:40:21.700481,5.0,22,1600
10896,2022-02-18 04:42:31.480757,3.0,4,444
10897,2022-02-18 05:10:01.410166,50.0,3,1704
10898,2022-02-18 05:10:05.504152,3.0,4,1704
10899,2022-02-18 05:10:56.813122,5.0,22,1600
10900,2022-02-18 05:10:56.821759,30.0,8,1600
10901,2022-02-18 05:12:44.748910,50.0,3,1705
10902,2022-02-18 05:12:58.283885,3.0,4,1705
10903,2022-02-18 05:21:55.038920,50.0,3,1706
10904,2022-02-18 05:22:20.440404,3.0,4,1706
10905,2022-02-18 05:29:56.242128,10.0,25,1600
10906,2022-02-18 05:30:40.822242,5.0,22,1600
10907,2022-02-18 05:43:22.265364,3.0,4,649
10908,2022-02-18 05:47:55.377770,3.0,4,1607
10909,2022-02-18 06:06:17.294521,10.0,22,1607
10910,2022-02-18 06:28:45.655046,3.0,4,1622
10911,2022-02-18 06:31:37.112375,50.0,3,1707
10912,2022-02-18 06:31:42.833145,3.0,4,1707
10913,2022-02-18 06:34:25.080431,3.0,4,815
10914,2022-02-18 06:35:40.283734,5.0,22,1707
10915,2022-02-18 06:36:13.487130,5.0,22,1622
10916,2022-02-18 06:47:06.205982,5.0,22,1622
10917,2022-02-18 06:50:19.195826,5.0,22,815
10918,2022-02-18 06:50:30.096052,10.0,25,815
10919,2022-02-18 06:51:31.004390,3.0,4,642
10920,2022-02-18 06:52:27.450410,5.0,22,815
10921,2022-02-18 06:52:59.983210,3.0,4,1361
10922,2022-02-18 06:57:06.290522,3.0,4,1473
10923,2022-02-18 06:57:20.158465,3.0,4,190
10924,2022-02-18 07:00:00.912262,5.0,22,1622
10925,2022-02-18 07:01:44.416746,3.0,4,1617
10926,2022-02-18 07:12:12.529007,3.0,4,1626
10927,2022-02-18 07:18:55.876892,10.0,22,1617
10928,2022-02-18 07:22:28.001225,5.0,22,1622
10929,2022-02-18 07:24:16.390715,5.0,22,1617
10930,2022-02-18 07:24:16.400627,30.0,8,1617
10931,2022-02-18 07:28:12.058412,3.0,4,1522
10932,2022-02-18 07:34:16.218057,3.0,4,1492
10933,2022-02-18 07:38:09.495963,3.0,4,63
10934,2022-02-18 07:43:44.775234,50.0,3,1709
10935,2022-02-18 07:43:56.032326,3.0,4,1709
10936,2022-02-18 07:44:45.260006,50.0,3,1710
10937,2022-02-18 07:45:06.214070,3.0,4,1710
10938,2022-02-18 07:48:08.830506,10.0,22,1710
10939,2022-02-18 07:50:43.437968,0.0,22,1709
10940,2022-02-18 07:52:34.226398,3.0,4,515
10941,2022-02-18 07:53:15.831317,0.0,22,1709
10942,2022-02-18 07:54:17.278373,50.0,3,1711
10943,2022-02-18 07:54:38.715553,3.0,4,1711
10944,2022-02-18 07:59:59.142519,0.0,22,1709
10945,2022-02-18 08:01:05.449811,3.0,4,1625
10946,2022-02-18 08:01:44.047579,35.0,23,815
10947,2022-02-18 08:02:12.614313,0.0,22,1709
10948,2022-02-18 08:03:52.859256,5.0,22,815
10949,2022-02-18 08:05:01.640780,5.0,22,1707
10950,2022-02-18 08:05:41.007170,5.0,24,1625
10951,2022-02-18 08:05:45.289113,0.0,22,1709
10952,2022-02-18 08:05:45.299394,30.0,8,1709
10953,2022-02-18 08:06:00.032114,20.0,25,1625
10954,2022-02-18 08:08:29.745673,10.0,22,1625
10955,2022-02-18 08:11:15.706108,0.0,22,1709
10956,2022-02-18 08:13:45.074499,0.0,22,1709
10957,2022-02-18 08:13:56.686595,5.0,22,1710
10958,2022-02-18 08:16:25.392618,20.0,25,1711
10959,2022-02-18 08:16:58.954103,50.0,3,1714
10960,2022-02-18 08:17:21.839956,3.0,4,1714
10961,2022-02-18 08:17:22.962639,10.0,22,1711
10962,2022-02-18 08:19:34.633880,0.0,22,1709
10963,2022-02-18 08:21:29.277563,0.0,22,1709
10964,2022-02-18 08:21:41.694555,3.0,4,1595
10965,2022-02-18 08:21:45.597788,20.0,25,1595
10966,2022-02-18 08:24:03.784537,0.0,22,1709
10967,2022-02-18 08:24:03.797197,100.0,9,1709
10968,2022-02-18 08:25:53.409596,0.0,22,1709
10969,2022-02-18 08:30:09.469585,50.0,3,1715
10970,2022-02-18 08:30:13.394205,3.0,4,1715
10971,2022-02-18 08:30:26.444957,45.0,23,1715
10972,2022-02-18 08:33:52.975599,50.0,3,1713
10973,2022-02-18 08:34:05.952492,3.0,4,1713
10974,2022-02-18 08:35:12.974713,5.0,22,1622
10975,2022-02-18 08:35:12.982444,30.0,8,1622
10976,2022-02-18 08:35:33.558028,3.0,4,1544
10977,2022-02-18 08:42:48.634441,10.0,22,1714
10978,2022-02-18 08:43:51.168950,5.0,22,1544
10979,2022-02-18 08:53:51.771406,50.0,3,1708
10980,2022-02-18 08:54:08.716881,3.0,4,1708
10981,2022-02-18 08:56:43.407914,0.0,22,1709
10982,2022-02-18 08:59:03.146789,5.0,22,1544
10983,2022-02-18 09:00:28.754873,0.0,22,1709
10984,2022-02-18 09:01:43.724141,3.0,4,1436
10985,2022-02-18 09:09:21.482887,3.0,4,1700
10986,2022-02-18 09:12:22.392710,50.0,3,1716
10987,2022-02-18 09:12:28.895862,3.0,4,1318
10988,2022-02-18 09:12:42.170549,3.0,4,1716
10989,2022-02-18 09:14:42.134450,5.0,22,1707
10990,2022-02-18 09:17:37.184283,5.0,22,1713
10991,2022-02-18 09:17:46.055945,3.0,4,1663
10992,2022-02-18 09:22:35.883185,50.0,3,1718
10993,2022-02-18 09:22:42.335941,3.0,4,1718
10994,2022-02-18 09:24:33.996370,50.0,3,1719
10995,2022-02-18 09:25:12.021535,3.0,4,1719
10996,2022-02-18 09:29:21.451902,10.0,22,1716
10997,2022-02-18 09:31:45.794631,5.0,22,1700
10998,2022-02-18 09:46:34.801599,5.0,22,1713
10999,2022-02-18 10:03:15.806071,10.0,22,1713
11000,2022-02-18 10:19:28.287999,50.0,3,1720
11001,2022-02-18 10:19:39.932343,3.0,4,1720
11002,2022-02-18 10:23:39.738122,5.0,22,1700
11003,2022-02-18 10:23:39.748060,30.0,8,1700
11004,2022-02-18 10:31:23.864660,35.0,23,815
11005,2022-02-18 10:32:58.694677,5.0,22,815
11006,2022-02-18 10:34:25.861558,3.0,4,1284
11007,2022-02-18 10:46:17.681609,35.0,23,1544
11008,2022-02-18 10:49:22.578673,5.0,22,1700
11009,2022-02-18 10:52:39.978271,35.0,23,63
11010,2022-02-18 11:00:28.717758,5.0,22,1544
11011,2022-02-18 11:07:06.262619,50.0,3,1723
11012,2022-02-18 11:07:07.284637,50.0,3,1722
11013,2022-02-18 11:07:14.798581,3.0,4,1722
11014,2022-02-18 11:07:19.507861,3.0,4,1723
11015,2022-02-18 11:13:04.485862,10.0,22,1722
11016,2022-02-18 11:16:26.179350,25.0,23,1722
11017,2022-02-18 11:21:43.883628,3.0,4,300
11018,2022-02-18 11:24:18.401319,50.0,3,1724
11019,2022-02-18 11:24:30.685306,3.0,4,1724
11020,2022-02-18 11:34:55.182629,5.0,22,1722
11021,2022-02-18 11:39:25.366210,50.0,3,1725
11022,2022-02-18 11:43:42.313738,10.0,22,515
11023,2022-02-18 11:44:44.046754,3.0,4,1725
11024,2022-02-18 11:57:52.881872,10.0,22,1725
11025,2022-02-18 11:59:37.706474,50.0,3,1726
11026,2022-02-18 11:59:53.079065,3.0,4,1726
11027,2022-02-18 12:00:25.558575,45.0,23,1726
11028,2022-02-18 12:02:57.147074,3.0,4,50
11029,2022-02-18 12:11:56.552207,50.0,3,1727
11030,2022-02-18 12:12:19.036918,3.0,4,1727
11031,2022-02-18 12:12:27.724069,35.0,23,1725
11032,2022-02-18 12:17:53.767431,20.0,22,1726
11033,2022-02-18 12:25:02.412250,20.0,22,1700
11034,2022-02-18 12:30:00.961750,3.0,4,43
11035,2022-02-18 12:34:26.210556,50.0,3,1729
11036,2022-02-18 12:34:52.482638,3.0,4,1729
11037,2022-02-18 12:35:22.615982,3.0,4,1015
11038,2022-02-18 12:38:16.207029,5.0,22,1713
11039,2022-02-18 12:40:18.727054,3.0,4,1559
11040,2022-02-18 12:54:31.560494,5.0,22,1559
11041,2022-02-18 12:56:58.937320,50.0,3,1730
11042,2022-02-18 12:57:03.468273,3.0,4,1730
11043,2022-02-18 12:58:29.286299,50.0,3,1728
11044,2022-02-18 12:58:33.206688,45.0,23,1730
11045,2022-02-18 12:58:41.821595,3.0,4,1728
11046,2022-02-18 13:02:45.902292,3.0,4,570
11047,2022-02-18 13:08:06.926079,20.0,22,1730
11048,2022-02-18 13:08:52.303261,10.0,22,1725
11049,2022-02-18 13:10:19.410096,5.0,22,1713
11050,2022-02-18 13:10:19.424570,30.0,8,1713
11051,2022-02-18 13:13:06.059667,10.0,22,1728
11052,2022-02-18 13:14:59.743196,50.0,3,1732
11053,2022-02-18 13:15:04.612396,3.0,4,1732
11054,2022-02-18 13:15:19.955223,30.0,27,1732
11055,2022-02-18 13:16:04.462670,3.0,4,1681
11056,2022-02-18 13:16:24.437816,25.0,23,1707
11057,2022-02-18 13:18:04.620458,5.0,22,1707
11058,2022-02-18 13:20:38.835405,5.0,22,1713
11059,2022-02-18 13:25:59.889174,5.0,22,1725
11060,2022-02-18 13:28:19.917310,10.0,22,1707
11061,2022-02-18 13:28:19.932574,30.0,8,1707
11062,2022-02-18 13:30:43.134817,5.0,22,515
11063,2022-02-18 13:31:35.720071,35.0,23,1707
11064,2022-02-18 13:37:33.419694,10.0,25,570
11065,2022-02-18 13:38:09.872376,5.0,22,1713
11066,2022-02-18 13:39:28.836030,5.0,22,570
11067,2022-02-18 13:40:59.526227,50.0,3,1733
11068,2022-02-18 13:41:13.698163,3.0,4,1733
11069,2022-02-18 13:47:12.967741,20.0,25,1733
11070,2022-02-18 13:48:27.841733,10.0,22,1726
11071,2022-02-18 13:57:37.762730,10.0,22,1728
11072,2022-02-18 13:57:48.378295,3.0,4,1495
11073,2022-02-18 13:59:52.624576,3.0,4,1134
11074,2022-02-18 14:01:57.584410,5.0,22,1713
11075,2022-02-18 14:03:34.115583,10.0,22,1134
11076,2022-02-18 14:04:16.917820,50.0,3,1734
11077,2022-02-18 14:04:35.950961,3.0,4,1734
11078,2022-02-18 14:05:02.736503,5.0,22,1713
11079,2022-02-18 14:06:21.868614,10.0,22,1726
11080,2022-02-18 14:13:51.463987,5.0,22,515
11081,2022-02-18 14:18:42.674023,10.0,25,63
11082,2022-02-18 14:20:31.620349,5.0,22,1713
11083,2022-02-18 14:20:31.636214,100.0,9,1713
11084,2022-02-18 14:21:15.754833,10.0,22,1707
11085,2022-02-18 14:21:35.936934,50.0,3,1735
11086,2022-02-18 14:22:05.316430,3.0,4,1735
11087,2022-02-18 14:29:28.210437,45.0,23,1707
11088,2022-02-18 14:30:58.027203,15.0,25,1134
11089,2022-02-18 14:37:18.830123,10.0,22,1134
11090,2022-02-18 14:53:54.620914,10.0,22,1735
11091,2022-02-18 15:00:39.036046,50.0,3,1736
11092,2022-02-18 15:01:41.095859,3.0,4,1736
11093,2022-02-18 15:01:45.069772,0.0,27,1736
11094,2022-02-18 15:30:12.028597,50.0,3,1737
11095,2022-02-18 15:30:30.572965,3.0,4,1737
11096,2022-02-18 15:59:56.627893,100.0,3,1738
11097,2022-02-18 16:00:02.465141,3.0,4,1738
11098,2022-02-18 16:00:48.328068,20.0,27,1738
11099,2022-02-18 16:16:16.127725,15.0,22,1707
11100,2022-02-18 16:16:28.201255,3.0,4,1423
11101,2022-02-18 16:16:39.805311,20.0,23,1423
11102,2022-02-18 16:39:09.912514,100.0,3,1739
11103,2022-02-18 16:39:14.042237,3.0,4,1739
11104,2022-02-18 16:39:37.277159,20.0,23,1739
11105,2022-02-18 16:48:02.260823,10.0,22,1739
11106,2022-02-18 16:49:12.223987,30.0,23,1739
11107,2022-02-18 16:53:27.277501,100.0,3,1740
11108,2022-02-18 16:53:33.718306,3.0,4,1740
11109,2022-02-18 16:53:48.003463,20.0,23,1740
11110,2022-02-18 17:03:56.308581,10.0,22,1739
11111,2022-02-18 17:04:27.640946,40.0,23,1739
11112,2022-02-18 17:07:40.851966,3.0,4,1439
11113,2022-02-18 17:11:13.638765,100.0,3,1741
11114,2022-02-18 17:11:26.418778,3.0,4,1741
11115,2022-02-18 17:14:05.197364,15.0,22,1739
11116,2022-02-18 17:14:57.202471,3.0,4,1614
11117,2022-02-18 17:16:26.693932,20.0,27,1739
11118,2022-02-18 17:19:18.346763,100.0,3,1742
11119,2022-02-18 17:19:58.271659,3.0,4,1742
11120,2022-02-18 17:49:23.215603,100.0,3,1743
11121,2022-02-18 17:49:33.503942,3.0,4,1743
11122,2022-02-18 17:50:14.693208,30.0,23,1743
11123,2022-02-18 17:56:42.679227,20.0,23,1713
11124,2022-02-18 17:59:04.160836,100.0,3,1744
11125,2022-02-18 17:59:27.512050,3.0,4,1744
11126,2022-02-18 18:02:34.223471,20.0,23,1744
11127,2022-02-18 18:08:25.906859,0.0,22,1744
11128,2022-02-18 18:12:18.534936,20.0,23,1744
11129,2022-02-18 18:14:45.394244,0.0,22,1744
11130,2022-02-18 18:16:39.204555,20.0,23,1744
11131,2022-02-18 18:17:06.493130,3.0,4,157
11132,2022-02-18 18:19:58.790600,30.0,27,157
11133,2022-02-18 18:25:14.009185,0.0,22,1744
11134,2022-02-18 18:26:25.917577,20.0,23,1744
11135,2022-02-18 18:28:36.863296,0.0,22,1744
11136,2022-02-18 18:29:25.997335,20.0,23,1744
11137,2022-02-18 18:29:40.659974,5.0,22,1713
11138,2022-02-18 18:31:03.866989,0.0,22,1744
11139,2022-02-18 18:31:03.883252,30.0,8,1744
11140,2022-02-18 18:32:23.771255,10.0,22,1743
11141,2022-02-18 18:32:52.150092,20.0,23,1744
11142,2022-02-18 18:33:40.875317,40.0,23,1743
11143,2022-02-18 18:40:10.746871,0.0,22,1744
11144,2022-02-18 18:42:12.842773,3.0,4,1483
11145,2022-02-18 18:42:42.580239,20.0,27,1743
11146,2022-02-18 19:05:49.955127,100.0,3,1745
11147,2022-02-18 19:06:15.119231,3.0,4,1745
11148,2022-02-18 19:06:18.399783,20.0,27,1745
11149,2022-02-18 19:08:42.216786,100.0,3,1746
11150,2022-02-18 19:09:01.508985,3.0,4,1746
11151,2022-02-18 19:09:36.607573,20.0,27,1746
11152,2022-02-18 19:33:01.446028,20.0,23,1713
11153,2022-02-18 19:35:47.979114,5.0,22,1713
11154,2022-02-18 19:55:16.880634,100.0,3,1747
11155,2022-02-18 19:55:32.858511,3.0,4,1747
11156,2022-02-18 19:56:06.482188,20.0,27,1747
11157,2022-02-18 21:02:05.132327,100.0,3,1748
11158,2022-02-18 21:02:24.947765,3.0,4,1748
11159,2022-02-18 21:03:03.564359,20.0,23,1748
11160,2022-02-18 22:23:35.147113,100.0,3,1750
11161,2022-02-18 22:24:01.950289,3.0,4,1750
11162,2022-02-18 22:24:07.737854,20.0,27,1750
11163,2022-02-18 23:45:46.243302,3.0,4,73
11164,2022-02-19 00:03:02.938083,3.0,4,1737
11165,2022-02-19 03:45:01.503096,3.0,4,570
11166,2022-02-19 04:20:21.194371,3.0,4,1703
11167,2022-02-19 04:30:57.342613,3.0,4,320
11168,2022-02-19 05:44:03.986773,3.0,4,1707
11169,2022-02-19 05:44:04.093360,20.0,23,1707
11170,2022-02-19 05:47:17.807859,3.0,4,1622
11171,2022-02-19 06:03:23.240426,3.0,4,1607
11172,2022-02-19 07:17:18.567507,100.0,3,1751
11173,2022-02-19 07:22:02.023376,3.0,4,515
11174,2022-02-19 07:44:24.827994,100.0,3,1752
11175,2022-02-19 07:44:52.738305,3.0,4,1752
11176,2022-02-19 08:12:43.652932,100.0,3,1753
11177,2022-02-19 08:12:53.373184,3.0,4,1753
11178,2022-02-19 09:03:29.689851,3.0,4,509
11179,2022-02-19 09:04:38.968193,100.0,3,1754
11180,2022-02-19 09:05:15.459928,3.0,4,1754
11181,2022-02-19 09:06:01.493453,20.0,23,509
11182,2022-02-19 09:10:44.339624,30.0,23,509
11183,2022-02-19 09:44:52.111047,3.0,4,163
11184,2022-02-19 09:47:38.709629,3.0,4,649
11185,2022-02-19 09:47:38.717962,30.0,5,649
11186,2022-02-19 09:50:49.779915,100.0,3,1755
11187,2022-02-19 09:51:13.758769,3.0,4,1755
11188,2022-02-19 09:52:07.968789,20.0,27,1755
11189,2022-02-19 10:02:40.084316,100.0,3,1756
11190,2022-02-19 10:02:59.012005,3.0,4,1756
11191,2022-02-19 10:03:02.523167,20.0,27,1756
11192,2022-02-19 10:36:58.053183,15.0,22,163
11193,2022-02-19 10:41:20.931682,3.0,4,1522
11194,2022-02-19 10:41:29.636755,20.0,27,1522
11195,2022-02-19 10:46:52.254511,40.0,23,163
11196,2022-02-19 10:57:10.048290,20.0,22,163
11197,2022-02-19 10:58:56.465276,40.0,23,163
11198,2022-02-19 11:05:33.125931,3.0,4,1709
11199,2022-02-19 11:08:38.347628,20.0,22,163
11200,2022-02-19 11:08:38.362215,100.0,9,163
11201,2022-02-19 11:15:28.625176,3.0,4,195
11202,2022-02-19 11:19:48.404959,3.0,4,132
11203,2022-02-19 11:23:48.367739,20.0,23,132
11204,2022-02-19 11:28:22.954497,3.0,4,1009
11205,2022-02-19 11:28:22.961427,30.0,5,1009
11206,2022-02-19 12:00:30.223873,100.0,3,1757
11207,2022-02-19 12:01:09.663689,3.0,4,1757
11208,2022-02-19 12:12:42.784204,20.0,23,195
11209,2022-02-19 12:34:52.767440,100.0,3,1758
11210,2022-02-19 12:35:21.001726,3.0,4,1758
11211,2022-02-19 12:35:25.815944,20.0,27,1758
11212,2022-02-19 12:58:14.066842,5.0,22,195
11213,2022-02-19 13:08:56.715113,20.0,23,132
11214,2022-02-19 13:12:06.874247,3.0,4,1000
11215,2022-02-19 13:13:09.675085,3.0,4,934
11216,2022-02-19 13:15:39.324408,30.0,27,1000
11217,2022-02-19 13:15:49.114939,100.0,3,1759
11218,2022-02-19 13:16:34.073744,3.0,4,1759
11219,2022-02-19 13:16:37.720266,20.0,27,1759
11220,2022-02-19 13:46:38.484475,100.0,3,1760
11221,2022-02-19 13:46:51.274545,3.0,4,1760
11222,2022-02-19 13:49:24.840475,3.0,4,1700
11223,2022-02-19 13:50:30.543677,3.0,4,444
11224,2022-02-19 13:51:13.167202,3.0,4,1439
11225,2022-02-19 13:53:19.043322,100.0,3,1761
11226,2022-02-19 13:53:31.850665,3.0,4,1761
11227,2022-02-19 13:53:36.160431,20.0,27,1761
11228,2022-02-19 14:00:33.346387,20.0,23,1439
11229,2022-02-19 14:17:11.838018,5.0,22,1439
11230,2022-02-19 14:19:34.261711,20.0,23,1439
11231,2022-02-19 14:25:30.102248,10.0,22,1439
11232,2022-02-19 14:26:07.542528,30.0,23,1757
11233,2022-02-19 14:29:41.696840,100.0,3,1762
11234,2022-02-19 14:29:41.711485,200.0,6,1439
11235,2022-02-19 14:29:41.711575,50.0,7,1762
11236,2022-02-19 14:41:53.565265,100.0,3,1763
11237,2022-02-19 14:41:58.817669,3.0,4,1763
11238,2022-02-19 14:42:19.967100,40.0,23,1763
11239,2022-02-19 14:44:56.109644,100.0,3,1764
11240,2022-02-19 14:44:56.129665,200.0,6,1439
11241,2022-02-19 14:44:56.129770,50.0,7,1764
11242,2022-02-19 14:45:06.627136,3.0,4,219
11243,2022-02-19 14:45:34.388849,20.0,23,1439
11244,2022-02-19 14:48:56.551078,30.0,23,219
11245,2022-02-19 14:54:01.029046,5.0,22,1439
11246,2022-02-19 14:54:01.044623,100.0,9,1439
11247,2022-02-19 14:54:32.889346,100.0,3,1765
11248,2022-02-19 14:54:47.281788,3.0,4,1765
11249,2022-02-19 14:55:25.940751,20.0,27,1765
11250,2022-02-19 14:58:03.974173,30.0,27,1765
11251,2022-02-19 14:58:51.725996,20.0,23,1439
11252,2022-02-19 14:59:53.760822,5.0,22,1439
11253,2022-02-19 15:00:42.252041,20.0,23,1439
11254,2022-02-19 15:00:48.151063,30.0,27,1765
11255,2022-02-19 15:07:30.721144,100.0,3,1766
11256,2022-02-19 15:07:43.927402,3.0,4,1766
11257,2022-02-19 15:08:48.845579,20.0,23,1766
11258,2022-02-19 15:10:01.082972,5.0,22,1439
11259,2022-02-19 15:16:00.086029,3.0,4,572
11260,2022-02-19 15:16:14.993925,20.0,27,572
11261,2022-02-19 15:20:06.259471,3.0,4,438
11262,2022-02-19 15:20:06.265781,30.0,5,438
11263,2022-02-19 15:20:40.591721,20.0,23,438
11264,2022-02-19 15:20:51.648826,5.0,22,1766
11265,2022-02-19 15:21:52.150191,5.0,22,438
11266,2022-02-19 15:22:38.527606,20.0,27,572
11267,2022-02-19 15:58:31.929238,100.0,3,1767
11268,2022-02-19 15:58:46.413420,3.0,4,1767
11269,2022-02-19 15:58:53.146340,40.0,23,1767
11270,2022-02-19 16:02:48.017309,20.0,27,1700
11271,2022-02-19 16:08:10.687062,3.0,4,496
11272,2022-02-19 16:13:11.871516,20.0,23,496
11273,2022-02-19 16:14:54.368065,30.0,23,496
11274,2022-02-19 16:22:47.670080,20.0,23,1700
11275,2022-02-19 16:25:59.367196,100.0,3,1768
11276,2022-02-19 16:26:22.694406,3.0,4,1768
11277,2022-02-19 16:34:41.452020,100.0,3,1769
11278,2022-02-19 16:35:04.174603,3.0,4,1769
11279,2022-02-19 17:09:17.558421,3.0,4,255
11280,2022-02-19 17:09:41.446777,20.0,27,255
11281,2022-02-19 17:19:16.295674,3.0,4,1723
11282,2022-02-19 17:23:33.375748,5.0,22,509
11283,2022-02-19 17:27:28.205938,10.0,22,509
11284,2022-02-19 17:28:22.966901,30.0,23,509
11285,2022-02-19 17:39:59.468123,10.0,22,1757
11286,2022-02-19 17:45:02.149871,3.0,4,1681
11287,2022-02-19 17:46:24.363069,10.0,22,509
11288,2022-02-19 17:47:21.106998,30.0,23,509
11289,2022-02-19 17:50:47.888516,100.0,3,1770
11290,2022-02-19 17:51:47.682340,3.0,4,1770
11291,2022-02-19 17:51:50.088410,30.0,27,1770
11292,2022-02-19 18:02:29.003085,20.0,27,1757
11293,2022-02-19 18:09:56.911163,100.0,3,1771
11294,2022-02-19 18:10:24.639575,3.0,4,1771
11295,2022-02-19 18:10:55.983532,20.0,27,1771
11296,2022-02-19 18:15:30.778352,10.0,22,509
11297,2022-02-19 18:20:58.338289,3.0,4,1254
11298,2022-02-19 18:21:02.496214,30.0,27,1254
11299,2022-02-19 18:24:09.409679,3.0,4,1488
11300,2022-02-19 19:01:30.212028,3.0,4,1120
11301,2022-02-19 19:02:12.409745,20.0,23,1120
11302,2022-02-19 19:30:05.774398,5.0,22,1120
11303,2022-02-19 19:45:57.561930,5.0,22,1700
11304,2022-02-19 19:46:40.004902,100.0,3,1772
11305,2022-02-19 19:46:46.763756,3.0,4,1772
11306,2022-02-19 19:47:08.561328,30.0,27,1772
11307,2022-02-19 19:48:42.094132,3.0,4,1015
11308,2022-02-19 19:50:10.045061,20.0,27,1772
11309,2022-02-19 19:54:38.277274,20.0,27,1772
11310,2022-02-19 19:56:40.223843,20.0,27,1772
11311,2022-02-19 19:59:40.704294,100.0,3,1773
11312,2022-02-19 19:59:58.359327,3.0,4,1773
11313,2022-02-19 20:01:24.432173,100.0,3,1774
11314,2022-02-19 20:01:40.841210,3.0,4,1774
11315,2022-02-19 20:01:44.813371,20.0,27,1774
11316,2022-02-19 20:04:00.268301,20.0,23,1773
11317,2022-02-19 20:13:28.360745,5.0,22,1773
11318,2022-02-19 20:17:26.560813,20.0,23,1773
11319,2022-02-19 20:21:40.725708,5.0,22,1773
11320,2022-02-19 20:23:49.677590,20.0,23,1773
11321,2022-02-19 20:32:57.056696,10.0,22,1773
11322,2022-02-19 21:03:04.903897,20.0,23,1768
11323,2022-02-19 21:14:21.398206,5.0,22,1768
11324,2022-02-19 21:22:52.421812,20.0,23,1700
11325,2022-02-19 21:38:52.725426,100.0,3,1775
11326,2022-02-19 21:39:05.461340,3.0,4,1775
11327,2022-02-19 21:39:12.241424,20.0,27,1775
11328,2022-02-19 21:48:27.788665,100.0,3,1776
11329,2022-02-19 21:48:59.762930,3.0,4,1776
11330,2022-02-19 21:49:03.220229,20.0,27,1776
11331,2022-02-19 21:51:57.492258,5.0,22,1700
11332,2022-02-19 22:25:46.158585,100.0,3,1777
11333,2022-02-19 22:26:10.754890,3.0,4,1777
11334,2022-02-19 22:27:09.859773,20.0,23,1777
11335,2022-02-19 22:59:45.299355,10.0,22,1777
11336,2022-02-19 23:03:15.259529,3.0,4,1483
11337,2022-02-19 23:11:06.960148,750.0,2,1777
11338,2022-02-19 23:16:18.174684,40.0,23,1777
11339,2022-02-19 23:30:19.981818,20.0,27,1777
11340,2022-02-19 23:39:27.530137,20.0,23,1777
11341,2022-02-20 00:03:57.382631,3.0,4,1777
11342,2022-02-20 00:04:00.188293,5.0,22,1777
11343,2022-02-20 01:10:52.752498,30.0,27,1777
11344,2022-02-20 03:58:59.469847,100.0,3,1778
11345,2022-02-20 03:59:17.861496,3.0,4,1778
11346,2022-02-20 03:59:54.551034,20.0,27,1778
11347,2022-02-20 04:00:03.896284,3.0,4,1703
11348,2022-02-20 04:06:40.197560,30.0,27,1778
11349,2022-02-20 04:30:13.499032,3.0,4,1771
11350,2022-02-20 05:13:33.693440,3.0,4,1622
11351,2022-02-20 05:55:08.047499,3.0,4,1319
11352,2022-02-20 05:56:17.460917,20.0,27,1319
11353,2022-02-20 05:59:19.008356,100.0,3,1779
11354,2022-02-20 06:18:17.989660,100.0,3,1780
11355,2022-02-20 06:18:37.116694,3.0,4,649
11356,2022-02-20 06:19:32.600298,3.0,4,1780
11357,2022-02-20 06:19:35.990657,20.0,27,1780
11358,2022-02-20 06:47:09.287408,3.0,4,1684
11359,2022-02-20 06:49:48.892533,3.0,4,1495
11360,2022-02-20 06:56:11.893102,3.0,4,1639
11361,2022-02-20 07:12:14.159390,20.0,27,1639
11362,2022-02-20 07:13:30.028306,10.0,22,1495
11363,2022-02-20 08:03:09.481310,100.0,3,1782
11364,2022-02-20 08:03:35.130790,3.0,4,1782
11365,2022-02-20 08:09:51.927623,3.0,4,1671
11366,2022-02-20 09:01:47.442954,3.0,4,1009
11367,2022-02-20 09:05:24.930781,3.0,4,1483
11368,2022-02-20 09:23:12.667243,100.0,3,1783
11369,2022-02-20 09:26:42.828244,3.0,4,1783
11370,2022-02-20 09:36:07.796405,3.0,4,1700
11371,2022-02-20 09:38:52.313956,5.0,22,1783
11372,2022-02-20 09:39:45.881891,20.0,23,1783
11373,2022-02-20 09:48:36.536386,3.0,4,1732
11374,2022-02-20 09:50:31.303264,20.0,23,1783
11375,2022-02-20 09:51:10.537232,350.0,2,1495
11376,2022-02-20 10:02:20.993385,3.0,4,1687
11377,2022-02-20 10:05:58.898279,100.0,3,1785
11378,2022-02-20 10:05:58.908527,200.0,6,1783
11379,2022-02-20 10:05:58.908612,50.0,7,1785
11380,2022-02-20 10:06:30.679993,3.0,4,1785
11381,2022-02-20 10:14:52.254366,100.0,3,1786
11382,2022-02-20 10:15:01.170933,3.0,4,1786
11383,2022-02-20 10:16:06.900563,100.0,3,1787
11384,2022-02-20 10:16:16.453070,3.0,4,1787
11385,2022-02-20 10:16:32.144537,20.0,27,1787
11386,2022-02-20 10:18:48.240360,30.0,27,1787
11387,2022-02-20 10:30:41.027329,3.0,4,1681
11388,2022-02-20 12:19:42.266072,3.0,4,1760
11389,2022-02-20 12:29:21.528248,100.0,3,1788
11390,2022-02-20 12:30:01.369290,3.0,4,1788
11391,2022-02-20 12:46:42.360141,5.0,22,1495
11392,2022-02-20 12:51:32.195136,3.0,4,422
11393,2022-02-20 12:52:13.375481,3.0,4,852
11394,2022-02-20 12:53:16.474162,20.0,23,422
11395,2022-02-20 12:53:22.822957,100.0,3,1790
11396,2022-02-20 12:53:39.249499,3.0,4,1790
11397,2022-02-20 12:54:08.279198,20.0,27,1790
11398,2022-02-20 12:55:47.024226,3.0,4,1015
11399,2022-02-20 13:00:33.886820,0.0,22,422
11400,2022-02-20 13:01:39.565112,20.0,23,422
11401,2022-02-20 13:11:50.696348,0.0,22,422
11402,2022-02-20 13:12:24.848226,20.0,23,422
11403,2022-02-20 13:16:21.164341,0.0,22,422
11404,2022-02-20 13:17:16.690885,20.0,23,422
11405,2022-02-20 13:20:33.864501,0.0,22,422
11406,2022-02-20 13:21:04.648125,30.0,23,422
11407,2022-02-20 13:23:09.154827,100.0,3,1791
11408,2022-02-20 13:23:29.644138,3.0,4,1791
11409,2022-02-20 13:23:33.883661,20.0,27,1791
11410,2022-02-20 13:31:35.963504,0.0,22,422
11411,2022-02-20 13:55:14.680421,3.0,4,1504
11412,2022-02-20 13:57:17.730505,100.0,3,1792
11413,2022-02-20 13:57:39.022979,3.0,4,1792
11414,2022-02-20 13:58:03.463530,20.0,27,1792
11415,2022-02-20 14:02:36.261545,20.0,23,422
11416,2022-02-20 14:18:33.833109,3.0,4,444
11417,2022-02-20 14:22:13.600232,0.0,22,422
11418,2022-02-20 14:33:17.201296,100.0,3,1793
11419,2022-02-20 14:33:46.560093,3.0,4,1793
11420,2022-02-20 14:33:50.239907,30.0,27,1793
11421,2022-02-20 14:44:25.051768,100.0,3,1794
11422,2022-02-20 14:44:37.116243,3.0,4,320
11423,2022-02-20 14:44:40.412815,3.0,4,1794
11424,2022-02-20 14:55:19.742230,3.0,4,1744
11425,2022-02-20 15:03:22.998885,100.0,3,1795
11426,2022-02-20 15:05:16.699401,3.0,4,1795
11427,2022-02-20 15:07:35.789338,3.0,4,1752
11428,2022-02-20 15:12:27.646197,20.0,23,1795
11429,2022-02-20 15:14:31.980065,0.0,22,1795
11430,2022-02-20 15:16:42.897491,20.0,23,1795
11431,2022-02-20 15:17:27.549912,0.0,22,1795
11432,2022-02-20 15:17:49.307857,20.0,23,1795
11433,2022-02-20 15:20:47.713701,5.0,22,1794
11434,2022-02-20 15:28:43.256396,0.0,22,1795
11435,2022-02-20 15:29:51.756303,20.0,23,1795
11436,2022-02-20 15:32:26.675573,0.0,22,1795
11437,2022-02-20 15:32:47.435495,20.0,23,1795
11438,2022-02-20 15:33:32.528414,0.0,22,1795
11439,2022-02-20 15:33:32.542994,30.0,8,1795
11440,2022-02-20 15:33:51.418366,20.0,23,1795
11441,2022-02-20 15:41:12.319092,0.0,22,1795
11442,2022-02-20 15:41:37.213346,100.0,3,1796
11443,2022-02-20 15:42:16.111306,3.0,4,1796
11444,2022-02-20 16:13:40.872546,100.0,3,1797
11445,2022-02-20 16:13:52.500459,3.0,4,1797
11446,2022-02-20 16:41:11.216015,3.0,4,222
11447,2022-02-20 16:46:31.476451,100.0,3,1798
11448,2022-02-20 16:47:06.949395,3.0,4,1798
11449,2022-02-20 16:54:05.812482,3.0,4,1290
11450,2022-02-20 16:54:13.418604,30.0,27,1290
11451,2022-02-20 16:58:11.750561,100.0,3,1800
11452,2022-02-20 16:58:22.592210,3.0,4,1800
11453,2022-02-20 16:59:07.716408,3.0,4,644
11454,2022-02-20 17:00:00.568637,100.0,3,1799
11455,2022-02-20 17:00:11.709619,3.0,4,1799
11456,2022-02-20 17:06:00.372983,5.0,22,1700
11457,2022-02-20 17:06:00.388632,100.0,9,1700
11458,2022-02-20 17:06:32.486624,3.0,4,1637
11459,2022-02-20 17:07:31.767229,5.0,22,1800
11460,2022-02-20 17:09:41.433181,100.0,3,1801
11461,2022-02-20 17:09:56.084707,3.0,4,1801
11462,2022-02-20 17:10:00.320881,20.0,27,1801
11463,2022-02-20 17:34:29.204786,5.0,22,1798
11464,2022-02-20 17:56:16.976320,3.0,4,1709
11465,2022-02-20 18:11:29.942764,100.0,3,1802
11466,2022-02-20 18:11:45.256013,3.0,4,1802
11467,2022-02-20 18:46:31.211629,3.0,4,1498
11468,2022-02-20 18:58:41.319054,10.0,22,1498
11469,2022-02-20 19:12:03.928954,20.0,23,1495
11470,2022-02-20 19:13:11.129917,5.0,22,1495
11471,2022-02-20 19:13:11.156552,100.0,9,1495
11472,2022-02-20 19:13:23.721344,100.0,3,1803
11473,2022-02-20 19:13:31.217470,3.0,4,1803
11474,2022-02-20 19:22:06.374616,100.0,3,1804
11475,2022-02-20 19:22:53.834442,3.0,4,1804
11476,2022-02-20 19:26:19.067045,3.0,4,1773
11477,2022-02-20 19:29:50.398500,100.0,3,1805
11478,2022-02-20 19:30:03.611281,3.0,4,1805
11479,2022-02-20 19:30:08.299918,20.0,27,1805
11480,2022-02-20 19:44:48.919292,3.0,4,763
11481,2022-02-20 19:58:38.493242,5.0,22,1483
11482,2022-02-20 19:59:46.337923,5.0,22,1495
11483,2022-02-20 20:22:41.262253,40.0,23,1495
11484,2022-02-20 20:23:08.620882,20.0,22,1495
11485,2022-02-20 20:30:37.579539,3.0,4,342
11486,2022-02-20 20:31:33.297659,5.0,22,1495
11487,2022-02-20 20:32:48.121091,20.0,23,1495
11488,2022-02-20 20:35:37.795540,5.0,22,1495
11489,2022-02-20 21:03:07.432058,100.0,3,1806
11490,2022-02-20 21:04:17.130656,3.0,4,1806
11491,2022-02-20 21:09:36.960660,3.0,4,1707
11492,2022-02-20 21:12:25.310053,100.0,3,1807
11493,2022-02-20 21:12:37.972564,3.0,4,1807
11494,2022-02-20 21:12:57.523094,30.0,27,1807
11495,2022-02-20 21:42:02.875281,100.0,3,1808
11496,2022-02-20 21:42:24.291392,3.0,4,1808
11497,2022-02-20 21:42:32.868917,20.0,27,1808
11498,2022-02-20 21:45:46.669354,3.0,4,1203
11499,2022-02-20 21:46:09.600923,20.0,27,1808
11500,2022-02-20 21:50:17.964307,20.0,27,1808
11501,2022-02-20 21:54:03.751274,20.0,27,1808
11502,2022-02-20 21:59:33.648737,20.0,27,1808
11503,2022-02-20 22:44:43.542471,100.0,3,1809
11504,2022-02-20 22:45:28.169857,3.0,4,1809
11505,2022-02-20 22:54:19.732055,100.0,3,1810
11506,2022-02-20 22:54:33.709699,3.0,4,1810
11507,2022-02-20 23:42:53.043721,30.0,27,1809
11508,2022-02-20 23:50:45.769542,20.0,27,1809
11509,2022-02-20 23:54:41.775748,30.0,27,1809
11510,2022-02-21 00:17:05.809108,100.0,3,1811
11511,2022-02-21 00:17:20.724659,3.0,4,1811
11512,2022-02-21 03:37:12.825299,100.0,3,1812
11513,2022-02-21 03:37:37.625233,3.0,4,1812
11514,2022-02-21 04:02:04.372146,3.0,4,1703
11515,2022-02-21 04:43:18.989859,100.0,3,1813
11516,2022-02-21 04:44:13.400516,3.0,4,1813
11517,2022-02-21 04:44:17.408749,20.0,27,1813
11518,2022-02-21 04:47:03.498652,100.0,3,1814
11519,2022-02-21 04:47:32.554053,3.0,4,1814
11520,2022-02-21 04:58:53.565874,3.0,4,815
11521,2022-02-21 04:59:50.291061,20.0,23,815
11522,2022-02-21 05:01:28.726993,5.0,22,815
11523,2022-02-21 05:17:07.799601,20.0,23,1812
11524,2022-02-21 05:18:44.613002,5.0,22,815
11525,2022-02-21 05:23:14.248006,10.0,22,1812
11526,2022-02-21 05:24:16.151619,20.0,23,815
11527,2022-02-21 05:24:51.992137,30.0,27,1812
11528,2022-02-21 05:28:44.632948,5.0,22,815
11529,2022-02-21 05:40:50.068389,100.0,3,1815
11530,2022-02-21 05:40:54.456924,3.0,4,1815
11531,2022-02-21 06:06:42.349614,3.0,4,368
11532,2022-02-21 06:07:31.892641,3.0,4,649
11533,2022-02-21 06:33:42.461300,100.0,3,1816
11534,2022-02-21 06:33:49.897529,3.0,4,1816
11535,2022-02-21 06:35:00.125197,20.0,23,1816
11536,2022-02-21 06:36:56.244615,3.0,4,1739
11537,2022-02-21 06:50:10.081377,3.0,4,1595
11538,2022-02-21 06:50:59.987158,5.0,22,368
11539,2022-02-21 06:53:11.208059,20.0,23,1595
11540,2022-02-21 06:59:20.237525,10.0,22,1595
11541,2022-02-21 07:04:23.007399,3.0,4,1790
11542,2022-02-21 07:09:17.018264,100.0,3,1817
11543,2022-02-21 07:10:08.012966,3.0,4,1817
11544,2022-02-21 07:20:24.673891,100.0,3,1818
11545,2022-02-21 07:20:38.433545,3.0,4,1818
11546,2022-02-21 07:23:34.464364,40.0,23,1818
11547,2022-02-21 07:43:40.891926,3.0,4,1744
11548,2022-02-21 07:47:15.708079,20.0,22,1818
11549,2022-02-21 07:49:05.344178,20.0,23,1818
11550,2022-02-21 07:49:27.902418,100.0,3,1820
11551,2022-02-21 07:50:02.171134,3.0,4,1820
11552,2022-02-21 07:52:59.150729,3.0,4,1737
11553,2022-02-21 07:53:18.278848,100.0,3,1821
11554,2022-02-21 07:53:21.985040,3.0,4,1821
11555,2022-02-21 07:55:02.263449,20.0,23,1820
11556,2022-02-21 07:58:19.814828,3.0,4,1732
11557,2022-02-21 07:58:39.946517,100.0,3,1822
11558,2022-02-21 07:59:00.115524,3.0,4,1822
11559,2022-02-21 08:03:45.711173,100.0,3,1823
11560,2022-02-21 08:04:15.307670,3.0,4,1823
11561,2022-02-21 08:04:23.897926,40.0,23,1823
11562,2022-02-21 08:06:00.380718,5.0,22,1818
11563,2022-02-21 08:08:31.202964,3.0,4,712
11564,2022-02-21 08:17:12.144415,5.0,22,1820
11565,2022-02-21 08:26:24.064894,20.0,23,1818
11566,2022-02-21 08:31:40.241505,3.0,4,515
11567,2022-02-21 08:33:39.212380,5.0,22,1820
11568,2022-02-21 08:40:03.197540,20.0,23,1820
11569,2022-02-21 08:41:40.210208,5.0,22,1818
11570,2022-02-21 08:42:24.036466,100.0,3,1825
11571,2022-02-21 08:42:30.167961,3.0,4,1825
11572,2022-02-21 08:43:50.045719,20.0,23,1825
11573,2022-02-21 08:44:30.085472,5.0,22,1820
11574,2022-02-21 08:44:50.946389,3.0,4,1652
11575,2022-02-21 08:46:54.851660,3.0,4,1700
11576,2022-02-21 08:47:13.676663,3.0,4,1488
11577,2022-02-21 08:48:01.131995,20.0,27,1488
11578,2022-02-21 08:50:29.532014,100.0,3,1827
11579,2022-02-21 08:50:33.817248,3.0,4,1827
11580,2022-02-21 08:51:21.161754,100.0,3,1826
11581,2022-02-21 08:51:28.928384,20.0,23,1827
11582,2022-02-21 08:51:36.128040,3.0,4,1826
11583,2022-02-21 08:51:45.324439,100.0,3,1828
11584,2022-02-21 08:52:11.712013,3.0,4,1828
11585,2022-02-21 08:52:14.847796,20.0,27,1828
11586,2022-02-21 08:54:26.997924,10.0,22,1827
11587,2022-02-21 08:55:18.327342,5.0,22,1826
11588,2022-02-21 08:55:29.846586,100.0,3,1829
11589,2022-02-21 08:55:53.293265,3.0,4,1829
11590,2022-02-21 08:56:28.463923,20.0,27,1829
11591,2022-02-21 09:00:20.818455,20.0,22,1739
11592,2022-02-21 09:01:34.111512,30.0,23,1739
11593,2022-02-21 09:09:23.020785,10.0,22,1827
11594,2022-02-21 09:11:04.842233,30.0,23,1827
11595,2022-02-21 09:16:29.109358,3.0,4,1719
11596,2022-02-21 09:17:30.802439,10.0,22,1739
11597,2022-02-21 09:17:30.815135,30.0,8,1739
11598,2022-02-21 09:21:13.075366,5.0,22,1488
11599,2022-02-21 09:21:13.086672,30.0,8,1488
11600,2022-02-21 09:36:34.938713,3.0,4,1663
11601,2022-02-21 10:31:41.111754,100.0,3,1831
11602,2022-02-21 10:32:09.843942,3.0,4,1831
11603,2022-02-21 10:34:24.457167,30.0,27,1831
11604,2022-02-21 10:38:46.772533,3.0,4,444
11605,2022-02-21 10:44:13.894635,3.0,4,1709
11606,2022-02-21 10:46:50.016752,100.0,3,1832
11607,2022-02-21 10:46:54.685829,20.0,27,1831
11608,2022-02-21 10:47:05.209396,3.0,4,1832
11609,2022-02-21 10:47:40.469054,0.0,22,1709
11610,2022-02-21 10:48:06.815404,20.0,27,1832
11611,2022-02-21 10:49:38.352534,30.0,27,1832
11612,2022-02-21 10:50:14.547165,0.0,22,1709
11613,2022-02-21 10:50:41.681991,100.0,3,1833
11614,2022-02-21 10:50:41.695511,200.0,6,1424
11615,2022-02-21 10:50:41.695855,50.0,7,1833
11616,2022-02-21 10:50:55.078735,3.0,4,1833
11617,2022-02-21 10:53:58.445537,0.0,22,1709
11618,2022-02-21 10:56:35.037170,0.0,22,1709
11619,2022-02-21 11:44:07.827962,3.0,4,843
11620,2022-02-21 11:44:16.281174,20.0,27,843
11621,2022-02-21 11:49:57.651484,30.0,27,843
11622,2022-02-21 12:04:29.690213,100.0,3,1834
11623,2022-02-21 12:04:34.197202,3.0,4,1834
11624,2022-02-21 12:06:50.596188,20.0,23,1834
11625,2022-02-21 12:15:28.427401,3.0,4,1506
11626,2022-02-21 12:16:25.235847,3.0,4,63
11627,2022-02-21 12:16:25.248334,30.0,5,63
11628,2022-02-21 12:42:30.835194,3.0,4,121
11629,2022-02-21 12:51:25.730924,10.0,22,1834
11630,2022-02-21 12:51:39.225668,10.0,22,1595
11631,2022-02-21 13:01:59.946870,40.0,23,1816
11632,2022-02-21 13:02:08.631373,0.0,22,1709
11633,2022-02-21 13:07:55.711682,3.0,4,1707
11634,2022-02-21 13:11:28.146163,20.0,23,1595
11635,2022-02-21 13:11:38.608749,40.0,23,1834
11636,2022-02-21 13:16:33.800535,5.0,22,1595
11637,2022-02-21 13:25:33.049960,100.0,3,1835
11638,2022-02-21 13:25:43.194698,3.0,4,1835
11639,2022-02-21 13:26:48.063326,20.0,23,1835
11640,2022-02-21 13:37:39.771780,100.0,3,1836
11641,2022-02-21 13:38:00.360963,3.0,4,1836
11642,2022-02-21 13:38:49.337014,20.0,22,1816
11643,2022-02-21 13:39:35.112997,20.0,23,1836
11644,2022-02-21 13:50:32.390377,10.0,22,1836
11645,2022-02-21 13:52:52.818155,40.0,23,1836
11646,2022-02-21 13:58:19.575048,10.0,22,1835
11647,2022-02-21 13:59:25.529587,15.0,22,1834
11648,2022-02-21 14:09:41.228428,15.0,22,1836
11649,2022-02-21 14:11:12.167215,3.0,4,43
11650,2022-02-21 14:14:08.223116,3.0,4,934
11651,2022-02-21 14:16:59.648354,3.0,4,1294
11652,2022-02-21 14:33:17.996045,10.0,22,1835
11653,2022-02-21 14:34:58.764352,0.0,22,1744
11654,2022-02-21 14:35:30.322146,40.0,23,1835
11655,2022-02-21 14:44:01.025404,3.0,4,1544
11656,2022-02-21 14:44:47.782150,20.0,23,1544
11657,2022-02-21 14:56:13.562166,3.0,4,1802
11658,2022-02-21 14:57:03.465779,5.0,22,1544
11659,2022-02-21 15:02:01.008586,15.0,22,1835
11660,2022-02-21 15:02:45.927360,20.0,27,1544
11661,2022-02-21 15:07:50.663495,30.0,27,1544
11662,2022-02-21 15:16:29.988128,150.0,2,1544
11663,2022-02-21 15:25:22.181551,5.0,22,1835
11664,2022-02-21 15:30:48.606313,100.0,3,1838
11665,2022-02-21 15:31:06.995862,3.0,4,1838
11666,2022-02-21 15:39:34.532844,100.0,3,1839
11667,2022-02-21 15:39:57.808169,3.0,4,1839
11668,2022-02-21 15:42:01.851472,20.0,27,1839
11669,2022-02-21 15:43:25.447134,5.0,22,1544
11670,2022-02-21 15:43:25.454688,100.0,9,1544
11671,2022-02-21 15:45:07.836575,30.0,27,1839
11672,2022-02-21 15:49:01.332393,30.0,27,1839
11673,2022-02-21 15:50:09.441518,3.0,4,1015
11674,2022-02-21 16:17:24.850911,20.0,23,1835
11675,2022-02-21 16:21:23.984342,100.0,3,1840
11676,2022-02-21 16:21:28.270161,3.0,4,1840
11677,2022-02-21 16:23:49.428223,3.0,4,1757
11678,2022-02-21 16:24:06.143243,5.0,22,1835
11679,2022-02-21 16:24:06.162548,30.0,8,1835
11680,2022-02-21 16:28:27.856636,3.0,4,1495
11681,2022-02-21 16:38:01.075679,100.0,3,1841
11682,2022-02-21 16:38:10.535874,10.0,22,1663
11683,2022-02-21 16:38:40.038377,3.0,4,1841
11684,2022-02-21 16:39:39.464219,20.0,27,1841
11685,2022-02-21 16:47:04.551783,10.0,22,1663
11686,2022-02-21 16:47:35.167725,3.0,4,1439
11687,2022-02-21 16:48:05.925187,10.0,22,1835
11688,2022-02-21 16:59:09.221921,20.0,22,1663
11689,2022-02-21 17:06:17.461254,5.0,22,1439
11690,2022-02-21 17:11:17.499325,3.0,4,158
11691,2022-02-21 17:16:15.417882,5.0,22,1439
11692,2022-02-21 17:19:15.265697,5.0,22,1439
11693,2022-02-21 17:19:59.770854,20.0,23,1439
11694,2022-02-21 17:25:50.379018,0.0,22,1744
11695,2022-02-21 17:36:46.994956,20.0,23,158
11696,2022-02-21 17:42:34.209283,20.0,23,1495
11697,2022-02-21 17:42:49.308439,20.0,23,1439
11698,2022-02-21 17:43:23.663259,20.0,23,1439
11699,2022-02-21 17:45:37.161573,0.0,22,1744
11700,2022-02-21 17:46:46.011303,5.0,22,158
11701,2022-02-21 17:50:28.206597,5.0,22,1495
11702,2022-02-21 17:51:15.318786,20.0,23,1495
11703,2022-02-21 17:59:58.714901,3.0,4,1768
11704,2022-02-21 18:00:14.242022,5.0,22,158
11705,2022-02-21 18:04:47.288312,0.0,22,1744
11706,2022-02-21 18:04:47.306610,100.0,9,1744
11707,2022-02-21 18:08:28.453086,5.0,22,1495
11708,2022-02-21 18:09:43.038595,30.0,23,1495
11709,2022-02-21 18:10:25.805862,10.0,22,1495
11710,2022-02-21 18:14:49.797022,0.0,22,1744
11711,2022-02-21 18:26:44.874876,0.0,22,1744
11712,2022-02-21 18:32:21.949192,0.0,22,1744
11713,2022-02-21 18:37:15.745368,0.0,22,1744
11714,2022-02-21 18:48:26.139006,0.0,22,1744
11715,2022-02-21 18:48:43.130184,100.0,3,1844
11716,2022-02-21 18:49:02.481020,3.0,4,1844
11717,2022-02-21 19:02:49.900585,5.0,22,1495
11718,2022-02-21 19:06:58.367605,100.0,3,1846
11719,2022-02-21 19:07:19.019555,3.0,4,1846
11720,2022-02-21 19:07:29.257646,5.0,22,1844
11721,2022-02-21 19:08:21.606652,5.0,22,1495
11722,2022-02-21 19:09:29.949017,20.0,23,1495
11723,2022-02-21 19:09:57.647946,5.0,22,1495
11724,2022-02-21 19:17:59.743494,100.0,3,1842
11725,2022-02-21 19:20:43.251038,3.0,4,1842
11726,2022-02-21 19:46:37.715530,10.0,22,1844
11727,2022-02-21 19:49:27.573547,100.0,3,1845
11728,2022-02-21 19:53:41.832124,5.0,22,1833
11729,2022-02-21 19:55:16.779463,20.0,22,1844
11730,2022-02-21 19:58:32.405977,5.0,22,1844
11731,2022-02-21 20:06:24.760626,5.0,22,1844
11732,2022-02-21 20:06:24.800219,30.0,8,1844
11733,2022-02-21 20:06:55.487491,100.0,3,1847
11734,2022-02-21 20:07:07.550155,3.0,4,1847
11735,2022-02-21 20:17:28.082304,3.0,4,1009
11736,2022-02-21 20:18:32.839067,10.0,22,1700
11737,2022-02-21 20:19:54.810297,5.0,22,1847
11738,2022-02-21 20:33:35.948387,5.0,22,1833
11739,2022-02-21 20:40:56.239924,5.0,22,1833
11740,2022-02-21 20:43:23.479147,10.0,22,1700
11741,2022-02-21 21:08:03.677348,5.0,22,1847
11742,2022-02-21 21:09:02.203821,20.0,23,1847
11743,2022-02-21 21:13:06.773949,5.0,22,1847
11744,2022-02-21 21:28:25.623769,5.0,22,1700
11745,2022-02-22 00:32:43.937469,3.0,4,43
11746,2022-02-22 03:17:18.450877,3.0,4,1635
11747,2022-02-22 03:37:47.558395,3.0,4,1506
11748,2022-02-22 04:56:57.611378,100.0,3,1850
11749,2022-02-22 04:57:07.452060,3.0,4,1850
11750,2022-02-22 04:57:50.604475,20.0,27,1850
11751,2022-02-22 05:02:56.465845,3.0,4,589
11752,2022-02-22 05:03:07.235863,30.0,27,1850
11753,2022-02-22 05:07:11.049536,30.0,27,1850
11754,2022-02-22 05:28:20.893311,3.0,4,1815
11755,2022-02-22 05:45:55.046495,3.0,4,1822
11756,2022-02-22 05:48:13.856505,3.0,4,649
11757,2022-02-22 05:52:47.102519,3.0,4,97
11758,2022-02-22 05:58:28.798672,5.0,22,1822
11759,2022-02-22 06:06:20.572290,5.0,22,97
11760,2022-02-22 06:12:39.990494,3.0,4,1705
11761,2022-02-22 06:17:36.860886,3.0,4,1820
11762,2022-02-22 06:17:59.463351,20.0,23,1822
11763,2022-02-22 06:20:46.309081,5.0,22,1822
11764,2022-02-22 06:30:02.171895,5.0,22,1822
11765,2022-02-22 06:31:57.030526,3.0,4,1744
11766,2022-02-22 06:35:19.768041,0.0,22,1744
11767,2022-02-22 06:43:36.346568,20.0,23,1822
11768,2022-02-22 06:45:51.744092,10.0,22,1820
11769,2022-02-22 07:02:56.639607,3.0,4,1700
11770,2022-02-22 07:09:05.261258,10.0,22,1822
11771,2022-02-22 07:20:45.492049,100.0,3,1852
11772,2022-02-22 07:21:06.234079,3.0,4,1852
11773,2022-02-22 07:27:23.123485,100.0,3,1853
11774,2022-02-22 07:27:42.213278,3.0,4,1853
11775,2022-02-22 07:35:08.818115,3.0,4,63
11776,2022-02-22 07:57:22.994345,100.0,3,1854
11777,2022-02-22 07:57:39.837280,3.0,4,1854
11778,2022-02-22 07:58:31.063015,20.0,23,1854
11779,2022-02-22 08:00:48.749599,10.0,22,1854
11780,2022-02-22 08:03:23.876110,5.0,22,1854
11781,2022-02-22 08:07:17.505863,100.0,3,1855
11782,2022-02-22 08:08:04.832693,3.0,4,1855
11783,2022-02-22 08:22:30.406790,20.0,23,1820
11784,2022-02-22 08:24:34.057914,5.0,22,1820
11785,2022-02-22 08:24:34.067945,30.0,8,1820
11786,2022-02-22 08:28:30.571370,3.0,4,50
11787,2022-02-22 08:36:44.881939,100.0,3,1857
11788,2022-02-22 08:36:53.217423,3.0,4,1857
11789,2022-02-22 08:36:58.304140,20.0,23,1857
11790,2022-02-22 08:40:15.935319,5.0,22,1857
11791,2022-02-22 08:45:16.264576,5.0,22,1855
11792,2022-02-22 08:54:02.241321,3.0,4,1783
11793,2022-02-22 08:55:07.719385,3.0,4,743
11794,2022-02-22 09:39:15.386740,3.0,4,1785
11795,2022-02-22 09:51:39.471209,30.0,27,1785
11796,2022-02-22 10:20:53.226320,3.0,4,1826
11797,2022-02-22 10:29:57.776395,3.0,4,1844
11798,2022-02-22 10:41:31.532878,10.0,22,1820
11799,2022-02-22 10:42:00.600574,3.0,4,1771
11800,2022-02-22 11:08:12.697360,100.0,3,1858
11801,2022-02-22 11:08:32.349591,3.0,4,1858
11802,2022-02-22 11:08:40.626526,20.0,27,1858
11803,2022-02-22 11:42:40.782029,100.0,3,1859
11804,2022-02-22 11:43:03.134457,3.0,4,1859
11805,2022-02-22 11:43:45.817834,20.0,27,1859
11806,2022-02-22 11:47:49.554307,100.0,3,1860
11807,2022-02-22 11:48:13.615197,3.0,4,1860
11808,2022-02-22 11:50:25.774717,20.0,27,1860
11809,2022-02-22 11:50:59.281354,100.0,3,1861
11810,2022-02-22 11:51:15.162650,3.0,4,1861
11811,2022-02-22 12:15:12.546330,3.0,4,1840
11812,2022-02-22 12:17:30.583147,100.0,3,1862
11813,2022-02-22 12:20:35.123953,3.0,4,1862
11814,2022-02-22 12:23:24.260310,10.0,22,1700
11815,2022-02-22 12:25:06.653024,20.0,23,1862
11816,2022-02-22 12:31:09.788048,3.0,4,496
11817,2022-02-22 13:04:00.601714,3.0,4,1709
11818,2022-02-22 13:04:22.074691,100.0,3,1863
11819,2022-02-22 13:04:43.807673,3.0,4,1863
11820,2022-02-22 13:14:08.918662,0.0,22,1709
11821,2022-02-22 13:48:35.283827,3.0,4,1839
11822,2022-02-22 13:53:03.213424,30.0,23,1854
11823,2022-02-22 13:54:54.123492,10.0,22,1854
11824,2022-02-22 14:13:31.551406,100.0,3,1864
11825,2022-02-22 14:13:52.656320,3.0,4,1864
11826,2022-02-22 14:14:44.336374,30.0,27,1864
11827,2022-02-22 14:29:52.065303,100.0,3,1865
11828,2022-02-22 14:30:14.588400,3.0,4,1865
11829,2022-02-22 14:32:46.716709,20.0,27,1865
11830,2022-02-22 14:45:32.481929,0.0,22,1863
11831,2022-02-22 14:47:05.961760,100.0,3,1866
11832,2022-02-22 14:47:22.843465,3.0,4,1866
11833,2022-02-22 14:49:05.755300,0.0,22,1863
11834,2022-02-22 14:51:36.190657,100.0,3,1867
11835,2022-02-22 14:52:12.902281,5.0,22,1866
11836,2022-02-22 14:52:35.532224,3.0,4,1867
11837,2022-02-22 14:53:01.671324,40.0,23,1866
11838,2022-02-22 14:53:47.293559,0.0,22,1863
11839,2022-02-22 14:54:28.407587,100.0,3,1868
11840,2022-02-22 14:54:46.500314,3.0,4,1868
11841,2022-02-22 14:55:15.995267,30.0,27,1868
11842,2022-02-22 14:57:07.044020,0.0,22,1863
11843,2022-02-22 14:58:02.894371,0.0,22,1863
11844,2022-02-22 14:58:02.909570,30.0,8,1863
11845,2022-02-22 14:58:22.672878,15.0,22,1866
11846,2022-02-22 14:59:15.707412,30.0,23,1867
11847,2022-02-22 14:59:55.088958,100.0,3,1869
11848,2022-02-22 15:00:15.487214,3.0,4,1869
11849,2022-02-22 15:00:31.803675,30.0,27,1869
11850,2022-02-22 15:01:43.018424,0.0,22,1863
11851,2022-02-22 15:02:40.106877,100.0,3,1870
11852,2022-02-22 15:02:54.166479,3.0,4,1870
11853,2022-02-22 15:03:38.510699,30.0,27,1870
11854,2022-02-22 15:04:22.668611,40.0,23,1867
11855,2022-02-22 15:05:20.368884,30.0,27,1867
11856,2022-02-22 15:06:27.599409,0.0,22,1863
11857,2022-02-22 15:07:35.821025,20.0,22,1866
11858,2022-02-22 15:08:34.822137,0.0,22,1863
11859,2022-02-22 15:08:57.273996,40.0,23,1866
11860,2022-02-22 15:12:51.667621,0.0,22,1863
11861,2022-02-22 15:15:52.617474,0.0,22,1863
11862,2022-02-22 15:15:52.631368,100.0,9,1863
11863,2022-02-22 15:18:00.647318,0.0,22,1863
11864,2022-02-22 15:18:10.247679,20.0,22,1866
11865,2022-02-22 15:18:58.048305,0.0,22,1863
11866,2022-02-22 15:19:14.563125,40.0,23,1866
11867,2022-02-22 15:20:03.669104,3.0,4,1707
11868,2022-02-22 15:20:22.258628,0.0,22,1863
11869,2022-02-22 15:20:47.704888,3.0,4,1758
11870,2022-02-22 15:20:51.679413,30.0,27,1758
11871,2022-02-22 15:23:22.989481,0.0,22,1863
11872,2022-02-22 15:26:28.082611,0.0,22,1863
11873,2022-02-22 15:27:21.441264,0.0,22,1863
11874,2022-02-22 15:30:35.669037,0.0,22,1863
11875,2022-02-22 15:34:01.192532,0.0,22,1863
11876,2022-02-22 15:36:43.361717,5.0,22,1707
11877,2022-02-22 15:37:53.001930,100.0,3,1872
11878,2022-02-22 15:38:18.461386,3.0,4,1872
11879,2022-02-22 15:38:21.820345,20.0,27,1872
11880,2022-02-22 15:41:21.594691,3.0,4,1015
11881,2022-02-22 15:41:21.606929,30.0,5,1015
11882,2022-02-22 15:57:46.173727,100.0,3,1874
11883,2022-02-22 15:58:05.108406,3.0,4,1874
11884,2022-02-22 15:58:56.875557,20.0,27,1874
11885,2022-02-22 16:03:00.986495,10.0,22,1863
11886,2022-02-22 16:09:06.339773,0.0,22,1863
11887,2022-02-22 16:11:25.451503,20.0,27,1874
11888,2022-02-22 16:15:44.103458,20.0,27,1874
11889,2022-02-22 16:22:12.250045,30.0,27,1874
11890,2022-02-22 16:59:59.550495,3.0,4,1833
11891,2022-02-22 17:02:46.489399,3.0,4,1693
11892,2022-02-22 17:09:37.928094,3.0,4,934
11893,2022-02-22 17:12:55.777734,100.0,3,1875
11894,2022-02-22 17:13:28.567545,3.0,4,1875
11895,2022-02-22 17:13:43.964086,30.0,27,1875
11896,2022-02-22 17:24:56.095404,20.0,27,1875
11897,2022-02-22 17:25:22.990643,100.0,3,1876
11898,2022-02-22 17:27:17.336610,3.0,4,1876
11899,2022-02-22 17:27:29.162469,20.0,27,1876
11900,2022-02-22 17:28:52.877557,3.0,4,1495
11901,2022-02-22 18:02:02.088863,3.0,4,1483
11902,2022-02-22 18:04:33.888405,20.0,23,1495
11903,2022-02-22 18:08:32.885068,5.0,22,1495
11904,2022-02-22 18:10:55.918693,3.0,4,1318
11905,2022-02-22 18:14:08.952738,20.0,22,1495
11906,2022-02-22 18:58:23.725553,100.0,3,1879
11907,2022-02-22 18:59:08.472180,100.0,3,1880
11908,2022-02-22 18:59:35.820120,3.0,4,1880
11909,2022-02-22 18:59:42.459743,20.0,27,1880
11910,2022-02-22 19:00:00.745591,3.0,4,1879
11911,2022-02-22 19:03:46.872511,20.0,27,1879
11912,2022-02-22 19:12:22.232592,20.0,27,1880
11913,2022-02-22 19:26:36.363192,3.0,4,1126
11914,2022-02-22 19:31:43.108348,3.0,4,299
11915,2022-02-22 20:00:05.647059,10.0,22,1700
11916,2022-02-22 20:39:15.332451,100.0,3,1881
11917,2022-02-22 20:39:38.207219,3.0,4,1881
11918,2022-02-22 21:24:10.814305,100.0,3,1882
11919,2022-02-22 21:24:25.642978,3.0,4,1882
11920,2022-02-22 21:24:40.909451,30.0,27,1882
11921,2022-02-22 21:25:14.557188,100.0,3,1883
11922,2022-02-22 21:25:27.674562,3.0,4,1883
11923,2022-02-22 21:26:05.952989,30.0,27,1883
11924,2022-02-22 21:28:45.571485,20.0,27,1882
11925,2022-02-22 21:30:19.527342,20.0,27,1882
11926,2022-02-22 21:51:24.615317,100.0,3,1884
11927,2022-02-22 21:51:47.378656,3.0,4,1884
11928,2022-02-22 22:00:12.170750,3.0,4,121
11929,2022-02-22 22:02:59.304998,3.0,4,1623
11930,2022-02-22 22:03:18.004581,30.0,27,1623
11931,2022-02-22 23:06:35.590125,30.0,23,1884
11932,2022-02-22 23:13:29.790203,30.0,27,1884
11933,2022-02-22 23:32:22.381235,40.0,23,1884
11934,2022-02-23 00:07:34.931359,3.0,4,1884
11935,2022-02-23 01:00:09.073675,3.0,4,1634
11936,2022-02-23 01:00:12.416869,20.0,27,1634
11937,2022-02-23 02:03:38.685415,100.0,3,1509
11938,2022-02-23 02:03:56.501891,3.0,4,1509
11939,2022-02-23 02:05:19.691061,30.0,27,1509
11940,2022-02-23 03:26:27.338418,100.0,3,1886
11941,2022-02-23 03:26:48.824067,3.0,4,1886
11942,2022-02-23 03:27:07.560324,30.0,27,1886
11943,2022-02-23 04:10:02.414104,100.0,3,1887
11944,2022-02-23 04:10:32.043098,3.0,4,1887
11945,2022-02-23 04:30:43.913820,100.0,3,1888
11946,2022-02-23 04:31:03.559133,3.0,4,1888
11947,2022-02-23 05:16:57.059899,3.0,4,1879
11948,2022-02-23 05:46:11.301048,100.0,3,1890
11949,2022-02-23 05:46:18.970076,100.0,3,1889
11950,2022-02-23 05:46:28.602585,3.0,4,1890
11951,2022-02-23 05:46:39.212665,3.0,4,1889
11952,2022-02-23 05:46:54.841417,30.0,27,1890
11953,2022-02-23 06:40:10.283168,100.0,3,1891
11954,2022-02-23 06:40:59.320401,3.0,4,1891
11955,2022-02-23 06:41:41.527116,30.0,27,1891
11956,2022-02-23 07:17:18.703703,3.0,4,1815
11957,2022-02-23 07:31:12.270205,3.0,4,1426
11958,2022-02-23 07:33:46.956630,3.0,4,1744
11959,2022-02-23 07:38:09.410166,3.0,4,1700
11960,2022-02-23 07:38:09.418941,30.0,5,1700
11961,2022-02-23 07:44:11.421238,100.0,3,1892
11962,2022-02-23 07:48:12.740478,3.0,4,1892
11963,2022-02-23 07:48:46.386922,30.0,27,1892
11964,2022-02-23 08:10:51.771080,100.0,3,1893
11965,2022-02-23 08:11:11.714214,3.0,4,1893
11966,2022-02-23 08:17:18.058409,100.0,3,1894
11967,2022-02-23 08:17:55.846436,3.0,4,1894
11968,2022-02-23 08:18:01.825181,30.0,27,1894
11969,2022-02-23 08:20:37.275598,100.0,3,1895
11970,2022-02-23 08:20:43.004899,3.0,4,1895
11971,2022-02-23 08:22:25.023056,100.0,3,1896
11972,2022-02-23 08:22:29.385660,3.0,4,1896
11973,2022-02-23 08:23:10.079491,100.0,3,1897
11974,2022-02-23 08:23:22.451273,3.0,4,1897
11975,2022-02-23 08:24:31.604957,100.0,3,1898
11976,2022-02-23 08:25:19.322275,3.0,4,1898
11977,2022-02-23 08:28:15.882416,100.0,3,1899
11978,2022-02-23 08:28:23.629894,3.0,4,1899
11979,2022-02-23 08:28:39.299359,0.0,22,1744
11980,2022-02-23 08:29:04.775506,20.0,27,1899
11981,2022-02-23 08:30:03.250140,20.0,23,1898
11982,2022-02-23 08:31:31.523551,0.0,22,1897
11983,2022-02-23 08:31:34.332931,10.0,22,1898
11984,2022-02-23 08:32:18.515310,20.0,27,1899
11985,2022-02-23 08:35:21.275757,100.0,3,1900
11986,2022-02-23 08:36:55.716573,3.0,4,1900
11987,2022-02-23 08:37:03.557735,20.0,23,1900
11988,2022-02-23 08:42:26.646584,0.0,22,1897
11989,2022-02-23 08:46:25.440287,0.0,22,1897
11990,2022-02-23 08:49:32.815426,0.0,22,1897
11991,2022-02-23 08:51:50.559564,0.0,22,1897
11992,2022-02-23 08:51:50.593150,30.0,8,1897
11993,2022-02-23 08:58:15.583250,0.0,22,1897
11994,2022-02-23 08:59:49.662777,0.0,22,1897
11995,2022-02-23 09:00:20.126903,0.0,22,1897
11996,2022-02-23 09:06:37.950290,100.0,3,1901
11997,2022-02-23 09:06:47.682363,3.0,4,1901
11998,2022-02-23 09:07:32.469421,0.0,22,1897
11999,2022-02-23 09:11:37.534696,0.0,22,1897
12000,2022-02-23 09:11:37.577756,100.0,9,1897
12001,2022-02-23 09:12:38.622113,0.0,22,1897
12002,2022-02-23 09:23:46.997379,40.0,23,1901
12003,2022-02-23 09:28:55.570415,3.0,4,1822
12004,2022-02-23 10:26:42.210790,100.0,3,1903
12005,2022-02-23 10:27:06.032399,3.0,4,1903
12006,2022-02-23 10:47:59.245663,3.0,4,1504
12007,2022-02-23 11:03:30.274164,100.0,3,1904
12008,2022-02-23 11:03:49.149231,3.0,4,1904
12009,2022-02-23 11:05:11.650785,20.0,27,1904
12010,2022-02-23 11:09:57.266911,0.0,22,1897
12011,2022-02-23 11:13:51.831161,3.0,4,1568
12012,2022-02-23 11:14:15.686507,100.0,3,1837
12013,2022-02-23 11:15:40.318202,0.0,22,1897
12014,2022-02-23 11:19:56.802645,0.0,22,1897
12015,2022-02-23 11:21:13.167453,0.0,22,1897
12016,2022-02-23 11:21:51.591815,0.0,22,1897
12017,2022-02-23 11:29:27.447972,20.0,22,1884
12018,2022-02-23 11:33:58.205849,0.0,22,1897
12019,2022-02-23 11:36:59.353568,5.0,22,1822
12020,2022-02-23 11:36:59.369170,30.0,8,1822
12021,2022-02-23 11:39:32.564562,3.0,4,411
12022,2022-02-23 11:47:08.307746,5.0,22,1822
12023,2022-02-23 12:00:03.821630,100.0,3,1907
12024,2022-02-23 12:00:32.147385,3.0,4,1907
12025,2022-02-23 12:02:43.176575,100.0,3,1908
12026,2022-02-23 12:03:22.944647,3.0,4,1908
12027,2022-02-23 12:04:45.565079,30.0,27,1908
12028,2022-02-23 12:10:06.526040,100.0,3,1905
12029,2022-02-23 12:10:23.561254,3.0,4,1905
12030,2022-02-23 12:10:28.298692,100.0,3,1909
12031,2022-02-23 12:10:46.586253,3.0,4,1909
12032,2022-02-23 12:11:22.146266,20.0,23,1909
12033,2022-02-23 12:11:28.229782,20.0,27,1905
12034,2022-02-23 12:21:40.782317,0.0,22,411
12035,2022-02-23 12:26:30.730776,10.0,22,1907
12036,2022-02-23 12:39:23.668836,10.0,22,1909
12037,2022-02-23 12:39:48.925571,0.0,22,411
12038,2022-02-23 12:40:29.644633,100.0,3,1910
12039,2022-02-23 12:40:34.667267,3.0,4,1910
12040,2022-02-23 12:41:22.437898,20.0,27,1910
12041,2022-02-23 12:42:40.385725,3.0,4,1883
12042,2022-02-23 12:45:22.514219,20.0,23,1910
12043,2022-02-23 12:46:21.060536,0.0,22,411
12044,2022-02-23 12:50:25.764419,3.0,4,1752
12045,2022-02-23 12:51:12.294841,20.0,23,1752
12046,2022-02-23 12:51:32.228367,20.0,23,1504
12047,2022-02-23 12:55:45.182918,10.0,22,1822
12048,2022-02-23 12:56:08.855420,0.0,22,1744
12049,2022-02-23 12:57:51.469911,0.0,22,411
12050,2022-02-23 13:07:18.973735,100.0,3,1911
12051,2022-02-23 13:07:52.259430,3.0,4,1911
12052,2022-02-23 13:07:56.493091,30.0,27,1911
12053,2022-02-23 13:15:29.845632,40.0,23,1909
12054,2022-02-23 13:24:13.018050,0.0,22,411
12055,2022-02-23 13:26:48.924381,0.0,22,411
12056,2022-02-23 13:30:25.399046,5.0,22,1907
12057,2022-02-23 13:33:59.106837,10.0,22,1504
12058,2022-02-23 13:53:25.655917,20.0,22,1907
12059,2022-02-23 14:01:18.144284,3.0,4,1495
12060,2022-02-23 14:09:41.096340,10.0,22,1504
12061,2022-02-23 14:43:07.705054,3.0,4,1859
12062,2022-02-23 14:46:44.819562,15.0,22,1909
12063,2022-02-23 14:55:48.665958,100.0,3,1912
12064,2022-02-23 14:55:54.166324,3.0,4,1912
12065,2022-02-23 14:56:58.829474,20.0,27,1912
12066,2022-02-23 14:58:01.887620,3.0,4,1765
12067,2022-02-23 14:59:41.637968,30.0,27,1912
12068,2022-02-23 15:15:02.830987,3.0,4,1870
12069,2022-02-23 15:21:26.642114,30.0,23,1870
12070,2022-02-23 15:26:38.397588,3.0,4,1709
12071,2022-02-23 15:36:20.099551,0.0,22,1897
12072,2022-02-23 15:37:54.006474,0.0,22,1709
12073,2022-02-23 15:43:55.835409,20.0,23,1752
12074,2022-02-23 15:45:06.168254,3.0,4,258
12075,2022-02-23 16:03:18.538522,100.0,3,1913
12076,2022-02-23 16:26:18.855945,0.0,22,1897
12077,2022-02-23 16:36:43.520562,100.0,3,1915
12078,2022-02-23 16:36:49.206966,3.0,4,1915
12079,2022-02-23 16:48:11.579435,0.0,22,1897
12080,2022-02-23 16:50:06.540938,0.0,22,1897
12081,2022-02-23 16:56:59.675817,0.0,22,1897
12082,2022-02-23 17:07:47.131210,0.0,22,258
12083,2022-02-23 17:10:49.927642,5.0,22,1700
12084,2022-02-23 17:17:47.695268,3.0,4,1015
12085,2022-02-23 17:20:44.556634,5.0,22,258
12086,2022-02-23 17:34:47.335427,3.0,4,1674
12087,2022-02-23 17:35:16.687284,3.0,4,1003
12088,2022-02-23 17:56:52.810344,5.0,22,1700
12089,2022-02-23 18:16:53.470250,100.0,3,1916
12090,2022-02-23 18:17:26.729910,3.0,4,1916
12091,2022-02-23 18:17:41.076556,20.0,23,1916
12092,2022-02-23 18:20:51.797333,0.0,22,258
12093,2022-02-23 19:08:03.649946,0.0,22,258
12094,2022-02-23 19:08:03.661228,200.0,10,258
12095,2022-02-23 19:11:23.163896,5.0,22,1495
12096,2022-02-23 19:12:38.241951,100.0,3,1917
12097,2022-02-23 19:12:43.514653,3.0,4,1707
12098,2022-02-23 19:12:57.442289,20.0,23,1495
12099,2022-02-23 19:14:03.531020,0.0,22,258
12100,2022-02-23 19:14:35.757534,3.0,4,1917
12101,2022-02-23 19:16:48.378892,5.0,22,1707
12102,2022-02-23 19:23:01.985586,3.0,4,1268
12103,2022-02-23 19:29:11.309067,0.0,22,258
12104,2022-02-23 19:34:59.935540,5.0,22,1268
12105,2022-02-23 19:38:18.355705,100.0,3,1918
12106,2022-02-23 19:38:50.115487,3.0,4,1918
12107,2022-02-23 19:51:33.565348,20.0,23,1918
12108,2022-02-23 19:59:16.577422,30.0,27,1495
12109,2022-02-23 20:00:16.602971,10.0,22,1918
12110,2022-02-23 20:01:37.825139,3.0,4,1833
12111,2022-02-23 20:01:53.416151,20.0,27,1495
12112,2022-02-23 20:02:13.516230,20.0,27,1495
12113,2022-02-23 20:03:52.545010,30.0,27,1495
12114,2022-02-23 20:05:34.055542,5.0,22,1918
12115,2022-02-23 20:07:39.898128,20.0,27,1495
12116,2022-02-23 20:08:25.394817,20.0,27,1495
12117,2022-02-23 20:12:47.793312,5.0,22,1918
12118,2022-02-23 20:23:31.219772,30.0,27,1495
12119,2022-02-23 20:41:26.290297,3.0,4,1757
12120,2022-02-23 21:15:24.114596,100.0,3,1920
12121,2022-02-23 21:15:38.680468,3.0,4,1920
12122,2022-02-23 21:15:42.762300,20.0,27,1920
12123,2022-02-23 21:22:58.981609,3.0,4,1496
12124,2022-02-23 21:49:29.911434,3.0,4,1790
12125,2022-02-23 22:00:11.841038,3.0,4,121
12126,2022-02-23 22:15:42.752617,20.0,22,1884
12127,2022-02-23 22:47:29.273760,3.0,4,1840
12128,2022-02-23 23:33:07.706957,100.0,3,1921
12129,2022-02-23 23:35:34.689897,3.0,4,1921
12130,2022-02-23 23:43:18.437739,3.0,4,290
12131,2022-02-23 23:46:26.651113,30.0,23,290
12132,2022-02-24 00:28:34.599381,3.0,4,221
12133,2022-02-24 03:15:42.657780,100.0,3,1922
12134,2022-02-24 03:16:34.898664,3.0,4,1922
12135,2022-02-24 03:17:10.122978,20.0,27,1922
12136,2022-02-24 03:38:10.483010,3.0,4,1894
12137,2022-02-24 03:38:51.982661,3.0,4,1888
12138,2022-02-24 04:42:56.272305,3.0,4,1853
12139,2022-02-24 04:49:44.073052,3.0,4,1898
12140,2022-02-24 05:12:54.101212,3.0,4,1907
12141,2022-02-24 05:17:01.789484,5.0,22,1907
12142,2022-02-24 05:44:03.100096,3.0,4,649
12143,2022-02-24 06:07:17.176675,3.0,4,1700
12144,2022-02-24 06:34:26.369644,3.0,4,1920
12145,2022-02-24 06:51:36.119038,3.0,4,743
12146,2022-02-24 06:51:58.724443,3.0,4,1883
12147,2022-02-24 06:53:09.097873,20.0,23,743
12148,2022-02-24 07:04:43.229458,3.0,4,63
12149,2022-02-24 07:05:40.536020,3.0,4,157
12150,2022-02-24 07:09:27.753859,0.0,22,157
12151,2022-02-24 07:11:53.422249,3.0,4,1709
12152,2022-02-24 07:11:53.433981,30.0,5,1709
12153,2022-02-24 07:17:00.655029,3.0,4,97
12154,2022-02-24 07:18:07.252606,20.0,23,97
12155,2022-02-24 07:19:45.579312,0.0,22,1709
12156,2022-02-24 07:20:12.252911,5.0,22,97
12157,2022-02-24 07:34:08.420994,3.0,4,444
12158,2022-02-24 07:40:00.259253,0.0,22,1709
12159,2022-02-24 07:40:38.635838,5.0,22,97
12160,2022-02-24 07:49:45.127259,3.0,4,1852
12161,2022-02-24 08:24:35.322494,3.0,4,559
12162,2022-02-24 09:10:24.116883,100.0,3,1923
12163,2022-02-24 09:10:28.095170,3.0,4,1923
12164,2022-02-24 09:10:48.800751,30.0,23,1923
12165,2022-02-24 09:15:09.527892,30.0,27,1923
12166,2022-02-24 09:20:36.553041,3.0,4,1663
12167,2022-02-24 09:21:25.474353,5.0,22,1923
12168,2022-02-24 09:27:24.635397,5.0,22,1923
12169,2022-02-24 09:35:18.517034,10.0,22,559
12170,2022-02-24 09:35:18.542097,100.0,9,559
12171,2022-02-24 09:35:45.029335,100.0,3,1924
12172,2022-02-24 09:35:45.039998,200.0,6,221
12173,2022-02-24 09:35:45.040105,50.0,7,1924
12174,2022-02-24 09:36:14.424899,3.0,4,1924
12175,2022-02-24 09:42:37.073030,3.0,4,1854
12176,2022-02-24 09:51:56.719062,20.0,23,1700
12177,2022-02-24 10:16:03.918212,5.0,22,1700
12178,2022-02-24 10:49:44.432814,5.0,22,1700
12179,2022-02-24 10:54:13.071782,40.0,23,1700
12180,2022-02-24 11:29:54.630645,3.0,4,1318
12181,2022-02-24 11:39:05.618287,20.0,23,97
12182,2022-02-24 11:42:15.440553,3.0,4,50
12183,2022-02-24 11:45:45.053524,5.0,22,97
12184,2022-02-24 11:50:06.972180,10.0,22,559
12185,2022-02-24 11:50:33.996882,3.0,4,1757
12186,2022-02-24 11:52:57.736171,3.0,4,481
12187,2022-02-24 11:53:07.607158,40.0,23,481
12188,2022-02-24 11:53:38.729559,20.0,22,481
12189,2022-02-24 11:54:49.223520,15.0,22,1700
12190,2022-02-24 12:53:54.473248,100.0,3,1926
12191,2022-02-24 13:01:49.912909,3.0,4,1926
12192,2022-02-24 13:02:20.898450,30.0,27,1926
12193,2022-02-24 13:09:49.486152,0.0,22,1709
12194,2022-02-24 13:10:13.570681,3.0,4,1387
12195,2022-02-24 13:10:16.326052,20.0,23,1387
12196,2022-02-24 13:16:31.074760,5.0,22,559
12197,2022-02-24 13:26:50.948275,0.0,22,1709
12198,2022-02-24 13:38:16.430161,3.0,4,1209
12199,2022-02-24 13:41:10.914528,10.0,22,559
12200,2022-02-24 14:01:18.555467,40.0,23,1663
12201,2022-02-24 14:02:03.573650,20.0,22,559
12202,2022-02-24 14:05:36.027514,20.0,22,1663
12203,2022-02-24 14:19:53.448893,0.0,22,157
12204,2022-02-24 14:39:34.723688,3.0,4,1768
12205,2022-02-24 14:40:06.396758,3.0,4,655
12206,2022-02-24 14:49:00.401984,3.0,4,1504
12207,2022-02-24 14:56:41.290082,3.0,4,1815
12208,2022-02-24 15:33:37.556127,3.0,4,851
12209,2022-02-24 15:54:30.385113,100.0,3,1928
12210,2022-02-24 15:54:53.775725,3.0,4,1928
12211,2022-02-24 15:56:24.710091,30.0,27,1928
12212,2022-02-24 15:56:31.285173,3.0,4,320
12213,2022-02-24 16:07:31.581633,20.0,23,1700
12214,2022-02-24 16:22:37.528175,5.0,22,1700
12215,2022-02-24 16:31:27.946934,40.0,23,1663
12216,2022-02-24 16:35:24.330677,3.0,4,1156
12217,2022-02-24 16:37:55.054550,15.0,22,1663
12218,2022-02-24 16:43:22.148070,10.0,22,1663
12219,2022-02-24 16:43:22.163191,200.0,10,1663
12220,2022-02-24 16:54:21.090423,3.0,4,1015
12221,2022-02-24 17:10:43.985705,3.0,4,1887
12222,2022-02-24 17:34:56.041647,3.0,4,1506
12223,2022-02-24 18:05:44.341243,100.0,3,1931
12224,2022-02-24 18:06:12.714341,3.0,4,1931
12225,2022-02-24 18:06:52.624791,20.0,27,1931
12226,2022-02-24 18:11:00.403023,3.0,4,690
12227,2022-02-24 18:27:52.612627,100.0,3,1932
12228,2022-02-24 18:28:07.536246,3.0,4,1932
12229,2022-02-24 18:28:33.957094,30.0,27,1932
12230,2022-02-24 18:54:22.276126,3.0,4,1294
12231,2022-02-24 19:03:06.691143,5.0,22,1294
12232,2022-02-24 19:22:38.949034,3.0,4,1170
12233,2022-02-24 19:22:42.646601,30.0,27,1170
12234,2022-02-24 19:37:57.799380,10.0,22,1294
12235,2022-02-24 19:42:37.824760,100.0,3,1934
12236,2022-02-24 19:43:08.330669,3.0,4,1934
12237,2022-02-24 19:44:26.433271,30.0,27,1934
12238,2022-02-24 19:48:49.354518,20.0,27,1934
12239,2022-02-24 19:56:23.942681,0.0,22,1709
12240,2022-02-24 19:56:23.952738,200.0,10,1709
12241,2022-02-24 20:00:45.439595,100.0,3,1935
12242,2022-02-24 20:04:07.351768,3.0,4,1835
12243,2022-02-24 20:05:36.631564,0.0,22,1709
12244,2022-02-24 20:48:56.336693,3.0,4,43
12245,2022-02-24 21:00:40.377208,100.0,3,1936
12246,2022-02-24 21:00:54.425957,3.0,4,1936
12247,2022-02-24 21:02:38.253960,100.0,3,1937
12248,2022-02-24 21:02:40.199181,3.0,4,1937
12249,2022-02-24 21:04:19.681660,20.0,23,1937
12250,2022-02-24 21:06:36.875569,100.0,3,1938
12251,2022-02-24 21:07:31.781551,3.0,4,1938
12252,2022-02-24 21:07:54.921752,20.0,27,1938
12253,2022-02-24 21:09:01.311992,5.0,22,1937
12254,2022-02-24 21:13:15.534596,5.0,22,1937
12255,2022-02-24 21:18:10.094479,5.0,22,1936
12256,2022-02-24 21:25:53.594220,100.0,3,1939
12257,2022-02-24 21:26:12.456568,3.0,4,1939
12258,2022-02-24 22:00:15.903414,3.0,4,121
12259,2022-02-24 22:18:17.023597,100.0,3,1940
12260,2022-02-24 22:18:31.383870,3.0,4,1940
12261,2022-02-24 22:19:01.156561,30.0,27,1940
12262,2022-02-24 22:28:12.719304,20.0,27,1940
12263,2022-02-24 22:31:41.311780,20.0,27,1940
12264,2022-02-24 22:34:52.851462,30.0,27,1940
12265,2022-02-25 03:03:30.581243,3.0,4,1908
12266,2022-02-25 03:27:57.209397,3.0,4,1506
12267,2022-02-25 03:55:14.454171,3.0,4,1822
12268,2022-02-25 04:38:08.432898,100.0,3,1941
12269,2022-02-25 04:38:22.001770,3.0,4,1941
12270,2022-02-25 04:38:27.720524,30.0,27,1941
12271,2022-02-25 05:14:10.263715,3.0,4,1757
12272,2022-02-25 05:15:02.300657,3.0,4,1922
12273,2022-02-25 05:21:32.458645,3.0,4,1504
12274,2022-02-25 05:38:47.155879,3.0,4,649
12275,2022-02-25 05:59:08.191851,100.0,3,1942
12276,2022-02-25 05:59:37.320500,3.0,4,1942
12277,2022-02-25 06:01:08.779716,100.0,3,1943
12278,2022-02-25 06:01:13.440396,20.0,27,1942
12279,2022-02-25 06:02:17.672726,3.0,4,1943
12280,2022-02-25 06:34:13.816454,3.0,4,1816
12281,2022-02-25 06:34:13.995081,30.0,23,1816
12282,2022-02-25 06:40:35.782137,3.0,4,1898
12283,2022-02-25 06:57:48.470465,100.0,3,1944
12284,2022-02-25 06:58:30.074401,3.0,4,1944
12285,2022-02-25 06:59:09.928492,40.0,23,1944
12286,2022-02-25 07:13:44.167442,3.0,4,559
12287,2022-02-25 07:15:47.220258,3.0,4,1883
12288,2022-02-25 07:17:13.213714,3.0,4,1868
12289,2022-02-25 07:22:27.237886,5.0,22,1868
12290,2022-02-25 07:26:50.713327,3.0,4,63
12291,2022-02-25 07:45:46.250950,3.0,4,1720
12292,2022-02-25 07:57:02.465872,3.0,4,743
12293,2022-02-25 08:19:56.400940,3.0,4,623
12294,2022-02-25 08:35:36.441762,3.0,4,1663
12295,2022-02-25 09:34:12.007121,20.0,27,1822
12296,2022-02-25 09:35:28.084057,3.0,4,1938
12297,2022-02-25 09:51:53.257480,3.0,4,43
12298,2022-02-25 10:36:57.455615,100.0,3,1946
12299,2022-02-25 10:37:19.138551,3.0,4,1946
12300,2022-02-25 10:37:40.089619,20.0,27,1946
12301,2022-02-25 10:41:47.816031,20.0,23,623
12302,2022-02-25 10:42:19.539378,5.0,22,623
12303,2022-02-25 10:47:38.249627,3.0,4,1861
12304,2022-02-25 10:49:18.229204,3.0,4,1700
12305,2022-02-25 10:57:59.538337,3.0,4,1707
12306,2022-02-25 10:57:59.600733,30.0,5,1707
12307,2022-02-25 10:59:37.221247,100.0,3,1945
12308,2022-02-25 11:05:04.782204,3.0,4,1939
12309,2022-02-25 11:08:15.015101,3.0,4,1907
12310,2022-02-25 11:14:31.591550,3.0,4,1945
12311,2022-02-25 11:20:34.299782,5.0,22,1907
12312,2022-02-25 11:20:34.352349,30.0,8,1907
12313,2022-02-25 11:31:31.543284,3.0,4,1866
12314,2022-02-25 11:31:58.533931,100.0,3,1947
12315,2022-02-25 11:32:02.414983,3.0,4,1947
12316,2022-02-25 11:32:18.448593,20.0,23,1947
12317,2022-02-25 11:47:42.061028,100.0,3,1948
12318,2022-02-25 11:48:21.638149,3.0,4,1948
12319,2022-02-25 11:48:35.686285,30.0,27,1948
12320,2022-02-25 11:51:16.859133,100.0,3,1949
12321,2022-02-25 11:51:22.836273,3.0,4,1949
12322,2022-02-25 11:52:08.676296,20.0,27,1949
12323,2022-02-25 12:16:02.155398,100.0,3,1950
12324,2022-02-25 12:16:13.634877,3.0,4,1950
12325,2022-02-25 12:17:58.031220,100.0,3,1951
12326,2022-02-25 12:18:24.096058,3.0,4,1951
12327,2022-02-25 12:18:27.448046,0.0,27,1951
12328,2022-02-25 12:24:55.305711,3.0,4,1387
12329,2022-02-25 12:27:36.707310,30.0,27,1951
12330,2022-02-25 12:30:28.412629,30.0,27,1951
12331,2022-02-25 12:34:51.674241,30.0,27,1951
12332,2022-02-25 12:38:29.417713,20.0,27,1948
12333,2022-02-25 12:40:58.894945,3.0,4,1847
12334,2022-02-25 12:43:22.845345,20.0,23,1847
12335,2022-02-25 12:43:41.737710,5.0,22,1847
12336,2022-02-25 13:08:41.830200,3.0,4,1937
12337,2022-02-25 13:12:48.948304,100.0,3,1952
12338,2022-02-25 13:13:20.860018,3.0,4,1952
12339,2022-02-25 13:15:27.813018,20.0,23,1937
12340,2022-02-25 13:35:30.467233,3.0,4,1318
12341,2022-02-25 14:38:10.992723,100.0,3,1953
12342,2022-02-25 14:38:43.978469,3.0,4,1953
12343,2022-02-25 14:38:47.150275,20.0,27,1953
12344,2022-02-25 14:51:00.643218,100.0,3,1954
12345,2022-02-25 14:51:33.298286,3.0,4,1954
12346,2022-02-25 14:51:50.513571,20.0,27,1954
12347,2022-02-25 15:40:25.767851,100.0,3,1955
12348,2022-02-25 15:41:05.296388,3.0,4,1955
12349,2022-02-25 15:41:08.701157,20.0,27,1955
12350,2022-02-25 15:56:33.824263,100.0,3,1956
12351,2022-02-25 15:56:58.685297,3.0,4,1956
12352,2022-02-25 16:21:20.211253,3.0,4,1835
12353,2022-02-25 16:23:33.784427,100.0,3,1957
12354,2022-02-25 16:24:06.552354,3.0,4,1957
12355,2022-02-25 16:24:11.214886,30.0,27,1957
12356,2022-02-25 16:28:10.546305,30.0,23,1835
12357,2022-02-25 16:30:17.175027,30.0,27,1957
12358,2022-02-25 16:50:56.630729,100.0,3,1958
12359,2022-02-25 16:52:34.361602,3.0,4,1958
12360,2022-02-25 17:00:42.394040,100.0,3,1959
12361,2022-02-25 17:01:07.778608,3.0,4,1959
12362,2022-02-25 17:06:43.215740,3.0,4,258
12363,2022-02-25 17:09:32.328374,100.0,3,1960
12364,2022-02-25 17:09:55.774361,3.0,4,1960
12365,2022-02-25 17:10:51.335096,3.0,4,223
12366,2022-02-25 17:10:57.088716,3.0,4,177
12367,2022-02-25 17:11:22.106901,3.0,4,1495
12368,2022-02-25 17:13:11.625742,100.0,3,1961
12369,2022-02-25 17:13:25.457264,3.0,4,742
12370,2022-02-25 17:13:35.838702,3.0,4,1961
12371,2022-02-25 17:18:29.957279,3.0,4,294
12372,2022-02-25 17:20:41.109725,20.0,23,1700
12373,2022-02-25 17:20:50.112771,5.0,22,1495
12374,2022-02-25 17:21:22.885149,100.0,3,1962
12375,2022-02-25 17:21:26.419209,3.0,4,1962
12376,2022-02-25 17:22:14.217010,20.0,23,1962
12377,2022-02-25 17:25:46.383883,100.0,3,1963
12378,2022-02-25 17:25:57.386688,3.0,4,1963
12379,2022-02-25 17:27:02.798130,0.0,27,1963
12380,2022-02-25 17:27:10.833474,3.0,4,1359
12381,2022-02-25 17:42:07.727738,3.0,4,298
12382,2022-02-25 17:42:23.701956,100.0,3,1964
12383,2022-02-25 17:43:00.577212,3.0,4,1964
12384,2022-02-25 17:44:30.872124,100.0,3,1965
12385,2022-02-25 17:45:17.073444,3.0,4,1965
12386,2022-02-25 17:55:39.615591,10.0,22,1506
12387,2022-02-25 18:05:19.996497,100.0,3,1967
12388,2022-02-25 18:05:45.174647,3.0,4,1967
12389,2022-02-25 18:08:35.734611,100.0,3,1968
12390,2022-02-25 18:08:49.951968,3.0,4,1968
12391,2022-02-25 18:12:42.769326,100.0,3,1966
12392,2022-02-25 18:13:02.079590,3.0,4,1966
12393,2022-02-25 18:15:29.269923,100.0,3,1970
12394,2022-02-25 18:15:41.271399,3.0,4,1970
12395,2022-02-25 18:19:52.436640,20.0,27,1966
12396,2022-02-25 18:20:06.734027,100.0,3,1969
12397,2022-02-25 18:20:20.162870,3.0,4,1969
12398,2022-02-25 18:20:35.108470,3.0,4,1921
12399,2022-02-25 18:23:17.199933,5.0,22,1506
12400,2022-02-25 18:30:07.393305,3.0,4,1815
12401,2022-02-25 18:33:31.715567,100.0,3,1971
12402,2022-02-25 18:33:50.813630,3.0,4,1971
12403,2022-02-25 18:33:53.588064,30.0,27,1971
12404,2022-02-25 18:38:02.118706,100.0,3,1972
12405,2022-02-25 18:38:14.097542,3.0,4,1972
12406,2022-02-25 18:45:48.115442,3.0,4,580
12407,2022-02-25 18:49:06.512451,100.0,3,1974
12408,2022-02-25 18:49:37.821310,3.0,4,1974
12409,2022-02-25 18:50:16.865726,30.0,23,1969
12410,2022-02-25 18:51:40.573553,30.0,27,1974
12411,2022-02-25 19:09:59.138345,100.0,3,1975
12412,2022-02-25 19:10:23.553244,3.0,4,1975
12413,2022-02-25 19:21:17.049816,0.0,22,258
12414,2022-02-25 19:30:57.589734,0.0,22,258
12415,2022-02-25 19:32:56.226907,100.0,3,1977
12416,2022-02-25 19:33:21.075542,3.0,4,1977
12417,2022-02-25 19:34:09.272060,100.0,3,1978
12418,2022-02-25 19:34:21.227524,3.0,4,1978
12419,2022-02-25 19:34:48.926531,30.0,27,1977
12420,2022-02-25 19:36:54.749221,100.0,3,1979
12421,2022-02-25 19:37:30.815657,3.0,4,1979
12422,2022-02-25 19:38:54.911838,3.0,4,350
12423,2022-02-25 19:48:32.882035,3.0,4,379
12424,2022-02-25 19:49:57.267044,100.0,3,1980
12425,2022-02-25 19:50:35.905238,3.0,4,1980
12426,2022-02-25 20:39:51.278609,100.0,3,1982
12427,2022-02-25 20:40:21.011980,3.0,4,1982
12428,2022-02-25 20:42:30.650995,100.0,3,1983
12429,2022-02-25 20:42:38.371089,3.0,4,1983
12430,2022-02-25 20:48:40.053539,3.0,4,1752
12431,2022-02-25 20:51:41.451698,30.0,23,1752
12432,2022-02-25 20:54:26.504078,20.0,23,1752
12433,2022-02-25 21:02:12.219145,20.0,27,1960
12434,2022-02-25 21:09:37.527056,100.0,3,1984
12435,2022-02-25 21:09:44.143071,3.0,4,1984
12436,2022-02-25 21:12:56.053276,20.0,27,1960
12437,2022-02-25 21:19:19.158173,30.0,27,1984
12438,2022-02-25 21:26:06.726254,30.0,27,1984
12439,2022-02-25 21:30:50.641173,20.0,27,1984
12440,2022-02-25 21:35:25.738838,5.0,22,1700
12441,2022-02-25 21:43:50.659695,100.0,3,1985
12442,2022-02-25 21:44:43.883710,3.0,4,1985
12443,2022-02-25 21:44:49.392888,30.0,27,1985
12444,2022-02-25 22:00:12.290539,3.0,4,121
12445,2022-02-26 00:16:44.520001,100.0,3,1987
12446,2022-02-26 00:16:49.899008,3.0,4,1987
12447,2022-02-26 00:46:02.538412,3.0,4,1952
12448,2022-02-26 02:22:22.085410,3.0,4,1942
12449,2022-02-26 03:09:25.494966,3.0,4,819
12450,2022-02-26 03:09:39.636534,30.0,27,819
12451,2022-02-26 05:54:31.836360,100.0,3,1989
12452,2022-02-26 05:54:38.517009,3.0,4,1989
12453,2022-02-26 06:10:48.643337,3.0,4,1506
12454,2022-02-26 06:24:24.023902,100.0,3,1990
12455,2022-02-26 06:38:11.037407,3.0,4,266
12456,2022-02-26 07:17:00.881850,3.0,4,256
12457,2022-02-26 07:28:51.363601,100.0,3,1992
12458,2022-02-26 07:29:03.879197,3.0,4,1992
12459,2022-02-26 07:29:54.485307,3.0,4,1478
12460,2022-02-26 07:32:58.000497,5.0,22,266
12461,2022-02-26 07:46:34.567758,100.0,3,1993
12462,2022-02-26 07:46:56.980318,3.0,4,1993
12463,2022-02-26 07:47:00.983330,30.0,27,1993
12464,2022-02-26 07:59:03.275036,3.0,4,1744
12465,2022-02-26 08:10:17.552013,3.0,4,1733
12466,2022-02-26 08:14:37.176224,100.0,3,1994
12467,2022-02-26 08:15:00.779512,3.0,4,1994
12468,2022-02-26 08:36:05.384770,3.0,4,1815
12469,2022-02-26 08:38:55.009866,100.0,3,1995
12470,2022-02-26 08:39:19.248705,3.0,4,1995
12471,2022-02-26 08:39:43.370506,0.0,27,1995
12472,2022-02-26 08:45:17.216752,0.0,22,1744
12473,2022-02-26 09:01:21.044265,0.0,22,1744
12474,2022-02-26 09:12:13.107697,0.0,22,1744
12475,2022-02-26 09:12:20.996702,100.0,3,1997
12476,2022-02-26 09:13:17.396403,3.0,4,1997
12477,2022-02-26 09:13:21.241234,30.0,27,1997
12478,2022-02-26 09:20:12.992679,100.0,3,1998
12479,2022-02-26 09:20:22.777140,3.0,4,1998
12480,2022-02-26 09:31:23.354154,0.0,22,1744
12481,2022-02-26 09:47:04.555190,3.0,4,1009
12482,2022-02-26 10:33:23.340036,20.0,23,1987
12483,2022-02-26 10:37:47.487954,3.0,4,1791
12484,2022-02-26 10:47:24.178693,3.0,4,1944
12485,2022-02-26 10:53:38.852294,100.0,3,1999
12486,2022-02-26 10:53:56.921286,3.0,4,1999
12487,2022-02-26 10:54:35.788638,30.0,27,1999
12488,2022-02-26 10:55:27.506618,10.0,22,1987
12489,2022-02-26 11:07:12.472389,100.0,3,2000
12490,2022-02-26 11:07:28.879193,3.0,4,2000
12491,2022-02-26 11:22:34.188647,3.0,4,1835
12492,2022-02-26 11:29:35.554545,3.0,4,1960
12493,2022-02-26 11:41:50.392229,3.0,4,1905
12494,2022-02-26 11:45:46.655109,3.0,4,1021
12495,2022-02-26 11:59:40.609651,5.0,22,1021
12496,2022-02-26 12:01:17.295715,100.0,3,2002
12497,2022-02-26 12:01:23.048493,3.0,4,2002
12498,2022-02-26 12:01:50.053992,40.0,23,2002
12499,2022-02-26 12:03:42.148350,0.0,22,1744
12500,2022-02-26 12:11:45.809587,3.0,4,1379
12501,2022-02-26 12:17:37.065563,100.0,3,2003
12502,2022-02-26 12:18:49.714024,3.0,4,2003
12503,2022-02-26 12:18:52.457769,0.0,22,1744
12504,2022-02-26 12:26:35.066175,15.0,22,2002
12505,2022-02-26 12:31:24.039423,0.0,22,1744
12506,2022-02-26 12:31:24.048693,200.0,10,1744
12507,2022-02-26 12:40:52.733427,0.0,22,1744
12508,2022-02-26 13:09:40.934027,3.0,4,1233
12509,2022-02-26 13:12:26.532350,100.0,3,2004
12510,2022-02-26 13:13:02.226015,3.0,4,2004
12511,2022-02-26 13:14:42.838241,30.0,27,2004
12512,2022-02-26 13:31:29.503660,100.0,3,2005
12513,2022-02-26 13:31:31.731276,100.0,3,2006
12514,2022-02-26 13:31:38.020919,3.0,4,2006
12515,2022-02-26 13:42:24.466398,3.0,4,511
12516,2022-02-26 13:51:54.802542,3.0,4,2005
12517,2022-02-26 14:04:55.799248,100.0,3,2007
12518,2022-02-26 14:04:58.890075,3.0,4,2007
12519,2022-02-26 14:16:34.707959,3.0,4,1495
12520,2022-02-26 14:25:57.377724,100.0,3,2008
12521,2022-02-26 14:26:01.369678,3.0,4,2008
12522,2022-02-26 14:45:43.267100,20.0,23,2008
12523,2022-02-26 15:04:00.233628,20.0,23,2002
12524,2022-02-26 15:05:08.597217,100.0,3,2010
12525,2022-02-26 15:05:15.085419,3.0,4,2010
12526,2022-02-26 15:07:58.521435,3.0,4,642
12527,2022-02-26 15:08:14.740641,10.0,22,2002
12528,2022-02-26 15:08:15.053546,30.0,23,642
12529,2022-02-26 15:08:18.180567,30.0,23,2008
12530,2022-02-26 15:10:17.473886,40.0,23,2008
12531,2022-02-26 15:13:00.950834,100.0,3,2011
12532,2022-02-26 15:13:27.696345,3.0,4,2011
12533,2022-02-26 15:13:32.778724,20.0,27,2011
12534,2022-02-26 15:42:53.861109,15.0,22,2008
12535,2022-02-26 16:04:08.914672,5.0,22,1506
12536,2022-02-26 16:22:07.764449,10.0,22,2002
12537,2022-02-26 16:59:40.539586,3.0,4,1948
12538,2022-02-26 17:36:43.151643,20.0,22,2002
12539,2022-02-26 17:38:05.188649,3.0,4,786
12540,2022-02-26 17:38:56.689331,30.0,27,786
12541,2022-02-26 17:46:53.698541,3.0,4,1709
12542,2022-02-26 18:12:08.380556,30.0,23,2002
12543,2022-02-26 18:43:59.668247,3.0,4,258
12544,2022-02-26 18:52:52.684354,10.0,22,2002
12545,2022-02-26 18:52:52.708828,30.0,8,2002
12546,2022-02-26 18:54:16.214616,0.0,22,258
12547,2022-02-26 18:55:55.451674,5.0,22,1506
12548,2022-02-26 18:55:55.461718,30.0,8,1506
12549,2022-02-26 18:59:08.439644,3.0,4,1909
12550,2022-02-26 19:00:27.123690,30.0,23,2002
12551,2022-02-26 19:05:09.751427,5.0,22,1909
12552,2022-02-26 19:07:50.430510,100.0,3,2014
12553,2022-02-26 19:08:21.108254,3.0,4,2014
12554,2022-02-26 19:27:13.889751,3.0,4,1294
12555,2022-02-26 19:35:23.502254,20.0,23,1294
12556,2022-02-26 19:37:45.478901,10.0,22,1294
12557,2022-02-26 19:40:00.459567,5.0,22,1294
12558,2022-02-26 19:41:39.269606,100.0,3,2015
12559,2022-02-26 19:41:42.804485,3.0,4,2015
12560,2022-02-26 19:42:10.549165,20.0,23,2015
12561,2022-02-26 19:52:52.126818,5.0,22,2015
12562,2022-02-26 19:55:19.916143,5.0,22,1294
12563,2022-02-26 20:03:00.359908,100.0,3,2016
12564,2022-02-26 20:03:31.377999,3.0,4,2016
12565,2022-02-26 20:05:13.757388,5.0,22,1294
12566,2022-02-26 20:11:34.608085,30.0,27,2016
12567,2022-02-26 20:19:03.096235,5.0,22,1294
12568,2022-02-26 20:20:41.541968,3.0,4,1443
12569,2022-02-26 20:27:08.668475,5.0,22,1443
12570,2022-02-26 20:27:40.756519,3.0,4,1439
12571,2022-02-26 20:31:07.259551,100.0,3,2017
12572,2022-02-26 20:31:27.111399,20.0,23,1439
12573,2022-02-26 20:31:52.443739,3.0,4,2017
12574,2022-02-26 20:31:57.626723,20.0,27,2017
12575,2022-02-26 20:42:12.632380,5.0,22,1439
12576,2022-02-26 20:52:10.450202,20.0,23,1439
12577,2022-02-26 20:57:23.119319,5.0,22,1439
12578,2022-02-26 21:57:15.171007,100.0,3,2018
12579,2022-02-26 21:57:35.872612,3.0,4,2018
12580,2022-02-26 21:59:00.943077,30.0,27,2018
12581,2022-02-26 22:00:11.561843,3.0,4,121
12582,2022-02-26 22:11:04.660648,20.0,27,2018
12583,2022-02-26 22:15:33.215551,30.0,27,2018
12584,2022-02-26 22:17:18.779681,100.0,3,2020
12585,2022-02-26 22:17:33.914063,3.0,4,2020
12586,2022-02-26 22:17:38.138448,30.0,27,2020
12587,2022-02-26 22:39:55.241040,100.0,3,2021
12588,2022-02-26 22:40:21.932157,3.0,4,2021
12589,2022-02-27 01:01:32.062351,100.0,3,2023
12590,2022-02-27 01:02:14.951317,3.0,4,2023
12591,2022-02-27 01:03:02.263255,30.0,27,2023
12592,2022-02-27 01:44:14.455463,3.0,4,1886
12593,2022-02-27 04:24:20.273280,3.0,4,1197
12594,2022-02-27 04:34:59.065063,20.0,27,2023
12595,2022-02-27 05:41:02.277336,3.0,4,1942
12596,2022-02-27 05:47:29.430587,3.0,4,1517
12597,2022-02-27 06:10:35.436209,100.0,3,2024
12598,2022-02-27 06:10:52.795353,3.0,4,2024
12599,2022-02-27 06:11:25.953129,30.0,27,2024
12600,2022-02-27 06:17:13.351203,3.0,4,1960
12601,2022-02-27 06:45:48.416456,100.0,3,2025
12602,2022-02-27 06:46:33.378389,3.0,4,2025
12603,2022-02-27 06:47:27.886749,30.0,27,2025
12604,2022-02-27 07:36:47.848488,3.0,4,320
12605,2022-02-27 07:52:24.212511,3.0,4,2014
12606,2022-02-27 08:17:13.243399,3.0,4,1506
12607,2022-02-27 08:23:17.851421,5.0,22,1506
12608,2022-02-27 08:30:52.604101,100.0,3,2027
12609,2022-02-27 08:31:23.047291,3.0,4,2027
12610,2022-02-27 08:31:27.245606,30.0,27,2027
12611,2022-02-27 08:34:25.428474,5.0,22,1506
12612,2022-02-27 08:36:44.967673,100.0,3,2028
12613,2022-02-27 08:36:53.176547,3.0,4,2028
12614,2022-02-27 08:37:17.145909,20.0,27,2028
12615,2022-02-27 08:37:41.750953,100.0,3,2026
12616,2022-02-27 08:38:10.875253,3.0,4,2026
12617,2022-02-27 09:26:05.566662,5.0,22,1506
12618,2022-02-27 09:30:58.772763,100.0,3,2029
12619,2022-02-27 09:31:15.677843,3.0,4,2029
12620,2022-02-27 09:31:19.986916,20.0,27,2029
12621,2022-02-27 09:37:16.779856,5.0,22,1506
12622,2022-02-27 09:41:45.470389,3.0,4,220
12623,2022-02-27 09:46:04.819376,5.0,22,220
12624,2022-02-27 09:46:50.959295,30.0,27,2026
12625,2022-02-27 09:47:12.313493,20.0,23,220
12626,2022-02-27 09:48:29.015600,5.0,22,220
12627,2022-02-27 09:49:23.643966,20.0,23,220
12628,2022-02-27 09:50:41.927597,5.0,22,220
12629,2022-02-27 09:59:20.098161,3.0,4,1294
12630,2022-02-27 10:00:55.202217,100.0,3,2030
12631,2022-02-27 10:01:12.200883,3.0,4,2030
12632,2022-02-27 10:02:46.850387,0.0,22,220
12633,2022-02-27 10:03:23.449976,20.0,27,2030
12634,2022-02-27 10:05:26.305874,0.0,22,220
12635,2022-02-27 10:07:57.281011,3.0,4,43
12636,2022-02-27 10:08:33.454618,0.0,22,220
12637,2022-02-27 10:14:15.933735,3.0,4,2008
12638,2022-02-27 10:14:15.958567,3.0,4,2008
12639,2022-02-27 10:21:09.204895,10.0,22,1294
12640,2022-02-27 10:29:32.466652,0.0,22,220
12641,2022-02-27 10:30:43.863461,0.0,22,220
12642,2022-02-27 10:37:28.590547,3.0,4,1495
12643,2022-02-27 10:38:07.860717,3.0,4,1935
12644,2022-02-27 10:57:15.208695,100.0,3,2031
12645,2022-02-27 10:57:43.510014,3.0,4,2031
12646,2022-02-27 10:57:48.009928,30.0,27,2031
12647,2022-02-27 11:25:01.710852,3.0,4,2002
12648,2022-02-27 11:29:31.216091,5.0,22,2002
12649,2022-02-27 11:31:43.205597,100.0,3,2032
12650,2022-02-27 11:31:51.169829,3.0,4,2032
12651,2022-02-27 11:32:59.000759,20.0,27,2032
12652,2022-02-27 11:39:31.686819,20.0,23,2002
12653,2022-02-27 11:46:38.719392,5.0,22,2002
12654,2022-02-27 12:19:38.825212,5.0,22,1506
12655,2022-02-27 12:19:38.836256,100.0,9,1506
12656,2022-02-27 12:25:35.284701,3.0,4,50
12657,2022-02-27 12:28:20.109833,20.0,22,1506
12658,2022-02-27 12:36:12.391913,100.0,3,2035
12659,2022-02-27 12:36:29.991602,3.0,4,2035
12660,2022-02-27 13:25:28.426635,100.0,3,2036
12661,2022-02-27 13:25:44.830674,3.0,4,2036
12662,2022-02-27 13:26:17.727063,20.0,27,2036
12663,2022-02-27 13:27:04.150595,20.0,27,2036
12664,2022-02-27 13:44:19.133490,100.0,3,2037
12665,2022-02-27 13:44:27.991611,3.0,4,2037
12666,2022-02-27 13:44:55.771041,30.0,27,2037
12667,2022-02-27 13:58:49.654639,100.0,3,2038
12668,2022-02-27 13:59:09.283204,3.0,4,2038
12669,2022-02-27 14:13:46.034704,10.0,22,2002
12670,2022-02-27 14:14:29.945231,40.0,23,2002
12671,2022-02-27 14:20:23.165160,20.0,22,2002
12672,2022-02-27 14:34:33.069645,5.0,22,2002
12673,2022-02-27 14:34:33.092625,100.0,9,2002
12674,2022-02-27 14:41:04.492592,5.0,22,2008
12675,2022-02-27 14:50:50.786973,3.0,4,258
12676,2022-02-27 14:54:21.668257,100.0,3,2039
12677,2022-02-27 14:54:48.500955,3.0,4,2039
12678,2022-02-27 14:55:35.181573,100.0,3,2040
12679,2022-02-27 14:55:55.551392,3.0,4,2040
12680,2022-02-27 14:56:11.713923,10.0,22,2008
12681,2022-02-27 14:58:38.228464,40.0,23,2008
12682,2022-02-27 15:04:03.625941,3.0,4,1574
12683,2022-02-27 15:20:39.493492,3.0,4,642
12684,2022-02-27 15:20:45.632542,100.0,3,2041
12685,2022-02-27 15:21:04.682091,3.0,4,2041
12686,2022-02-27 15:24:56.972367,100.0,3,2042
12687,2022-02-27 15:25:25.766437,3.0,4,2042
12688,2022-02-27 15:25:29.618239,20.0,27,2042
12689,2022-02-27 15:27:58.751738,10.0,22,2008
12690,2022-02-27 15:36:17.591293,5.0,22,1495
12691,2022-02-27 15:36:17.605576,200.0,10,1495
12692,2022-02-27 15:39:05.389751,100.0,3,2043
12693,2022-02-27 15:39:15.829637,3.0,4,2043
12694,2022-02-27 15:39:22.167501,20.0,27,2043
12695,2022-02-27 15:40:17.791270,5.0,22,1495
12696,2022-02-27 15:40:49.723851,100.0,3,2044
12697,2022-02-27 15:40:57.965543,3.0,4,2044
12698,2022-02-27 15:44:42.610872,20.0,27,2044
12699,2022-02-27 16:05:37.748719,20.0,23,1495
12700,2022-02-27 16:08:48.885523,5.0,22,1495
12701,2022-02-27 16:10:26.211652,20.0,23,1495
12702,2022-02-27 16:14:07.131876,5.0,22,1495
12703,2022-02-27 16:15:18.830950,30.0,23,1495
12704,2022-02-27 16:17:30.517055,0.0,22,258
12705,2022-02-27 16:39:41.186709,3.0,4,1971
12706,2022-02-27 16:44:15.804110,10.0,22,1495
12707,2022-02-27 16:45:10.055133,30.0,23,1495
12708,2022-02-27 16:57:27.060359,20.0,23,1495
12709,2022-02-27 17:02:36.183040,10.0,22,2002
12710,2022-02-27 17:03:51.621897,20.0,23,2002
12711,2022-02-27 17:06:11.418593,5.0,22,2002
12712,2022-02-27 17:08:22.598973,30.0,23,2002
12713,2022-02-27 17:10:35.378899,10.0,22,2002
12714,2022-02-27 17:11:39.777897,30.0,23,2002
12715,2022-02-27 17:12:15.256347,100.0,3,2046
12716,2022-02-27 17:12:22.196545,3.0,4,2046
12717,2022-02-27 17:12:41.958930,20.0,27,2046
12718,2022-02-27 17:14:21.923039,100.0,3,2047
12719,2022-02-27 17:14:37.945017,3.0,4,2047
12720,2022-02-27 17:14:44.389987,10.0,22,2002
12721,2022-02-27 17:28:07.579322,10.0,22,2002
12722,2022-02-27 17:28:22.410338,3.0,4,1274
12723,2022-02-27 17:29:55.134641,40.0,23,2002
12724,2022-02-27 17:43:03.329399,20.0,22,2002
12725,2022-02-27 17:49:44.543228,30.0,23,2002
12726,2022-02-27 18:02:24.238275,10.0,22,2002
12727,2022-02-27 18:26:56.648451,3.0,4,1909
12728,2022-02-27 18:31:15.485563,5.0,22,1909
12729,2022-02-27 18:41:06.040614,3.0,4,1707
12730,2022-02-27 18:44:11.713441,100.0,3,2048
12731,2022-02-27 18:44:24.284375,3.0,4,2048
12732,2022-02-27 18:50:00.524003,100.0,3,2049
12733,2022-02-27 18:50:47.163621,3.0,4,2049
12734,2022-02-27 18:51:36.750651,100.0,3,2050
12735,2022-02-27 18:52:21.571138,3.0,4,2050
12736,2022-02-27 18:56:34.363252,3.0,4,246
12737,2022-02-27 18:56:38.398441,5.0,22,1707
12738,2022-02-27 18:56:38.419676,100.0,9,1707
12739,2022-02-27 19:04:22.895743,100.0,3,2051
12740,2022-02-27 19:04:46.150506,3.0,4,2051
12741,2022-02-27 19:14:31.693921,100.0,3,2052
12742,2022-02-27 19:14:55.866739,3.0,4,2052
12743,2022-02-27 19:16:08.936299,30.0,23,1707
12744,2022-02-27 19:19:39.708860,40.0,23,2052
12745,2022-02-27 19:19:40.839385,10.0,22,1707
12746,2022-02-27 19:21:39.168123,20.0,23,1707
12747,2022-02-27 19:26:54.352241,5.0,22,1707
12748,2022-02-27 19:29:38.804531,100.0,3,2053
12749,2022-02-27 19:31:08.216757,3.0,4,2053
12750,2022-02-27 19:31:17.504540,20.0,23,1707
12751,2022-02-27 19:34:56.199428,20.0,23,2053
12752,2022-02-27 19:35:07.923424,100.0,3,2054
12753,2022-02-27 19:35:37.214717,3.0,4,2054
12754,2022-02-27 19:35:41.376507,30.0,27,2054
12755,2022-02-27 19:49:15.425578,5.0,22,2053
12756,2022-02-27 19:51:18.488776,20.0,23,2053
12757,2022-02-27 20:06:11.684390,5.0,22,2053
12758,2022-02-27 21:07:00.741637,100.0,3,2056
12759,2022-02-27 21:07:50.201858,3.0,4,2056
12760,2022-02-27 21:07:55.606954,3.0,4,1884
12761,2022-02-27 21:08:49.668213,30.0,27,2056
12762,2022-02-27 21:09:22.399843,5.0,22,1707
12763,2022-02-27 21:15:44.975052,3.0,4,1905
12764,2022-02-27 21:38:24.917236,3.0,4,427
12765,2022-02-27 22:00:12.437533,3.0,4,121
12766,2022-02-27 22:00:12.449736,30.0,5,121
12767,2022-02-27 22:00:43.284767,3.0,4,669
12768,2022-02-28 04:39:42.700262,3.0,4,1960
12769,2022-02-28 05:27:04.275181,100.0,3,2057
12770,2022-02-28 05:27:09.827188,3.0,4,2057
12771,2022-02-28 05:28:17.807353,3.0,4,2000
12772,2022-02-28 07:01:04.795346,3.0,4,1942
12773,2022-02-28 07:13:28.522183,3.0,4,2056
12774,2022-02-28 07:28:54.122125,3.0,4,2002
12775,2022-02-28 07:32:32.625739,3.0,4,50
12776,2022-02-28 07:51:43.770308,30.0,23,2002
12777,2022-02-28 08:03:27.243168,10.0,22,2002
12778,2022-02-28 08:29:31.175389,100.0,3,2034
12779,2022-02-28 08:29:46.900106,3.0,4,1907
12780,2022-02-28 09:00:45.778937,3.0,4,1601
12781,2022-02-28 09:03:01.961159,5.0,22,1907
12782,2022-02-28 09:15:51.368573,3.0,4,1663
12783,2022-02-28 09:30:33.817784,10.0,22,1907
12784,2022-02-28 09:32:37.292420,3.0,4,63
12785,2022-02-28 09:38:36.470302,5.0,22,2002
12786,2022-02-28 09:39:25.667716,100.0,3,2061
12787,2022-02-28 09:39:26.913539,20.0,23,2002
12788,2022-02-28 09:40:04.887494,3.0,4,2061
12789,2022-02-28 09:45:52.669404,5.0,22,2002
12790,2022-02-28 09:46:22.451373,20.0,23,2002
12791,2022-02-28 09:48:07.233832,5.0,22,2002
12792,2022-02-28 09:49:00.026304,20.0,23,2002
12793,2022-02-28 09:55:16.612172,5.0,22,2002
12794,2022-02-28 09:56:14.364479,20.0,23,2002
12795,2022-02-28 09:59:06.264881,5.0,22,2002
12796,2022-02-28 10:08:16.200501,20.0,22,2002
12797,2022-02-28 10:11:55.590843,30.0,23,2002
12798,2022-02-28 10:17:17.264619,10.0,22,2002
12799,2022-02-28 10:17:17.293517,200.0,10,2002
12800,2022-02-28 10:17:23.696342,3.0,4,1884
12801,2022-02-28 10:29:06.931135,30.0,23,2002
12802,2022-02-28 10:29:14.697043,100.0,3,2062
12803,2022-02-28 10:30:20.798690,3.0,4,2062
12804,2022-02-28 10:30:28.370247,20.0,27,2062
12805,2022-02-28 10:32:39.735229,3.0,4,1941
12806,2022-02-28 10:33:07.124438,20.0,27,1941
12807,2022-02-28 10:37:12.811687,100.0,3,2063
12808,2022-02-28 10:37:18.422485,3.0,4,2063
12809,2022-02-28 10:37:52.937858,20.0,27,2063
12810,2022-02-28 11:03:32.826272,10.0,22,2002
12811,2022-02-28 11:04:48.205981,30.0,23,2002
12812,2022-02-28 11:14:11.346205,100.0,3,2064
12813,2022-02-28 11:14:17.873197,3.0,4,936
12814,2022-02-28 11:14:47.675080,3.0,4,2064
12815,2022-02-28 11:15:39.545531,3.0,4,1947
12816,2022-02-28 11:17:25.501124,20.0,27,2064
12817,2022-02-28 11:18:08.473337,10.0,22,2002
12818,2022-02-28 11:18:51.858945,40.0,23,2002
12819,2022-02-28 11:22:09.590427,100.0,3,2065
12820,2022-02-28 11:22:21.337785,3.0,4,2065
12821,2022-02-28 11:31:19.320339,20.0,22,2002
12822,2022-02-28 11:32:55.158764,20.0,23,2002
12823,2022-02-28 11:44:03.171154,5.0,22,2002
12824,2022-02-28 11:45:27.687852,20.0,23,2002
12825,2022-02-28 11:46:50.591477,5.0,22,2002
12826,2022-02-28 11:47:18.764588,20.0,23,2002
12827,2022-02-28 11:48:35.490198,5.0,22,2002
12828,2022-02-28 11:48:54.778175,20.0,23,2002
12829,2022-02-28 11:50:03.338898,3.0,4,623
12830,2022-02-28 11:51:20.816091,5.0,22,2002
12831,2022-02-28 11:54:49.780091,3.0,4,1723
12832,2022-02-28 11:56:31.360462,3.0,4,570
12833,2022-02-28 12:18:34.417289,3.0,4,1948
12834,2022-02-28 12:29:28.649908,100.0,3,2066
12835,2022-02-28 12:30:08.071510,3.0,4,2066
12836,2022-02-28 12:30:14.069369,20.0,27,2066
12837,2022-02-28 12:42:01.743893,20.0,23,2002
12838,2022-02-28 12:46:01.428700,5.0,22,2002
12839,2022-02-28 12:46:23.553573,20.0,23,2002
12840,2022-02-28 12:48:25.753436,5.0,22,2002
12841,2022-02-28 12:48:58.127884,20.0,23,2002
12842,2022-02-28 12:51:14.402117,5.0,22,2002
12843,2022-02-28 12:51:33.425410,20.0,23,2002
12844,2022-02-28 12:54:14.877225,5.0,22,2002
12845,2022-02-28 13:05:11.780836,3.0,4,276
12846,2022-02-28 13:11:23.254859,5.0,22,2002
12847,2022-02-28 13:11:59.133033,20.0,23,2002
12848,2022-02-28 13:16:46.137965,100.0,3,2067
12849,2022-02-28 13:17:16.789650,3.0,4,2067
12850,2022-02-28 13:32:14.919360,5.0,22,2002
12851,2022-02-28 13:33:35.560651,40.0,23,1884
12852,2022-02-28 13:37:29.688403,10.0,22,2002
12853,2022-02-28 13:38:49.730310,30.0,23,2002
12854,2022-02-28 13:39:05.567906,100.0,3,2068
12855,2022-02-28 13:39:57.236947,3.0,4,2068
12856,2022-02-28 13:41:02.378499,30.0,27,2068
12857,2022-02-28 13:46:40.372784,100.0,3,2069
12858,2022-02-28 13:46:49.716575,3.0,4,2069
12859,2022-02-28 13:48:30.226712,100.0,3,2070
12860,2022-02-28 13:48:45.031184,3.0,4,2070
12861,2022-02-28 13:53:45.395547,30.0,27,2069
12862,2022-02-28 13:57:18.157637,10.0,22,2002
12863,2022-02-28 14:04:50.443173,20.0,27,2069
12864,2022-02-28 14:56:05.144424,100.0,3,2071
12865,2022-02-28 14:56:30.292294,3.0,4,2071
12866,2022-02-28 15:13:47.000357,15.0,22,1884
12867,2022-02-28 15:23:02.429892,20.0,23,63
12868,2022-02-28 15:24:06.738092,20.0,23,63
12869,2022-02-28 15:27:32.909870,3.0,4,2052
12870,2022-02-28 15:29:40.635150,50.0,2,1884
12871,2022-02-28 15:30:26.529382,40.0,23,1884
12872,2022-02-28 15:40:32.551877,3.0,4,1700
12873,2022-02-28 15:44:40.231396,15.0,22,2052
12874,2022-02-28 16:11:45.624342,20.0,22,2052
12875,2022-02-28 16:13:03.924102,20.0,27,2052
12876,2022-02-28 16:27:30.289991,3.0,4,1815
12877,2022-02-28 16:27:30.299927,30.0,5,1815
12878,2022-02-28 17:15:42.637921,100.0,3,2072
12879,2022-02-28 17:15:51.618274,3.0,4,2072
12880,2022-02-28 17:17:23.256767,5.0,22,2072
12881,2022-02-28 17:23:19.111678,3.0,4,222
12882,2022-02-28 17:24:13.975337,3.0,4,1707
12883,2022-02-28 17:25:32.900561,3.0,4,2041
12884,2022-02-28 17:43:21.862691,3.0,4,954
12885,2022-02-28 17:43:49.461723,30.0,27,954
12886,2022-02-28 17:46:02.173975,100.0,3,2073
12887,2022-02-28 17:46:22.338774,3.0,4,2073
12888,2022-02-28 17:48:20.272756,20.0,27,954
12889,2022-02-28 18:02:31.339192,100.0,3,2074
12890,2022-02-28 18:03:09.578954,3.0,4,2074
12891,2022-02-28 18:14:18.780128,3.0,4,1797
12892,2022-02-28 18:16:34.607038,3.0,4,1009
12893,2022-02-28 19:23:26.319182,100.0,3,2075
12894,2022-02-28 19:24:00.600182,3.0,4,2075
12895,2022-02-28 19:24:55.778859,30.0,27,2075
12896,2022-02-28 20:07:24.365078,3.0,4,2014
12897,2022-02-28 20:25:06.535464,3.0,4,1939
12898,2022-02-28 20:57:07.819244,3.0,4,1203
12899,2022-02-28 21:04:41.789643,100.0,3,2077
12900,2022-02-28 21:05:18.745476,3.0,4,2077
12901,2022-02-28 21:05:59.268261,20.0,27,2077
12902,2022-02-28 21:08:44.516884,30.0,27,2077
12903,2022-02-28 21:17:40.849755,20.0,23,1707
12904,2022-02-28 21:20:57.899199,100.0,3,2078
12905,2022-02-28 21:21:46.464622,3.0,4,2078
12906,2022-02-28 21:21:51.350253,20.0,27,2078
12907,2022-02-28 21:33:52.299032,5.0,22,1707
12908,2022-02-28 22:00:11.529466,3.0,4,121
12909,2022-02-28 22:43:38.444225,3.0,4,1544
12910,2022-02-28 22:47:42.527931,5.0,22,1544
12911,2022-02-28 22:50:00.862868,20.0,23,1544
12912,2022-02-28 22:52:14.286549,5.0,22,1544
12913,2022-02-28 22:53:00.952428,20.0,23,1544
12914,2022-02-28 22:54:06.747608,5.0,22,1544
12915,2022-02-28 23:16:59.833137,3.0,4,157
12916,2022-02-28 23:54:33.821143,3.0,4,1844
12917,2022-03-01 00:08:53.517924,3.0,4,1844
12918,2022-03-01 05:48:19.969156,3.0,4,2077
12919,2022-03-01 05:54:33.616100,3.0,4,954
12920,2022-03-01 05:54:33.618872,3.0,4,954
12921,2022-03-01 05:58:48.800190,100.0,3,2080
12922,2022-03-01 05:59:04.012353,3.0,4,2080
12923,2022-03-01 06:13:32.691472,3.0,4,1948
12924,2022-03-01 06:20:11.899152,3.0,4,1318
12925,2022-03-01 06:37:13.051019,3.0,4,525
12926,2022-03-01 06:53:24.636264,3.0,4,496
12927,2022-03-01 07:13:15.553603,3.0,4,1815
12928,2022-03-01 07:36:21.126615,3.0,4,1987
12929,2022-03-01 07:51:45.009578,3.0,4,1907
12930,2022-03-01 07:56:24.951077,3.0,4,1818
12931,2022-03-01 08:00:31.062614,3.0,4,63
12932,2022-03-01 08:10:20.623023,3.0,4,1792
12933,2022-03-01 08:37:55.709136,3.0,4,1797
12934,2022-03-01 08:46:51.442096,10.0,22,1907
12935,2022-03-01 08:47:35.994175,3.0,4,1700
12936,2022-03-01 08:50:26.591265,3.0,4,1663
12937,2022-03-01 08:57:02.830124,100.0,3,2084
12938,2022-03-01 08:57:30.401920,3.0,4,2084
12939,2022-03-01 09:03:40.953619,3.0,4,1884
12940,2022-03-01 09:18:02.194366,20.0,23,63
12941,2022-03-01 09:52:18.081348,100.0,3,2086
12942,2022-03-01 09:52:29.754423,3.0,4,2086
12943,2022-03-01 09:52:48.834982,100.0,3,2085
12944,2022-03-01 09:53:45.620906,3.0,4,2085
12945,2022-03-01 10:11:05.645663,3.0,4,1905
12946,2022-03-01 10:41:25.091590,20.0,23,1884
12947,2022-03-01 10:51:09.594630,5.0,22,1884
12948,2022-03-01 11:15:18.213108,30.0,23,1987
12949,2022-03-01 12:07:40.013058,100.0,3,2088
12950,2022-03-01 12:08:10.575239,3.0,4,2088
12951,2022-03-01 12:08:47.019603,30.0,27,2088
12952,2022-03-01 12:16:14.288926,20.0,27,2088
12953,2022-03-01 12:33:22.893502,100.0,3,2089
12954,2022-03-01 12:33:40.804129,3.0,4,2089
12955,2022-03-01 12:36:44.578116,3.0,4,2067
12956,2022-03-01 12:50:16.519784,3.0,4,1862
12957,2022-03-01 12:50:53.694290,3.0,4,1960
12958,2022-03-01 13:19:18.054097,3.0,4,2014
12959,2022-03-01 13:29:18.147075,3.0,4,583
12960,2022-03-01 13:30:17.941994,3.0,4,454
12961,2022-03-01 13:30:22.644497,0.0,27,454
12962,2022-03-01 14:27:42.041462,3.0,4,2048
12963,2022-03-01 14:30:07.652952,3.0,4,50
12964,2022-03-01 15:02:29.958934,3.0,4,43
12965,2022-03-01 15:08:42.902156,0.0,27,63
12966,2022-03-01 16:36:02.148143,3.0,4,1744
12967,2022-03-01 16:51:05.578492,0.0,22,1744
12968,2022-03-01 17:04:39.444883,100.0,3,2090
12969,2022-03-01 17:05:04.465509,3.0,4,2090
12970,2022-03-01 17:06:56.454058,3.0,4,470
12971,2022-03-01 17:11:55.691860,100.0,3,2091
12972,2022-03-01 17:12:07.740712,3.0,4,2091
12973,2022-03-01 17:15:50.736630,5.0,22,470
12974,2022-03-01 17:18:51.125069,3.0,4,203
12975,2022-03-01 17:23:20.472204,3.0,4,241
12976,2022-03-01 17:29:58.098067,20.0,23,203
12977,2022-03-01 17:31:41.142602,100.0,3,2092
12978,2022-03-01 17:32:00.660755,3.0,4,2092
12979,2022-03-01 17:32:46.384298,20.0,23,2092
12980,2022-03-01 17:39:10.267010,10.0,22,203
12981,2022-03-01 17:54:37.812745,3.0,4,1009
12982,2022-03-01 17:55:46.833671,20.0,27,203
12983,2022-03-01 18:01:53.289100,100.0,3,2093
12984,2022-03-01 18:02:24.104594,3.0,4,2093
12985,2022-03-01 18:15:38.840922,30.0,27,203
12986,2022-03-01 18:16:03.881372,3.0,4,589
12987,2022-03-01 18:46:56.173975,3.0,4,1015
12988,2022-03-01 19:04:42.455517,3.0,4,936
12989,2022-03-01 19:39:44.074308,5.0,22,1015
12990,2022-03-01 19:40:13.733902,100.0,3,2094
12991,2022-03-01 19:40:42.393381,3.0,4,2094
12992,2022-03-01 19:44:05.232917,5.0,22,1015
12993,2022-03-01 21:18:29.683557,100.0,3,2096
12994,2022-03-01 21:18:37.532225,3.0,4,2096
12995,2022-03-01 21:19:41.708330,20.0,27,2096
12996,2022-03-01 21:57:43.667748,3.0,4,2054
12997,2022-03-01 21:58:10.724899,20.0,27,2054
12998,2022-03-01 22:00:13.754917,3.0,4,121
12999,2022-03-01 22:00:39.130209,30.0,27,2054
13000,2022-03-01 22:16:38.787428,100.0,3,2097
13001,2022-03-01 22:17:09.784533,3.0,4,2097
13002,2022-03-01 22:17:14.889472,20.0,27,2097
13003,2022-03-01 22:24:17.010665,20.0,23,2097
13004,2022-03-01 23:37:00.687580,100.0,3,2098
13005,2022-03-01 23:39:43.334200,3.0,4,2098
13006,2022-03-01 23:40:47.639505,20.0,27,2098
13007,2022-03-02 02:58:45.545225,100.0,3,2099
13008,2022-03-02 03:01:27.718099,3.0,4,2099
13009,2022-03-02 03:01:30.694088,20.0,27,2099
13010,2022-03-02 03:04:10.177355,30.0,27,2099
13011,2022-03-02 04:31:44.268227,100.0,3,2100
13012,2022-03-02 04:32:26.792757,3.0,4,2100
13013,2022-03-02 04:34:45.372624,100.0,3,2101
13014,2022-03-02 04:35:09.348263,3.0,4,2101
13015,2022-03-02 04:36:23.811152,20.0,27,2101
13016,2022-03-02 04:50:01.233388,3.0,4,2014
13017,2022-03-02 05:04:03.913484,100.0,3,2102
13018,2022-03-02 05:04:46.298246,3.0,4,2102
13019,2022-03-02 05:13:55.534780,30.0,27,2099
13020,2022-03-02 05:46:10.054559,3.0,4,1019
13021,2022-03-02 06:01:13.544760,3.0,4,266
13022,2022-03-02 06:22:55.244339,100.0,3,2103
13023,2022-03-02 06:23:28.249242,3.0,4,2103
13024,2022-03-02 06:24:07.615852,3.0,4,221
13025,2022-03-02 06:52:51.846958,100.0,3,2104
13026,2022-03-02 06:53:04.795629,3.0,4,2104
13027,2022-03-02 06:59:10.078110,20.0,23,2104
13028,2022-03-02 07:02:52.780768,3.0,4,2086
13029,2022-03-02 07:02:59.377725,10.0,22,2104
13030,2022-03-02 07:08:28.889299,3.0,4,1544
13031,2022-03-02 07:18:57.988818,10.0,22,2104
13032,2022-03-02 07:45:12.934444,10.0,22,2104
13033,2022-03-02 07:50:12.046190,5.0,22,2104
13034,2022-03-02 07:52:23.090781,3.0,4,419
13035,2022-03-02 07:56:58.423254,3.0,4,1709
13036,2022-03-02 07:57:59.594761,3.0,4,548
13037,2022-03-02 08:04:05.010511,0.0,22,1709
13038,2022-03-02 08:12:07.823779,20.0,22,2104
13039,2022-03-02 08:12:07.838735,30.0,8,2104
13040,2022-03-02 08:16:15.575647,0.0,22,1709
13041,2022-03-02 08:21:36.314773,3.0,4,63
13042,2022-03-02 08:26:58.067320,100.0,3,2105
13043,2022-03-02 08:28:48.552898,3.0,4,2105
13044,2022-03-02 08:44:33.132404,5.0,22,2104
13045,2022-03-02 08:51:04.675561,3.0,4,50
13046,2022-03-02 09:06:20.724110,3.0,4,1495
13047,2022-03-02 09:07:10.862107,10.0,22,2104
13048,2022-03-02 09:07:33.188420,20.0,23,1495
13049,2022-03-02 09:09:07.361314,5.0,22,1495
13050,2022-03-02 09:12:05.496421,30.0,23,2104
13051,2022-03-02 09:16:35.994604,3.0,4,1136
13052,2022-03-02 09:24:38.197561,40.0,23,2104
13053,2022-03-02 09:38:47.500355,3.0,4,220
13054,2022-03-02 09:47:07.112027,3.0,4,203
13055,2022-03-02 09:49:14.683689,20.0,23,203
13056,2022-03-02 10:06:27.440544,15.0,22,2104
13057,2022-03-02 10:07:03.212099,5.0,22,203
13058,2022-03-02 10:08:05.544439,40.0,23,2104
13059,2022-03-02 10:35:35.869517,30.0,23,2104
13060,2022-03-02 10:40:41.350437,30.0,23,203
13061,2022-03-02 11:07:56.573749,3.0,4,446
13062,2022-03-02 11:25:49.736196,3.0,4,1907
13063,2022-03-02 11:33:55.390516,3.0,4,1312
13064,2022-03-02 11:52:47.950210,10.0,22,203
13065,2022-03-02 11:52:47.965610,30.0,8,203
13066,2022-03-02 11:57:06.088029,20.0,23,203
13067,2022-03-02 11:57:49.334076,5.0,22,203
13068,2022-03-02 12:06:31.332294,100.0,3,2107
13069,2022-03-02 12:08:13.343286,3.0,4,2107
13070,2022-03-02 12:08:31.848223,20.0,27,2107
13071,2022-03-02 12:09:51.805567,5.0,22,203
13072,2022-03-02 12:15:36.445670,100.0,3,2108
13073,2022-03-02 12:16:01.900538,3.0,4,2108
13074,2022-03-02 12:16:40.070843,20.0,27,2108
13075,2022-03-02 12:26:58.495102,100.0,3,2109
13076,2022-03-02 12:27:11.128407,3.0,4,2109
13077,2022-03-02 12:28:17.888850,20.0,23,2109
13078,2022-03-02 12:30:04.596884,100.0,3,2110
13079,2022-03-02 12:33:31.261142,3.0,4,2110
13080,2022-03-02 12:36:58.793445,30.0,27,2110
13081,2022-03-02 12:38:53.797957,3.0,4,2000
13082,2022-03-02 12:42:03.618032,10.0,22,2109
13083,2022-03-02 12:43:08.232063,100.0,3,2112
13084,2022-03-02 12:43:14.637096,3.0,4,2112
13085,2022-03-02 12:43:26.600675,40.0,23,2112
13086,2022-03-02 12:44:13.027381,100.0,3,2111
13087,2022-03-02 12:44:56.736239,3.0,4,2111
13088,2022-03-02 12:45:02.363729,20.0,27,2111
13089,2022-03-02 12:48:40.235965,20.0,22,2112
13090,2022-03-02 13:10:46.735608,100.0,3,1658
13091,2022-03-02 13:11:22.823598,100.0,3,2113
13092,2022-03-02 13:12:08.505346,3.0,4,2113
13093,2022-03-02 13:13:19.330499,3.0,4,1658
13094,2022-03-02 13:20:49.181780,20.0,23,1495
13095,2022-03-02 13:28:27.961521,100.0,3,2114
13096,2022-03-02 13:28:52.809260,3.0,4,2114
13097,2022-03-02 13:28:57.704156,20.0,27,2114
13098,2022-03-02 13:48:30.591486,5.0,22,1495
13099,2022-03-02 13:49:59.884812,3.0,4,1209
13100,2022-03-02 13:51:06.479252,20.0,23,1495
13101,2022-03-02 13:54:57.834478,5.0,22,1495
13102,2022-03-02 14:00:13.497093,10.0,22,2109
13103,2022-03-02 14:05:45.719023,20.0,23,1495
13104,2022-03-02 14:09:18.338130,3.0,4,496
13105,2022-03-02 14:17:40.332663,100.0,3,2115
13106,2022-03-02 14:18:08.981732,3.0,4,2115
13107,2022-03-02 14:22:34.696502,5.0,22,1495
13108,2022-03-02 14:29:12.952829,100.0,3,2116
13109,2022-03-02 14:29:25.985431,3.0,4,2116
13110,2022-03-02 14:29:48.066131,20.0,27,2116
13111,2022-03-02 14:34:19.382854,3.0,4,1015
13112,2022-03-02 14:43:23.346462,100.0,3,2117
13113,2022-03-02 14:43:33.220823,3.0,4,2117
13114,2022-03-02 14:44:01.341928,30.0,27,2117
13115,2022-03-02 14:44:49.923853,3.0,4,1700
13116,2022-03-02 14:50:51.583174,40.0,23,2117
13117,2022-03-02 15:01:41.791904,100.0,3,2118
13118,2022-03-02 15:02:07.131586,3.0,4,2118
13119,2022-03-02 15:02:11.486109,30.0,27,2118
13120,2022-03-02 15:03:30.930943,100.0,3,2119
13121,2022-03-02 15:06:08.064256,100.0,3,2120
13122,2022-03-02 15:06:31.137830,3.0,4,2119
13123,2022-03-02 15:06:36.435985,20.0,27,2119
13124,2022-03-02 15:07:00.797356,3.0,4,2120
13125,2022-03-02 15:32:16.973040,100.0,3,2121
13126,2022-03-02 15:32:29.700630,3.0,4,2121
13127,2022-03-02 15:32:57.984502,30.0,27,2121
13128,2022-03-02 15:36:47.759302,100.0,3,2122
13129,2022-03-02 15:37:16.831605,3.0,4,2122
13130,2022-03-02 15:38:05.859345,20.0,27,2122
13131,2022-03-02 16:30:41.431848,3.0,4,222
13132,2022-03-02 16:33:25.074750,3.0,4,2072
13133,2022-03-02 16:35:30.778841,3.0,4,2085
13134,2022-03-02 16:40:56.585171,5.0,22,2085
13135,2022-03-02 17:46:51.330617,100.0,3,2125
13136,2022-03-02 17:49:38.553188,3.0,4,2125
13137,2022-03-02 17:49:44.009724,20.0,27,2125
13138,2022-03-02 18:12:07.895686,100.0,3,2126
13139,2022-03-02 18:12:30.933783,3.0,4,2126
13140,2022-03-02 18:12:58.520648,30.0,27,2126
13141,2022-03-02 18:30:00.646340,3.0,4,1884
13142,2022-03-02 19:07:34.833349,100.0,3,2127
13143,2022-03-02 19:08:06.141059,3.0,4,2127
13144,2022-03-02 19:08:53.015341,20.0,27,2127
13145,2022-03-02 19:30:36.544581,3.0,4,1883
13146,2022-03-02 19:37:13.765075,100.0,3,2128
13147,2022-03-02 19:37:50.990475,3.0,4,2128
13148,2022-03-02 20:12:17.375444,100.0,3,2129
13149,2022-03-02 20:12:29.811185,3.0,4,2129
13150,2022-03-02 20:35:57.292048,3.0,4,73
13151,2022-03-02 20:41:05.701327,100.0,3,2130
13152,2022-03-02 20:41:39.224122,3.0,4,2130
13153,2022-03-02 20:58:33.797438,3.0,4,1483
13154,2022-03-02 20:58:35.592011,0.0,27,1483
13155,2022-03-02 21:12:42.198707,100.0,3,2131
13156,2022-03-02 21:12:48.048690,3.0,4,2131
13157,2022-03-02 21:12:52.398738,30.0,27,2131
13158,2022-03-02 21:25:53.734119,100.0,3,2133
13159,2022-03-02 21:26:24.288585,3.0,4,2133
13160,2022-03-02 21:26:30.573245,20.0,27,2133
13161,2022-03-02 21:27:17.702856,5.0,22,1544
13162,2022-03-02 21:28:28.504543,20.0,23,1544
13163,2022-03-02 21:30:14.295862,5.0,22,1544
13164,2022-03-02 21:37:46.725211,100.0,3,2134
13165,2022-03-02 21:37:53.180658,3.0,4,2134
13166,2022-03-02 21:38:18.396923,20.0,23,2134
13167,2022-03-02 22:00:10.653811,3.0,4,121
13168,2022-03-02 22:09:32.777272,100.0,3,2135
13169,2022-03-02 22:10:28.085914,3.0,4,2135
13170,2022-03-02 22:10:31.249348,20.0,27,2135
13171,2022-03-02 22:45:03.225701,3.0,4,1161
13172,2022-03-03 02:55:48.630251,3.0,4,1364
13173,2022-03-03 05:41:46.973335,3.0,4,1908
13174,2022-03-03 05:47:06.693881,20.0,27,1908
13175,2022-03-03 05:48:55.699184,100.0,3,2137
13176,2022-03-03 05:49:34.473719,3.0,4,2137
13177,2022-03-03 05:49:40.612112,20.0,27,2137
13178,2022-03-03 06:08:58.707295,100.0,3,2136
13179,2022-03-03 06:09:09.871492,3.0,4,2136
13180,2022-03-03 06:18:06.377217,30.0,27,1908
13181,2022-03-03 06:21:10.008745,100.0,3,2138
13182,2022-03-03 06:21:41.699016,3.0,4,2138
13183,2022-03-03 06:21:50.764204,30.0,27,2138
13184,2022-03-03 06:24:20.057660,20.0,27,1908
13185,2022-03-03 06:39:28.700481,3.0,4,266
13186,2022-03-03 07:07:27.876211,3.0,4,97
13187,2022-03-03 07:10:09.399456,20.0,23,97
13188,2022-03-03 07:23:15.242848,5.0,22,97
13189,2022-03-03 07:53:18.650602,3.0,4,1883
13190,2022-03-03 07:57:49.714236,100.0,3,2139
13191,2022-03-03 07:57:50.263560,3.0,4,2139
13192,2022-03-03 07:58:15.382667,30.0,27,2139
13193,2022-03-03 08:15:41.215976,100.0,3,2140
13194,2022-03-03 08:16:36.473405,3.0,4,2140
13195,2022-03-03 08:16:40.557844,20.0,27,2140
13196,2022-03-03 08:18:59.710335,30.0,27,2136
13197,2022-03-03 08:22:47.157046,20.0,27,2136
13198,2022-03-03 09:02:19.422996,3.0,4,63
13199,2022-03-03 09:17:40.356976,3.0,4,50
13200,2022-03-03 09:23:25.646918,3.0,4,1506
13201,2022-03-03 09:33:59.263336,100.0,3,2141
13202,2022-03-03 09:34:06.866141,3.0,4,2141
13203,2022-03-03 09:35:36.309634,30.0,27,2141
13204,2022-03-03 09:38:03.415500,3.0,4,623
13205,2022-03-03 09:38:22.674171,3.0,4,1584
13206,2022-03-03 09:39:10.958012,3.0,4,1507
13207,2022-03-03 09:59:21.513459,3.0,4,1015
13208,2022-03-03 10:30:21.930472,100.0,3,2143
13209,2022-03-03 10:31:03.963434,3.0,4,2143
13210,2022-03-03 10:31:11.187141,5.0,27,2143
13211,2022-03-03 10:51:41.461862,100.0,3,2144
13212,2022-03-03 10:52:03.117357,3.0,4,2144
13213,2022-03-03 11:16:17.312305,3.0,4,220
13214,2022-03-03 11:23:07.575740,3.0,4,1907
13215,2022-03-03 11:29:07.317410,3.0,4,2134
13216,2022-03-03 11:54:00.326031,100.0,3,2146
13217,2022-03-03 11:54:32.900233,3.0,4,2146
13218,2022-03-03 11:54:46.658175,5.0,27,2146
13219,2022-03-03 11:57:09.802653,100.0,3,2147
13220,2022-03-03 11:57:21.253585,3.0,4,2147
13221,2022-03-03 11:57:41.793357,20.0,23,2147
13222,2022-03-03 11:59:40.536266,100.0,3,2148
13223,2022-03-03 12:00:02.093689,3.0,4,2148
13224,2022-03-03 12:00:08.795883,5.0,27,2148
13225,2022-03-03 12:06:11.833716,3.0,4,1709
13226,2022-03-03 12:10:30.678634,3.0,4,1815
13227,2022-03-03 12:11:07.518760,10.0,22,2147
13228,2022-03-03 12:13:09.946584,100.0,3,2149
13229,2022-03-03 12:13:24.120691,3.0,4,2149
13230,2022-03-03 12:13:43.860231,5.0,27,2149
13231,2022-03-03 12:16:27.071230,0.0,22,1709
13232,2022-03-03 12:19:33.094036,40.0,23,2147
13233,2022-03-03 12:21:59.336077,3.0,4,640
13234,2022-03-03 12:22:29.587690,0.0,22,2144
13235,2022-03-03 12:23:06.860711,30.0,27,2149
13236,2022-03-03 12:39:17.610586,100.0,3,2150
13237,2022-03-03 12:39:23.596008,3.0,4,2150
13238,2022-03-03 12:43:03.066835,20.0,27,2150
13239,2022-03-03 12:44:14.699612,0.0,22,2144
13240,2022-03-03 12:48:19.567480,100.0,3,2151
13241,2022-03-03 12:48:30.130240,3.0,4,2151
13242,2022-03-03 12:49:19.996088,5.0,27,2151
13243,2022-03-03 12:49:31.834448,30.0,27,2151
13244,2022-03-03 12:49:36.797480,20.0,27,2151
13245,2022-03-03 12:49:40.998066,30.0,27,2151
13246,2022-03-03 12:49:45.870118,20.0,27,2151
13247,2022-03-03 12:49:50.200200,30.0,27,2151
13248,2022-03-03 12:49:55.408388,30.0,27,2151
13249,2022-03-03 12:50:06.814529,30.0,27,2151
13250,2022-03-03 13:08:58.877280,100.0,3,2152
13251,2022-03-03 14:28:35.076270,3.0,4,496
13252,2022-03-03 15:43:29.777662,100.0,3,2154
13253,2022-03-03 15:44:17.926360,100.0,3,2155
13254,2022-03-03 15:44:25.260530,3.0,4,2155
13255,2022-03-03 15:44:28.920838,3.0,4,2154
13256,2022-03-03 15:48:52.061815,3.0,4,503
13257,2022-03-03 15:49:29.593434,20.0,27,2155
13258,2022-03-03 15:51:05.950416,3.0,4,2000
13259,2022-03-03 15:51:18.086533,5.0,22,2000
13260,2022-03-03 16:42:51.357040,5.0,22,1250
13261,2022-03-03 16:57:28.760747,0.0,22,63
13262,2022-03-03 17:04:07.532482,3.0,4,234
13263,2022-03-03 17:46:03.854466,100.0,3,2159
13264,2022-03-03 17:46:19.735427,3.0,4,2159
13265,2022-03-03 18:06:12.902227,3.0,4,1495
13266,2022-03-03 18:07:41.380048,350.0,2,1495
13267,2022-03-03 18:22:31.401088,100.0,3,2160
13268,2022-03-03 18:22:51.215080,3.0,4,2160
13269,2022-03-03 18:34:17.079624,30.0,27,2160
13270,2022-03-03 18:47:41.223631,3.0,4,2117
13271,2022-03-03 19:27:15.604408,3.0,4,1700
13272,2022-03-03 19:44:06.985932,3.0,4,2056
13273,2022-03-03 19:49:40.472687,3.0,4,1483
13274,2022-03-03 19:51:08.743196,20.0,23,2056
13275,2022-03-03 20:00:44.683320,3.0,4,427
13276,2022-03-03 20:12:38.617176,3.0,4,1009
13277,2022-03-03 20:13:33.597655,10.0,22,2056
13278,2022-03-03 21:33:23.682740,15.0,22,2117
13279,2022-03-03 22:00:10.925558,3.0,4,121
13280,2022-03-03 22:14:03.517620,100.0,3,2162
13281,2022-03-03 22:14:44.813553,3.0,4,2162
13282,2022-03-03 22:14:49.743093,30.0,27,2162
13283,2022-03-03 23:17:04.795195,5.0,22,2117
13284,2022-03-04 02:00:49.739060,3.0,4,1908
13285,2022-03-04 02:15:15.020443,100.0,3,2164
13286,2022-03-04 02:15:15.035615,200.0,6,1908
13287,2022-03-04 02:15:15.035696,50.0,7,2164
13288,2022-03-04 02:16:35.489497,20.0,23,1908
13289,2022-03-04 02:19:57.134686,10.0,22,1908
13290,2022-03-04 02:40:01.977022,10.0,22,1908
13291,2022-03-04 03:24:35.722861,3.0,4,2146
13292,2022-03-04 04:11:40.920497,3.0,4,2155
13293,2022-03-04 04:21:55.467113,100.0,3,2165
13294,2022-03-04 04:22:25.856890,3.0,4,2165
13295,2022-03-04 04:22:36.265289,30.0,27,2165
13296,2022-03-04 05:21:42.213429,3.0,4,1907
13297,2022-03-04 06:52:45.279005,100.0,3,2168
13298,2022-03-04 06:53:18.535084,3.0,4,2168
13299,2022-03-04 07:13:14.157993,3.0,4,2008
13300,2022-03-04 07:40:39.693190,3.0,4,63
13301,2022-03-04 07:42:58.873713,3.0,4,203
13302,2022-03-04 07:50:11.276502,100.0,3,2170
13303,2022-03-04 07:50:11.299643,200.0,6,2008
13304,2022-03-04 07:50:11.299846,50.0,7,2170
13305,2022-03-04 07:50:56.223769,3.0,4,2170
13306,2022-03-04 08:17:39.858968,100.0,3,2171
13307,2022-03-04 08:17:52.254641,3.0,4,2171
13308,2022-03-04 08:18:23.740201,30.0,27,2171
13309,2022-03-04 08:20:58.957972,20.0,27,2171
13310,2022-03-04 08:22:33.398379,30.0,27,2171
13311,2022-03-04 08:34:54.425808,10.0,22,2008
13312,2022-03-04 08:34:54.437979,30.0,8,2008
13313,2022-03-04 08:58:24.250135,3.0,4,623
13314,2022-03-04 09:07:03.330974,100.0,3,2172
13315,2022-03-04 09:07:23.576685,3.0,4,2172
13316,2022-03-04 09:07:47.316581,30.0,27,2172
13317,2022-03-04 09:52:53.196979,100.0,3,2173
13318,2022-03-04 09:53:15.450131,3.0,4,2173
13319,2022-03-04 09:54:58.144514,20.0,27,2173
13320,2022-03-04 09:57:53.977571,0.0,22,1250
13321,2022-03-04 09:58:32.580184,0.0,22,1250
13322,2022-03-04 09:59:12.025651,0.0,22,1250
13323,2022-03-04 09:59:51.657090,0.0,22,1250
13324,2022-03-04 09:59:51.670600,30.0,8,1250
13325,2022-03-04 10:02:23.169532,100.0,3,2174
13326,2022-03-04 10:02:40.811330,3.0,4,2174
13327,2022-03-04 10:02:44.097658,20.0,27,2174
13328,2022-03-04 10:10:05.177246,100.0,3,2175
13329,2022-03-04 10:10:36.543730,3.0,4,2175
13330,2022-03-04 10:12:56.965083,20.0,23,2175
13331,2022-03-04 10:17:04.759510,100.0,3,2176
13332,2022-03-04 10:17:33.799300,3.0,4,2176
13333,2022-03-04 10:24:51.098411,100.0,3,2177
13334,2022-03-04 10:25:07.804480,3.0,4,2177
13335,2022-03-04 10:25:33.024597,20.0,27,2177
13336,2022-03-04 10:44:28.234292,100.0,3,2178
13337,2022-03-04 10:44:41.798727,3.0,4,2023
13338,2022-03-04 10:45:00.118095,3.0,4,2178
13339,2022-03-04 10:45:05.715910,20.0,27,2178
13340,2022-03-04 10:46:02.846324,100.0,3,2179
13341,2022-03-04 10:46:39.050247,3.0,4,2179
13342,2022-03-04 10:46:42.885043,30.0,27,2179
13343,2022-03-04 10:49:37.711027,3.0,4,2134
13344,2022-03-04 10:57:55.929542,100.0,3,2180
13345,2022-03-04 10:58:01.047242,3.0,4,2180
13346,2022-03-04 11:36:21.707910,20.0,27,2180
13347,2022-03-04 11:52:46.637206,100.0,3,2181
13348,2022-03-04 11:53:11.214754,3.0,4,2181
13349,2022-03-04 11:54:21.167348,3.0,4,496
13350,2022-03-04 12:07:32.332310,100.0,3,2182
13351,2022-03-04 12:07:50.564912,3.0,4,2182
13352,2022-03-04 12:12:55.828126,3.0,4,928
13353,2022-03-04 13:15:13.724248,100.0,3,2184
13354,2022-03-04 13:15:42.577181,3.0,4,2184
13355,2022-03-04 13:15:47.730353,20.0,27,2184
13356,2022-03-04 13:20:44.285428,100.0,3,2185
13357,2022-03-04 13:20:57.622196,3.0,4,2185
13358,2022-03-04 13:28:41.469895,3.0,4,1318
13359,2022-03-04 14:03:12.857159,40.0,23,2023
13360,2022-03-04 14:17:16.163739,20.0,22,2023
13361,2022-03-04 14:22:58.051072,100.0,3,2186
13362,2022-03-04 14:23:08.584595,3.0,4,2186
13363,2022-03-04 14:28:37.516026,20.0,27,2186
13364,2022-03-04 14:53:35.862091,100.0,3,2187
13365,2022-03-04 14:53:35.878643,200.0,6,1424
13366,2022-03-04 14:53:35.878783,50.0,7,2187
13367,2022-03-04 14:54:20.923585,3.0,4,2187
13368,2022-03-04 14:57:52.077698,20.0,27,2187
13369,2022-03-04 14:58:13.045899,3.0,4,589
13370,2022-03-04 15:16:18.426454,3.0,4,1495
13371,2022-03-04 15:27:47.387783,20.0,23,1495
13372,2022-03-04 15:50:51.723481,5.0,22,1495
13373,2022-03-04 16:20:59.695507,3.0,4,1816
13374,2022-03-04 16:29:07.940282,100.0,3,2188
13375,2022-03-04 16:29:14.957603,3.0,4,2188
13376,2022-03-04 16:42:58.730279,100.0,3,2189
13377,2022-03-04 17:49:23.402927,100.0,3,2190
13378,2022-03-04 17:49:32.329380,3.0,4,2190
13379,2022-03-04 18:53:24.616950,3.0,4,2189
13380,2022-03-04 18:53:32.236592,20.0,27,2189
13381,2022-03-04 19:01:06.690605,20.0,23,2189
13382,2022-03-04 19:35:29.629057,100.0,3,2191
13383,2022-03-04 19:36:00.910909,3.0,4,2191
13384,2022-03-04 20:03:06.258134,3.0,4,603
13385,2022-03-04 20:08:31.897455,30.0,27,603
13386,2022-03-04 20:17:09.624621,10.0,22,2187
13387,2022-03-04 20:28:21.366809,100.0,3,2192
13388,2022-03-04 20:28:32.571877,3.0,4,2192
13389,2022-03-04 20:36:13.256864,3.0,4,1015
13390,2022-03-04 20:46:17.140587,3.0,4,1939
13391,2022-03-04 21:13:12.716872,100.0,3,2193
13392,2022-03-04 21:13:30.689640,3.0,4,2193
13393,2022-03-04 21:43:47.343926,100.0,3,2194
13394,2022-03-04 21:44:31.531911,3.0,4,2194
13395,2022-03-04 22:00:10.922501,3.0,4,121
13396,2022-03-04 23:07:52.882709,100.0,3,2195
13397,2022-03-04 23:08:00.180492,3.0,4,2195
13398,2022-03-04 23:08:14.324847,100.0,3,2196
13399,2022-03-04 23:08:32.983819,3.0,4,2196
13400,2022-03-05 04:43:02.796325,3.0,4,2100
13401,2022-03-05 05:17:24.960663,3.0,4,265
13402,2022-03-05 05:21:49.972347,3.0,4,603
13403,2022-03-05 05:29:01.772492,20.0,23,265
13404,2022-03-05 05:29:51.616181,100.0,3,2197
13405,2022-03-05 05:30:04.766923,3.0,4,2197
13406,2022-03-05 05:46:51.651707,3.0,4,2155
13407,2022-03-05 06:36:04.882788,0.0,22,265
13408,2022-03-05 06:46:33.335339,3.0,4,1811
13409,2022-03-05 06:51:35.206441,3.0,4,63
13410,2022-03-05 07:53:13.586741,3.0,4,2195
13411,2022-03-05 08:06:41.784900,100.0,3,2198
13412,2022-03-05 08:06:48.761977,3.0,4,2198
13413,2022-03-05 08:07:12.471352,30.0,23,2198
13414,2022-03-05 08:07:15.555438,3.0,4,1709
13415,2022-03-05 08:30:11.810908,0.0,22,1709
13416,2022-03-05 08:41:33.505213,0.0,22,1709
13417,2022-03-05 08:51:04.243667,3.0,4,2122
13418,2022-03-05 08:59:16.909138,3.0,4,2086
13419,2022-03-05 09:04:26.858139,20.0,23,2122
13420,2022-03-05 09:13:10.849935,3.0,4,1752
13421,2022-03-05 09:18:55.980619,100.0,3,2199
13422,2022-03-05 09:19:14.520464,3.0,4,2199
13423,2022-03-05 09:35:55.307118,3.0,4,198
13424,2022-03-05 09:46:17.178310,3.0,4,1318
13425,2022-03-05 09:46:39.110715,5.0,22,2199
13426,2022-03-05 09:50:03.031282,5.0,22,265
13427,2022-03-05 09:51:05.478753,20.0,23,2199
13428,2022-03-05 10:07:34.668390,10.0,22,2122
13429,2022-03-05 11:17:55.100090,3.0,4,1700
13430,2022-03-05 11:31:20.164521,3.0,4,2134
13431,2022-03-05 11:44:23.300244,3.0,4,1015
13432,2022-03-05 11:57:36.963981,5.0,22,265
13433,2022-03-05 11:57:37.015816,30.0,8,265
13434,2022-03-05 12:16:14.554575,3.0,4,2180
13435,2022-03-05 12:24:14.668526,100.0,3,2200
13436,2022-03-05 12:24:40.634159,3.0,4,2200
13437,2022-03-05 12:24:52.397053,20.0,23,2200
13438,2022-03-05 12:30:17.531606,3.0,4,1209
13439,2022-03-05 12:32:50.370152,5.0,22,2200
13440,2022-03-05 14:03:48.395941,100.0,3,2201
13441,2022-03-05 14:04:05.533280,3.0,4,2201
13442,2022-03-05 14:33:50.999630,20.0,23,1250
13443,2022-03-05 15:00:13.883540,0.0,27,1250
13444,2022-03-05 15:20:10.867831,5.0,22,2199
13445,2022-03-05 16:15:30.200337,0.0,22,1709
13446,2022-03-05 17:40:29.186554,3.0,4,1495
13447,2022-03-05 17:52:54.750046,100.0,3,2202
13448,2022-03-05 17:53:43.328212,3.0,4,2202
13449,2022-03-05 18:48:51.083373,3.0,4,1808
13450,2022-03-05 18:51:22.090758,100.0,3,2203
13451,2022-03-05 18:51:53.268767,3.0,4,2203
13452,2022-03-05 18:52:13.878668,20.0,27,2203
13453,2022-03-05 18:54:21.896484,3.0,4,2187
13454,2022-03-05 19:31:24.324566,3.0,4,509
13455,2022-03-05 20:13:24.940675,0.0,22,1709
13456,2022-03-05 22:00:11.000452,3.0,4,121
13457,2022-03-06 06:57:48.787590,3.0,4,1674
13458,2022-03-06 07:14:46.837290,100.0,3,2204
13459,2022-03-06 07:14:53.853503,3.0,4,2204
13460,2022-03-06 07:29:12.788202,5.0,22,2204
13461,2022-03-06 07:52:21.131183,3.0,4,603
13462,2022-03-06 08:26:25.295252,3.0,4,1604
13463,2022-03-06 08:29:06.970162,3.0,4,2134
13464,2022-03-06 08:37:54.984752,3.0,4,1424
13465,2022-03-06 08:40:08.574122,3.0,4,2180
13466,2022-03-06 12:46:42.744309,100.0,3,2205
13467,2022-03-06 12:46:47.671343,3.0,4,2205
13468,2022-03-06 13:04:51.845021,10.0,22,2205
13469,2022-03-06 13:25:29.661641,3.0,4,222
13470,2022-03-06 14:01:15.923228,5.0,22,222
13471,2022-03-06 14:05:36.582768,5.0,22,2205
13472,2022-03-06 15:00:07.701448,3.0,4,422
13473,2022-03-06 15:59:34.445770,3.0,4,2199
13474,2022-03-06 16:18:49.753926,100.0,3,2206
13475,2022-03-06 16:19:05.153482,3.0,4,2206
13476,2022-03-06 16:22:42.970029,3.0,4,1015
13477,2022-03-06 16:45:02.395849,3.0,4,387
13478,2022-03-06 16:53:15.056658,5.0,22,2199
13479,2022-03-06 16:55:20.636867,20.0,23,387
13480,2022-03-06 18:24:44.431927,0.0,22,422
13481,2022-03-06 18:39:44.580408,0.0,22,422
13482,2022-03-06 18:47:01.283077,0.0,22,422
13483,2022-03-06 19:18:13.189714,3.0,4,1700
13484,2022-03-06 19:20:37.042343,3.0,4,2122
13485,2022-03-06 19:21:35.825823,0.0,22,422
13486,2022-03-06 20:23:09.210234,0.0,22,422
13487,2022-03-06 20:46:21.717059,3.0,4,1294
13488,2022-03-06 20:48:07.935012,20.0,23,1294
13489,2022-03-06 20:52:47.525814,0.0,22,422
13490,2022-03-06 20:52:47.597953,200.0,10,422
13491,2022-03-06 20:57:46.700820,5.0,22,1294
13492,2022-03-06 21:14:00.729986,20.0,22,1700
13493,2022-03-06 21:14:03.759254,10.0,22,1294
13494,2022-03-07 00:09:56.349150,3.0,4,427
13495,2022-03-07 00:10:41.089328,30.0,27,427
13496,2022-03-07 00:13:28.845756,30.0,27,427
13497,2022-03-07 00:15:38.043946,20.0,27,427
13498,2022-03-07 05:07:30.531359,3.0,4,1752
13499,2022-03-07 06:58:03.423410,3.0,4,584
13500,2022-03-07 07:09:59.076858,3.0,4,2000
13501,2022-03-07 07:58:05.810453,3.0,4,1700
13502,2022-03-07 08:34:41.806738,3.0,4,2134
13503,2022-03-07 08:59:42.155561,3.0,4,1603
13504,2022-03-07 09:14:06.869901,3.0,4,2180
13505,2022-03-07 11:00:44.166268,3.0,4,2174
13506,2022-03-07 11:11:52.092531,3.0,4,158
13507,2022-03-07 11:12:13.068137,30.0,23,158
13508,2022-03-07 11:17:52.482164,10.0,22,158
13509,2022-03-07 11:19:55.003890,20.0,23,158
13510,2022-03-07 11:25:28.646637,5.0,22,158
13511,2022-03-07 11:26:01.585673,30.0,23,158
13512,2022-03-07 11:31:21.859970,10.0,22,158
13513,2022-03-07 14:23:35.167881,3.0,4,535
13514,2022-03-07 14:25:33.066441,3.0,4,1294
13515,2022-03-07 14:26:45.348078,100.0,3,2209
13516,2022-03-07 14:26:50.700911,3.0,4,2209
13517,2022-03-07 14:27:47.230669,20.0,27,2209
13518,2022-03-07 14:39:47.717982,10.0,22,1294
13519,2022-03-07 16:31:09.561485,3.0,4,1795
13520,2022-03-07 16:49:10.792400,0.0,22,1795
13521,2022-03-07 16:59:44.659195,0.0,22,1795
13522,2022-03-07 17:05:10.008771,0.0,22,1795
13523,2022-03-07 17:10:10.661488,0.0,22,1795
13524,2022-03-07 17:10:10.678609,100.0,9,1795
13525,2022-03-07 17:12:26.833090,0.0,22,1795
13526,2022-03-07 17:15:02.361292,0.0,22,1795
13527,2022-03-07 17:22:30.849240,0.0,22,1795
13528,2022-03-07 17:28:32.676385,0.0,22,1795
13529,2022-03-07 17:32:56.360781,0.0,22,1795
13530,2022-03-07 17:34:23.725105,0.0,22,1795
13531,2022-03-07 17:43:32.277463,0.0,22,1795
13532,2022-03-07 18:08:56.945416,3.0,4,1003
13533,2022-03-07 20:50:01.109971,3.0,4,589
13534,2022-03-08 03:23:31.401614,3.0,4,1844
13535,2022-03-08 03:50:19.838004,5.0,22,1844
13536,2022-03-08 04:04:16.774211,5.0,22,1844
13537,2022-03-08 05:56:33.851934,3.0,4,1003
13538,2022-03-08 06:13:12.197155,3.0,4,1603
13539,2022-03-08 06:24:23.794646,3.0,4,1700
13540,2022-03-08 07:08:44.717375,3.0,4,954
13541,2022-03-08 07:48:18.706048,3.0,4,320
13542,2022-03-08 07:54:12.608559,3.0,4,2021
13543,2022-03-08 08:23:41.105556,3.0,4,2134
13544,2022-03-08 08:23:41.120319,30.0,5,2134
13545,2022-03-08 08:29:56.460980,100.0,3,2211
13546,2022-03-08 08:30:18.484503,3.0,4,2211
13547,2022-03-08 08:30:23.164939,30.0,27,2211
13548,2022-03-08 08:34:34.249844,5.0,22,2021
13549,2022-03-08 08:36:59.372621,20.0,23,2211
13550,2022-03-08 10:06:53.960524,100.0,3,2212
13551,2022-03-08 10:07:13.595868,3.0,4,2212
13552,2022-03-08 10:07:37.285573,40.0,23,2212
13553,2022-03-08 10:07:58.491825,3.0,4,2000
13554,2022-03-08 10:30:38.002753,3.0,4,2209
13555,2022-03-08 11:08:46.633023,3.0,4,1426
13556,2022-03-08 11:17:53.171214,5.0,22,1426
13557,2022-03-08 11:26:26.476945,5.0,22,1426
13558,2022-03-08 11:27:18.705261,100.0,3,2213
13559,2022-03-08 11:27:25.002400,3.0,4,2213
13560,2022-03-08 11:27:41.009141,20.0,23,2213
13561,2022-03-08 11:32:44.020746,5.0,22,1426
13562,2022-03-08 12:06:15.224307,3.0,4,2122
13563,2022-03-08 12:29:57.941683,3.0,4,1544
13564,2022-03-08 12:29:58.205084,20.0,23,1544
13565,2022-03-08 12:43:00.175044,5.0,22,1544
13566,2022-03-08 15:12:27.974838,100.0,3,2214
13567,2022-03-08 15:12:40.234288,3.0,4,2214
13568,2022-03-08 16:30:27.336902,3.0,4,1009
13569,2022-03-08 17:34:30.593694,100.0,3,2215
13570,2022-03-08 17:34:46.707869,3.0,4,2215
13571,2022-03-08 18:16:50.985422,3.0,4,50
13572,2022-03-08 19:23:24.305707,3.0,4,1233
13573,2022-03-08 19:49:50.585208,3.0,4,124
13574,2022-03-08 21:22:34.692406,100.0,3,2216
13575,2022-03-08 21:22:54.949963,3.0,4,2216
13576,2022-03-08 21:42:59.097206,20.0,22,2216
13577,2022-03-09 01:56:55.734545,3.0,4,1844
13578,2022-03-09 02:32:44.494615,10.0,22,1844
13579,2022-03-09 03:59:30.139878,10.0,22,1844
13580,2022-03-09 04:34:37.311886,3.0,4,525
13581,2022-03-09 05:57:12.169947,3.0,4,1907
13582,2022-03-09 06:46:23.579476,100.0,3,2217
13583,2022-03-09 06:46:34.451862,3.0,4,2217
13584,2022-03-09 06:55:35.801877,3.0,4,1318
13585,2022-03-09 07:37:12.410144,3.0,4,1544
13586,2022-03-09 07:37:12.670076,20.0,23,1544
13587,2022-03-09 08:12:58.204504,3.0,4,1816
13588,2022-03-09 08:17:07.582552,3.0,4,936
13589,2022-03-09 08:18:30.363106,5.0,22,1544
13590,2022-03-09 08:40:45.723346,3.0,4,63
13591,2022-03-09 08:40:45.733884,30.0,5,63
13592,2022-03-09 08:40:50.229492,20.0,23,63
13593,2022-03-09 08:53:24.019876,3.0,4,1709
13594,2022-03-09 09:00:14.955478,0.0,22,1709
13595,2022-03-09 09:42:26.457203,3.0,4,623
13596,2022-03-09 09:44:18.720355,0.0,22,1709
13597,2022-03-09 09:45:31.936946,100.0,3,2218
13598,2022-03-09 09:45:44.429553,3.0,4,2218
13599,2022-03-09 09:47:49.937456,3.0,4,2209
13600,2022-03-09 10:14:20.297303,5.0,22,1544
13601,2022-03-09 10:32:44.835774,3.0,4,1603
13602,2022-03-09 11:02:57.164556,3.0,4,1003
13603,2022-03-09 11:05:02.883693,3.0,4,1768
13604,2022-03-09 11:12:02.283242,20.0,23,1768
13605,2022-03-09 11:52:44.032004,3.0,4,2180
13606,2022-03-09 12:03:06.766211,3.0,4,348
13607,2022-03-09 12:14:07.040009,0.0,22,348
13608,2022-03-09 12:21:47.076057,20.0,23,1544
13609,2022-03-09 12:29:05.554574,0.0,22,348
13610,2022-03-09 12:33:33.482009,5.0,22,1544
13611,2022-03-09 12:38:14.713007,20.0,23,1544
13612,2022-03-09 12:55:42.642726,0.0,22,348
13613,2022-03-09 12:57:06.079499,100.0,3,2219
13614,2022-03-09 12:58:08.992109,5.0,22,1544
13615,2022-03-09 12:59:09.898759,20.0,23,1544
13616,2022-03-09 13:00:50.789097,3.0,4,2219
13617,2022-03-09 13:02:06.581078,5.0,22,1544
13618,2022-03-09 13:03:03.904069,30.0,27,2219
13619,2022-03-09 13:04:17.330963,20.0,23,1544
13620,2022-03-09 13:12:14.724737,5.0,22,1544
13621,2022-03-09 13:15:04.440564,20.0,23,1544
13622,2022-03-09 13:15:39.110969,5.0,22,1544
13623,2022-03-09 13:49:40.157844,0.0,22,348
13624,2022-03-09 15:14:48.158009,100.0,3,2220
13625,2022-03-09 16:14:35.729379,3.0,4,2122
13626,2022-03-09 16:43:06.539736,3.0,4,1506
13627,2022-03-09 17:01:55.003772,40.0,23,2219
13628,2022-03-09 17:09:10.138061,10.0,22,2122
13629,2022-03-09 17:46:18.179417,5.0,22,2122
13630,2022-03-09 17:53:06.447916,100.0,3,2221
13631,2022-03-09 17:53:16.894346,3.0,4,2221
13632,2022-03-09 17:53:19.948643,3.0,4,1707
13633,2022-03-09 17:53:47.010953,20.0,27,2221
13634,2022-03-09 17:56:36.164498,3.0,4,642
13635,2022-03-09 18:01:05.375287,20.0,23,1707
13636,2022-03-09 18:02:39.487007,3.0,4,1495
13637,2022-03-09 18:13:47.362667,5.0,22,1707
13638,2022-03-09 18:41:33.168406,30.0,23,1707
13639,2022-03-09 18:44:15.241853,20.0,22,2219
13640,2022-03-09 19:18:39.943218,100.0,3,2222
13641,2022-03-09 19:18:48.849659,3.0,4,2222
13642,2022-03-09 19:31:50.573565,3.0,4,589
13643,2022-03-09 20:01:57.330939,100.0,3,2223
13644,2022-03-09 20:02:12.458471,3.0,4,2223
13645,2022-03-09 20:18:52.138042,5.0,22,2223
13646,2022-03-09 20:19:42.212901,20.0,23,2223
13647,2022-03-09 20:22:24.404021,5.0,22,2223
13648,2022-03-09 20:23:44.400073,30.0,23,2223
13649,2022-03-09 20:28:43.348873,10.0,22,2223
13650,2022-03-09 21:46:11.360046,3.0,4,854
13651,2022-03-09 21:48:56.408066,5.0,22,854
13652,2022-03-09 21:49:37.762984,20.0,23,854
13653,2022-03-09 21:58:36.471688,5.0,22,854
13654,2022-03-09 21:59:46.414416,20.0,23,854
13655,2022-03-10 00:38:15.818548,100.0,3,2224
13656,2022-03-10 00:38:23.548905,3.0,4,2224
13657,2022-03-10 00:44:14.247004,5.0,22,2224
13658,2022-03-10 03:58:11.917891,100.0,3,2225
13659,2022-03-10 03:58:31.900196,3.0,4,2225
13660,2022-03-10 05:20:55.675864,3.0,4,2199
13661,2022-03-10 05:57:27.492430,3.0,4,1603
13662,2022-03-10 05:58:33.195222,20.0,23,1603
13663,2022-03-10 06:00:48.481545,3.0,4,97
13664,2022-03-10 06:02:42.724380,20.0,23,97
13665,2022-03-10 06:11:12.765113,10.0,22,1603
13666,2022-03-10 06:23:08.960086,3.0,4,559
13667,2022-03-10 06:24:31.544199,5.0,22,1603
13668,2022-03-10 06:29:14.624058,20.0,23,1603
13669,2022-03-10 06:29:19.412973,3.0,4,2219
13670,2022-03-10 06:32:32.596378,100.0,3,2226
13671,2022-03-10 06:32:59.068182,3.0,4,2226
13672,2022-03-10 06:33:02.008454,20.0,27,2226
13673,2022-03-10 06:35:27.613947,5.0,22,2219
13674,2022-03-10 07:12:00.381675,5.0,22,1603
13675,2022-03-10 07:17:16.673569,5.0,22,1603
13676,2022-03-10 07:35:28.223457,100.0,3,2227
13677,2022-03-10 07:35:37.531079,3.0,4,2227
13678,2022-03-10 08:12:40.735147,3.0,4,623
13679,2022-03-10 08:20:05.844547,3.0,4,1235
13680,2022-03-10 08:28:43.108870,100.0,3,2228
13681,2022-03-10 08:28:51.547648,3.0,4,2228
13682,2022-03-10 08:28:56.786736,40.0,23,2228
13683,2022-03-10 08:47:42.049911,100.0,3,2229
13684,2022-03-10 08:48:05.196528,3.0,4,2229
13685,2022-03-10 08:50:08.800863,30.0,27,2229
13686,2022-03-10 08:52:50.778216,100.0,3,2230
13687,2022-03-10 08:52:55.839939,3.0,4,2230
13688,2022-03-10 08:56:58.730329,3.0,4,2209
13689,2022-03-10 09:04:07.553417,5.0,22,2227
13690,2022-03-10 09:11:27.009602,5.0,22,2227
13691,2022-03-10 09:12:58.056531,100.0,3,2232
13692,2022-03-10 09:13:05.602880,40.0,23,2230
13693,2022-03-10 09:13:06.475119,3.0,4,2232
13694,2022-03-10 09:13:29.203662,20.0,27,2232
13695,2022-03-10 09:18:46.611875,30.0,27,2232
13696,2022-03-10 09:22:34.136832,5.0,22,2227
13697,2022-03-10 09:34:37.381555,5.0,22,2227
13698,2022-03-10 09:35:55.502776,100.0,3,2233
13699,2022-03-10 09:36:11.587833,3.0,4,2233
13700,2022-03-10 09:36:29.654227,20.0,27,2233
13701,2022-03-10 09:42:50.087419,3.0,4,98
13702,2022-03-10 09:56:05.873170,100.0,3,2234
13703,2022-03-10 09:56:09.607199,3.0,4,2234
13704,2022-03-10 09:56:34.858485,3.0,4,525
13705,2022-03-10 10:25:52.839846,5.0,22,525
13706,2022-03-10 10:34:41.805900,5.0,22,2227
13707,2022-03-10 10:34:41.820382,30.0,8,2227
13708,2022-03-10 10:49:47.961041,3.0,4,1506
13709,2022-03-10 11:40:15.862388,5.0,22,2227
13710,2022-03-10 11:40:37.778701,30.0,23,2227
13711,2022-03-10 11:45:05.199349,10.0,22,2227
13712,2022-03-10 11:51:26.527433,3.0,4,2000
13713,2022-03-10 12:02:31.702086,30.0,23,2227
13714,2022-03-10 12:04:14.554948,10.0,22,2227
13715,2022-03-10 12:07:17.854563,20.0,23,2227
13716,2022-03-10 12:11:29.309282,5.0,22,2227
13717,2022-03-10 12:12:28.237149,3.0,4,1544
13718,2022-03-10 12:19:06.725559,5.0,22,2227
13719,2022-03-10 12:19:06.739861,100.0,9,2227
13720,2022-03-10 12:32:59.132953,3.0,4,2122
13721,2022-03-10 12:45:55.499514,3.0,4,63
13722,2022-03-10 12:47:19.213083,3.0,4,1318
13723,2022-03-10 12:56:56.245137,20.0,23,2227
13724,2022-03-10 12:57:13.157006,100.0,3,2235
13725,2022-03-10 13:04:44.210391,5.0,22,2227
13726,2022-03-10 13:05:25.900261,20.0,27,2227
13727,2022-03-10 13:09:29.127820,3.0,4,2204
13728,2022-03-10 13:10:03.264175,3.0,4,464
13729,2022-03-10 13:12:26.129942,3.0,4,1209
13730,2022-03-10 14:09:56.374245,100.0,3,2236
13731,2022-03-10 14:10:00.089415,3.0,4,2236
13732,2022-03-10 14:56:05.546531,5.0,22,2236
13733,2022-03-10 15:38:52.381434,3.0,4,1886
13734,2022-03-10 16:06:43.684343,100.0,3,2237
13735,2022-03-10 16:06:59.474348,3.0,4,2237
13736,2022-03-10 17:32:03.275710,100.0,3,2238
13737,2022-03-10 17:32:15.847071,3.0,4,2238
13738,2022-03-10 17:55:00.886780,3.0,4,583
13739,2022-03-10 18:16:38.330147,3.0,4,2189
13740,2022-03-10 18:17:57.140184,20.0,23,2189
13741,2022-03-10 18:53:40.001959,100.0,3,2239
13742,2022-03-10 18:54:24.490882,3.0,4,2239
13743,2022-03-10 19:27:07.771834,100.0,3,2240
13744,2022-03-10 19:27:38.659171,3.0,4,2240
13745,2022-03-10 19:55:57.877703,3.0,4,1294
13746,2022-03-10 19:56:52.945785,20.0,23,2237
13747,2022-03-10 20:16:43.569732,40.0,23,1294
13748,2022-03-10 20:16:55.392301,20.0,22,1294
13749,2022-03-10 20:55:08.944557,3.0,4,496
13750,2022-03-10 20:55:12.418133,30.0,27,496
13751,2022-03-10 21:07:25.886647,100.0,3,2241
13752,2022-03-10 21:07:42.650701,3.0,4,2241
13753,2022-03-10 21:08:01.707218,20.0,27,2241
13754,2022-03-10 21:10:16.000254,100.0,3,2242
13755,2022-03-10 21:10:56.204073,3.0,4,2242
13756,2022-03-10 21:11:02.919992,30.0,27,2242
13757,2022-03-10 21:13:55.402015,150.0,2,496
13758,2022-03-11 02:43:09.675195,3.0,4,1844
13759,2022-03-11 03:29:06.745239,10.0,22,1844
13760,2022-03-11 03:29:06.766524,100.0,9,1844
13761,2022-03-11 04:33:38.715048,3.0,4,815
13762,2022-03-11 05:02:53.803428,10.0,22,815
13763,2022-03-11 05:22:32.332964,3.0,4,1907
13764,2022-03-11 05:54:21.949683,40.0,23,815
13765,2022-03-11 05:55:15.208631,3.0,4,1603
13766,2022-03-11 05:55:49.583546,20.0,23,1603
13767,2022-03-11 05:56:28.091092,3.0,4,2189
13768,2022-03-11 06:01:59.774035,5.0,22,1603
13769,2022-03-11 06:01:59.791068,30.0,8,1603
13770,2022-03-11 06:02:27.463249,20.0,23,1603
13771,2022-03-11 06:09:11.323652,5.0,22,1603
13772,2022-03-11 06:12:07.264494,20.0,23,1603
13773,2022-03-11 06:16:55.804871,5.0,22,1603
13774,2022-03-11 06:39:09.713339,3.0,4,743
13775,2022-03-11 06:45:33.915007,100.0,3,2243
13776,2022-03-11 06:45:42.371565,3.0,4,2243
13777,2022-03-11 06:46:12.283991,20.0,27,2243
13778,2022-03-11 07:00:11.889649,3.0,4,1909
13779,2022-03-11 07:14:36.741367,5.0,22,1909
13780,2022-03-11 07:14:36.765751,30.0,8,1909
13781,2022-03-11 07:27:41.695788,5.0,22,1909
13782,2022-03-11 07:29:56.755895,5.0,22,743
13783,2022-03-11 07:39:37.046730,3.0,4,954
13784,2022-03-11 07:39:39.174970,5.0,22,2243
13785,2022-03-11 07:54:55.116131,20.0,23,815
13786,2022-03-11 08:00:44.615470,20.0,23,1603
13787,2022-03-11 08:01:33.045660,5.0,22,815
13788,2022-03-11 08:02:27.328230,3.0,4,1700
13789,2022-03-11 08:12:15.597592,100.0,3,2244
13790,2022-03-11 08:12:47.955647,3.0,4,63
13791,2022-03-11 08:12:59.795300,3.0,4,2244
13792,2022-03-11 08:13:52.347582,20.0,23,1909
13793,2022-03-11 08:17:18.392585,3.0,4,2227
13794,2022-03-11 08:17:26.837305,20.0,23,2227
13795,2022-03-11 08:25:05.359912,10.0,22,2227
13796,2022-03-11 08:26:56.714238,5.0,22,1909
13797,2022-03-11 08:35:50.814999,5.0,22,743
13798,2022-03-11 08:46:16.292574,100.0,3,2245
13799,2022-03-11 08:46:29.714909,3.0,4,2245
13800,2022-03-11 08:48:19.807260,10.0,22,2227
13801,2022-03-11 08:52:56.486288,5.0,22,1909
13802,2022-03-11 08:55:18.944688,3.0,4,623
13803,2022-03-11 09:05:10.910321,5.0,22,1700
13804,2022-03-11 09:06:00.000351,20.0,23,1909
13805,2022-03-11 09:07:31.489764,5.0,22,1909
13806,2022-03-11 09:09:19.342045,20.0,23,1909
13807,2022-03-11 09:11:55.802032,5.0,22,1909
13808,2022-03-11 09:11:55.816338,100.0,9,1909
13809,2022-03-11 09:19:27.571673,3.0,4,2240
13810,2022-03-11 09:31:45.920009,3.0,4,221
13811,2022-03-11 09:32:36.373878,20.0,23,1909
13812,2022-03-11 09:34:06.437887,5.0,22,1909
13813,2022-03-11 09:46:16.201081,3.0,4,1546
13814,2022-03-11 09:48:27.358360,10.0,22,1909
13815,2022-03-11 09:48:34.523005,0.0,22,1546
13816,2022-03-11 09:51:30.063131,0.0,22,1546
13817,2022-03-11 09:54:13.369537,3.0,4,1318
13818,2022-03-11 09:55:00.624775,0.0,22,1546
13819,2022-03-11 10:00:14.596377,0.0,22,1546
13820,2022-03-11 10:02:25.769404,0.0,22,1546
13821,2022-03-11 10:09:02.185969,0.0,22,1546
13822,2022-03-11 10:17:43.619737,10.0,22,1909
13823,2022-03-11 11:01:25.682457,10.0,22,1909
13824,2022-03-11 11:08:37.032485,100.0,3,2247
13825,2022-03-11 11:08:43.936487,3.0,4,2247
13826,2022-03-11 11:22:48.865190,5.0,22,743
13827,2022-03-11 11:45:37.321562,100.0,3,2248
13828,2022-03-11 11:45:49.037935,3.0,4,1544
13829,2022-03-11 11:45:54.489849,3.0,4,2248
13830,2022-03-11 11:47:31.951320,5.0,22,2247
13831,2022-03-11 11:51:53.894640,5.0,22,1544
13832,2022-03-11 12:02:22.844509,5.0,22,1544
13833,2022-03-11 12:02:22.885618,200.0,10,1544
13834,2022-03-11 12:25:30.505024,5.0,22,1544
13835,2022-03-11 12:38:45.887267,3.0,4,422
13836,2022-03-11 12:40:44.994577,3.0,4,2236
13837,2022-03-11 12:43:40.849952,40.0,23,2227
13838,2022-03-11 12:48:56.422065,5.0,22,1909
13839,2022-03-11 12:52:02.626162,20.0,23,1909
13840,2022-03-11 12:56:08.065965,5.0,22,1909
13841,2022-03-11 13:04:51.043581,20.0,23,1909
13842,2022-03-11 13:06:53.699149,5.0,22,1909
13843,2022-03-11 13:21:03.788759,0.0,22,422
13844,2022-03-11 13:23:43.294416,20.0,23,1909
13845,2022-03-11 13:35:02.095984,15.0,22,2227
13846,2022-03-11 13:36:49.959056,20.0,23,2227
13847,2022-03-11 13:38:16.830358,5.0,22,2227
13848,2022-03-11 14:35:21.395501,3.0,4,1495
13849,2022-03-13 16:41:25.398210,3.0,4,1483
13850,2022-03-13 16:41:41.494867,5.0,22,1483
13851,2022-03-13 17:08:31.054883,100.0,3,2249
13852,2022-03-13 17:08:45.909484,3.0,4,2249
13853,2022-03-13 17:09:11.458847,20.0,27,2249
13854,2022-03-13 17:26:19.041487,3.0,4,422
13855,2022-03-13 17:43:02.654442,3.0,4,2222
13856,2022-03-13 17:46:41.558817,3.0,4,520
13857,2022-03-13 17:50:47.978437,3.0,4,1700
13858,2022-03-13 18:10:30.484514,100.0,3,2250
13859,2022-03-13 18:10:48.954449,3.0,4,2250
13860,2022-03-13 18:20:10.888786,20.0,23,2250
13861,2022-03-13 18:21:12.448190,100.0,3,2251
13862,2022-03-13 18:21:18.010150,3.0,4,2251
13863,2022-03-13 18:22:20.340406,100.0,3,2252
13864,2022-03-13 18:22:32.392710,3.0,4,2252
13865,2022-03-13 18:31:01.309701,3.0,4,2189
13866,2022-03-13 18:31:41.566616,3.0,4,63
13867,2022-03-13 18:31:44.039095,20.0,23,63
13868,2022-03-13 18:31:53.445599,20.0,23,2189
13869,2022-03-13 19:13:47.217453,100.0,3,2253
13870,2022-03-13 19:13:57.943432,3.0,4,2253
13871,2022-03-13 19:15:42.584014,0.0,22,422
13872,2022-03-13 19:19:04.356945,0.0,27,2253
13873,2022-03-13 20:05:32.673934,5.0,22,2250
13874,2022-03-13 20:10:37.942991,3.0,4,2227
13875,2022-03-13 20:40:43.698282,5.0,22,2189
13876,2022-03-13 20:51:03.367912,100.0,3,2254
13877,2022-03-13 20:51:20.507686,3.0,4,2254
13878,2022-03-13 20:51:23.510306,20.0,27,2254
13879,2022-03-13 21:04:21.769042,100.0,3,2255
13880,2022-03-13 21:04:41.602817,3.0,4,2255
13881,2022-03-13 21:04:46.917053,20.0,27,2255
13882,2022-03-13 21:15:38.496322,5.0,22,2189
13883,2022-03-13 21:54:26.419608,100.0,3,2256
13884,2022-03-13 21:54:38.413688,3.0,4,2256
13885,2022-03-13 22:01:37.304143,5.0,22,2256
13886,2022-03-14 03:27:38.860323,3.0,4,2251
13887,2022-03-14 03:28:34.390231,30.0,27,2251
13888,2022-03-14 03:32:38.898970,0.0,27,2251
13889,2022-03-14 04:05:02.572461,3.0,4,121
13890,2022-03-14 04:05:02.584537,30.0,5,121
13891,2022-03-14 05:28:37.225215,3.0,4,815
13892,2022-03-14 05:33:46.883290,30.0,23,815
13893,2022-03-14 05:38:42.187632,10.0,22,815
13894,2022-03-14 05:38:42.199493,200.0,10,815
13895,2022-03-14 06:09:57.251790,100.0,3,2257
13896,2022-03-14 06:10:21.412333,3.0,4,2257
13897,2022-03-14 06:22:36.360442,3.0,4,1504
13898,2022-03-14 06:50:36.079750,20.0,23,815
13899,2022-03-14 07:04:43.309340,3.0,4,1918
13900,2022-03-14 07:05:35.168342,5.0,22,815
13901,2022-03-14 07:22:00.649425,3.0,4,2244
13902,2022-03-14 07:25:19.300908,3.0,4,63
13903,2022-03-14 07:34:36.550312,40.0,23,63
13904,2022-03-14 07:36:17.205247,3.0,4,1788
13905,2022-03-14 08:11:51.277023,3.0,4,50
13906,2022-03-14 08:20:16.830626,5.0,22,815
13907,2022-03-14 08:28:47.006073,3.0,4,2256
13908,2022-03-14 08:29:58.099740,3.0,4,649
13909,2022-03-14 09:06:18.299896,3.0,4,221
13910,2022-03-14 09:43:09.154713,3.0,4,2253
13911,2022-03-14 10:15:58.630143,3.0,4,1820
13912,2022-03-14 10:18:05.543333,30.0,23,1820
13913,2022-03-14 10:23:41.768578,10.0,22,815
13914,2022-03-14 10:30:26.555049,100.0,3,2258
13915,2022-03-14 10:31:28.922202,3.0,4,2258
13916,2022-03-14 10:34:49.760412,20.0,23,815
13917,2022-03-14 10:36:37.271257,10.0,22,1820
13918,2022-03-14 10:38:31.498896,100.0,3,2259
13919,2022-03-14 10:39:15.308524,3.0,4,2259
13920,2022-03-14 10:40:56.391721,20.0,27,2259
13921,2022-03-14 10:43:24.461098,5.0,22,815
13922,2022-03-14 10:58:08.294687,20.0,23,815
13923,2022-03-14 10:59:14.705135,100.0,3,2260
13924,2022-03-14 10:59:53.993145,3.0,4,2260
13925,2022-03-14 10:59:57.812928,20.0,27,2260
13926,2022-03-14 11:13:51.486944,3.0,4,623
13927,2022-03-14 11:22:36.980050,100.0,3,2261
13928,2022-03-14 11:23:10.604261,3.0,4,2261
13929,2022-03-14 11:33:23.310887,0.0,27,2261
13930,2022-03-14 11:37:32.013452,3.0,4,252
13931,2022-03-14 11:40:31.159883,5.0,22,815
13932,2022-03-14 11:43:52.598137,3.0,4,2201
13933,2022-03-14 12:17:17.404378,10.0,22,2258
13934,2022-03-14 12:22:15.340799,3.0,4,2205
13935,2022-03-14 12:30:58.530412,100.0,3,2262
13936,2022-03-14 12:31:13.029749,3.0,4,2262
13937,2022-03-14 12:32:44.685747,3.0,4,1546
13938,2022-03-14 12:32:47.873196,20.0,23,2262
13939,2022-03-14 12:38:02.080525,0.0,22,2201
13940,2022-03-14 12:38:32.840941,10.0,22,2262
13941,2022-03-14 12:44:32.530078,30.0,23,815
13942,2022-03-14 12:45:24.126144,0.0,22,2201
13943,2022-03-14 12:46:56.465916,100.0,3,2263
13944,2022-03-14 12:47:00.365492,3.0,4,2263
13945,2022-03-14 12:47:21.257556,20.0,23,2263
13946,2022-03-14 12:48:22.742038,10.0,22,2262
13947,2022-03-14 12:51:42.241753,5.0,22,2263
13948,2022-03-14 12:51:50.987570,3.0,4,1544
13949,2022-03-14 12:52:27.922610,20.0,23,1544
13950,2022-03-14 13:00:59.763703,5.0,22,2263
13951,2022-03-14 13:01:44.475266,30.0,27,2263
13952,2022-03-14 13:04:05.173150,20.0,23,63
13953,2022-03-14 13:04:57.153671,0.0,22,2201
13954,2022-03-14 13:05:20.049120,30.0,27,2263
13955,2022-03-14 13:07:14.204485,100.0,3,2264
13956,2022-03-14 13:07:17.865739,3.0,4,2264
13957,2022-03-14 13:09:57.010160,5.0,22,1544
13958,2022-03-14 13:14:48.658117,100.0,3,2265
13959,2022-03-14 13:15:40.907825,3.0,4,2265
13960,2022-03-14 13:18:46.911010,5.0,22,1544
13961,2022-03-14 13:20:27.752267,20.0,23,1544
13962,2022-03-14 13:25:33.115549,5.0,22,1788
13963,2022-03-14 13:26:44.149427,5.0,22,1544
13964,2022-03-14 13:27:09.754853,30.0,27,2263
13965,2022-03-14 13:30:40.331893,20.0,23,63
13966,2022-03-14 13:40:12.684243,10.0,22,815
13967,2022-03-14 13:43:31.381237,20.0,23,1544
13968,2022-03-14 13:44:03.763763,3.0,4,1744
13969,2022-03-14 13:49:44.487339,5.0,22,1544
13970,2022-03-14 14:06:32.166147,3.0,4,2040
13971,2022-03-14 14:38:45.056313,3.0,4,2247
13972,2022-03-14 14:44:58.234924,100.0,3,2266
13973,2022-03-14 14:45:13.627286,3.0,4,2266
13974,2022-03-14 15:18:51.376644,3.0,4,496
13975,2022-03-14 15:25:46.654337,40.0,23,496
13976,2022-03-14 15:44:38.955902,3.0,4,1209
13977,2022-03-14 16:03:35.757203,5.0,22,1788
13978,2022-03-14 16:21:48.885955,20.0,27,1209
13979,2022-03-14 16:22:50.257188,20.0,23,50
13980,2022-03-14 16:32:54.441225,350.0,2,1209
13981,2022-03-14 16:35:10.322333,40.0,23,1209
13982,2022-03-14 16:41:39.325920,0.0,22,252
13983,2022-03-14 16:54:38.673838,3.0,4,1700
13984,2022-03-14 17:04:50.222780,100.0,3,2267
13985,2022-03-14 17:05:11.898266,3.0,4,2267
13986,2022-03-14 17:13:09.184000,5.0,22,1700
13987,2022-03-14 17:13:09.198652,200.0,10,1700
13988,2022-03-14 17:21:44.532317,0.0,22,252
13989,2022-03-14 17:31:00.551681,15.0,22,1209
13990,2022-03-14 17:33:33.442711,0.0,22,252
13991,2022-03-14 17:38:32.634576,5.0,22,1209
13992,2022-03-14 17:57:36.386261,3.0,4,2104
13993,2022-03-14 17:58:17.479620,40.0,23,2104
13994,2022-03-14 18:15:57.440021,15.0,22,496
13995,2022-03-14 18:30:02.000052,100.0,3,2268
13996,2022-03-14 18:30:11.494267,3.0,4,2268
13997,2022-03-14 18:33:58.579869,20.0,23,2268
13998,2022-03-14 19:22:56.096685,100.0,3,2269
13999,2022-03-14 19:23:18.993825,3.0,4,1483
14000,2022-03-14 19:24:33.945349,3.0,4,2269
14001,2022-03-14 19:24:37.537774,20.0,27,2269
14002,2022-03-14 19:46:19.889459,3.0,4,422
14003,2022-03-14 20:23:18.051930,30.0,23,1700
14004,2022-03-14 20:33:43.966318,40.0,23,2262
14005,2022-03-14 21:02:36.214130,15.0,22,2262
14006,2022-03-14 21:04:08.757547,0.0,22,252
14007,2022-03-14 21:16:20.169161,0.0,22,252
14008,2022-03-14 21:16:57.997331,100.0,3,2270
14009,2022-03-14 21:16:58.009002,200.0,6,2262
14010,2022-03-14 21:16:58.009143,50.0,7,2270
14011,2022-03-14 21:17:10.629613,3.0,4,2270
14012,2022-03-14 21:18:22.710808,20.0,23,2270
14013,2022-03-14 21:28:40.466200,0.0,22,252
14014,2022-03-14 21:28:40.480420,200.0,10,252
14015,2022-03-14 21:36:10.008653,5.0,22,2270
14016,2022-03-14 21:36:45.406877,30.0,27,2270
14017,2022-03-14 21:39:07.207640,0.0,22,252
14018,2022-03-14 21:43:30.993278,0.0,22,252
14019,2022-03-14 21:48:26.062178,0.0,22,252
14020,2022-03-14 21:52:50.552151,0.0,22,252
14021,2022-03-14 22:49:50.917599,5.0,22,1209
14022,2022-03-14 22:50:55.922462,30.0,27,1209
14023,2022-03-15 00:17:20.332633,100.0,3,2271
14024,2022-03-15 00:17:31.230442,3.0,4,2271
14025,2022-03-15 00:22:28.473115,5.0,22,2271
14026,2022-03-15 00:25:05.952895,20.0,23,2271
14027,2022-03-15 00:27:02.289681,10.0,22,2271
14028,2022-03-15 00:47:01.476721,10.0,22,2271
14029,2022-03-15 00:56:27.318537,20.0,23,2271
14030,2022-03-15 02:00:21.947067,3.0,4,1818
14031,2022-03-15 02:05:23.323526,3.0,4,815
14032,2022-03-15 02:46:04.634412,15.0,22,815
14033,2022-03-15 05:02:27.047720,100.0,3,2272
14034,2022-03-15 05:02:27.060858,200.0,6,2271
14035,2022-03-15 05:02:27.060961,50.0,7,2272
14036,2022-03-15 05:03:20.010087,3.0,4,2272
14037,2022-03-15 05:39:35.404294,3.0,4,649
14038,2022-03-15 05:57:10.269601,3.0,4,121
14039,2022-03-15 06:04:44.347166,3.0,4,1209
14040,2022-03-15 06:38:43.561038,5.0,22,815
14041,2022-03-15 06:47:48.616349,30.0,23,815
14042,2022-03-15 07:29:01.194683,10.0,22,815
14043,2022-03-15 07:50:35.250558,3.0,4,1544
14044,2022-03-15 07:50:57.742456,20.0,23,1544
14045,2022-03-15 07:55:56.589966,3.0,4,496
14046,2022-03-15 07:58:43.372555,100.0,3,2273
14047,2022-03-15 07:58:54.170708,3.0,4,2273
14048,2022-03-15 08:02:45.498050,3.0,4,211
14049,2022-03-15 08:07:44.889092,5.0,22,1544
14050,2022-03-15 08:08:52.212125,5.0,22,815
14051,2022-03-15 08:10:20.745834,20.0,23,2273
14052,2022-03-15 08:11:28.762574,100.0,3,2274
14053,2022-03-15 08:11:40.533485,3.0,4,2274
14054,2022-03-15 08:12:55.960096,3.0,4,2134
14055,2022-03-15 08:15:42.293425,3.0,4,2258
14056,2022-03-15 08:20:32.061507,10.0,22,2273
14057,2022-03-15 08:23:39.278890,10.0,22,2273
14058,2022-03-15 08:25:43.214439,30.0,23,815
14059,2022-03-15 08:35:51.224723,3.0,4,2201
14060,2022-03-15 08:38:25.292332,100.0,3,2275
14061,2022-03-15 08:38:45.199055,3.0,4,2275
14062,2022-03-15 08:38:51.614988,30.0,27,2275
14063,2022-03-15 08:41:02.357309,10.0,22,815
14064,2022-03-15 09:05:44.561357,5.0,22,815
14065,2022-03-15 09:06:32.086503,100.0,3,2276
14066,2022-03-15 09:06:45.390318,3.0,4,2276
14067,2022-03-15 09:07:04.135447,20.0,27,2276
14068,2022-03-15 09:21:26.336862,0.0,22,2201
14069,2022-03-15 09:37:05.220449,100.0,3,2277
14070,2022-03-15 09:37:37.309473,3.0,4,2277
14071,2022-03-15 09:38:56.678666,20.0,27,2277
14072,2022-03-15 09:42:38.488045,3.0,4,2268
14073,2022-03-15 09:46:32.103260,100.0,3,2278
14074,2022-03-15 09:46:52.855326,3.0,4,2278
14075,2022-03-15 09:48:04.216003,20.0,27,2278
14076,2022-03-15 09:48:24.339257,3.0,4,43
14077,2022-03-15 09:48:27.241474,30.0,27,2278
14078,2022-03-15 10:56:26.388772,3.0,4,63
14079,2022-03-15 10:56:31.249366,20.0,23,63
14080,2022-03-15 11:44:24.712754,3.0,4,1820
14081,2022-03-15 11:46:42.194629,3.0,4,97
14082,2022-03-15 11:47:24.070019,30.0,23,1820
14083,2022-03-15 11:49:24.514623,10.0,22,1820
14084,2022-03-15 11:53:00.550576,20.0,23,97
14085,2022-03-15 12:06:40.537828,0.0,22,2201
14086,2022-03-15 12:06:40.569965,30.0,8,2201
14087,2022-03-15 12:10:21.952834,3.0,4,2227
14088,2022-03-15 12:17:04.792569,5.0,22,97
14089,2022-03-15 12:22:13.846808,0.0,22,2201
14090,2022-03-15 12:22:41.354469,20.0,23,1544
14091,2022-03-15 12:25:01.297660,20.0,23,97
14092,2022-03-15 12:26:05.012011,5.0,22,1544
14093,2022-03-15 12:39:39.001199,5.0,22,97
14094,2022-03-15 12:47:59.812694,30.0,27,97
14095,2022-03-15 12:54:19.978799,3.0,4,1808
14096,2022-03-15 13:00:31.595225,3.0,4,1546
14097,2022-03-15 13:08:04.988051,0.0,22,2201
14098,2022-03-15 13:09:28.293207,0.0,22,1546
14099,2022-03-15 13:18:43.693765,0.0,22,1546
14100,2022-03-15 13:34:22.964999,5.0,22,2273
14101,2022-03-15 13:54:54.049863,40.0,23,2273
14102,2022-03-15 14:06:38.121679,100.0,3,2281
14103,2022-03-15 14:06:43.371248,3.0,4,2281
14104,2022-03-15 14:08:01.961371,5.0,22,2281
14105,2022-03-15 14:11:46.800928,100.0,3,2283
14106,2022-03-15 14:12:17.364870,3.0,4,2283
14107,2022-03-15 14:12:45.642773,40.0,23,2283
14108,2022-03-15 14:13:40.845415,5.0,22,2281
14109,2022-03-15 14:17:01.259126,100.0,3,2284
14110,2022-03-15 14:17:26.279828,3.0,4,2284
14111,2022-03-15 14:18:56.006016,20.0,23,2284
14112,2022-03-15 14:25:16.250436,100.0,3,2285
14113,2022-03-15 14:25:30.149532,3.0,4,2285
14114,2022-03-15 14:25:58.731862,5.0,22,2284
14115,2022-03-15 14:26:08.277217,30.0,27,2285
14116,2022-03-15 14:26:41.511514,20.0,23,2284
14117,2022-03-15 14:34:24.178739,5.0,22,2284
14118,2022-03-15 14:47:38.595868,100.0,3,2286
14119,2022-03-15 14:48:54.803107,3.0,4,2286
14120,2022-03-15 14:49:00.769814,20.0,27,2286
14121,2022-03-15 15:15:30.008558,100.0,3,2287
14122,2022-03-15 15:17:01.969345,3.0,4,2287
14123,2022-03-15 15:47:17.334303,3.0,4,2204
14124,2022-03-15 15:55:43.719913,100.0,3,2289
14125,2022-03-15 15:55:49.392023,3.0,4,2289
14126,2022-03-15 15:56:50.163521,3.0,4,1744
14127,2022-03-15 15:58:14.506474,0.0,22,1744
14128,2022-03-15 15:58:47.102986,0.0,22,1744
14129,2022-03-15 15:59:34.882725,0.0,22,1744
14130,2022-03-15 16:01:16.464246,0.0,22,1744
14131,2022-03-15 16:02:25.797763,3.0,4,2256
14132,2022-03-15 16:02:29.159857,0.0,22,1744
14133,2022-03-15 16:02:56.864514,0.0,22,1744
14134,2022-03-15 16:03:29.686785,0.0,22,1744
14135,2022-03-15 16:04:08.531679,0.0,22,1744
14136,2022-03-15 16:05:06.891136,0.0,22,1744
14137,2022-03-15 16:20:53.641024,100.0,3,2291
14138,2022-03-15 16:21:08.294753,3.0,4,2291
14139,2022-03-15 16:24:24.009407,100.0,3,2292
14140,2022-03-15 16:24:24.021681,200.0,6,2291
14141,2022-03-15 16:24:24.021806,50.0,7,2292
14142,2022-03-15 17:10:03.585599,20.0,27,2291
14143,2022-03-15 17:16:58.529351,3.0,4,1707
14144,2022-03-15 17:26:27.241662,10.0,22,1707
14145,2022-03-15 17:27:42.454835,100.0,3,2294
14146,2022-03-15 17:27:48.170290,3.0,4,2294
14147,2022-03-15 17:28:11.528154,20.0,27,2294
14148,2022-03-15 17:28:40.938816,20.0,27,2291
14149,2022-03-15 17:33:31.252294,3.0,4,2205
14150,2022-03-15 17:48:03.070691,5.0,22,496
14151,2022-03-15 17:48:54.100365,20.0,23,496
14152,2022-03-15 17:54:49.055010,3.0,4,719
14153,2022-03-15 18:22:55.491194,100.0,3,2295
14154,2022-03-15 18:23:02.586701,20.0,23,719
14155,2022-03-15 18:24:25.463746,5.0,22,496
14156,2022-03-15 18:24:25.476619,30.0,8,496
14157,2022-03-15 18:24:52.953409,3.0,4,2295
14158,2022-03-15 19:06:04.917371,100.0,3,2296
14159,2022-03-15 19:06:39.759654,3.0,4,2296
14160,2022-03-15 19:07:11.794005,20.0,27,2296
14161,2022-03-15 19:11:18.693500,30.0,27,2296
14162,2022-03-15 19:11:41.363564,3.0,4,982
14163,2022-03-15 20:08:38.537147,3.0,4,586
14164,2022-03-15 20:14:13.079757,3.0,4,221
14165,2022-03-15 20:20:14.763722,30.0,23,586
14166,2022-03-15 20:22:06.493872,3.0,4,1077
14167,2022-03-15 20:33:49.269996,10.0,22,586
14168,2022-03-15 20:40:25.268580,100.0,3,2297
14169,2022-03-15 20:40:42.371311,3.0,4,2297
14170,2022-03-15 20:40:57.753531,20.0,27,2297
14171,2022-03-15 20:58:54.644682,3.0,4,252
14172,2022-03-15 21:19:11.234485,0.0,22,252
14173,2022-03-15 21:33:23.941802,0.0,22,252
14174,2022-03-15 21:35:35.094701,100.0,3,2299
14175,2022-03-15 21:35:55.783664,3.0,4,2299
14176,2022-03-15 21:35:58.943548,20.0,27,2299
14177,2022-03-15 21:39:04.936021,0.0,22,252
14178,2022-03-15 21:43:04.358825,0.0,22,252
14179,2022-03-15 21:48:09.282157,20.0,23,1209
14180,2022-03-15 21:54:30.242696,100.0,3,2301
14181,2022-03-15 21:54:35.823080,3.0,4,2301
14182,2022-03-15 21:54:40.657731,20.0,27,2301
14183,2022-03-15 23:30:52.270528,5.0,22,2291
14184,2022-03-16 03:18:27.896285,3.0,4,1984
14185,2022-03-16 04:30:08.926045,3.0,4,815
14186,2022-03-16 05:07:33.157867,20.0,22,815
14187,2022-03-16 05:09:28.783834,20.0,23,815
14188,2022-03-16 05:10:54.957583,5.0,22,815
14189,2022-03-16 06:05:30.029444,3.0,4,2268
14190,2022-03-16 06:06:51.267343,30.0,27,2268
14191,2022-03-16 06:17:28.034473,30.0,27,2268
14192,2022-03-16 06:45:45.987799,100.0,3,2302
14193,2022-03-16 06:46:28.104149,3.0,4,2302
14194,2022-03-16 06:54:27.064828,5.0,22,2302
14195,2022-03-16 07:13:21.011590,20.0,23,815
14196,2022-03-16 07:14:48.664065,5.0,22,815
14197,2022-03-16 07:17:35.543889,20.0,23,815
14198,2022-03-16 07:21:15.202424,5.0,22,815
14199,2022-03-16 07:27:54.433955,20.0,23,815
14200,2022-03-16 07:31:52.519825,5.0,22,815
14201,2022-03-16 07:47:04.424447,100.0,3,2303
14202,2022-03-16 07:47:29.932858,3.0,4,2303
14203,2022-03-16 07:48:57.780648,100.0,3,2304
14204,2022-03-16 07:50:15.462683,100.0,3,2305
14205,2022-03-16 07:50:20.371006,3.0,4,2304
14206,2022-03-16 07:50:27.439066,30.0,27,2304
14207,2022-03-16 07:50:28.756964,3.0,4,2305
14208,2022-03-16 07:58:01.287950,3.0,4,2258
14209,2022-03-16 07:59:58.690283,100.0,3,2306
14210,2022-03-16 08:00:03.535188,3.0,4,2306
14211,2022-03-16 08:00:14.838044,40.0,23,2258
14212,2022-03-16 08:25:03.488996,10.0,22,815
14213,2022-03-16 08:41:48.446150,15.0,22,2258
14214,2022-03-16 09:10:46.107228,3.0,4,63
14215,2022-03-16 09:31:09.362942,100.0,3,2307
14216,2022-03-16 09:31:23.359260,3.0,4,2307
14217,2022-03-16 09:31:28.497504,20.0,27,2307
14218,2022-03-16 10:13:04.747201,100.0,3,2308
14219,2022-03-16 10:13:14.116849,3.0,4,2308
14220,2022-03-16 11:04:55.155240,100.0,3,2309
14221,2022-03-16 11:05:25.087338,3.0,4,2309
14222,2022-03-16 11:05:48.281944,20.0,22,2258
14223,2022-03-16 11:09:32.569724,100.0,3,2311
14224,2022-03-16 11:09:58.118434,3.0,4,2311
14225,2022-03-16 11:10:31.976146,20.0,27,2311
14226,2022-03-16 11:19:53.505802,3.0,4,586
14227,2022-03-16 11:23:31.865083,100.0,3,2312
14228,2022-03-16 11:23:47.959283,3.0,4,2312
14229,2022-03-16 12:00:34.429740,20.0,23,586
14230,2022-03-16 12:03:41.414947,5.0,22,586
14231,2022-03-16 12:05:02.645894,20.0,23,586
14232,2022-03-16 12:14:21.817818,5.0,22,2258
14233,2022-03-16 12:16:03.567263,20.0,23,2258
14234,2022-03-16 12:18:02.104279,5.0,22,586
14235,2022-03-16 12:21:55.653820,3.0,4,852
14236,2022-03-16 12:22:23.171649,20.0,23,586
14237,2022-03-16 12:23:31.692954,100.0,3,2313
14238,2022-03-16 12:23:57.255822,3.0,4,2313
14239,2022-03-16 12:24:03.178215,20.0,27,2313
14240,2022-03-16 12:29:37.697945,30.0,23,2313
14241,2022-03-16 12:29:51.660106,5.0,22,586
14242,2022-03-16 12:30:30.695396,5.0,22,2258
14243,2022-03-16 12:30:30.708705,30.0,8,2258
14244,2022-03-16 12:35:38.513853,3.0,4,2144
14245,2022-03-16 12:42:17.031780,40.0,23,586
14246,2022-03-16 12:47:50.108790,0.0,22,2144
14247,2022-03-16 12:47:51.871904,20.0,22,586
14248,2022-03-16 13:03:51.486521,3.0,4,1280
14249,2022-03-16 13:08:06.661806,3.0,4,2134
14250,2022-03-16 13:08:42.719765,5.0,22,2258
14251,2022-03-16 13:09:19.302247,40.0,23,2258
14252,2022-03-16 13:10:27.112475,20.0,22,2258
14253,2022-03-16 13:21:51.097013,100.0,3,2314
14254,2022-03-16 13:21:58.909447,3.0,4,2314
14255,2022-03-16 13:26:26.968969,20.0,22,2258
14256,2022-03-16 13:58:44.838176,100.0,3,2315
14257,2022-03-16 13:58:49.071835,3.0,4,2315
14258,2022-03-16 13:59:22.934182,20.0,27,2315
14259,2022-03-16 14:00:57.925843,3.0,4,2147
14260,2022-03-16 14:02:05.622093,3.0,4,1884
14261,2022-03-16 14:03:10.834243,30.0,27,2315
14262,2022-03-16 14:05:24.960048,3.0,4,2227
14263,2022-03-16 14:18:20.810187,5.0,22,2306
14264,2022-03-16 14:23:30.154187,20.0,23,2306
14265,2022-03-16 14:32:42.946284,10.0,22,2306
14266,2022-03-16 15:15:57.252726,5.0,22,2303
14267,2022-03-16 15:28:35.923323,10.0,22,1250
14268,2022-03-16 15:32:00.960068,5.0,22,1250
14269,2022-03-16 16:35:41.452051,3.0,4,2278
14270,2022-03-16 16:41:09.040904,3.0,4,1700
14271,2022-03-16 17:18:34.828691,5.0,22,2305
14272,2022-03-16 17:25:35.946904,5.0,22,2305
14273,2022-03-16 17:43:43.040032,3.0,4,2291
14274,2022-03-16 17:44:27.766559,100.0,3,2318
14275,2022-03-16 17:44:36.785624,3.0,4,2318
14276,2022-03-16 17:46:19.699771,100.0,3,2319
14277,2022-03-16 17:46:52.402992,3.0,4,2319
14278,2022-03-16 17:46:57.594453,20.0,27,2319
14279,2022-03-16 17:50:27.016993,30.0,27,2319
14280,2022-03-16 18:19:03.195822,20.0,23,2318
14281,2022-03-16 18:32:43.492738,3.0,4,2295
14282,2022-03-16 19:21:24.339613,100.0,3,2321
14283,2022-03-16 19:21:24.352314,200.0,6,2295
14284,2022-03-16 19:21:24.352451,50.0,7,2321
14285,2022-03-16 19:21:40.031338,3.0,4,2321
14286,2022-03-16 20:37:21.469643,5.0,22,2291
14287,2022-03-16 21:38:57.164224,100.0,3,2323
14288,2022-03-16 21:39:02.842429,3.0,4,2323
14289,2022-03-16 21:42:55.394606,3.0,4,2189
14290,2022-03-16 23:01:36.170428,100.0,3,2317
14291,2022-03-16 23:03:15.038249,3.0,4,2317
14292,2022-03-16 23:11:49.475445,100.0,3,2324
14293,2022-03-16 23:11:49.489093,200.0,6,1424
14294,2022-03-16 23:11:49.489204,50.0,7,2324
14295,2022-03-16 23:12:02.607134,3.0,4,2324
14296,2022-03-16 23:51:55.180805,3.0,4,839
14297,2022-03-17 00:06:35.131550,3.0,4,2317
14298,2022-03-17 00:06:35.216144,30.0,27,2317
14299,2022-03-17 00:13:20.484236,5.0,22,2317
14300,2022-03-17 00:30:20.685703,3.0,4,2324
14301,2022-03-17 05:11:56.988427,100.0,3,2326
14302,2022-03-17 05:12:10.026346,3.0,4,2326
14303,2022-03-17 06:06:13.230342,100.0,3,2327
14304,2022-03-17 06:07:00.744643,3.0,4,2327
14305,2022-03-17 06:07:32.438283,20.0,27,2327
14306,2022-03-17 06:08:18.460074,3.0,4,97
14307,2022-03-17 06:09:50.449580,20.0,23,97
14308,2022-03-17 06:21:35.902826,3.0,4,2258
14309,2022-03-17 06:23:14.477231,20.0,23,2258
14310,2022-03-17 06:24:56.120410,5.0,22,97
14311,2022-03-17 06:24:56.132719,200.0,10,97
14312,2022-03-17 06:27:07.911505,20.0,23,97
14313,2022-03-17 06:29:32.902207,5.0,22,97
14314,2022-03-17 06:30:08.442781,10.0,22,2258
14315,2022-03-17 06:33:19.627639,3.0,4,815
14316,2022-03-17 06:33:23.781921,20.0,23,97
14317,2022-03-17 06:39:11.910457,40.0,23,2258
14318,2022-03-17 06:40:09.117086,3.0,4,1603
14319,2022-03-17 06:48:16.950690,100.0,3,2328
14320,2022-03-17 06:48:24.020912,3.0,4,2328
14321,2022-03-17 06:54:43.232242,20.0,23,2328
14322,2022-03-17 06:56:08.334392,5.0,22,2328
14323,2022-03-17 06:56:21.801225,5.0,22,97
14324,2022-03-17 06:59:49.921621,10.0,22,815
14325,2022-03-17 07:08:35.168726,100.0,3,2298
14326,2022-03-17 07:10:05.643666,30.0,23,97
14327,2022-03-17 07:10:46.134401,3.0,4,121
14328,2022-03-17 07:14:53.320094,5.0,22,815
14329,2022-03-17 07:32:56.603568,3.0,4,2312
14330,2022-03-17 07:32:56.746282,20.0,23,2312
14331,2022-03-17 07:56:27.073064,20.0,22,2258
14332,2022-03-17 07:56:27.088052,100.0,9,2258
14333,2022-03-17 07:59:01.487310,3.0,4,2227
14334,2022-03-17 08:07:18.542027,3.0,4,1820
14335,2022-03-17 08:10:30.513078,5.0,22,2227
14336,2022-03-17 08:25:41.502561,3.0,4,50
14337,2022-03-17 08:40:38.513985,20.0,22,2227
14338,2022-03-17 08:43:42.524326,20.0,23,2227
14339,2022-03-17 08:45:10.448008,5.0,22,2227
14340,2022-03-17 08:48:42.218289,5.0,22,2258
14341,2022-03-17 08:53:19.551597,20.0,23,2227
14342,2022-03-17 08:55:55.178656,100.0,3,2329
14343,2022-03-17 08:55:59.116055,3.0,4,2329
14344,2022-03-17 08:58:00.286080,3.0,4,2303
14345,2022-03-17 09:10:23.268616,3.0,4,2268
14346,2022-03-17 09:18:11.319847,5.0,22,2227
14347,2022-03-17 09:19:42.311679,3.0,4,2147
14348,2022-03-17 09:23:20.040069,3.0,4,63
14349,2022-03-17 09:35:45.992405,100.0,3,2330
14350,2022-03-17 09:39:17.466146,5.0,22,2268
14351,2022-03-17 09:43:25.302249,3.0,4,2298
14352,2022-03-17 09:43:36.070491,20.0,27,2298
14353,2022-03-17 10:03:23.779893,100.0,3,2331
14354,2022-03-17 10:03:23.794111,200.0,6,2268
14355,2022-03-17 10:03:23.794264,50.0,7,2331
14356,2022-03-17 10:05:43.344540,5.0,22,2227
14357,2022-03-17 10:10:20.454486,5.0,22,2298
14358,2022-03-17 10:11:18.909092,20.0,27,2298
14359,2022-03-17 10:20:44.692505,30.0,23,815
14360,2022-03-17 10:25:56.682360,3.0,4,589
14361,2022-03-17 10:38:53.734930,10.0,22,815
14362,2022-03-17 10:39:20.299390,3.0,4,1641
14363,2022-03-17 10:49:35.409296,100.0,3,2332
14364,2022-03-17 10:49:55.494555,3.0,4,2332
14365,2022-03-17 10:50:04.073432,3.0,4,2306
14366,2022-03-17 10:50:04.313663,30.0,23,2306
14367,2022-03-17 10:51:01.668401,20.0,27,2332
14368,2022-03-17 10:52:03.362906,10.0,22,2306
14369,2022-03-17 10:59:17.407602,100.0,3,2333
14370,2022-03-17 10:59:23.940332,3.0,4,2333
14371,2022-03-17 11:01:34.902339,3.0,4,43
14372,2022-03-17 11:10:50.148348,3.0,4,1483
14373,2022-03-17 11:24:43.748221,5.0,22,2317
14374,2022-03-17 11:27:22.248505,3.0,4,2261
14375,2022-03-17 11:28:43.301205,100.0,3,2335
14376,2022-03-17 11:29:21.815681,3.0,4,2335
14377,2022-03-17 11:33:49.144940,10.0,22,2258
14378,2022-03-17 11:38:35.925529,3.0,4,719
14379,2022-03-17 12:03:54.282649,20.0,23,2317
14380,2022-03-17 12:08:24.348098,3.0,4,98
14381,2022-03-17 12:24:52.835992,10.0,22,2227
14382,2022-03-17 12:34:53.947558,100.0,3,2336
14383,2022-03-17 12:35:26.789472,3.0,4,2336
14384,2022-03-17 12:37:00.116792,100.0,3,2337
14385,2022-03-17 12:37:49.171799,3.0,4,2337
14386,2022-03-17 12:48:48.903152,10.0,22,2317
14387,2022-03-17 13:09:51.181157,30.0,23,2227
14388,2022-03-17 13:18:08.575632,10.0,22,2227
14389,2022-03-17 13:35:31.864846,20.0,27,2317
14390,2022-03-17 13:51:58.760088,10.0,22,2258
14391,2022-03-17 14:15:50.542631,10.0,22,2258
14392,2022-03-17 14:25:24.918263,3.0,4,2271
14393,2022-03-17 14:26:59.016260,20.0,23,2227
14394,2022-03-17 14:28:22.272558,5.0,22,2227
14395,2022-03-17 14:28:54.384100,20.0,23,2227
14396,2022-03-17 14:33:00.966281,5.0,22,2227
14397,2022-03-17 14:43:10.517507,100.0,3,2338
14398,2022-03-17 14:43:27.692660,3.0,4,2338
14399,2022-03-17 15:29:27.178891,3.0,4,2309
14400,2022-03-17 16:03:28.638460,3.0,4,2284
14401,2022-03-17 16:05:10.886798,5.0,22,2268
14402,2022-03-17 16:28:12.879129,3.0,4,2291
14403,2022-03-17 16:28:37.812509,20.0,27,2291
14404,2022-03-17 16:32:48.695455,20.0,27,2291
14405,2022-03-17 16:39:15.743332,20.0,27,2291
14406,2022-03-17 16:41:30.681756,30.0,12,2291
14407,2022-03-17 16:43:42.526164,3.0,4,1700
14408,2022-03-17 16:50:10.536434,20.0,23,1700
14409,2022-03-17 16:56:28.155699,3.0,4,2253
14410,2022-03-17 17:02:56.820539,5.0,22,1700
14411,2022-03-17 17:07:31.445906,100.0,3,2339
14412,2022-03-17 17:07:43.477822,3.0,4,2339
14413,2022-03-17 17:07:48.382470,20.0,27,2339
14414,2022-03-17 17:11:47.228453,30.0,27,2339
14415,2022-03-17 17:16:45.649828,3.0,4,2256
14416,2022-03-17 17:24:13.901560,5.0,22,2268
14417,2022-03-17 20:04:55.977183,3.0,4,934
14418,2022-03-17 21:20:15.257053,30.0,27,2291
14419,2022-03-17 21:33:44.698402,100.0,3,2340
14420,2022-03-17 21:34:42.432104,3.0,4,2340
14421,2022-03-17 21:34:50.682917,20.0,27,2340
14422,2022-03-18 00:02:51.295057,3.0,4,1840
14423,2022-03-18 01:39:11.286618,100.0,3,2341
14424,2022-03-18 01:39:16.561977,3.0,4,2341
14425,2022-03-18 01:39:50.278145,30.0,27,2341
14426,2022-03-18 02:22:47.286566,3.0,4,2317
14427,2022-03-18 02:34:43.393560,30.0,27,2317
14428,2022-03-18 02:38:54.983710,100.0,3,2342
14429,2022-03-18 02:39:09.404396,3.0,4,2342
14430,2022-03-18 02:39:40.731008,20.0,23,2342
14431,2022-03-18 02:50:29.962681,10.0,22,2342
14432,2022-03-18 03:10:47.668588,10.0,22,2342
14433,2022-03-18 03:25:04.424206,5.0,22,2342
14434,2022-03-18 03:51:19.259662,10.0,22,2317
14435,2022-03-18 04:18:47.687247,5.0,22,2342
14436,2022-03-18 04:25:19.368444,20.0,23,2342
14437,2022-03-18 04:30:59.026057,5.0,22,2342
14438,2022-03-18 04:30:59.039024,30.0,8,2342
14439,2022-03-18 04:37:24.922558,3.0,4,570
14440,2022-03-18 06:11:10.440217,100.0,3,2343
14441,2022-03-18 06:11:26.012155,3.0,4,2343
14442,2022-03-18 06:27:40.264355,3.0,4,2258
14443,2022-03-18 06:36:21.903798,5.0,22,2258
14444,2022-03-18 06:58:44.722401,3.0,4,934
14445,2022-03-18 07:06:13.863044,3.0,4,2330
14446,2022-03-18 07:06:20.349767,20.0,27,2330
14447,2022-03-18 07:16:38.344022,3.0,4,1603
14448,2022-03-18 07:21:37.509697,3.0,4,2272
14449,2022-03-18 07:25:25.786294,20.0,23,2272
14450,2022-03-18 07:26:07.783794,20.0,23,2342
14451,2022-03-18 07:35:34.789593,5.0,22,2342
14452,2022-03-18 07:37:40.813797,3.0,4,649
14453,2022-03-18 07:44:29.935434,5.0,22,2258
14454,2022-03-18 07:51:32.890653,5.0,22,649
14455,2022-03-18 08:12:40.050865,30.0,23,2258
14456,2022-03-18 08:33:32.939989,3.0,4,1700
14457,2022-03-18 08:33:56.111816,3.0,4,63
14458,2022-03-18 08:35:41.986179,10.0,22,2258
14459,2022-03-18 08:55:17.301936,20.0,23,2258
14460,2022-03-18 08:58:17.167058,5.0,22,2258
14461,2022-03-18 09:18:42.242352,100.0,3,2344
14462,2022-03-18 09:18:55.547527,3.0,4,2344
14463,2022-03-18 09:19:34.153767,20.0,27,2344
14464,2022-03-18 09:37:25.680565,3.0,4,2278
14465,2022-03-18 09:42:35.211000,100.0,3,2345
14466,2022-03-18 09:43:11.162424,3.0,4,2345
14467,2022-03-18 09:43:14.285520,20.0,27,2345
14468,2022-03-18 09:51:51.681740,20.0,23,2344
14469,2022-03-18 09:57:04.020513,100.0,3,2346
14470,2022-03-18 09:57:08.973519,3.0,4,2346
14471,2022-03-18 09:58:58.227851,3.0,4,2155
14472,2022-03-18 09:59:21.444348,5.0,22,2346
14473,2022-03-18 10:09:35.032211,20.0,27,63
14474,2022-03-18 10:10:44.789898,30.0,27,63
14475,2022-03-18 10:10:54.118299,30.0,27,63
14476,2022-03-18 10:22:23.002080,100.0,3,2349
14477,2022-03-18 10:23:14.039026,3.0,4,2349
14478,2022-03-18 10:26:02.901155,5.0,22,2155
14479,2022-03-18 10:37:51.944910,100.0,3,2351
14480,2022-03-18 10:42:10.684666,5.0,22,2155
14481,2022-03-18 10:51:59.321309,20.0,23,2155
14482,2022-03-18 10:52:34.932991,5.0,22,2155
14483,2022-03-18 10:56:19.290004,20.0,23,2155
14484,2022-03-18 10:57:23.444608,5.0,22,2155
14485,2022-03-18 11:01:17.615072,5.0,22,2155
14486,2022-03-18 11:01:17.628890,30.0,8,2155
14487,2022-03-18 11:16:39.922718,3.0,4,1909
14488,2022-03-18 11:16:49.413384,5.0,22,2155
14489,2022-03-18 11:19:23.259982,20.0,23,2155
14490,2022-03-18 11:20:48.963965,5.0,22,2155
14491,2022-03-18 11:23:42.856388,10.0,22,1909
14492,2022-03-18 11:24:07.461873,20.0,23,2155
14493,2022-03-18 11:24:48.966865,5.0,22,2155
14494,2022-03-18 11:26:32.567581,5.0,22,1909
14495,2022-03-18 11:27:02.272633,20.0,23,2155
14496,2022-03-18 11:28:14.901877,5.0,22,2155
14497,2022-03-18 11:29:29.796291,20.0,23,1909
14498,2022-03-18 11:31:22.577508,5.0,22,1909
14499,2022-03-18 11:33:16.231914,20.0,23,1909
14500,2022-03-18 11:35:38.273089,100.0,3,2352
14501,2022-03-18 11:36:02.014503,3.0,4,2352
14502,2022-03-18 11:36:21.246799,20.0,27,2352
14503,2022-03-18 11:38:29.970703,20.0,23,2155
14504,2022-03-18 11:39:50.256304,5.0,22,1909
14505,2022-03-18 11:40:27.436578,5.0,22,2155
14506,2022-03-18 11:40:27.448127,100.0,9,2155
14507,2022-03-18 11:44:19.586381,20.0,23,1909
14508,2022-03-18 11:46:20.913359,30.0,23,2155
14509,2022-03-18 11:47:04.998724,10.0,22,2155
14510,2022-03-18 11:52:43.202781,5.0,22,1909
14511,2022-03-18 12:05:21.568910,3.0,4,2315
14512,2022-03-18 12:05:46.436792,20.0,23,2258
14513,2022-03-18 12:09:42.679075,5.0,22,2258
14514,2022-03-18 12:18:32.257126,20.0,23,2258
14515,2022-03-18 12:20:59.791587,5.0,22,2258
14516,2022-03-18 12:56:59.971047,3.0,4,50
14517,2022-03-18 13:03:10.982211,3.0,4,1483
14518,2022-03-18 13:05:11.998293,100.0,3,2353
14519,2022-03-18 13:05:27.822851,3.0,4,2353
14520,2022-03-18 13:07:17.671211,20.0,23,2353
14521,2022-03-18 13:07:56.910875,5.0,22,1483
14522,2022-03-18 13:08:52.966326,5.0,22,1483
14523,2022-03-18 13:09:08.031130,10.0,22,1483
14524,2022-03-18 13:09:08.044784,30.0,8,1483
14525,2022-03-18 13:09:15.535680,5.0,22,1483
14526,2022-03-18 13:10:16.180414,3.0,4,2268
14527,2022-03-18 13:19:01.381326,5.0,22,1483
14528,2022-03-18 13:19:09.195379,5.0,22,1483
14529,2022-03-18 13:19:17.448966,5.0,22,1483
14530,2022-03-18 13:19:25.593975,10.0,22,1483
14531,2022-03-18 13:19:25.608852,100.0,9,1483
14532,2022-03-18 13:19:33.374028,5.0,22,1483
14533,2022-03-18 13:19:41.280445,10.0,22,1483
14534,2022-03-18 13:19:56.394138,5.0,22,1483
14535,2022-03-18 13:20:04.608467,5.0,22,1483
14536,2022-03-18 13:20:20.337344,10.0,22,1483
14537,2022-03-18 13:20:51.231018,10.0,22,1483
14538,2022-03-18 13:36:33.802960,5.0,22,1483
14539,2022-03-18 13:37:33.713520,40.0,23,2258
14540,2022-03-18 13:39:21.200625,5.0,22,1483
14541,2022-03-18 13:39:28.861224,5.0,22,1483
14542,2022-03-18 13:39:36.868091,5.0,22,1483
14543,2022-03-18 13:39:44.542823,5.0,22,1483
14544,2022-03-18 13:39:52.286551,5.0,22,1483
14545,2022-03-18 13:44:37.474973,5.0,22,1483
14546,2022-03-18 13:44:53.762079,15.0,22,1483
14547,2022-03-18 13:45:01.501957,15.0,22,1483
14548,2022-03-18 13:45:01.517839,200.0,10,1483
14549,2022-03-18 13:59:37.940568,100.0,3,2354
14550,2022-03-18 13:59:58.089911,3.0,4,2354
14551,2022-03-18 14:00:01.258037,20.0,27,2354
14552,2022-03-18 14:04:15.905403,3.0,4,2333
14553,2022-03-18 14:08:34.812450,3.0,4,73
14554,2022-03-18 14:12:26.585502,3.0,4,82
14555,2022-03-18 14:29:05.285771,20.0,22,2258
14556,2022-03-18 14:41:04.511051,5.0,22,2342
14557,2022-03-18 14:59:25.510269,100.0,3,2356
14558,2022-03-18 14:59:56.486875,3.0,4,2356
14559,2022-03-18 15:07:42.489188,100.0,3,2357
14560,2022-03-18 15:08:13.816966,3.0,4,2357
14561,2022-03-18 15:18:11.648322,3.0,4,589
14562,2022-03-18 15:25:07.501025,5.0,22,2357
14563,2022-03-18 15:25:35.996414,10.0,22,2268
14564,2022-03-18 15:28:05.849643,5.0,22,2357
14565,2022-03-18 15:30:48.480217,30.0,27,2268
14566,2022-03-18 15:31:37.478408,20.0,27,2357
14567,2022-03-18 15:45:23.260554,20.0,27,2357
14568,2022-03-18 16:05:41.461318,5.0,22,2357
14569,2022-03-18 16:09:58.471966,100.0,3,2358
14570,2022-03-18 16:10:26.035832,3.0,4,2358
14571,2022-03-18 16:10:53.210360,20.0,27,2358
14572,2022-03-18 16:54:31.322067,3.0,4,2227
14573,2022-03-18 17:15:17.813001,3.0,4,2314
14574,2022-03-18 18:26:14.477725,3.0,4,583
14575,2022-03-18 18:59:38.525428,100.0,3,2360
14576,2022-03-18 18:59:48.538704,3.0,4,2360
14577,2022-03-18 19:00:21.950898,20.0,27,2360
14578,2022-03-18 19:00:42.432336,100.0,3,2361
14579,2022-03-18 19:01:19.347818,3.0,4,2361
14580,2022-03-18 19:01:22.540858,20.0,27,2361
14581,2022-03-18 19:04:44.814754,30.0,27,2361
14582,2022-03-18 19:07:49.826802,3.0,4,2340
14583,2022-03-18 19:08:51.859723,30.0,27,2361
14584,2022-03-18 19:52:05.993479,20.0,23,2340
14585,2022-03-18 20:26:58.022128,100.0,3,2362
14586,2022-03-18 20:27:13.534519,3.0,4,2362
14587,2022-03-18 20:27:19.687233,20.0,27,2362
14588,2022-03-18 20:29:37.079272,30.0,27,2362
14589,2022-03-18 20:32:26.746721,3.0,4,742
14590,2022-03-18 21:00:44.995244,5.0,22,1700
14591,2022-03-18 22:37:48.272258,10.0,22,2340
14592,2022-03-18 23:00:41.923729,3.0,4,2324
14593,2022-03-18 23:09:10.624069,5.0,22,2340
14594,2022-03-18 23:51:51.304367,100.0,3,2363
14595,2022-03-18 23:51:58.622128,3.0,4,2363
14596,2022-03-18 23:52:49.379115,5.0,22,2324
14597,2022-03-19 04:19:07.630771,100.0,3,2364
14598,2022-03-19 04:28:55.917201,3.0,4,2364
14599,2022-03-19 07:13:48.548363,100.0,3,2365
14600,2022-03-19 07:14:02.040112,3.0,4,2365
14601,2022-03-19 07:14:29.052812,20.0,27,2365
14602,2022-03-19 07:46:06.137800,100.0,3,2366
14603,2022-03-19 07:46:31.016280,3.0,4,2366
14604,2022-03-19 07:55:39.040035,5.0,22,2366
14605,2022-03-19 07:58:52.380401,20.0,23,2366
14606,2022-03-19 08:07:28.646119,5.0,22,2366
14607,2022-03-19 08:08:42.194968,5.0,22,2366
14608,2022-03-19 08:16:56.299866,20.0,27,2366
14609,2022-03-19 08:18:24.673028,100.0,3,2367
14610,2022-03-19 08:18:29.963288,3.0,4,2367
14611,2022-03-19 08:18:49.910848,40.0,23,2367
14612,2022-03-19 08:25:29.397509,3.0,4,934
14613,2022-03-19 08:36:02.113551,3.0,4,43
14614,2022-03-19 08:53:14.073579,3.0,4,2295
14615,2022-03-19 08:56:49.038497,30.0,27,2366
14616,2022-03-19 09:08:27.261343,20.0,22,2367
14617,2022-03-19 09:16:19.705262,3.0,4,1768
14618,2022-03-19 09:17:39.029953,3.0,4,2312
14619,2022-03-19 09:54:24.219294,3.0,4,2324
14620,2022-03-19 10:18:50.891497,30.0,27,2366
14621,2022-03-19 11:08:16.582240,100.0,3,2368
14622,2022-03-19 11:08:59.205112,3.0,4,2368
14623,2022-03-19 11:09:29.827142,20.0,27,2368
14624,2022-03-19 12:44:33.423014,3.0,4,1424
14625,2022-03-19 12:48:33.377284,3.0,4,1700
14626,2022-03-19 12:52:21.353097,30.0,23,2312
14627,2022-03-19 13:24:41.549240,30.0,27,1700
14628,2022-03-19 13:43:00.256626,30.0,23,1700
14629,2022-03-19 13:43:27.286165,3.0,4,1495
14630,2022-03-19 13:55:11.833965,10.0,22,1700
14631,2022-03-19 14:07:44.182148,3.0,4,2360
14632,2022-03-19 14:12:08.491848,3.0,4,2333
14633,2022-03-19 14:14:34.612727,100.0,3,2369
14634,2022-03-19 14:14:45.401343,3.0,4,2369
14635,2022-03-19 14:20:24.697502,3.0,4,82
14636,2022-03-19 14:51:53.297173,3.0,4,2342
14637,2022-03-19 14:52:58.348517,20.0,23,2342
14638,2022-03-19 14:55:08.888223,5.0,22,2342
14639,2022-03-19 14:57:55.152381,10.0,22,82
14640,2022-03-19 15:08:14.297966,5.0,22,2342
14641,2022-03-19 15:23:59.889315,3.0,4,496
14642,2022-03-19 15:32:26.384816,20.0,23,496
14643,2022-03-19 15:45:16.429343,5.0,22,496
14644,2022-03-19 15:45:27.343822,100.0,3,2370
14645,2022-03-19 15:45:40.817865,3.0,4,2370
14646,2022-03-19 16:13:02.464399,3.0,4,1744
14647,2022-03-19 16:15:45.045767,100.0,3,2371
14648,2022-03-19 16:16:07.598623,3.0,4,2371
14649,2022-03-19 16:16:16.042568,20.0,27,2371
14650,2022-03-19 16:24:51.839168,100.0,3,2372
14651,2022-03-19 16:25:06.117032,3.0,4,2372
14652,2022-03-19 16:25:30.637236,30.0,27,2372
14653,2022-03-19 16:50:42.227998,100.0,3,2373
14654,2022-03-19 16:50:50.175509,3.0,4,2373
14655,2022-03-19 16:51:24.438066,30.0,27,2373
14656,2022-03-19 17:01:02.254057,3.0,4,121
14657,2022-03-19 17:28:02.945958,3.0,4,1280
14658,2022-03-19 17:29:22.399972,100.0,3,2374
14659,2022-03-19 17:29:37.584252,3.0,4,2374
14660,2022-03-19 17:30:11.038110,20.0,27,2374
14661,2022-03-19 17:39:34.935581,3.0,4,2363
14662,2022-03-19 18:29:30.778263,3.0,4,2317
14663,2022-03-19 19:16:57.496214,3.0,4,520
14664,2022-03-19 20:29:38.162506,100.0,3,2375
14665,2022-03-19 20:29:43.217535,3.0,4,2375
14666,2022-03-19 20:29:54.493217,20.0,23,2375
14667,2022-03-19 20:32:12.462902,10.0,22,2375
14668,2022-03-19 21:11:26.396442,100.0,3,2376
14669,2022-03-19 21:12:07.081680,3.0,4,2376
14670,2022-03-19 21:13:29.502402,20.0,27,2376
14671,2022-03-19 21:18:17.396382,30.0,27,2376
14672,2022-03-19 21:33:11.920612,20.0,27,2376
14673,2022-03-19 21:35:32.312658,100.0,3,2377
14674,2022-03-19 21:35:35.756434,3.0,4,2377
14675,2022-03-19 21:53:17.460184,3.0,4,2227
14676,2022-03-19 21:54:46.565396,3.0,4,1840
14677,2022-03-19 22:22:51.900178,3.0,4,2205
14678,2022-03-19 22:25:49.762711,5.0,22,2205
14679,2022-03-19 22:54:54.486068,100.0,3,2378
14680,2022-03-19 22:55:21.611773,3.0,4,2378
14681,2022-03-19 23:09:17.589873,100.0,3,2379
14682,2022-03-19 23:09:34.073038,3.0,4,2379
14683,2022-03-19 23:12:02.100129,20.0,27,2379
14684,2022-03-20 00:12:34.230622,3.0,4,2205
14685,2022-03-20 01:22:47.128822,3.0,4,2378
14686,2022-03-20 03:39:48.932364,3.0,4,1768
14687,2022-03-20 06:01:21.327193,3.0,4,589
14688,2022-03-20 06:02:59.106848,3.0,4,2312
14689,2022-03-20 06:25:02.364540,100.0,3,2380
14690,2022-03-20 06:25:22.022082,3.0,4,2380
14691,2022-03-20 06:25:29.214004,20.0,27,2380
14692,2022-03-20 06:55:46.318301,3.0,4,135
14693,2022-03-20 06:57:17.538988,100.0,3,2381
14694,2022-03-20 06:57:37.573579,3.0,4,2381
14695,2022-03-20 07:20:53.033637,3.0,4,2379
14696,2022-03-20 07:20:57.946351,20.0,27,2379
14697,2022-03-20 07:23:57.508388,30.0,23,2381
14698,2022-03-20 07:24:39.702656,10.0,22,135
14699,2022-03-20 07:28:16.498521,100.0,3,2382
14700,2022-03-20 07:28:26.183823,3.0,4,2382
14701,2022-03-20 07:29:23.018179,20.0,23,2382
14702,2022-03-20 07:32:06.312568,10.0,22,2381
14703,2022-03-20 07:46:23.816454,3.0,4,2377
14704,2022-03-20 08:07:25.457337,3.0,4,1449
14705,2022-03-20 08:09:37.888054,20.0,27,1449
14706,2022-03-20 08:11:11.474638,5.0,22,2382
14707,2022-03-20 08:15:43.436371,5.0,22,2382
14708,2022-03-20 08:21:42.091163,3.0,4,2362
14709,2022-03-20 09:02:34.022476,3.0,4,1840
14710,2022-03-20 09:05:40.601054,100.0,3,2383
14711,2022-03-20 09:05:50.657285,3.0,4,2383
14712,2022-03-20 09:06:33.836707,20.0,27,2383
14713,2022-03-20 09:20:05.414077,3.0,4,1700
14714,2022-03-20 09:24:11.007149,100.0,3,2384
14715,2022-03-20 09:24:26.889848,3.0,4,2384
14716,2022-03-20 10:01:51.384023,3.0,4,1506
14717,2022-03-20 10:15:07.207848,100.0,3,2385
14718,2022-03-20 10:15:43.920019,3.0,4,2385
14719,2022-03-20 10:16:51.648922,20.0,27,2385
14720,2022-03-20 10:21:03.585158,20.0,27,2385
14721,2022-03-20 10:24:11.069993,20.0,27,2385
14722,2022-03-20 10:39:52.556623,100.0,3,2386
14723,2022-03-20 10:40:02.717512,3.0,4,2386
14724,2022-03-20 10:47:55.030847,100.0,3,2387
14725,2022-03-20 10:48:07.567613,3.0,4,2387
14726,2022-03-20 10:52:50.016649,3.0,4,1909
14727,2022-03-20 10:53:39.845165,20.0,23,1909
14728,2022-03-20 11:08:31.035879,20.0,22,2205
14729,2022-03-20 11:12:21.715253,5.0,22,1909
14730,2022-03-20 11:19:59.598570,20.0,23,1909
14731,2022-03-20 11:23:22.329822,5.0,22,1909
14732,2022-03-20 11:32:02.936649,20.0,23,1909
14733,2022-03-20 11:33:52.838015,5.0,22,1909
14734,2022-03-20 11:33:52.850576,200.0,10,1909
14735,2022-03-20 11:40:54.575812,3.0,4,2227
14736,2022-03-20 11:48:34.180471,20.0,23,1909
14737,2022-03-20 11:51:56.592870,5.0,22,1909
14738,2022-03-20 11:55:03.498717,20.0,23,1909
14739,2022-03-20 11:59:38.978063,5.0,22,1909
14740,2022-03-20 12:36:35.583710,20.0,23,1909
14741,2022-03-20 12:44:03.634655,5.0,22,1909
14742,2022-03-20 13:02:13.331969,3.0,4,2367
14743,2022-03-20 13:26:06.822105,3.0,4,2309
14744,2022-03-20 14:04:06.618210,100.0,3,2393
14745,2022-03-20 14:04:30.415846,3.0,4,2393
14746,2022-03-20 14:18:15.089923,20.0,23,1909
14747,2022-03-20 14:19:35.167407,5.0,22,1909
14748,2022-03-20 14:21:03.742279,20.0,23,1909
14749,2022-03-20 14:27:07.936610,100.0,3,2394
14750,2022-03-20 14:27:24.117282,3.0,4,2394
14751,2022-03-20 14:34:17.085622,20.0,23,2393
14752,2022-03-20 14:38:27.579538,5.0,22,1909
14753,2022-03-20 14:41:57.497598,20.0,23,1909
14754,2022-03-20 14:46:14.920057,5.0,22,2393
14755,2022-03-20 14:47:15.051923,20.0,23,2393
14756,2022-03-20 14:47:16.832049,5.0,22,1909
14757,2022-03-20 14:52:31.774722,30.0,23,1909
14758,2022-03-20 14:56:15.196871,10.0,22,1909
14759,2022-03-20 14:58:45.885501,30.0,23,1909
14760,2022-03-20 15:04:27.752948,5.0,22,2393
14761,2022-03-20 15:05:40.689099,10.0,22,1909
14762,2022-03-20 15:08:31.839342,20.0,22,2393
14763,2022-03-20 15:10:36.810583,5.0,22,2393
14764,2022-03-20 15:22:17.674071,5.0,22,2393
14765,2022-03-20 15:22:17.685107,30.0,8,2393
14766,2022-03-20 15:25:47.076166,30.0,23,2393
14767,2022-03-20 15:26:53.400606,100.0,3,2395
14768,2022-03-20 15:27:15.962313,3.0,4,2395
14769,2022-03-20 15:27:21.570186,20.0,27,2395
14770,2022-03-20 15:39:19.703661,10.0,22,2393
14771,2022-03-20 15:39:39.853116,3.0,4,1795
14772,2022-03-20 15:42:29.843596,30.0,23,2393
14773,2022-03-20 15:50:31.474084,10.0,22,2393
14774,2022-03-20 15:50:56.252330,30.0,23,2393
14775,2022-03-20 15:56:39.967976,0.0,22,1795
14776,2022-03-20 15:57:03.703266,3.0,4,2317
14777,2022-03-20 16:01:38.998014,10.0,22,2393
14778,2022-03-20 16:10:41.666274,0.0,22,1795
14779,2022-03-20 16:16:18.959804,30.0,23,1909
14780,2022-03-20 16:23:05.021070,0.0,22,1795
14781,2022-03-20 16:27:35.347914,10.0,22,1909
14782,2022-03-20 16:34:21.987988,0.0,22,1795
14783,2022-03-20 16:40:19.534844,0.0,22,1795
14784,2022-03-20 16:45:54.989092,30.0,23,1909
14785,2022-03-20 16:47:09.908129,10.0,22,1909
14786,2022-03-20 17:26:21.108335,100.0,3,2396
14787,2022-03-20 17:27:03.282455,3.0,4,2396
14788,2022-03-20 17:27:22.505880,20.0,27,2396
14789,2022-03-20 17:29:36.554514,100.0,3,2397
14790,2022-03-20 17:30:01.253837,3.0,4,2397
14791,2022-03-20 17:52:05.395671,100.0,3,2398
14792,2022-03-20 17:52:40.497827,3.0,4,2398
14793,2022-03-20 17:52:44.589271,20.0,27,2398
14794,2022-03-20 18:04:56.488102,100.0,3,2399
14795,2022-03-20 18:05:22.315978,3.0,4,2399
14796,2022-03-20 18:05:45.213017,20.0,27,2399
14797,2022-03-20 18:14:41.350530,3.0,4,2335
14798,2022-03-20 18:31:06.079439,3.0,4,1707
14799,2022-03-20 19:41:07.049644,100.0,3,2400
14800,2022-03-20 19:41:11.449867,3.0,4,2400
14801,2022-03-20 19:41:35.397988,30.0,27,2400
14802,2022-03-20 19:44:11.400317,20.0,27,2400
14803,2022-03-20 20:12:51.531066,3.0,4,2301
14804,2022-03-20 20:17:18.740134,100.0,3,2401
14805,2022-03-20 20:17:38.560615,3.0,4,2401
14806,2022-03-20 20:19:41.200532,100.0,3,2402
14807,2022-03-20 20:19:47.204436,3.0,4,2402
14808,2022-03-20 20:42:28.734707,30.0,23,1700
14809,2022-03-20 21:02:21.107067,10.0,22,1700
14810,2022-03-20 21:22:30.515805,100.0,3,2403
14811,2022-03-20 21:22:50.279342,3.0,4,2403
14812,2022-03-20 22:14:28.297550,100.0,3,2404
14813,2022-03-20 22:14:52.598818,3.0,4,2404
14814,2022-03-20 22:15:56.955218,20.0,27,2404
14815,2022-03-20 22:19:27.917987,30.0,27,2404
14816,2022-03-21 00:00:42.380356,3.0,4,2380
14817,2022-03-21 01:03:27.784739,100.0,3,2405
14818,2022-03-21 01:03:45.202041,3.0,4,2405
14819,2022-03-21 01:04:51.863860,20.0,27,2405
14820,2022-03-21 01:09:23.731915,30.0,27,2405
14821,2022-03-21 01:23:26.297676,100.0,3,2406
14822,2022-03-21 01:23:48.886738,3.0,4,2406
14823,2022-03-21 01:23:51.352913,20.0,27,2406
14824,2022-03-21 05:38:32.989888,3.0,4,649
14825,2022-03-21 05:53:13.472976,3.0,4,1700
14826,2022-03-21 06:14:03.476522,100.0,3,2407
14827,2022-03-21 06:14:13.199434,3.0,4,2407
14828,2022-03-21 06:30:40.312566,3.0,4,2258
14829,2022-03-21 06:33:28.430387,30.0,23,2258
14830,2022-03-21 06:37:07.974042,10.0,22,2258
14831,2022-03-21 06:42:47.273997,3.0,4,1318
14832,2022-03-21 06:50:28.973339,3.0,4,525
14833,2022-03-21 06:53:26.939831,3.0,4,1768
14834,2022-03-21 07:05:07.141557,100.0,3,2408
14835,2022-03-21 07:05:38.840977,3.0,4,2408
14836,2022-03-21 07:05:44.773532,20.0,23,2408
14837,2022-03-21 07:51:29.437156,3.0,4,1603
14838,2022-03-21 08:16:00.301374,3.0,4,1909
14839,2022-03-21 08:16:45.530737,30.0,23,1909
14840,2022-03-21 08:18:46.662210,3.0,4,623
14841,2022-03-21 08:35:25.022717,10.0,22,1909
14842,2022-03-21 08:36:03.874902,30.0,23,1909
14843,2022-03-21 08:37:46.496445,100.0,3,2409
14844,2022-03-21 08:38:15.407569,3.0,4,2409
14845,2022-03-21 08:38:20.775620,30.0,27,2409
14846,2022-03-21 08:40:15.531683,30.0,23,2258
14847,2022-03-21 08:50:57.539952,10.0,22,2258
14848,2022-03-21 08:51:25.175356,10.0,22,1909
14849,2022-03-21 08:56:22.027685,3.0,4,2335
14850,2022-03-21 08:56:55.166347,3.0,4,2155
14851,2022-03-21 08:59:47.498823,20.0,23,2155
14852,2022-03-21 09:00:46.686177,5.0,22,2155
14853,2022-03-21 09:00:55.182738,30.0,23,1909
14854,2022-03-21 09:02:03.249746,100.0,3,2410
14855,2022-03-21 09:02:23.597150,3.0,4,2410
14856,2022-03-21 09:03:20.402448,20.0,27,2410
14857,2022-03-21 09:05:10.058401,30.0,23,2155
14858,2022-03-21 09:06:02.597280,10.0,22,2155
14859,2022-03-21 09:11:10.902448,10.0,22,1909
14860,2022-03-21 09:16:31.214423,3.0,4,2227
14861,2022-03-21 09:16:31.224375,30.0,5,2227
14862,2022-03-21 09:16:43.949899,100.0,3,2411
14863,2022-03-21 09:17:17.122654,3.0,4,2411
14864,2022-03-21 09:17:20.746246,20.0,27,2411
14865,2022-03-21 09:21:48.890146,3.0,4,2305
14866,2022-03-21 09:30:47.351051,5.0,22,2409
14867,2022-03-21 09:31:11.413768,5.0,22,2155
14868,2022-03-21 09:31:47.966819,3.0,4,2312
14869,2022-03-21 09:32:39.498094,30.0,23,2155
14870,2022-03-21 09:35:10.153535,5.0,22,2409
14871,2022-03-21 09:36:41.611927,20.0,23,2409
14872,2022-03-21 09:44:02.019113,5.0,22,2409
14873,2022-03-21 09:45:43.062692,10.0,22,2155
14874,2022-03-21 09:48:29.697873,20.0,23,2155
14875,2022-03-21 09:48:49.323486,5.0,22,2155
14876,2022-03-21 09:48:51.047921,20.0,23,2409
14877,2022-03-21 09:59:40.774937,10.0,22,2409
14878,2022-03-21 10:01:17.000162,20.0,27,2409
14879,2022-03-21 10:06:18.646377,20.0,27,2409
14880,2022-03-21 10:09:30.498074,5.0,22,2155
14881,2022-03-21 10:11:57.255616,3.0,4,2366
14882,2022-03-21 10:30:03.693384,20.0,23,2155
14883,2022-03-21 10:31:02.283913,5.0,22,2155
14884,2022-03-21 10:34:37.204779,30.0,23,2155
14885,2022-03-21 10:35:31.067066,10.0,22,2155
14886,2022-03-21 11:02:29.149808,20.0,23,2227
14887,2022-03-21 11:06:59.653450,5.0,22,1700
14888,2022-03-21 11:22:06.340109,5.0,22,2227
14889,2022-03-21 11:22:06.352055,200.0,10,2227
14890,2022-03-21 11:31:28.474055,100.0,3,2414
14891,2022-03-21 11:31:51.840863,3.0,4,2414
14892,2022-03-21 11:37:10.825490,20.0,23,1700
14893,2022-03-21 11:47:10.377935,5.0,22,1700
14894,2022-03-21 12:16:20.485676,3.0,4,2379
14895,2022-03-21 12:34:44.073940,3.0,4,2250
14896,2022-03-21 12:49:24.080552,30.0,23,1909
14897,2022-03-21 12:57:33.644618,3.0,4,520
14898,2022-03-21 13:01:29.588209,10.0,22,2250
14899,2022-03-21 13:01:38.988841,5.0,22,2409
14900,2022-03-21 13:01:39.020797,30.0,8,2409
14901,2022-03-21 13:09:13.299081,10.0,22,1909
14902,2022-03-21 13:09:57.884925,100.0,3,2417
14903,2022-03-21 13:10:02.308488,3.0,4,2417
14904,2022-03-21 13:10:32.936923,5.0,22,2409
14905,2022-03-21 13:11:53.547051,30.0,27,2417
14906,2022-03-21 13:19:39.707774,20.0,27,2417
14907,2022-03-21 13:26:44.822280,10.0,22,2250
14908,2022-03-21 13:29:04.273273,40.0,23,2250
14909,2022-03-21 13:29:25.838664,30.0,23,1909
14910,2022-03-21 13:29:51.939178,100.0,3,2419
14911,2022-03-21 13:30:08.805663,3.0,4,2419
14912,2022-03-21 13:30:51.117791,30.0,27,2419
14913,2022-03-21 13:34:09.404215,10.0,22,1909
14914,2022-03-21 13:41:13.324724,100.0,3,2420
14915,2022-03-21 13:41:20.131880,3.0,4,2420
14916,2022-03-21 13:42:58.643324,20.0,27,2420
14917,2022-03-21 13:44:27.959847,3.0,4,1439
14918,2022-03-21 13:47:33.693591,3.0,4,82
14919,2022-03-21 13:50:49.652340,3.0,4,63
14920,2022-03-21 13:50:49.665700,30.0,5,63
14921,2022-03-21 13:51:24.914105,15.0,22,2250
14922,2022-03-21 14:07:41.286930,3.0,4,742
14923,2022-03-21 14:14:06.524545,5.0,22,1439
14924,2022-03-21 14:28:04.921343,100.0,3,2422
14925,2022-03-21 14:28:22.969106,3.0,4,2422
14926,2022-03-21 14:28:41.004873,20.0,27,2422
14927,2022-03-21 14:38:48.920922,5.0,22,1439
14928,2022-03-21 15:23:53.708973,100.0,3,2424
14929,2022-03-21 15:24:02.240378,3.0,4,2424
14930,2022-03-21 15:24:11.956013,100.0,3,2423
14931,2022-03-21 15:24:17.083190,3.0,4,2423
14932,2022-03-21 15:24:42.122909,20.0,27,2424
14933,2022-03-21 15:42:36.150109,3.0,4,2291
14934,2022-03-21 15:42:44.110256,0.0,27,2291
14935,2022-03-21 15:54:53.923307,20.0,23,2423
14936,2022-03-21 15:58:42.043661,5.0,22,2423
14937,2022-03-21 16:00:17.848609,3.0,4,2342
14938,2022-03-21 16:01:59.665432,20.0,23,2342
14939,2022-03-21 16:07:17.831452,5.0,22,2342
14940,2022-03-21 16:07:17.848253,100.0,9,2342
14941,2022-03-21 16:07:54.821305,20.0,23,2342
14942,2022-03-21 16:13:20.307303,5.0,22,2342
14943,2022-03-21 16:16:40.318503,30.0,23,2342
14944,2022-03-21 17:27:42.989972,3.0,4,2268
14945,2022-03-21 17:53:28.397959,100.0,3,2425
14946,2022-03-21 17:53:36.475373,3.0,4,2425
14947,2022-03-21 17:55:08.007595,30.0,27,2425
14948,2022-03-21 18:02:54.076170,20.0,27,2425
14949,2022-03-21 18:23:39.128529,3.0,4,589
14950,2022-03-21 18:24:02.473249,100.0,3,2426
14951,2022-03-21 18:27:52.703791,3.0,4,2426
14952,2022-03-21 18:27:56.706182,20.0,27,2426
14953,2022-03-21 18:50:48.923917,3.0,4,621
14954,2022-03-21 18:55:58.961012,100.0,3,2427
14955,2022-03-21 18:56:24.242272,3.0,4,2427
14956,2022-03-21 19:02:30.628670,100.0,3,2428
14957,2022-03-21 19:02:45.489864,3.0,4,2428
14958,2022-03-21 19:03:30.681598,40.0,23,2428
14959,2022-03-21 19:05:33.082788,0.0,27,2427
14960,2022-03-21 19:09:55.052017,3.0,4,2382
14961,2022-03-21 19:29:49.577564,3.0,4,500
14962,2022-03-21 19:39:41.286529,100.0,3,2429
14963,2022-03-21 19:39:46.504222,3.0,4,2429
14964,2022-03-21 19:42:27.546640,100.0,3,2430
14965,2022-03-21 19:42:36.803557,3.0,4,2430
14966,2022-03-21 20:16:06.353876,100.0,3,2431
14967,2022-03-21 20:16:19.790516,3.0,4,2431
14968,2022-03-21 20:54:36.809450,20.0,23,2431
14969,2022-03-21 21:18:47.052529,100.0,3,2432
14970,2022-03-21 21:20:18.841267,3.0,4,2432
14971,2022-03-21 21:20:56.718524,30.0,27,2432
14972,2022-03-21 21:23:08.627024,3.0,4,238
14973,2022-03-21 21:30:31.074463,20.0,23,2431
14974,2022-03-21 21:57:17.941326,100.0,3,2433
14975,2022-03-21 21:57:27.001737,3.0,4,2433
14976,2022-03-21 22:07:52.889049,100.0,3,2434
14977,2022-03-21 22:08:11.581270,3.0,4,2434
14978,2022-03-21 22:09:29.452080,30.0,27,2434
14979,2022-03-21 22:16:08.237068,20.0,27,2434
14980,2022-03-21 22:54:23.775069,10.0,22,2427
14981,2022-03-21 23:43:15.167294,20.0,22,2427
14982,2022-03-21 23:47:04.227437,40.0,23,2427
14983,2022-03-21 23:51:59.631418,20.0,22,2427
14984,2022-03-21 23:52:22.699892,40.0,23,2427
14985,2022-03-21 23:55:21.648711,100.0,3,2435
14986,2022-03-21 23:55:40.649483,3.0,4,2435
14987,2022-03-21 23:56:20.232201,20.0,27,2435
14988,2022-03-21 23:59:27.845740,20.0,22,2427
14989,2022-03-22 00:01:29.240075,30.0,27,2427
14990,2022-03-22 00:07:52.749548,20.0,27,2435
14991,2022-03-22 00:13:05.357334,3.0,4,2435
14992,2022-03-22 00:16:15.374298,100.0,3,2436
14993,2022-03-22 00:16:37.372429,3.0,4,2436
14994,2022-03-22 02:13:11.399814,100.0,3,2437
14995,2022-03-22 02:13:42.762318,3.0,4,2437
14996,2022-03-22 02:13:46.885801,20.0,27,2437
14997,2022-03-22 02:21:27.715994,30.0,27,2437
14998,2022-03-22 02:30:52.577382,5.0,22,2435
14999,2022-03-22 02:54:10.298636,100.0,3,2438
15000,2022-03-22 02:54:18.906979,3.0,4,2438
15001,2022-03-22 02:54:23.116538,20.0,27,2438
15002,2022-03-22 03:26:36.381857,100.0,3,2439
15003,2022-03-22 03:26:57.068532,3.0,4,2439
15004,2022-03-22 03:27:40.695089,20.0,27,2439
15005,2022-03-22 05:27:22.334704,3.0,4,2432
15006,2022-03-22 05:58:30.208609,3.0,4,2343
15007,2022-03-22 06:02:11.614348,5.0,22,2343
15008,2022-03-22 06:13:38.486339,3.0,4,2308
15009,2022-03-22 06:24:47.373900,3.0,4,2258
15010,2022-03-22 06:28:15.985388,100.0,3,2440
15011,2022-03-22 06:29:05.070827,3.0,4,2440
15012,2022-03-22 06:37:41.309382,100.0,3,2441
15013,2022-03-22 06:37:45.113067,3.0,4,2441
15014,2022-03-22 06:37:57.130085,20.0,27,2441
15015,2022-03-22 06:42:53.084035,30.0,27,2441
15016,2022-03-22 06:49:00.547740,20.0,27,2441
15017,2022-03-22 06:50:22.953444,100.0,3,2442
15018,2022-03-22 06:51:41.732226,30.0,27,2441
15019,2022-03-22 07:00:37.841932,3.0,4,2374
15020,2022-03-22 07:05:58.690783,3.0,4,2275
15021,2022-03-22 07:06:02.509963,20.0,27,2275
15022,2022-03-22 07:40:42.908096,3.0,4,2197
15023,2022-03-22 08:01:38.980799,3.0,4,2428
15024,2022-03-22 08:15:13.104680,20.0,23,2435
15025,2022-03-22 08:18:42.223219,100.0,3,2443
15026,2022-03-22 08:19:04.800850,3.0,4,2443
15027,2022-03-22 08:21:17.800815,3.0,4,623
15028,2022-03-22 08:59:49.677803,100.0,3,2444
15029,2022-03-22 09:00:07.352829,3.0,4,2444
15030,2022-03-22 09:27:09.735615,3.0,4,1909
15031,2022-03-22 10:25:29.695874,3.0,4,43
15032,2022-03-22 10:42:44.293970,100.0,3,2446
15033,2022-03-22 10:42:59.209674,3.0,4,2446
15034,2022-03-22 10:43:15.656827,20.0,27,2446
15035,2022-03-22 11:22:58.970053,3.0,4,2155
15036,2022-03-22 11:28:05.148271,3.0,4,2372
15037,2022-03-22 11:29:13.272696,0.0,27,2372
15038,2022-03-22 11:34:19.201758,3.0,4,815
15039,2022-03-22 11:34:48.338581,20.0,23,2155
15040,2022-03-22 11:36:13.514738,5.0,22,2155
15041,2022-03-22 11:37:23.256309,100.0,3,2447
15042,2022-03-22 11:37:32.757283,3.0,4,2447
15043,2022-03-22 11:38:47.888338,20.0,27,2447
15044,2022-03-22 11:39:22.347259,30.0,23,815
15045,2022-03-22 11:39:44.752368,20.0,23,2155
15046,2022-03-22 11:40:27.076581,5.0,22,2155
15047,2022-03-22 11:48:13.374772,10.0,22,815
15048,2022-03-22 11:59:27.622582,100.0,3,2448
15049,2022-03-22 11:59:31.864986,3.0,4,2448
15050,2022-03-22 12:33:06.307538,100.0,3,2449
15051,2022-03-22 12:33:11.104103,3.0,4,2449
15052,2022-03-22 12:55:09.134307,3.0,4,500
15053,2022-03-22 12:59:55.702755,3.0,4,1707
15054,2022-03-22 13:01:35.137664,20.0,23,1707
15055,2022-03-22 13:27:53.853428,3.0,4,2284
15056,2022-03-22 13:28:22.291422,20.0,23,2284
15057,2022-03-22 13:42:46.048852,5.0,22,2284
15058,2022-03-22 13:55:49.295986,100.0,3,2450
15059,2022-03-22 13:56:14.728358,3.0,4,2450
15060,2022-03-22 14:00:35.834306,20.0,27,2450
15061,2022-03-22 14:03:32.684239,3.0,4,1483
15062,2022-03-22 14:06:05.551896,100.0,3,2451
15063,2022-03-22 14:06:18.776579,3.0,4,2451
15064,2022-03-22 14:07:59.908617,100.0,3,2452
15065,2022-03-22 14:08:08.248168,3.0,4,2452
15066,2022-03-22 14:28:27.311425,3.0,4,621
15067,2022-03-22 14:31:18.210214,10.0,22,2435
15068,2022-03-22 14:54:46.579218,20.0,22,2435
15069,2022-03-22 15:02:08.883160,20.0,22,2435
15070,2022-03-22 15:54:36.664854,100.0,3,2453
15071,2022-03-22 15:54:41.227103,3.0,4,2453
15072,2022-03-22 15:55:10.589094,20.0,23,2453
15073,2022-03-22 16:13:19.538688,100.0,3,2454
15074,2022-03-22 16:13:39.086749,3.0,4,2454
15075,2022-03-22 16:14:15.920186,30.0,27,2454
15076,2022-03-22 16:55:02.685326,3.0,4,742
15077,2022-03-22 17:39:04.265057,3.0,4,496
15078,2022-03-22 17:46:46.933375,5.0,22,496
15079,2022-03-22 17:53:02.869649,3.0,4,1700
15080,2022-03-22 17:53:02.878438,30.0,5,1700
15081,2022-03-22 17:53:27.649212,30.0,23,1700
15082,2022-03-22 18:18:35.776068,3.0,4,2205
15083,2022-03-22 18:19:48.682012,10.0,22,1700
15084,2022-03-22 18:20:16.533973,40.0,23,1700
15085,2022-03-22 18:58:23.898286,100.0,3,2455
15086,2022-03-22 18:58:39.608580,3.0,4,2455
15087,2022-03-22 20:35:13.777989,20.0,27,2428
15088,2022-03-22 20:41:10.113007,30.0,27,2428
15089,2022-03-22 20:49:14.720700,3.0,4,2382
15090,2022-03-22 20:51:20.890826,20.0,22,1700
15091,2022-03-22 21:00:10.388990,3.0,4,586
15092,2022-03-22 21:02:56.812622,3.0,4,2291
15093,2022-03-23 05:09:17.985134,3.0,4,815
15094,2022-03-23 05:44:34.885154,30.0,23,815
15095,2022-03-23 05:52:58.045890,10.0,22,815
15096,2022-03-23 06:08:30.168818,3.0,4,586
15097,2022-03-23 06:14:57.104297,3.0,4,1700
15098,2022-03-23 06:26:00.818651,30.0,23,815
15099,2022-03-23 06:41:36.324942,10.0,22,815
15100,2022-03-23 06:54:57.074770,3.0,4,2382
15101,2022-03-23 08:02:52.242477,100.0,3,2457
15102,2022-03-23 08:03:42.598253,3.0,4,2457
15103,2022-03-23 08:11:31.367227,20.0,23,2457
15104,2022-03-23 08:13:19.845754,5.0,22,2457
15105,2022-03-23 08:51:48.164525,3.0,4,623
15106,2022-03-23 08:53:49.093170,3.0,4,2311
15107,2022-03-23 08:58:07.769293,3.0,4,649
15108,2022-03-23 09:37:20.323212,3.0,4,2155
15109,2022-03-23 09:50:46.942993,3.0,4,2383
15110,2022-03-23 10:12:14.533662,3.0,4,2452
15111,2022-03-23 10:35:19.665261,100.0,3,2458
15112,2022-03-23 10:38:08.494095,3.0,4,2458
15113,2022-03-23 10:45:20.694160,5.0,22,2155
15114,2022-03-23 10:59:15.477115,5.0,22,2155
15115,2022-03-23 11:14:47.428323,100.0,3,2459
15116,2022-03-23 11:15:11.202343,3.0,4,2459
15117,2022-03-23 11:15:37.930677,3.0,4,2437
15118,2022-03-23 11:34:01.165044,5.0,22,2459
15119,2022-03-23 11:35:06.924894,100.0,3,2460
15120,2022-03-23 11:35:25.081702,3.0,4,2460
15121,2022-03-23 11:35:45.681612,5.0,22,2460
15122,2022-03-23 11:37:21.723023,20.0,23,2460
15123,2022-03-23 11:44:48.161772,20.0,23,2460
15124,2022-03-23 11:49:16.257485,3.0,4,2205
15125,2022-03-23 12:30:49.520289,5.0,22,2457
15126,2022-03-23 13:11:15.726381,100.0,3,2461
15127,2022-03-23 13:11:37.236583,3.0,4,2461
15128,2022-03-23 13:12:05.341867,40.0,23,2461
15129,2022-03-23 14:03:42.844021,3.0,4,2284
15130,2022-03-23 14:10:57.402574,3.0,4,2374
15131,2022-03-23 14:14:59.642181,5.0,22,2284
15132,2022-03-23 14:22:03.590047,100.0,3,2462
15133,2022-03-23 14:22:14.689544,3.0,4,2462
15134,2022-03-23 14:24:42.875771,5.0,22,2284
15135,2022-03-23 14:24:42.892650,30.0,8,2284
15136,2022-03-23 14:52:52.045816,3.0,4,251
15137,2022-03-23 14:55:46.806490,3.0,4,1483
15138,2022-03-23 14:58:21.235542,3.0,4,2450
15139,2022-03-23 15:01:49.202246,20.0,23,2450
15140,2022-03-23 15:05:16.557197,5.0,22,251
15141,2022-03-23 15:10:10.087790,30.0,27,2450
15142,2022-03-23 15:15:56.901390,20.0,23,2462
15143,2022-03-23 15:20:41.523820,5.0,22,2462
15144,2022-03-23 15:44:58.493223,20.0,23,251
15145,2022-03-23 15:46:43.497013,5.0,22,251
15146,2022-03-23 15:50:52.337888,100.0,3,2463
15147,2022-03-23 15:51:53.381840,3.0,4,2463
15148,2022-03-23 15:53:19.834925,5.0,22,251
15149,2022-03-23 15:59:03.127052,20.0,23,2463
15150,2022-03-23 16:06:07.484742,5.0,22,251
15151,2022-03-23 16:06:34.559013,5.0,22,2463
15152,2022-03-23 16:33:33.485353,0.0,27,251
15153,2022-03-23 16:34:28.942259,20.0,27,251
15154,2022-03-23 16:36:57.913481,20.0,27,251
15155,2022-03-23 16:42:10.525723,5.0,22,251
15156,2022-03-23 16:42:10.550409,30.0,8,251
15157,2022-03-23 16:46:00.498016,5.0,22,251
15158,2022-03-23 16:46:43.182812,20.0,23,251
15159,2022-03-23 16:56:00.191339,3.0,4,121
15160,2022-03-23 17:04:18.504289,3.0,4,2440
15161,2022-03-23 18:35:07.367154,3.0,4,2431
15162,2022-03-23 18:57:20.900655,100.0,3,2464
15163,2022-03-23 18:57:35.676163,3.0,4,2464
15164,2022-03-23 19:13:27.089805,3.0,4,2261
15165,2022-03-23 21:09:08.706973,5.0,22,2458
15166,2022-03-23 21:45:38.828473,3.0,4,589
15167,2022-03-23 23:20:07.866796,100.0,3,2465
15168,2022-03-23 23:20:20.500208,3.0,4,2465
15169,2022-03-24 03:37:10.936555,3.0,4,1844
15170,2022-03-24 04:14:14.950362,3.0,4,251
15171,2022-03-24 04:14:43.993919,20.0,23,251
15172,2022-03-24 04:15:27.891362,3.0,4,2462
15173,2022-03-24 04:16:49.620401,5.0,22,251
15174,2022-03-24 04:23:21.762139,5.0,22,251
15175,2022-03-24 04:25:52.391700,20.0,23,251
15176,2022-03-24 04:26:15.548744,5.0,22,251
15177,2022-03-24 04:32:12.622932,5.0,22,251
15178,2022-03-24 04:32:12.635783,100.0,9,251
15179,2022-03-24 04:41:44.018319,5.0,22,251
15180,2022-03-24 04:44:26.227066,30.0,27,251
15181,2022-03-24 04:58:35.004749,5.0,22,2462
15182,2022-03-24 04:59:41.009884,20.0,23,2462
15183,2022-03-24 05:00:59.247736,10.0,22,2462
15184,2022-03-24 05:04:35.397187,20.0,22,1844
15185,2022-03-24 05:53:30.032246,3.0,4,649
15186,2022-03-24 06:19:44.149507,3.0,4,2227
15187,2022-03-24 06:22:19.386038,20.0,23,251
15188,2022-03-24 06:23:33.074110,5.0,22,251
15189,2022-03-24 06:30:03.950880,30.0,23,251
15190,2022-03-24 06:39:57.961381,3.0,4,2460
15191,2022-03-24 07:14:03.871579,3.0,4,2440
15192,2022-03-24 07:51:51.156877,3.0,4,245
15193,2022-03-24 08:12:09.059219,3.0,4,1700
15194,2022-03-24 08:36:17.822972,100.0,3,2466
15195,2022-03-24 08:37:10.992274,3.0,4,2466
15196,2022-03-24 08:42:27.847235,20.0,23,2466
15197,2022-03-24 08:45:07.258274,100.0,3,2467
15198,2022-03-24 08:45:18.616306,3.0,4,2467
15199,2022-03-24 10:09:12.721376,3.0,4,2155
15200,2022-03-24 10:12:16.377642,3.0,4,1379
15201,2022-03-24 10:15:29.902665,3.0,4,1066
15202,2022-03-24 10:15:49.463950,30.0,27,1066
15203,2022-03-24 10:18:29.361174,3.0,4,63
15204,2022-03-24 10:18:32.855416,30.0,23,63
15205,2022-03-24 10:22:07.336308,10.0,22,2155
15206,2022-03-24 10:33:33.063540,20.0,23,2155
15207,2022-03-24 10:33:55.498548,10.0,22,1700
15208,2022-03-24 10:36:41.110507,5.0,22,2155
15209,2022-03-24 10:36:41.128800,200.0,10,2155
15210,2022-03-24 10:39:03.758119,20.0,23,2155
15211,2022-03-24 10:42:30.092438,10.0,22,2155
15212,2022-03-24 10:43:28.205669,20.0,23,2155
15213,2022-03-24 11:07:03.774332,30.0,23,1700
15214,2022-03-24 11:28:41.739198,10.0,22,1700
15215,2022-03-24 11:31:50.339939,150.0,2,1379
15216,2022-03-24 11:32:29.708026,30.0,23,1379
15217,2022-03-24 11:33:29.037138,10.0,22,1379
15218,2022-03-24 12:01:19.496825,100.0,3,2468
15219,2022-03-24 12:01:35.777353,3.0,4,2468
15220,2022-03-24 12:22:41.646132,5.0,22,245
15221,2022-03-24 12:30:06.397199,3.0,4,43
15222,2022-03-24 12:40:45.103957,5.0,22,245
15223,2022-03-24 13:16:07.312515,10.0,22,2468
15224,2022-03-24 13:29:40.229080,5.0,22,2468
15225,2022-03-24 13:33:55.095630,5.0,22,245
15226,2022-03-24 13:38:53.965177,100.0,3,2469
15227,2022-03-24 13:39:16.953618,3.0,4,2469
15228,2022-03-24 13:44:11.321588,5.0,22,2469
15229,2022-03-24 13:50:22.915442,3.0,4,497
15230,2022-03-24 13:50:57.699754,3.0,4,498
15231,2022-03-24 13:52:30.183233,30.0,23,1700
15232,2022-03-24 14:09:03.068794,10.0,22,1700
15233,2022-03-24 16:03:19.648382,3.0,4,221
15234,2022-03-24 16:06:56.159163,100.0,3,2470
15235,2022-03-24 16:06:56.171506,200.0,6,221
15236,2022-03-24 16:06:56.171623,50.0,7,2470
15237,2022-03-24 16:07:24.720854,3.0,4,1483
15238,2022-03-24 16:07:28.332831,3.0,4,2470
15239,2022-03-24 16:13:53.016945,100.0,3,2471
15240,2022-03-24 16:13:53.029438,200.0,6,221
15241,2022-03-24 16:13:53.029563,50.0,7,2471
15242,2022-03-24 16:14:06.487419,3.0,4,2471
15243,2022-03-24 16:19:50.466647,20.0,27,221
15244,2022-03-24 16:24:27.660975,30.0,27,221
15245,2022-03-24 16:28:09.449791,20.0,27,221
15246,2022-03-24 16:30:17.351395,20.0,27,221
15247,2022-03-24 16:32:50.432093,3.0,4,2311
15248,2022-03-24 16:46:59.872346,5.0,22,1483
15249,2022-03-24 16:49:21.243350,10.0,22,1483
15250,2022-03-24 17:08:46.324933,3.0,4,2404
15251,2022-03-24 17:23:56.856905,20.0,23,221
15252,2022-03-24 17:41:12.427634,3.0,4,82
15253,2022-03-24 17:50:03.300607,5.0,22,82
15254,2022-03-24 17:55:17.658023,3.0,4,2249
15255,2022-03-24 18:00:31.310696,5.0,22,82
15256,2022-03-24 18:27:18.756941,5.0,22,2469
15257,2022-03-24 18:34:21.410819,5.0,22,82
15258,2022-03-24 19:33:53.200648,5.0,22,2468
15259,2022-03-24 19:48:09.593630,5.0,22,2468
15260,2022-03-24 19:52:54.470856,5.0,22,2468
15261,2022-03-24 19:52:54.483879,30.0,8,2468
15262,2022-03-24 20:25:09.623253,3.0,4,2458
15263,2022-03-24 20:48:27.115202,5.0,22,2458
15264,2022-03-24 20:57:52.712473,3.0,4,2453
15265,2022-03-24 20:59:13.270830,20.0,23,1483
15266,2022-03-24 21:06:50.278330,5.0,22,1483
15267,2022-03-24 21:06:58.901924,5.0,22,1483
15268,2022-03-24 21:07:07.781510,5.0,22,1483
15269,2022-03-24 21:07:45.465414,0.0,22,1483
15270,2022-03-24 21:07:54.456966,0.0,22,1483
15271,2022-03-24 21:08:03.961363,0.0,22,1483
15272,2022-03-24 21:08:12.751271,0.0,22,1483
15273,2022-03-24 21:08:21.802479,0.0,22,1483
15274,2022-03-24 21:08:30.372671,0.0,22,1483
15275,2022-03-24 21:08:39.034399,5.0,22,1483
15276,2022-03-24 21:14:37.487441,10.0,22,1483
15277,2022-03-24 21:44:58.289368,5.0,22,1483
15278,2022-03-24 22:10:45.865480,100.0,3,2472
15279,2022-03-24 22:11:00.373141,3.0,4,2472
15280,2022-03-24 22:26:06.039208,100.0,3,2473
15281,2022-03-24 22:26:06.055941,200.0,6,1424
15282,2022-03-24 22:26:06.056149,50.0,7,2473
15283,2022-03-24 22:26:19.116776,3.0,4,2473
15284,2022-03-24 22:28:21.561977,20.0,23,2473
15285,2022-03-24 22:33:42.545784,10.0,22,2473
15286,2022-03-24 23:07:59.453072,10.0,22,2473
15287,2022-03-24 23:09:14.354033,40.0,23,2473
15288,2022-03-24 23:19:22.687685,15.0,22,2473
15289,2022-03-24 23:30:01.610858,0.0,27,2473
15290,2022-03-24 23:36:25.814348,30.0,27,2473
15291,2022-03-24 23:55:42.822943,5.0,22,2473
15292,2022-03-25 00:14:24.737086,3.0,4,2473
15293,2022-03-25 00:50:16.008348,5.0,22,2473
15294,2022-03-25 00:50:16.022271,30.0,8,2473
15295,2022-03-25 06:15:49.662666,3.0,4,1700
15296,2022-03-25 07:21:09.864212,3.0,4,649
15297,2022-03-25 07:22:15.549584,3.0,4,1483
15298,2022-03-25 07:47:35.216159,3.0,4,2227
15299,2022-03-25 08:07:23.149585,10.0,22,1483
15300,2022-03-25 08:07:31.858518,5.0,22,1483
15301,2022-03-25 08:07:40.822766,5.0,22,1483
15302,2022-03-25 08:07:49.941098,5.0,22,1483
15303,2022-03-25 08:07:58.681054,5.0,22,1483
15304,2022-03-25 08:08:07.316029,5.0,22,1483
15305,2022-03-25 08:08:15.665967,5.0,22,1483
15306,2022-03-25 08:08:24.135412,5.0,22,1483
15307,2022-03-25 08:08:32.903340,5.0,22,1483
15308,2022-03-25 08:08:41.453382,5.0,22,1483
15309,2022-03-25 08:08:49.659257,5.0,22,1483
15310,2022-03-25 08:08:58.345117,5.0,22,1483
15311,2022-03-25 08:09:07.352430,5.0,22,1483
15312,2022-03-25 08:09:15.981753,5.0,22,1483
15313,2022-03-25 08:09:24.137714,5.0,22,1483
15314,2022-03-25 08:09:32.905400,5.0,22,1483
15315,2022-03-25 08:09:41.178101,5.0,22,1483
15316,2022-03-25 08:09:50.323247,5.0,22,1483
15317,2022-03-25 08:09:59.190615,5.0,22,1483
15318,2022-03-25 08:10:08.796946,5.0,22,1483
15319,2022-03-25 08:10:17.625525,5.0,22,1483
15320,2022-03-25 08:10:26.021857,5.0,22,1483
15321,2022-03-25 08:10:34.516176,5.0,22,1483
15322,2022-03-25 08:10:43.082616,5.0,22,1483
15323,2022-03-25 08:10:51.103982,5.0,22,1483
15324,2022-03-25 08:10:59.791618,5.0,22,1483
15325,2022-03-25 08:11:08.783921,5.0,22,1483
15326,2022-03-25 08:11:17.158424,5.0,22,1483
15327,2022-03-25 08:11:25.569000,5.0,22,1483
15328,2022-03-25 08:11:34.285580,5.0,22,1483
15329,2022-03-25 08:11:43.091536,5.0,22,1483
15330,2022-03-25 08:11:51.720314,10.0,22,1483
15331,2022-03-25 08:21:31.490281,5.0,22,1483
15332,2022-03-25 08:21:43.350835,5.0,22,1483
15333,2022-03-25 08:22:17.468721,100.0,3,2475
15334,2022-03-25 08:22:26.337427,3.0,4,2475
15335,2022-03-25 08:23:56.082607,10.0,22,1483
15336,2022-03-25 08:25:01.104823,100.0,3,2474
15337,2022-03-25 08:25:06.713238,3.0,4,2474
15338,2022-03-25 08:30:47.579361,3.0,4,2295
15339,2022-03-25 08:38:26.319546,3.0,4,50
15340,2022-03-25 09:02:28.301455,3.0,4,63
15341,2022-03-25 09:04:55.817858,5.0,22,2475
15342,2022-03-25 09:15:25.029388,3.0,4,245
15343,2022-03-25 09:19:28.163792,20.0,23,2475
15344,2022-03-25 09:33:01.564429,5.0,22,2475
15345,2022-03-25 09:35:11.574720,20.0,23,2475
15346,2022-03-25 09:39:37.232233,3.0,4,43
15347,2022-03-25 09:49:03.500336,3.0,4,82
15348,2022-03-25 09:53:43.031122,100.0,3,2476
15349,2022-03-25 09:53:52.147980,10.0,22,2475
15350,2022-03-25 09:53:55.885987,3.0,4,2476
15351,2022-03-25 10:01:35.021881,20.0,23,2475
15352,2022-03-25 10:01:50.279968,5.0,22,2474
15353,2022-03-25 10:09:30.286024,100.0,3,2477
15354,2022-03-25 10:09:37.033388,3.0,4,2477
15355,2022-03-25 10:09:56.298638,5.0,22,2474
15356,2022-03-25 10:13:22.453329,5.0,22,2474
15357,2022-03-25 10:16:16.393015,5.0,22,2474
15358,2022-03-25 10:21:50.939536,5.0,22,2475
15359,2022-03-25 10:29:46.044269,5.0,22,2476
15360,2022-03-25 11:16:30.655294,5.0,22,2474
15361,2022-03-25 11:16:30.666937,30.0,8,2474
15362,2022-03-25 11:24:05.108207,10.0,22,82
15363,2022-03-25 11:24:05.122978,30.0,8,82
15364,2022-03-25 11:27:16.528989,10.0,22,2474
15365,2022-03-25 11:34:00.538454,3.0,4,2460
15366,2022-03-25 12:16:21.819672,3.0,4,2268
15367,2022-03-25 12:40:47.918344,3.0,4,2379
15368,2022-03-25 12:44:53.685347,100.0,3,2478
15369,2022-03-25 12:45:02.369083,3.0,4,2478
15370,2022-03-25 12:46:31.406667,40.0,23,2478
15371,2022-03-25 12:58:41.671378,3.0,4,2453
15372,2022-03-25 12:59:05.134354,5.0,22,2453
15373,2022-03-25 12:59:21.026031,20.0,22,2478
15374,2022-03-25 13:07:48.954713,3.0,4,2462
15375,2022-03-25 13:12:19.585152,10.0,22,2478
15376,2022-03-25 13:16:20.002199,3.0,4,498
15377,2022-03-25 13:22:00.842469,20.0,22,2268
15378,2022-03-25 13:22:00.854339,30.0,8,2268
15379,2022-03-25 13:39:21.123795,100.0,3,2479
15380,2022-03-25 13:39:34.932143,3.0,4,2479
15381,2022-03-25 15:11:11.395568,3.0,4,954
15382,2022-03-25 15:20:25.398828,3.0,4,273
15383,2022-03-25 15:43:24.662462,3.0,4,1545
15384,2022-03-25 15:53:27.243209,3.0,4,2472
15385,2022-03-25 16:04:43.595328,10.0,22,1545
15386,2022-03-25 16:09:51.803842,20.0,27,1700
15387,2022-03-25 16:23:05.183019,3.0,4,2458
15388,2022-03-25 17:43:20.937466,30.0,23,1700
15389,2022-03-25 17:46:27.353906,10.0,22,1700
15390,2022-03-25 18:08:24.056736,5.0,22,2458
15391,2022-03-25 18:30:52.589615,3.0,4,2382
15392,2022-03-25 18:41:04.878442,20.0,23,2382
15393,2022-03-25 19:34:41.217358,10.0,22,82
15394,2022-03-25 19:35:12.075854,30.0,27,1483
15395,2022-03-25 19:35:44.148955,5.0,22,1483
15396,2022-03-25 19:46:43.537854,5.0,22,82
15397,2022-03-25 19:56:56.623663,5.0,22,82
15398,2022-03-25 20:04:20.166756,30.0,23,63
15399,2022-03-25 20:21:17.259342,100.0,3,2480
15400,2022-03-25 20:23:12.677309,10.0,22,2382
15401,2022-03-25 20:30:52.152822,100.0,3,2481
15402,2022-03-25 20:30:59.976563,3.0,4,2481
15403,2022-03-25 20:52:07.654226,3.0,4,290
15404,2022-03-25 20:57:01.941183,10.0,22,2382
15405,2022-03-25 20:57:29.926259,40.0,23,2382
15406,2022-03-26 04:48:22.258957,3.0,4,2227
15407,2022-03-26 06:11:27.903240,3.0,4,2382
15408,2022-03-26 07:31:58.898465,15.0,22,2382
15409,2022-03-26 07:31:58.908840,30.0,8,2382
15410,2022-03-26 07:50:47.568886,3.0,4,1424
15411,2022-03-26 08:12:39.045563,100.0,3,2482
15412,2022-03-26 08:12:44.057298,3.0,4,2482
15413,2022-03-26 08:32:27.880475,3.0,4,1700
15414,2022-03-26 08:43:19.372934,3.0,4,796
15415,2022-03-26 08:44:53.509893,100.0,3,2483
15416,2022-03-26 08:45:14.132414,3.0,4,2483
15417,2022-03-26 08:50:53.985037,100.0,3,2484
15418,2022-03-26 08:54:39.549624,0.0,22,2483
15419,2022-03-26 08:58:23.332061,0.0,22,2483
15420,2022-03-26 09:16:08.084652,5.0,22,1700
15421,2022-03-26 09:51:57.276092,3.0,4,422
15422,2022-03-26 10:25:53.841626,0.0,22,422
15423,2022-03-26 10:56:03.849637,100.0,3,2485
15424,2022-03-26 10:56:07.981908,3.0,4,2485
15425,2022-03-26 11:09:54.716668,3.0,4,82
15426,2022-03-26 11:21:14.243565,0.0,22,422
15427,2022-03-26 11:28:02.417398,10.0,22,82
15428,2022-03-26 11:35:16.950772,20.0,23,82
15429,2022-03-26 11:40:04.332510,10.0,22,82
15430,2022-03-26 11:40:04.350520,100.0,9,82
15431,2022-03-26 11:41:22.982981,20.0,23,82
15432,2022-03-26 11:43:20.908059,0.0,22,422
15433,2022-03-26 11:55:19.628104,3.0,4,2472
15434,2022-03-26 12:11:16.638063,0.0,22,422
15435,2022-03-26 12:19:27.883058,5.0,22,796
15436,2022-03-26 12:30:13.474197,0.0,22,422
15437,2022-03-26 12:38:02.744244,0.0,22,422
15438,2022-03-26 13:03:22.282797,0.0,22,422
15439,2022-03-26 13:06:07.971297,100.0,3,2486
15440,2022-03-26 13:06:15.713156,3.0,4,2486
15441,2022-03-26 13:11:53.069024,0.0,22,2483
15442,2022-03-26 13:40:10.882271,0.0,22,422
15443,2022-03-26 13:59:39.031165,0.0,22,2483
15444,2022-03-26 14:12:46.724535,0.0,22,2483
15445,2022-03-26 14:12:46.737425,30.0,8,2483
15446,2022-03-26 14:12:56.513401,3.0,4,500
15447,2022-03-26 14:13:54.919365,0.0,22,2483
15448,2022-03-26 14:20:15.964930,0.0,22,2483
15449,2022-03-26 14:27:52.586575,5.0,22,1700
15450,2022-03-26 14:30:32.252996,30.0,23,1700
15451,2022-03-26 14:45:15.048104,3.0,4,2379
15452,2022-03-26 15:05:58.496709,10.0,22,1700
15453,2022-03-26 15:06:42.078766,3.0,4,2268
15454,2022-03-26 15:13:39.614474,3.0,4,2397
15455,2022-03-26 15:14:14.283555,20.0,23,2397
15456,2022-03-26 15:43:35.262163,10.0,22,2268
15457,2022-03-26 16:00:35.527605,100.0,3,2487
15458,2022-03-26 16:00:52.931104,3.0,4,2487
15459,2022-03-26 16:05:08.362545,100.0,3,2488
15460,2022-03-26 16:05:24.962550,3.0,4,2488
15461,2022-03-26 16:06:00.184201,10.0,22,2397
15462,2022-03-26 16:06:57.781268,3.0,4,2251
15463,2022-03-26 16:13:13.521555,5.0,22,2268
15464,2022-03-26 16:23:38.754423,5.0,22,2488
15465,2022-03-26 17:31:02.889693,3.0,4,690
15466,2022-03-26 18:22:37.024901,100.0,3,2489
15467,2022-03-26 18:22:37.039623,200.0,6,2486
15468,2022-03-26 18:22:37.039745,50.0,7,2489
15469,2022-03-26 18:22:54.029655,3.0,4,2489
15470,2022-03-26 18:24:59.932581,40.0,23,2489
15471,2022-03-26 18:36:09.810625,15.0,22,2489
15472,2022-03-26 18:45:03.761919,10.0,22,2489
15473,2022-03-26 18:46:10.499054,20.0,23,2489
15474,2022-03-26 19:00:13.627039,10.0,22,2489
15475,2022-03-26 19:26:05.019407,3.0,4,520
15476,2022-03-26 19:26:50.147402,20.0,23,2382
15477,2022-03-26 19:32:19.530497,3.0,4,2407
15478,2022-03-26 19:33:27.065596,5.0,22,2382
15479,2022-03-26 19:37:00.193687,40.0,23,2407
15480,2022-03-26 20:05:15.355349,100.0,3,2490
15481,2022-03-26 20:05:41.733815,3.0,4,2490
15482,2022-03-26 20:06:15.467898,20.0,27,2490
15483,2022-03-26 20:13:08.851802,40.0,23,2407
15484,2022-03-26 20:42:58.920173,3.0,4,121
15485,2022-03-26 21:21:22.725663,3.0,4,2458
15486,2022-03-26 21:23:37.208387,20.0,23,2458
15487,2022-03-26 21:48:31.264899,5.0,22,2458
15488,2022-03-26 22:24:09.537792,100.0,3,2491
15489,2022-03-26 22:24:16.283288,3.0,4,2491
15490,2022-03-26 22:24:45.041883,20.0,23,2491
15491,2022-03-27 02:08:36.520020,3.0,4,121
15492,2022-03-27 05:55:24.318698,3.0,4,2397
15493,2022-03-27 06:41:55.412769,10.0,22,2397
15494,2022-03-27 07:07:40.667637,3.0,4,2382
15495,2022-03-27 07:29:00.314021,5.0,22,2397
15496,2022-03-27 07:34:23.403069,20.0,23,2397
15497,2022-03-27 07:50:25.638621,3.0,4,2485
15498,2022-03-27 07:56:43.758048,5.0,22,2397
15499,2022-03-27 07:58:29.258226,100.0,3,2492
15500,2022-03-27 07:58:41.248384,3.0,4,2492
15501,2022-03-27 07:59:29.804952,20.0,23,2492
15502,2022-03-27 08:08:42.172950,10.0,22,2492
15503,2022-03-27 08:09:30.450869,3.0,4,520
15504,2022-03-27 08:13:11.264465,100.0,3,2493
15505,2022-03-27 08:13:22.389314,100.0,3,2494
15506,2022-03-27 08:13:29.032970,3.0,4,2494
15507,2022-03-27 08:13:38.794108,3.0,4,2493
15508,2022-03-27 08:16:40.403894,5.0,22,2494
15509,2022-03-27 08:17:18.385801,20.0,23,2494
15510,2022-03-27 08:26:53.256137,5.0,22,2494
15511,2022-03-27 08:57:43.356955,5.0,22,2397
15512,2022-03-27 08:57:43.387572,30.0,8,2397
15513,2022-03-27 09:11:45.362246,3.0,4,1700
15514,2022-03-27 09:20:30.872741,100.0,3,2495
15515,2022-03-27 09:20:30.890735,200.0,6,2397
15516,2022-03-27 09:20:30.890842,50.0,7,2495
15517,2022-03-27 09:20:50.086133,3.0,4,2495
15518,2022-03-27 09:21:50.951554,20.0,22,2492
15519,2022-03-27 09:45:34.852320,10.0,22,2492
15520,2022-03-27 09:52:41.744483,5.0,22,2492
15521,2022-03-27 10:01:11.262410,3.0,4,2227
15522,2022-03-27 10:05:31.051582,5.0,22,2492
15523,2022-03-27 10:05:31.067443,30.0,8,2492
15524,2022-03-27 10:33:46.688630,3.0,4,1424
15525,2022-03-27 10:49:00.017194,5.0,22,2492
15526,2022-03-27 10:58:26.063082,5.0,22,1700
15527,2022-03-27 11:59:38.156229,3.0,4,2458
15528,2022-03-27 12:10:28.978858,3.0,4,422
15529,2022-03-27 12:13:40.682366,100.0,3,2496
15530,2022-03-27 12:13:53.946540,3.0,4,2496
15531,2022-03-27 12:29:40.953171,5.0,22,2458
15532,2022-03-27 12:29:40.968870,30.0,8,2458
15533,2022-03-27 12:38:19.772786,3.0,4,589
15534,2022-03-27 13:09:53.575340,3.0,4,1504
15535,2022-03-27 13:30:26.369613,100.0,3,2497
15536,2022-03-27 13:31:16.373959,3.0,4,2497
15537,2022-03-27 14:02:54.125262,20.0,22,2492
15538,2022-03-27 14:09:30.498696,5.0,22,2492
15539,2022-03-27 14:19:03.709065,100.0,3,2498
15540,2022-03-27 14:19:07.628920,3.0,4,2498
15541,2022-03-27 14:23:46.271736,100.0,3,2499
15542,2022-03-27 14:23:50.213119,3.0,4,2499
15543,2022-03-27 14:28:48.087316,3.0,4,98
15544,2022-03-27 14:30:15.303947,20.0,23,2492
15545,2022-03-27 14:32:14.901260,5.0,22,2492
15546,2022-03-27 15:01:03.950455,100.0,3,2500
15547,2022-03-27 15:01:13.684293,100.0,3,2501
15548,2022-03-27 15:01:32.967661,3.0,4,2501
15549,2022-03-27 15:26:51.836996,5.0,22,2501
15550,2022-03-27 15:27:52.033483,20.0,27,2501
15551,2022-03-27 15:41:15.855418,5.0,22,2501
15552,2022-03-27 15:57:39.797791,100.0,3,2502
15553,2022-03-27 15:57:58.438766,3.0,4,2502
15554,2022-03-27 16:32:09.395217,3.0,4,2483
15555,2022-03-27 16:48:18.410953,3.0,4,2473
15556,2022-03-27 17:56:40.430154,3.0,4,2500
15557,2022-03-27 18:35:17.195824,100.0,3,2503
15558,2022-03-27 18:35:21.506627,3.0,4,2503
15559,2022-03-27 18:44:16.454207,20.0,23,2503
15560,2022-03-27 19:09:35.658082,5.0,22,2503
15561,2022-03-27 19:20:22.549597,5.0,22,2503
15562,2022-03-27 20:12:31.322601,100.0,3,2504
15563,2022-03-27 20:12:42.644918,3.0,4,2504
15564,2022-03-27 21:15:16.772146,5.0,22,2458
15565,2022-03-27 21:21:03.019195,100.0,3,2505
15566,2022-03-27 21:21:08.287187,3.0,4,2505
15567,2022-03-28 00:23:43.637963,3.0,4,2291
15568,2022-03-28 00:32:32.878696,3.0,4,2500
15569,2022-03-28 03:50:30.432037,3.0,4,2482
15570,2022-03-28 05:18:40.140759,3.0,4,1815
15571,2022-03-28 06:05:34.226147,3.0,4,1700
15572,2022-03-28 06:24:32.459296,3.0,4,815
15573,2022-03-28 06:39:12.801002,3.0,4,121
15574,2022-03-28 07:02:47.435948,3.0,4,649
15575,2022-03-28 07:33:42.646080,3.0,4,1818
15576,2022-03-28 07:36:29.456320,100.0,3,2507
15577,2022-03-28 07:36:50.059980,3.0,4,2507
15578,2022-03-28 07:39:33.752750,30.0,27,2507
15579,2022-03-28 07:57:40.165751,100.0,3,2508
15580,2022-03-28 07:57:46.730819,3.0,4,2508
15581,2022-03-28 07:59:26.518906,20.0,27,2508
15582,2022-03-28 08:04:17.847351,3.0,4,82
15583,2022-03-28 08:06:24.416525,20.0,22,1818
15584,2022-03-28 08:07:35.489509,20.0,23,815
15585,2022-03-28 08:11:36.704621,5.0,22,815
15586,2022-03-28 08:12:38.341531,5.0,22,2508
15587,2022-03-28 08:32:19.415598,5.0,22,82
15588,2022-03-28 08:34:59.424954,20.0,23,82
15589,2022-03-28 08:36:49.992056,5.0,22,82
15590,2022-03-28 08:38:52.906078,20.0,23,82
15591,2022-03-28 08:42:43.486413,5.0,22,82
15592,2022-03-28 08:46:06.744462,20.0,23,82
15593,2022-03-28 08:48:19.408994,5.0,22,82
15594,2022-03-28 08:49:44.731705,20.0,23,82
15595,2022-03-28 08:56:06.003126,3.0,4,2501
15596,2022-03-28 08:57:51.513685,5.0,22,82
15597,2022-03-28 09:39:56.664503,3.0,4,221
15598,2022-03-28 11:00:25.491361,100.0,3,2509
15599,2022-03-28 11:00:30.504420,3.0,4,2509
15600,2022-03-28 11:00:36.584939,20.0,27,2509
15601,2022-03-28 11:05:55.565508,20.0,23,82
15602,2022-03-28 11:10:19.689705,5.0,22,82
15603,2022-03-28 11:10:48.987924,20.0,23,82
15604,2022-03-28 11:15:02.527127,5.0,22,82
15605,2022-03-28 11:18:31.318619,20.0,23,82
15606,2022-03-28 11:23:50.363087,100.0,3,2510
15607,2022-03-28 11:23:57.256867,3.0,4,2510
15608,2022-03-28 11:26:49.845207,5.0,22,82
15609,2022-03-28 11:47:09.781580,5.0,22,2501
15610,2022-03-28 12:06:22.558365,5.0,22,2501
15611,2022-03-28 12:13:16.836613,20.0,23,82
15612,2022-03-28 12:16:06.051301,5.0,22,82
15613,2022-03-28 12:17:22.525564,5.0,22,2501
15614,2022-03-28 12:17:22.550464,30.0,8,2501
15615,2022-03-28 12:19:28.014387,20.0,23,82
15616,2022-03-28 12:32:57.943282,3.0,4,1545
15617,2022-03-28 12:39:19.811929,3.0,4,1603
15618,2022-03-28 12:54:06.832016,5.0,22,1545
15619,2022-03-28 13:44:11.079761,5.0,22,82
15620,2022-03-28 13:46:49.188280,20.0,23,82
15621,2022-03-28 13:51:00.367316,3.0,4,2503
15622,2022-03-28 13:51:55.017081,5.0,22,82
15623,2022-03-28 13:55:38.136053,20.0,23,82
15624,2022-03-28 13:58:13.420621,5.0,22,82
15625,2022-03-28 14:09:57.399527,20.0,23,82
15626,2022-03-28 14:12:28.211769,5.0,22,82
15627,2022-03-28 14:14:06.920289,20.0,23,82
15628,2022-03-28 14:17:22.528866,5.0,22,82
15629,2022-03-28 14:17:42.574874,20.0,23,82
15630,2022-03-28 14:20:22.233042,5.0,22,82
15631,2022-03-28 14:20:22.245933,200.0,10,82
15632,2022-03-28 14:23:08.196150,20.0,23,82
15633,2022-03-28 14:35:46.677302,5.0,22,1545
15634,2022-03-28 14:44:32.542854,10.0,22,1545
15635,2022-03-28 14:53:58.547410,10.0,22,1545
15636,2022-03-28 14:53:58.563414,100.0,9,1545
15637,2022-03-28 15:00:08.667426,5.0,22,1545
15638,2022-03-28 15:01:13.748424,20.0,23,1545
15639,2022-03-28 15:10:28.738378,5.0,22,1545
15640,2022-03-28 15:10:53.565093,20.0,23,1545
15641,2022-03-28 15:13:24.091846,5.0,22,1545
15642,2022-03-28 15:23:31.827531,20.0,23,1545
15643,2022-03-28 15:27:53.981417,5.0,22,1545
15644,2022-03-28 15:28:30.021387,20.0,23,1545
15645,2022-03-28 15:33:43.270682,3.0,4,520
15646,2022-03-28 15:42:29.094302,5.0,22,1545
15647,2022-03-28 15:42:59.865120,20.0,23,1545
15648,2022-03-28 15:47:19.000803,5.0,22,1545
15649,2022-03-28 15:47:23.895107,20.0,23,1545
15650,2022-03-28 15:50:11.637631,5.0,22,1545
15651,2022-03-28 15:50:19.346501,20.0,23,1545
15652,2022-03-28 15:59:49.832163,3.0,4,2483
15653,2022-03-28 15:59:53.481774,5.0,22,1545
15654,2022-03-28 16:00:00.760748,20.0,23,1545
15655,2022-03-28 16:04:13.329816,5.0,22,1545
15656,2022-03-28 16:04:20.067004,20.0,23,1545
15657,2022-03-28 16:13:25.524135,5.0,22,1545
15658,2022-03-28 16:13:55.666162,20.0,23,1545
15659,2022-03-28 16:17:23.535078,5.0,22,1545
15660,2022-03-28 16:17:37.036166,20.0,23,1545
15661,2022-03-28 16:21:42.919842,5.0,22,1545
15662,2022-03-28 16:21:56.058374,20.0,23,1545
15663,2022-03-28 16:25:02.094713,5.0,22,1545
15664,2022-03-28 16:25:37.207161,20.0,23,1545
15665,2022-03-28 16:26:45.662584,5.0,22,1545
15666,2022-03-28 16:26:51.659811,20.0,23,1545
15667,2022-03-28 16:27:07.719066,3.0,4,2462
15668,2022-03-28 16:30:30.395603,5.0,22,1545
15669,2022-03-28 16:30:30.411810,200.0,10,1545
15670,2022-03-28 16:30:35.199348,20.0,23,1545
15671,2022-03-28 16:31:48.755399,3.0,4,839
15672,2022-03-28 16:35:08.035525,0.0,22,839
15673,2022-03-28 16:36:37.190750,0.0,22,839
15674,2022-03-28 16:43:13.887141,5.0,22,1545
15675,2022-03-28 16:43:24.284934,20.0,23,1545
15676,2022-03-28 16:50:43.233537,5.0,22,1545
15677,2022-03-28 16:51:08.608238,20.0,23,1545
15678,2022-03-28 16:58:04.907765,5.0,22,1545
15679,2022-03-28 17:27:56.127660,0.0,22,839
15680,2022-03-28 17:33:20.877768,0.0,22,839
15681,2022-03-28 17:34:29.277154,0.0,22,839
15682,2022-03-28 17:48:07.589224,0.0,22,839
15683,2022-03-28 18:14:10.684764,30.0,23,1700
15684,2022-03-28 18:14:51.967263,0.0,22,839
15685,2022-03-28 18:17:32.698884,10.0,22,1700
15686,2022-03-28 18:19:05.162140,40.0,23,1700
15687,2022-03-28 18:21:37.060093,0.0,22,839
15688,2022-03-28 18:39:31.272160,3.0,4,2144
15689,2022-03-28 18:43:10.210538,3.0,4,2223
15690,2022-03-28 18:51:34.512502,0.0,22,839
15691,2022-03-28 18:54:46.383007,0.0,22,839
15692,2022-03-28 18:54:46.421037,200.0,10,839
15693,2022-03-28 18:57:50.324973,0.0,22,839
15694,2022-03-28 19:03:29.117918,0.0,22,839
15695,2022-03-28 19:03:43.353995,100.0,3,2511
15696,2022-03-28 19:03:58.671719,3.0,4,2511
15697,2022-03-28 19:05:24.952577,20.0,27,2511
15698,2022-03-28 19:08:03.309540,3.0,4,1495
15699,2022-03-28 19:14:52.321963,0.0,22,839
15700,2022-03-28 19:18:54.604555,20.0,22,1700
15701,2022-03-28 19:25:49.640710,100.0,3,2512
15702,2022-03-28 19:26:03.153937,3.0,4,2512
15703,2022-03-28 19:26:55.044099,0.0,22,839
15704,2022-03-28 19:31:10.768315,0.0,22,839
15705,2022-03-28 19:32:58.526183,0.0,22,839
15706,2022-03-28 19:39:21.309765,0.0,22,2512
15707,2022-03-28 19:41:15.876236,0.0,22,2512
15708,2022-03-28 19:43:34.445391,0.0,22,839
15709,2022-03-28 19:46:25.916224,0.0,22,2512
15710,2022-03-28 19:47:38.469239,0.0,22,2512
15711,2022-03-28 19:48:33.156350,0.0,22,2512
15712,2022-03-28 19:48:33.169175,30.0,8,2512
15713,2022-03-28 19:52:32.876751,0.0,22,2512
15714,2022-03-28 20:40:29.443879,3.0,4,1707
15715,2022-03-28 20:52:32.589305,3.0,4,589
15716,2022-03-28 21:22:27.720027,3.0,4,1483
15717,2022-03-28 23:55:41.684018,5.0,22,839
15718,2022-03-29 02:34:05.908730,3.0,4,2474
15719,2022-03-29 02:36:29.644574,5.0,22,2474
15720,2022-03-29 02:46:09.970049,5.0,22,2474
15721,2022-03-29 02:55:03.100400,5.0,22,2474
15722,2022-03-29 07:31:28.852777,3.0,4,1700
15723,2022-03-29 07:31:28.872527,30.0,5,1700
15724,2022-03-29 08:23:51.494340,3.0,4,135
15725,2022-03-29 08:29:54.965374,3.0,4,2295
15726,2022-03-29 08:32:28.226793,3.0,4,649
15727,2022-03-29 08:33:45.922686,5.0,22,135
15728,2022-03-29 08:33:45.940395,30.0,8,135
15729,2022-03-29 08:52:17.267107,20.0,22,135
15730,2022-03-29 08:54:30.376180,3.0,4,245
15731,2022-03-29 09:00:34.823132,5.0,22,135
15732,2022-03-29 09:12:40.254528,3.0,4,2462
15733,2022-03-29 09:15:26.564427,5.0,22,135
15734,2022-03-29 09:43:36.359315,3.0,4,642
15735,2022-03-29 09:59:33.832824,3.0,4,1545
15736,2022-03-29 10:00:49.441474,20.0,23,1545
15737,2022-03-29 10:12:02.273467,5.0,22,1545
15738,2022-03-29 10:12:49.519956,30.0,23,1545
15739,2022-03-29 10:20:54.226101,10.0,22,1545
15740,2022-03-29 10:20:58.779613,30.0,23,1545
15741,2022-03-29 10:24:08.908960,5.0,22,2462
15742,2022-03-29 10:32:15.718644,100.0,3,2513
15743,2022-03-29 10:32:33.406520,3.0,4,2513
15744,2022-03-29 11:10:49.777483,10.0,22,1545
15745,2022-03-29 11:10:57.039074,30.0,23,1545
15746,2022-03-29 11:18:22.170648,10.0,22,2513
15747,2022-03-29 11:24:01.757181,100.0,3,2514
15748,2022-03-29 11:24:13.837290,10.0,22,1545
15749,2022-03-29 11:24:21.576776,3.0,4,2514
15750,2022-03-29 11:25:02.244809,20.0,27,2514
15751,2022-03-29 11:26:22.006591,10.0,22,1545
15752,2022-03-29 11:26:30.201273,30.0,23,1545
15753,2022-03-29 11:27:07.080155,30.0,27,2514
15754,2022-03-29 11:30:55.598189,20.0,27,2514
15755,2022-03-29 11:33:14.787844,20.0,27,2514
15756,2022-03-29 11:33:21.498168,10.0,22,1545
15757,2022-03-29 11:33:33.379079,30.0,23,1545
15758,2022-03-29 13:18:05.890851,3.0,4,2414
15759,2022-03-29 13:38:29.386743,3.0,4,1676
15760,2022-03-29 13:45:10.158560,3.0,4,105
15761,2022-03-29 13:54:15.803547,5.0,22,642
15762,2022-03-29 13:54:15.816488,30.0,8,642
15763,2022-03-29 13:55:14.582655,40.0,23,642
15764,2022-03-29 14:09:16.659749,3.0,4,2498
15765,2022-03-29 14:23:35.372377,20.0,27,2498
15766,2022-03-29 15:09:41.358501,3.0,4,1483
15767,2022-03-29 15:29:28.270557,3.0,4,839
15768,2022-03-29 15:49:35.074105,3.0,4,2268
15769,2022-03-29 15:57:54.442116,3.0,4,251
15770,2022-03-29 15:58:17.968216,20.0,23,251
15771,2022-03-29 15:58:55.861017,5.0,22,251
15772,2022-03-29 16:00:34.130206,20.0,23,251
15773,2022-03-29 16:01:44.728409,5.0,22,251
15774,2022-03-29 16:23:49.565149,3.0,4,63
15775,2022-03-29 16:28:21.234204,3.0,4,50
15776,2022-03-29 16:32:06.702259,3.0,4,2472
15777,2022-03-29 16:36:53.690045,5.0,22,2268
15778,2022-03-29 16:39:17.674415,20.0,23,2268
15779,2022-03-29 17:01:44.062787,5.0,22,2268
15780,2022-03-29 17:49:18.507695,3.0,4,2512
15781,2022-03-29 18:31:51.071182,3.0,4,2240
15782,2022-03-29 18:37:07.391145,3.0,4,82
15783,2022-03-29 18:43:47.739828,5.0,22,82
15784,2022-03-29 19:01:38.637161,20.0,23,82
15785,2022-03-29 19:03:09.789454,5.0,22,82
15786,2022-03-29 19:28:39.838357,20.0,23,82
15787,2022-03-29 19:45:44.373648,5.0,22,82
15788,2022-03-29 19:47:18.589563,20.0,23,82
15789,2022-03-29 19:50:52.410299,5.0,22,82
15790,2022-03-29 19:54:42.138951,30.0,23,82
15791,2022-03-29 20:16:57.849466,10.0,22,82
15792,2022-03-29 20:17:53.392811,30.0,23,82
15793,2022-03-29 20:27:15.361479,10.0,22,82
15794,2022-03-29 20:38:49.179131,3.0,4,589
15795,2022-03-29 21:06:11.264955,100.0,3,2515
15796,2022-03-29 21:06:25.502826,3.0,4,2515
15797,2022-03-29 21:07:56.264994,20.0,23,2515
15798,2022-03-29 21:10:22.221505,30.0,27,2515
15799,2022-03-29 21:41:45.026799,5.0,22,839
15800,2022-03-29 22:00:16.454973,3.0,4,121
15801,2022-03-29 23:04:34.654929,100.0,3,2516
15802,2022-03-29 23:04:46.314520,3.0,4,2516
15803,2022-03-29 23:04:49.931417,30.0,27,2516
15804,2022-03-29 23:08:50.152989,30.0,27,2516
15805,2022-03-29 23:46:19.057537,0.0,22,839
15806,2022-03-30 00:07:37.341805,3.0,4,839
15807,2022-03-30 00:42:55.853457,0.0,22,839
15808,2022-03-30 06:48:55.457005,3.0,4,498
15809,2022-03-30 07:16:33.401670,3.0,4,1700
15810,2022-03-30 07:27:26.502259,3.0,4,2268
15811,2022-03-30 07:35:54.906755,0.0,22,498
15812,2022-03-30 07:51:47.720919,3.0,4,815
15813,2022-03-30 07:55:07.915725,20.0,23,815
15814,2022-03-30 07:59:31.879651,5.0,22,815
15815,2022-03-30 08:03:03.866604,20.0,23,815
15816,2022-03-30 08:04:44.020623,0.0,22,498
15817,2022-03-30 08:05:38.411326,3.0,4,2155
15818,2022-03-30 08:07:09.002958,5.0,22,815
15819,2022-03-30 08:07:25.861877,100.0,3,2517
15820,2022-03-30 08:08:12.791873,3.0,4,2517
15821,2022-03-30 08:15:10.186096,0.0,22,498
15822,2022-03-30 08:20:46.080747,20.0,23,2155
15823,2022-03-30 08:23:37.502989,3.0,4,43
15824,2022-03-30 08:25:51.532518,3.0,4,63
15825,2022-03-30 08:25:54.619647,3.0,4,2501
15826,2022-03-30 08:27:59.209868,3.0,4,1820
15827,2022-03-30 08:33:38.719187,30.0,23,815
15828,2022-03-30 08:33:53.042468,30.0,23,1820
15829,2022-03-30 08:36:28.434485,20.0,23,2155
15830,2022-03-30 08:41:30.814579,30.0,23,2501
15831,2022-03-30 08:42:27.119569,5.0,22,2155
15832,2022-03-30 08:42:27.939151,10.0,22,2501
15833,2022-03-30 08:43:41.178092,0.0,22,498
15834,2022-03-30 08:44:02.208982,30.0,23,2155
15835,2022-03-30 08:48:32.621149,0.0,22,498
15836,2022-03-30 08:48:32.634563,30.0,8,498
15837,2022-03-30 08:49:13.849101,10.0,22,815
15838,2022-03-30 08:51:21.370746,0.0,22,498
15839,2022-03-30 09:11:26.540687,3.0,4,2512
15840,2022-03-30 09:14:21.825881,5.0,22,2501
15841,2022-03-30 09:18:48.878476,5.0,22,2501
15842,2022-03-30 09:28:34.519969,0.0,22,2512
15843,2022-03-30 09:35:38.657763,0.0,22,2512
15844,2022-03-30 09:37:28.096973,0.0,22,2512
15845,2022-03-30 09:39:01.239577,0.0,22,2512
15846,2022-03-30 09:39:01.261536,100.0,9,2512
15847,2022-03-30 10:29:31.556411,0.0,22,498
15848,2022-03-30 10:35:21.157893,5.0,22,498
15849,2022-03-30 10:43:14.106546,5.0,22,2155
15850,2022-03-30 10:43:41.527410,20.0,23,2155
15851,2022-03-30 10:47:47.332223,5.0,22,2155
15852,2022-03-30 10:48:19.072893,30.0,23,2155
15853,2022-03-30 10:59:00.919456,0.0,22,498
15854,2022-03-30 11:02:49.017960,0.0,22,2512
15855,2022-03-30 11:09:32.702725,20.0,23,2155
15856,2022-03-30 11:27:00.933923,0.0,22,498
15857,2022-03-30 11:27:00.945916,100.0,9,498
15858,2022-03-30 12:26:01.543525,100.0,3,2519
15859,2022-03-30 12:26:06.374048,3.0,4,2519
15860,2022-03-30 12:43:37.156341,3.0,4,2509
15861,2022-03-30 12:43:37.926154,20.0,23,2509
15862,2022-03-30 12:43:53.283371,0.0,22,498
15863,2022-03-30 12:50:16.520297,5.0,22,2519
15864,2022-03-30 12:51:57.829303,20.0,23,2519
15865,2022-03-30 12:52:40.414736,3.0,4,82
15866,2022-03-30 12:54:14.231914,30.0,23,82
15867,2022-03-30 12:54:56.219785,0.0,22,498
15868,2022-03-30 12:57:49.420877,5.0,22,2519
15869,2022-03-30 12:59:12.571226,30.0,23,2519
15870,2022-03-30 13:10:26.630622,5.0,22,2509
15871,2022-03-30 13:12:25.263487,20.0,23,2509
15872,2022-03-30 13:16:06.836131,3.0,4,330
15873,2022-03-30 13:22:21.144224,10.0,22,82
15874,2022-03-30 13:29:21.787714,30.0,23,82
15875,2022-03-30 13:29:34.469461,5.0,22,2509
15876,2022-03-30 13:49:45.226293,5.0,22,2509
15877,2022-03-30 14:04:17.306505,20.0,23,2509
15878,2022-03-30 14:12:39.781196,5.0,22,2509
15879,2022-03-30 14:12:53.091112,20.0,23,2509
15880,2022-03-30 14:17:14.462411,5.0,22,2509
15881,2022-03-30 14:17:14.479120,30.0,8,2509
15882,2022-03-30 14:18:30.127312,30.0,23,2509
15883,2022-03-30 15:29:25.487709,0.0,22,2512
15884,2022-03-30 15:31:08.184670,0.0,22,2512
15885,2022-03-30 15:33:50.637467,0.0,22,2512
15886,2022-03-30 15:36:52.187141,0.0,22,2512
15887,2022-03-30 15:37:56.752323,0.0,22,2512
15888,2022-03-30 15:59:16.748586,0.0,22,2512
15889,2022-03-30 17:23:44.939816,100.0,3,2520
15890,2022-03-30 17:24:21.162772,3.0,4,2520
15891,2022-03-30 17:24:25.584140,20.0,27,2520
15892,2022-03-30 17:35:53.336591,3.0,4,413
15893,2022-03-30 18:19:24.525415,10.0,22,82
15894,2022-03-30 18:25:01.440149,100.0,3,2521
15895,2022-03-30 18:25:33.084151,3.0,4,2521
15896,2022-03-30 18:25:38.601902,20.0,27,2521
15897,2022-03-30 18:28:06.193642,3.0,4,1050
15898,2022-03-30 18:28:28.833321,20.0,27,2521
15899,2022-03-30 18:33:17.808497,3.0,4,50
15900,2022-03-30 18:35:45.532003,5.0,22,1050
15901,2022-03-30 18:38:12.267224,20.0,23,1050
15902,2022-03-30 18:43:18.926384,3.0,4,1495
15903,2022-03-30 18:45:15.694312,5.0,22,1050
15904,2022-03-30 18:45:31.245940,20.0,23,1050
15905,2022-03-30 18:50:36.754956,3.0,4,135
15906,2022-03-30 18:51:54.606460,5.0,22,1050
15907,2022-03-30 18:59:17.563735,3.0,4,2301
15908,2022-03-30 19:31:42.913078,10.0,22,135
15909,2022-03-30 19:40:04.279419,5.0,22,135
15910,2022-03-30 19:40:04.291350,100.0,9,135
15911,2022-03-30 20:30:37.286426,30.0,23,82
15912,2022-03-30 20:41:55.806394,3.0,4,2472
15913,2022-03-30 20:51:24.363796,10.0,22,82
15914,2022-03-30 21:17:21.183022,100.0,3,2522
15915,2022-03-30 21:17:38.336776,3.0,4,2522
15916,2022-03-30 21:29:14.286455,100.0,3,2523
15917,2022-03-30 21:29:41.393736,3.0,4,2523
15918,2022-03-30 21:29:46.037975,20.0,27,2523
15919,2022-03-30 21:31:56.800693,30.0,27,2523
15920,2022-03-30 21:33:11.107096,0.0,22,2512
15921,2022-03-30 22:00:11.184138,3.0,4,121
15922,2022-03-30 22:07:04.292580,5.0,22,2522
15923,2022-03-31 00:40:18.156026,3.0,4,2522
15924,2022-03-31 03:45:38.185974,3.0,4,1700
15925,2022-03-31 04:55:28.414561,3.0,4,589
15926,2022-03-31 05:04:36.875873,100.0,3,2524
15927,2022-03-31 05:04:52.181563,3.0,4,2524
15928,2022-03-31 06:18:24.409592,3.0,4,2366
15929,2022-03-31 06:18:39.005844,20.0,27,2366
15930,2022-03-31 06:43:54.620532,3.0,4,2479
15931,2022-03-31 06:47:56.913265,3.0,4,135
15932,2022-03-31 06:58:37.016943,3.0,4,2507
15933,2022-03-31 08:15:23.224615,3.0,4,2512
15934,2022-03-31 08:19:44.933599,3.0,4,1909
15935,2022-03-31 08:39:53.651085,100.0,3,2525
15936,2022-03-31 08:40:13.389758,3.0,4,2525
15937,2022-03-31 08:40:18.501590,20.0,27,2525
15938,2022-03-31 08:57:43.687358,3.0,4,2521
15939,2022-03-31 09:37:16.662668,3.0,4,2382
15940,2022-03-31 09:56:48.644972,100.0,3,2526
15941,2022-03-31 09:56:55.491090,3.0,4,2526
15942,2022-03-31 09:57:17.579855,20.0,23,2526
15943,2022-03-31 10:39:22.277315,5.0,22,2526
15944,2022-03-31 10:44:50.995863,3.0,4,2501
15945,2022-03-31 11:17:19.979849,3.0,4,623
15946,2022-03-31 11:21:43.322688,3.0,4,224
15947,2022-03-31 11:26:52.142852,3.0,4,2268
15948,2022-03-31 11:41:41.757502,3.0,4,1820
15949,2022-03-31 11:44:27.080590,3.0,4,1239
15950,2022-03-31 11:47:23.051705,10.0,22,1820
15951,2022-03-31 11:54:12.290771,3.0,4,2473
15952,2022-03-31 11:54:50.395375,20.0,27,2473
15953,2022-03-31 11:55:08.132169,20.0,27,2473
15954,2022-03-31 12:16:50.790259,5.0,22,2473
15955,2022-03-31 12:34:55.190789,20.0,23,2473
15956,2022-03-31 12:37:42.111503,100.0,3,2529
15957,2022-03-31 12:37:48.084186,3.0,4,2529
15958,2022-03-31 12:43:40.667530,5.0,22,2473
15959,2022-03-31 12:48:02.998322,5.0,22,2529
15960,2022-03-31 13:03:13.354705,3.0,4,422
15961,2022-03-31 13:20:59.362995,0.0,22,422
15962,2022-03-31 13:34:50.523817,3.0,4,82
15963,2022-03-31 13:41:59.702434,3.0,4,1833
15964,2022-03-31 13:48:41.379253,3.0,4,63
15965,2022-03-31 13:57:32.863407,30.0,23,82
15966,2022-03-31 14:03:02.088354,0.0,22,422
15967,2022-03-31 14:08:24.812141,5.0,22,63
15968,2022-03-31 14:28:26.388232,3.0,4,934
15969,2022-03-31 14:33:25.429931,10.0,22,82
15970,2022-03-31 15:04:31.372630,100.0,3,2530
15971,2022-03-31 15:04:52.952235,3.0,4,2530
15972,2022-03-31 15:19:01.018947,0.0,22,2530
15973,2022-03-31 15:28:05.036184,0.0,22,2530
15974,2022-03-31 15:37:12.155454,100.0,3,2531
15975,2022-03-31 15:37:12.167442,750.0,29,2531
15976,2022-03-31 15:37:25.570820,3.0,4,2531
15977,2022-03-31 15:38:36.461424,100.0,3,2532
15978,2022-03-31 15:38:36.497354,750.0,29,2532
15979,2022-03-31 15:38:55.289055,3.0,4,2532
15980,2022-03-31 15:40:10.361033,100.0,3,2533
15981,2022-03-31 15:40:30.510199,3.0,4,2533
15982,2022-03-31 15:42:49.944601,100.0,3,2534
15983,2022-03-31 15:42:49.956289,750.0,29,2534
15984,2022-03-31 15:43:03.730818,3.0,4,2534
15985,2022-03-31 15:43:31.598621,100.0,3,2535
15986,2022-03-31 15:43:31.614430,750.0,29,2535
15987,2022-03-31 15:44:03.849164,3.0,4,2535
15988,2022-03-31 15:48:46.256046,100.0,3,2537
15989,2022-03-31 15:48:46.268351,750.0,29,2537
15990,2022-03-31 15:48:50.240539,100.0,3,2536
15991,2022-03-31 15:49:03.279095,3.0,4,2536
15992,2022-03-31 15:49:04.205418,3.0,4,2537
15993,2022-03-31 15:50:28.315974,20.0,23,2536
15994,2022-03-31 15:50:35.382888,100.0,3,2538
15995,2022-03-31 15:50:35.396138,750.0,29,2538
15996,2022-03-31 15:50:42.831623,3.0,4,2538
15997,2022-03-31 15:54:17.924102,5.0,22,2536
15998,2022-03-31 15:55:23.514357,100.0,3,2541
15999,2022-03-31 15:55:23.529672,750.0,29,2541
16000,2022-03-31 15:55:34.363357,3.0,4,2541
16001,2022-03-31 15:57:06.213789,5.0,22,2536
16002,2022-03-31 15:58:44.451074,100.0,3,2542
16003,2022-03-31 15:58:44.467166,750.0,29,2542
16004,2022-03-31 15:59:00.321301,100.0,3,2540
16005,2022-03-31 15:59:00.334502,750.0,29,2540
16006,2022-03-31 16:00:43.134687,5.0,22,2526
16007,2022-03-31 16:01:01.024825,3.0,4,2542
16008,2022-03-31 16:01:51.454235,100.0,3,2543
16009,2022-03-31 16:01:51.473379,750.0,29,2543
16010,2022-03-31 16:03:27.647263,100.0,3,2544
16011,2022-03-31 16:03:27.661135,750.0,29,2544
16012,2022-03-31 16:03:43.845168,3.0,4,2544
16013,2022-03-31 16:03:51.250703,3.0,4,2543
16014,2022-03-31 16:04:05.541432,3.0,4,2540
16015,2022-03-31 16:12:08.715371,100.0,3,2545
16016,2022-03-31 16:12:08.732555,750.0,29,2545
16017,2022-03-31 16:12:32.120804,3.0,4,2545
16018,2022-03-31 16:14:03.374125,3.0,4,147
16019,2022-03-31 16:16:11.010880,3.0,4,2472
16020,2022-03-31 16:24:34.135845,3.0,4,2483
16021,2022-03-31 16:34:38.303530,100.0,3,2546
16022,2022-03-31 16:34:46.358119,3.0,4,2546
16023,2022-03-31 16:35:41.294995,0.0,22,2530
16024,2022-03-31 16:37:14.115832,5.0,22,2546
16025,2022-03-31 16:37:35.573397,0.0,22,2530
16026,2022-03-31 16:37:40.202557,100.0,3,2547
16027,2022-03-31 16:37:40.215807,750.0,29,2547
16028,2022-03-31 16:38:00.958565,3.0,4,2547
16029,2022-03-31 16:39:14.694764,100.0,3,2548
16030,2022-03-31 16:39:14.711612,750.0,29,2548
16031,2022-03-31 16:39:29.742754,3.0,4,2548
16032,2022-03-31 16:47:57.400352,0.0,22,2530
16033,2022-03-31 16:47:57.415693,30.0,8,2530
16034,2022-03-31 16:49:26.780384,100.0,3,2549
16035,2022-03-31 16:49:26.796219,750.0,29,2549
16036,2022-03-31 16:51:22.465615,0.0,22,2530
16037,2022-03-31 16:55:18.685064,0.0,22,2530
16038,2022-03-31 16:58:06.800970,0.0,22,2530
16039,2022-03-31 17:01:41.357220,100.0,3,2550
16040,2022-03-31 17:01:41.370463,750.0,29,2550
16041,2022-03-31 17:02:09.588043,3.0,4,2550
16042,2022-03-31 17:05:39.735334,3.0,4,105
16043,2022-03-31 17:06:33.679253,100.0,3,2551
16044,2022-03-31 17:06:33.692413,750.0,29,2551
16045,2022-03-31 17:07:26.936965,3.0,4,2551
16046,2022-03-31 17:11:51.765384,100.0,3,2539
16047,2022-03-31 17:11:51.782982,750.0,29,2539
16048,2022-03-31 17:12:04.117815,3.0,4,2539
16049,2022-03-31 17:13:55.780888,3.0,4,2503
16050,2022-03-31 17:15:39.200495,3.0,4,1815
16051,2022-03-31 17:19:57.025951,100.0,3,2552
16052,2022-03-31 17:19:57.037638,750.0,29,2552
16053,2022-03-31 17:20:17.078479,3.0,4,2552
16054,2022-03-31 17:29:43.662364,100.0,3,2553
16055,2022-03-31 17:29:43.676116,750.0,29,2553
16056,2022-03-31 17:30:01.462366,3.0,4,2553
16057,2022-03-31 18:03:56.812842,3.0,4,1009
16058,2022-03-31 18:07:26.967672,100.0,3,2554
16059,2022-03-31 18:07:26.983869,750.0,29,2554
16060,2022-03-31 18:08:27.725498,3.0,4,2554
16061,2022-03-31 18:08:34.344256,3.0,4,2434
16062,2022-03-31 18:09:10.672119,5.0,22,147
16063,2022-03-31 18:15:15.769398,100.0,3,2556
16064,2022-03-31 18:15:15.783165,750.0,29,2556
16065,2022-03-31 18:15:26.490410,100.0,3,2555
16066,2022-03-31 18:15:26.502008,750.0,29,2555
16067,2022-03-31 18:15:31.648091,3.0,4,2556
16068,2022-03-31 18:15:52.758459,3.0,4,2555
16069,2022-03-31 18:20:21.815580,100.0,3,2557
16070,2022-03-31 18:20:21.828630,750.0,29,2557
16071,2022-03-31 18:20:59.589395,3.0,4,2557
16072,2022-03-31 18:28:14.151378,5.0,22,1009
16073,2022-03-31 18:29:19.929061,100.0,3,2558
16074,2022-03-31 18:29:19.942115,750.0,29,2558
16075,2022-03-31 18:29:47.804399,3.0,4,2558
16076,2022-03-31 19:34:57.523725,100.0,3,2559
16077,2022-03-31 19:34:57.556786,750.0,29,2559
16078,2022-03-31 19:43:16.100252,0.0,22,2530
16079,2022-03-31 19:46:38.942631,3.0,4,2301
16080,2022-03-31 19:46:39.372442,0.0,22,2512
16081,2022-03-31 19:47:22.069963,0.0,22,2530
16082,2022-03-31 19:47:22.087073,100.0,9,2530
16083,2022-03-31 19:49:37.240678,0.0,22,2530
16084,2022-03-31 19:51:12.182621,0.0,22,2512
16085,2022-03-31 19:58:05.692720,0.0,22,2512
16086,2022-03-31 20:06:26.214121,0.0,22,2512
16087,2022-03-31 20:24:43.500660,3.0,4,1203
16088,2022-03-31 20:25:41.429360,100.0,3,2560
16089,2022-03-31 20:25:41.440382,750.0,29,2560
16090,2022-03-31 20:26:12.639566,3.0,4,2560
16091,2022-03-31 20:26:42.463699,20.0,27,1203
16092,2022-03-31 20:27:25.482644,3.0,4,2549
16093,2022-03-31 20:31:56.333543,100.0,3,2562
16094,2022-03-31 20:31:56.346723,750.0,29,2562
16095,2022-03-31 20:32:22.498981,3.0,4,2562
16096,2022-03-31 20:32:26.210058,30.0,27,2556
16097,2022-03-31 20:38:29.061743,100.0,3,2563
16098,2022-03-31 20:38:29.075816,750.0,29,2563
16099,2022-03-31 20:39:22.072455,3.0,4,2563
16100,2022-03-31 20:46:25.561276,100.0,3,2564
16101,2022-03-31 20:46:25.574015,750.0,29,2564
16102,2022-03-31 20:46:58.335267,3.0,4,2564
16103,2022-04-01 01:58:04.354414,100.0,3,2565
16104,2022-04-01 01:58:04.371549,750.0,29,2565
16105,2022-04-01 01:58:32.383244,3.0,4,2565
16106,2022-04-01 02:35:35.002420,3.0,4,2549
16107,2022-04-01 03:54:21.975424,3.0,4,2503
16108,2022-04-01 04:06:32.485921,5.0,22,2503
16109,2022-04-01 05:01:52.186652,100.0,3,2566
16110,2022-04-01 05:02:05.694673,3.0,4,2566
16111,2022-04-01 05:02:51.218939,20.0,23,2566
16112,2022-04-01 05:20:58.792424,5.0,22,2566
16113,2022-04-01 05:52:53.516028,3.0,4,2268
16114,2022-04-01 06:01:40.714840,3.0,4,2544
16115,2022-04-01 06:10:27.857219,3.0,4,2539
16116,2022-04-01 06:19:27.290749,100.0,3,2567
16117,2022-04-01 06:19:27.299807,750.0,29,2567
16118,2022-04-01 06:19:44.351546,3.0,4,2567
16119,2022-04-01 06:44:21.117090,20.0,23,2566
16120,2022-04-01 06:51:03.534628,10.0,22,2566
16121,2022-04-01 06:55:03.007946,5.0,22,2566
16122,2022-04-01 07:04:26.502196,5.0,22,2566
16123,2022-04-01 07:11:37.612486,3.0,4,2531
16124,2022-04-01 07:27:58.164260,3.0,4,2538
16125,2022-04-01 07:28:32.248093,30.0,27,2567
16126,2022-04-01 08:01:34.585339,10.0,22,2566
16127,2022-04-01 08:01:34.596641,30.0,8,2566
16128,2022-04-01 08:13:21.135015,3.0,4,135
16129,2022-04-01 08:20:38.040315,3.0,4,1426
16130,2022-04-01 08:21:01.772607,100.0,3,2568
16131,2022-04-01 08:21:01.786264,750.0,29,2568
16132,2022-04-01 08:21:09.863133,3.0,4,2568
16133,2022-04-01 08:39:25.163986,3.0,4,2556
16134,2022-04-01 08:48:01.065699,3.0,4,63
16135,2022-04-01 09:00:24.431721,20.0,23,2566
16136,2022-04-01 09:10:10.806190,5.0,22,2566
16137,2022-04-01 09:20:17.727087,100.0,3,2570
16138,2022-04-01 09:20:17.746561,750.0,29,2570
16139,2022-04-01 09:20:43.443742,3.0,4,2570
16140,2022-04-01 09:42:21.015133,3.0,4,269
16141,2022-04-01 10:21:47.527701,3.0,4,2548
16142,2022-04-01 10:29:11.071451,3.0,4,2379
16143,2022-04-01 10:31:18.822442,5.0,22,2379
16144,2022-04-01 10:34:01.963027,3.0,4,2509
16145,2022-04-01 10:39:46.414779,10.0,22,2509
16146,2022-04-01 10:40:37.369007,30.0,23,2509
16147,2022-04-01 10:59:17.930342,3.0,4,1294
16148,2022-04-01 11:18:12.729583,10.0,22,2509
16149,2022-04-01 11:30:29.203636,100.0,3,2572
16150,2022-04-01 11:31:06.637528,3.0,4,2572
16151,2022-04-01 11:31:16.568521,30.0,27,2572
16152,2022-04-01 11:59:49.856261,3.0,4,226
16153,2022-04-01 12:18:24.145147,3.0,4,1011
16154,2022-04-01 12:25:39.658442,100.0,3,2573
16155,2022-04-01 12:25:50.190717,3.0,4,2573
16156,2022-04-01 12:31:39.703845,100.0,3,2574
16157,2022-04-01 12:31:39.729172,750.0,29,2574
16158,2022-04-01 12:31:57.855081,3.0,4,2574
16159,2022-04-01 12:41:20.652213,20.0,23,2573
16160,2022-04-01 12:44:55.643062,3.0,4,2530
16161,2022-04-01 12:52:29.949491,3.0,4,1280
16162,2022-04-01 13:25:58.408334,3.0,4,50
16163,2022-04-01 13:27:31.398992,100.0,3,2575
16164,2022-04-01 13:27:31.416910,750.0,29,2575
16165,2022-04-01 13:27:59.653970,3.0,4,2575
16166,2022-04-01 13:43:58.010556,100.0,3,2576
16167,2022-04-01 13:43:58.026060,750.0,29,2576
16168,2022-04-01 13:45:31.942996,3.0,4,2576
16169,2022-04-01 14:02:46.746919,5.0,22,63
16170,2022-04-01 14:13:16.385119,3.0,4,551
16171,2022-04-01 14:14:38.238786,3.0,4,1709
16172,2022-04-01 14:20:12.596779,5.0,22,63
16173,2022-04-01 14:20:50.868928,5.0,22,63
16174,2022-04-01 14:21:00.678754,5.0,22,63
16175,2022-04-01 14:22:12.305883,10.0,22,63
16176,2022-04-01 14:22:13.898470,3.0,4,276
16177,2022-04-01 14:22:30.081038,10.0,22,63
16178,2022-04-01 14:22:45.482245,10.0,22,63
16179,2022-04-01 14:23:26.194418,5.0,22,63
16180,2022-04-01 14:32:51.661257,30.0,23,63
16181,2022-04-01 14:49:19.053912,3.0,4,1816
16182,2022-04-01 15:20:19.486771,10.0,22,63
16183,2022-04-01 15:22:54.719786,5.0,22,551
16184,2022-04-01 15:26:36.948466,5.0,22,551
16185,2022-04-01 15:28:00.952821,5.0,22,551
16186,2022-04-01 16:00:50.681107,3.0,4,2374
16187,2022-04-01 16:26:43.160126,3.0,4,1769
16188,2022-04-01 16:47:04.092492,0.0,22,2530
16189,2022-04-01 16:47:51.092677,5.0,22,1769
16190,2022-04-01 16:58:35.056586,5.0,22,1769
16191,2022-04-01 17:04:55.834571,5.0,22,1769
16192,2022-04-01 17:12:24.743618,0.0,22,2530
16193,2022-04-01 17:35:38.669577,100.0,3,2577
16194,2022-04-01 17:35:48.907106,3.0,4,2577
16195,2022-04-01 17:47:34.619566,3.0,4,2512
16196,2022-04-01 17:55:24.728829,0.0,22,2530
16197,2022-04-01 18:01:15.997705,0.0,22,2512
16198,2022-04-01 18:03:25.051862,0.0,22,2530
16199,2022-04-01 18:13:31.989262,5.0,22,1769
16200,2022-04-01 18:20:26.777336,100.0,3,2578
16201,2022-04-01 18:20:33.388543,3.0,4,2578
16202,2022-04-01 18:26:01.970103,20.0,23,2578
16203,2022-04-01 18:56:33.014751,3.0,4,223
16204,2022-04-01 19:35:41.355505,0.0,22,2512
16205,2022-04-01 19:54:19.394013,0.0,22,2512
16206,2022-04-01 19:54:19.409004,200.0,10,2512
16207,2022-04-01 19:58:54.437086,3.0,4,2458
16208,2022-04-01 20:00:29.789221,0.0,22,2512
16209,2022-04-01 20:12:26.551261,3.0,4,2504
16210,2022-04-01 20:18:29.106563,3.0,4,2301
16211,2022-04-01 20:21:56.132204,0.0,22,2512
16212,2022-04-01 20:30:55.018450,0.0,22,2512
16213,2022-04-01 20:32:00.288139,3.0,4,121
16214,2022-04-01 20:37:26.231569,5.0,22,2458
16215,2022-04-01 21:25:52.391111,3.0,4,2472
16216,2022-04-02 04:27:40.840011,3.0,4,2524
16217,2022-04-02 05:19:33.703003,3.0,4,1126
16218,2022-04-02 05:59:16.322732,10.0,22,2524
16219,2022-04-02 06:02:46.931135,3.0,4,2544
16220,2022-04-02 06:27:43.943132,5.0,22,2524
16221,2022-04-02 06:42:20.841982,3.0,4,1445
16222,2022-04-02 07:05:54.377743,3.0,4,2549
16223,2022-04-02 07:08:57.281860,10.0,22,2524
16224,2022-04-02 08:34:12.059632,3.0,4,275
16225,2022-04-02 08:41:41.632964,5.0,22,275
16226,2022-04-02 08:56:36.894493,5.0,22,275
16227,2022-04-02 08:58:52.292360,5.0,22,275
16228,2022-04-02 09:02:07.279123,5.0,22,275
16229,2022-04-02 09:05:07.778515,5.0,22,275
16230,2022-04-02 09:05:54.625992,5.0,22,275
16231,2022-04-02 09:11:03.630433,5.0,22,275
16232,2022-04-02 09:11:09.589538,3.0,4,2301
16233,2022-04-02 09:14:04.227334,5.0,22,275
16234,2022-04-02 09:17:35.559299,5.0,22,275
16235,2022-04-02 09:19:12.642984,5.0,22,275
16236,2022-04-02 09:22:00.298822,3.0,4,1909
16237,2022-04-02 09:23:31.835334,30.0,23,1909
16238,2022-04-02 09:28:44.590727,100.0,3,2580
16239,2022-04-02 09:28:49.826158,3.0,4,2580
16240,2022-04-02 09:29:02.937008,20.0,23,2580
16241,2022-04-02 09:32:42.372034,10.0,22,1909
16242,2022-04-02 09:37:19.296314,3.0,4,551
16243,2022-04-02 09:44:31.463593,5.0,22,551
16244,2022-04-02 09:50:41.893449,5.0,22,551
16245,2022-04-02 09:53:50.069267,5.0,22,551
16246,2022-04-02 09:56:05.104206,5.0,22,551
16247,2022-04-02 09:57:51.835457,5.0,22,551
16248,2022-04-02 09:58:39.866130,5.0,22,551
16249,2022-04-02 09:59:36.639306,5.0,22,551
16250,2022-04-02 10:00:39.817248,5.0,22,551
16251,2022-04-02 10:01:17.927222,5.0,22,551
16252,2022-04-02 10:02:22.467370,5.0,22,551
16253,2022-04-02 10:03:20.100463,5.0,22,551
16254,2022-04-02 10:03:49.161176,5.0,22,551
16255,2022-04-02 10:04:21.824330,5.0,22,551
16256,2022-04-02 10:04:55.601439,5.0,22,551
16257,2022-04-02 10:24:47.208717,5.0,22,551
16258,2022-04-02 10:30:23.797270,5.0,22,551
16259,2022-04-02 10:31:31.295368,5.0,22,551
16260,2022-04-02 10:33:49.351432,5.0,22,551
16261,2022-04-02 10:36:05.961570,5.0,22,551
16262,2022-04-02 10:37:47.688740,20.0,22,1909
16263,2022-04-02 10:38:31.126036,5.0,22,551
16264,2022-04-02 10:40:34.497868,5.0,22,551
16265,2022-04-02 10:42:22.606845,5.0,22,551
16266,2022-04-02 10:44:57.952812,5.0,22,551
16267,2022-04-02 10:46:38.460680,5.0,22,551
16268,2022-04-02 10:48:37.637289,5.0,22,551
16269,2022-04-02 10:49:22.728873,5.0,22,551
16270,2022-04-02 10:50:23.297386,5.0,22,551
16271,2022-04-02 11:22:24.518898,100.0,3,2581
16272,2022-04-02 11:22:36.961339,3.0,4,2581
16273,2022-04-02 11:47:58.337731,3.0,4,222
16274,2022-04-02 12:51:39.148663,20.0,22,2524
16275,2022-04-02 14:08:50.215946,3.0,4,1989
16276,2022-04-02 14:12:27.200320,3.0,4,1178
16277,2022-04-02 15:08:10.465785,3.0,4,1387
16278,2022-04-02 15:14:20.853529,3.0,4,1700
16279,2022-04-02 15:15:15.192841,20.0,23,1700
16280,2022-04-02 15:33:47.723102,5.0,22,1700
16281,2022-04-02 15:36:47.273139,20.0,23,1700
16282,2022-04-02 16:02:49.967051,3.0,4,2504
16283,2022-04-02 16:03:37.282371,3.0,4,263
16284,2022-04-02 16:05:00.850881,5.0,22,1700
16285,2022-04-02 16:09:56.820554,20.0,27,2504
16286,2022-04-02 16:15:50.995364,5.0,22,2504
16287,2022-04-02 16:17:43.572254,20.0,23,2504
16288,2022-04-02 16:27:29.386483,5.0,22,2504
16289,2022-04-02 16:27:44.972468,3.0,4,2284
16290,2022-04-02 16:29:01.910194,30.0,23,2284
16291,2022-04-02 16:29:44.401019,5.0,22,2504
16292,2022-04-02 16:39:27.418600,5.0,22,2504
16293,2022-04-02 16:40:56.661692,100.0,3,2583
16294,2022-04-02 16:41:15.101673,3.0,4,2583
16295,2022-04-02 16:56:21.486688,100.0,3,2584
16296,2022-04-02 16:56:26.488177,3.0,4,2584
16297,2022-04-02 17:17:56.226453,20.0,23,2584
16298,2022-04-02 17:42:16.493120,100.0,3,2585
16299,2022-04-02 17:42:29.116660,3.0,4,2585
16300,2022-04-02 18:38:08.130154,20.0,23,2585
16301,2022-04-02 18:40:05.990923,5.0,22,2585
16302,2022-04-02 18:47:13.249603,3.0,4,258
16303,2022-04-02 19:13:44.125887,100.0,3,2586
16304,2022-04-02 19:13:57.524184,3.0,4,2586
16305,2022-04-02 19:18:52.096047,3.0,4,2554
16306,2022-04-02 19:30:07.063027,3.0,4,2503
16307,2022-04-02 19:35:02.382023,30.0,23,2503
16308,2022-04-02 19:37:04.035775,10.0,22,2503
16309,2022-04-02 19:47:40.852704,20.0,23,2503
16310,2022-04-02 20:27:56.272427,3.0,4,2512
16311,2022-04-02 20:33:05.254336,5.0,22,2585
16312,2022-04-02 21:25:11.489579,0.0,22,2512
16313,2022-04-02 22:00:11.662555,3.0,4,121
16314,2022-04-03 03:16:11.997967,100.0,3,2587
16315,2022-04-03 03:16:55.953158,3.0,4,2587
16316,2022-04-03 03:17:12.621199,30.0,27,2587
16317,2022-04-03 03:19:50.454958,20.0,27,2587
16318,2022-04-03 03:21:33.914026,30.0,27,2587
16319,2022-04-03 04:23:11.743528,3.0,4,2565
16320,2022-04-03 04:55:34.916030,3.0,4,2524
16321,2022-04-03 05:17:32.560675,3.0,4,2483
16322,2022-04-03 06:04:28.456234,3.0,4,2544
16323,2022-04-03 06:18:32.230051,5.0,22,2524
16324,2022-04-03 06:18:32.240834,30.0,8,2524
16325,2022-04-03 06:26:35.027627,3.0,4,1700
16326,2022-04-03 06:49:08.394962,3.0,4,2549
16327,2022-04-03 07:18:47.057925,3.0,4,263
16328,2022-04-03 07:18:50.584443,0.0,22,263
16329,2022-04-03 08:19:41.389632,100.0,3,2590
16330,2022-04-03 08:20:05.075364,3.0,4,2590
16331,2022-04-03 08:20:47.086976,20.0,23,2590
16332,2022-04-03 08:23:16.742007,10.0,22,2590
16333,2022-04-03 09:13:19.865058,100.0,3,2589
16334,2022-04-03 09:15:33.040728,3.0,4,2295
16335,2022-04-03 09:47:29.013871,3.0,4,269
16336,2022-04-03 10:00:13.328561,3.0,4,2301
16337,2022-04-03 10:03:07.214748,3.0,4,2512
16338,2022-04-03 10:03:07.228262,30.0,5,2512
16339,2022-04-03 10:17:15.114108,3.0,4,2501
16340,2022-04-03 10:26:40.506178,5.0,22,2501
16341,2022-04-03 10:44:59.533676,3.0,4,82
16342,2022-04-03 10:48:56.942573,30.0,23,82
16343,2022-04-03 10:55:42.246949,40.0,23,2524
16344,2022-04-03 10:57:07.573062,10.0,22,82
16345,2022-04-03 11:00:10.304301,30.0,23,82
16346,2022-04-03 11:15:27.970165,20.0,22,2524
16347,2022-04-03 11:28:25.560532,5.0,22,2501
16348,2022-04-03 11:28:25.574490,100.0,9,2501
16349,2022-04-03 11:35:56.543411,20.0,23,1700
16350,2022-04-03 11:39:36.954666,10.0,22,82
16351,2022-04-03 11:47:08.777465,5.0,22,1700
16352,2022-04-03 11:47:38.556308,20.0,23,1700
16353,2022-04-03 11:49:51.392641,5.0,22,1700
16354,2022-04-03 11:50:14.293777,20.0,23,1700
16355,2022-04-03 11:55:22.413226,3.0,4,258
16356,2022-04-03 11:55:37.414744,5.0,22,1700
16357,2022-04-03 11:59:55.150759,5.0,22,258
16358,2022-04-03 12:05:14.786546,5.0,22,258
16359,2022-04-03 12:12:47.551100,3.0,4,2268
16360,2022-04-03 12:13:49.232321,5.0,22,258
16361,2022-04-03 12:32:43.074607,5.0,22,258
16362,2022-04-03 12:32:50.626635,3.0,4,220
16363,2022-04-03 12:36:56.490596,5.0,22,258
16364,2022-04-03 12:38:38.628940,5.0,22,258
16365,2022-04-03 12:50:27.137601,5.0,22,258
16366,2022-04-03 12:52:48.959668,5.0,22,258
16367,2022-04-03 12:56:41.428185,5.0,22,258
16368,2022-04-03 13:11:26.686657,3.0,4,2503
16369,2022-04-03 13:22:36.859454,100.0,3,2591
16370,2022-04-03 13:22:36.873933,750.0,29,2591
16371,2022-04-03 13:22:45.651805,3.0,4,2591
16372,2022-04-03 13:56:11.849740,3.0,4,607
16373,2022-04-03 14:03:02.041456,3.0,4,1090
16374,2022-04-03 14:04:29.782753,0.0,22,1090
16375,2022-04-03 14:05:29.359785,0.0,22,1090
16376,2022-04-03 14:05:52.675149,0.0,22,1090
16377,2022-04-03 15:08:26.315312,3.0,4,63
16378,2022-04-03 15:14:16.673340,3.0,4,1693
16379,2022-04-03 15:16:05.425019,3.0,4,786
16380,2022-04-03 15:16:56.545473,0.0,22,220
16381,2022-04-03 15:20:54.485403,0.0,22,220
16382,2022-04-03 15:20:58.364366,5.0,22,1693
16383,2022-04-03 15:54:06.390562,3.0,4,2394
16384,2022-04-03 15:54:09.799902,20.0,27,2394
16385,2022-04-03 17:43:30.902309,100.0,3,2592
16386,2022-04-03 17:43:50.794810,3.0,4,2592
16387,2022-04-03 18:51:29.928968,100.0,3,2593
16388,2022-04-03 18:51:48.881666,3.0,4,2593
16389,2022-04-03 18:52:48.241681,20.0,23,2593
16390,2022-04-03 19:01:16.697471,20.0,23,2593
16391,2022-04-03 19:25:37.301746,5.0,22,2593
16392,2022-04-03 19:38:12.883043,20.0,23,2593
16393,2022-04-03 19:38:19.924645,5.0,22,2593
16394,2022-04-03 19:59:39.893961,3.0,4,2458
16395,2022-04-03 20:47:19.126398,3.0,4,275
16396,2022-04-03 20:48:23.015965,5.0,22,275
16397,2022-04-03 20:49:04.529075,5.0,22,275
16398,2022-04-03 20:50:51.814723,5.0,22,275
16399,2022-04-03 20:52:10.837174,5.0,22,275
16400,2022-04-03 20:52:52.752298,5.0,22,275
16401,2022-04-03 20:53:36.116532,5.0,22,275
16402,2022-04-03 20:54:21.314457,5.0,22,275
16403,2022-04-03 21:03:18.467606,5.0,22,275
16404,2022-04-03 21:11:37.756747,5.0,22,275
16405,2022-04-03 21:13:35.368673,5.0,22,275
16406,2022-04-03 21:15:06.594188,3.0,4,2585
16407,2022-04-03 21:18:00.363996,5.0,22,275
16408,2022-04-03 21:20:11.256790,5.0,22,275
16409,2022-04-03 21:21:52.656497,5.0,22,275
16410,2022-04-03 21:23:20.252496,30.0,23,1700
16411,2022-04-03 21:24:16.751094,5.0,22,275
16412,2022-04-03 21:25:49.082486,5.0,22,2585
16413,2022-04-03 21:26:48.802226,5.0,22,275
16414,2022-04-03 21:28:25.023254,5.0,22,275
16415,2022-04-03 21:29:22.028236,5.0,22,275
16416,2022-04-03 21:30:49.110899,5.0,22,275
16417,2022-04-03 21:32:08.468761,5.0,22,275
16418,2022-04-03 21:33:37.377824,5.0,22,275
16419,2022-04-03 22:00:09.346058,3.0,4,121
16420,2022-04-03 23:30:02.685297,753.0,4,2561
16421,2022-04-03 23:53:10.873897,3.0,4,438
16422,2022-04-04 00:03:34.235946,5.0,22,438
16423,2022-04-04 00:04:09.551282,3.0,4,438
16424,2022-04-04 00:05:22.393886,20.0,23,438
16425,2022-04-04 00:10:02.770838,5.0,22,438
16426,2022-04-04 00:14:53.642341,10.0,22,438
16427,2022-04-04 00:20:02.448744,30.0,27,438
16428,2022-04-04 00:28:51.709368,5.0,22,438
16429,2022-04-04 02:25:10.636842,100.0,3,2594
16430,2022-04-04 02:25:24.057018,3.0,4,2594
16431,2022-04-04 02:32:31.950633,3.0,4,2549
16432,2022-04-04 05:15:05.032646,3.0,4,1700
16433,2022-04-04 05:48:15.143692,10.0,22,1700
16434,2022-04-04 06:21:28.521759,20.0,23,1700
16435,2022-04-04 06:38:45.136981,5.0,22,1700
16436,2022-04-04 06:50:49.519265,3.0,4,258
16437,2022-04-04 06:51:28.506817,3.0,4,1107
16438,2022-04-04 06:52:00.959920,100.0,3,2595
16439,2022-04-04 06:52:16.907445,3.0,4,2595
16440,2022-04-04 06:57:21.976852,5.0,22,2595
16441,2022-04-04 07:07:14.989676,3.0,4,2567
16442,2022-04-04 07:10:18.381096,5.0,22,2567
16443,2022-04-04 07:17:23.611677,3.0,4,275
16444,2022-04-04 07:19:34.128647,3.0,4,63
16445,2022-04-04 07:21:05.491406,30.0,23,2567
16446,2022-04-04 07:39:49.936249,3.0,4,2566
16447,2022-04-04 07:40:27.261299,30.0,27,2566
16448,2022-04-04 07:43:01.370261,20.0,23,2566
16449,2022-04-04 07:46:45.384734,5.0,22,2566
16450,2022-04-04 07:48:21.964759,3.0,4,551
16451,2022-04-04 07:55:43.102857,10.0,22,63
16452,2022-04-04 08:00:23.934478,20.0,23,2566
16453,2022-04-04 08:01:26.807572,0.0,22,258
16454,2022-04-04 08:12:35.502526,5.0,22,2566
16455,2022-04-04 08:29:10.137015,3.0,4,2379
16456,2022-04-04 08:34:36.388546,5.0,22,2567
16457,2022-04-04 08:36:46.933648,20.0,23,2567
16458,2022-04-04 08:45:23.812809,5.0,22,2567
16459,2022-04-04 08:49:38.511829,3.0,4,266
16460,2022-04-04 08:57:05.805607,0.0,22,258
16461,2022-04-04 09:01:49.089477,100.0,3,2456
16462,2022-04-04 09:01:55.190792,3.0,4,2456
16463,2022-04-04 09:11:33.627325,5.0,22,258
16464,2022-04-04 09:32:50.797272,0.0,22,258
16465,2022-04-04 09:37:05.409127,20.0,23,438
16466,2022-04-04 09:39:59.496147,5.0,22,438
16467,2022-04-04 09:40:39.476928,20.0,23,438
16468,2022-04-04 09:41:38.284389,3.0,4,1769
16469,2022-04-04 09:45:26.655598,0.0,22,258
16470,2022-04-04 09:48:21.226566,3.0,4,839
16471,2022-04-04 10:05:58.388897,0.0,22,839
16472,2022-04-04 10:10:01.519697,100.0,3,2596
16473,2022-04-04 10:10:38.124662,3.0,4,2596
16474,2022-04-04 10:13:51.693429,0.0,22,258
16475,2022-04-04 10:40:23.313715,3.0,4,2548
16476,2022-04-04 10:52:39.776807,3.0,4,287
16477,2022-04-04 11:15:00.996761,5.0,22,258
16478,2022-04-04 11:45:59.521060,3.0,4,224
16479,2022-04-04 12:19:11.952639,3.0,4,1280
16480,2022-04-04 12:28:07.835816,5.0,22,258
16481,2022-04-04 12:30:51.353731,3.0,4,1709
16482,2022-04-04 12:31:24.964104,5.0,22,258
16483,2022-04-04 12:31:41.754707,5.0,22,1709
16484,2022-04-04 12:32:41.818532,5.0,22,258
16485,2022-04-04 12:34:53.066886,5.0,22,1709
16486,2022-04-04 12:38:24.968463,5.0,22,258
16487,2022-04-04 12:42:24.459449,5.0,22,1709
16488,2022-04-04 12:46:02.235731,5.0,22,1709
16489,2022-04-04 12:50:18.456005,5.0,22,1709
16490,2022-04-04 12:56:45.731414,5.0,22,1709
16491,2022-04-04 12:57:50.760183,5.0,22,1709
16492,2022-04-04 12:58:58.695857,5.0,22,1709
16493,2022-04-04 13:00:24.263460,5.0,22,1709
16494,2022-04-04 13:03:29.676747,3.0,4,1544
16495,2022-04-04 13:04:00.543264,5.0,22,1709
16496,2022-04-04 13:06:37.401909,20.0,23,1544
16497,2022-04-04 13:10:44.224212,3.0,4,1239
16498,2022-04-04 13:10:52.972077,5.0,22,1544
16499,2022-04-04 13:17:18.533436,100.0,3,2597
16500,2022-04-04 13:17:25.884301,3.0,4,2597
16501,2022-04-04 13:18:23.540853,5.0,22,258
16502,2022-04-04 13:54:49.750237,3.0,4,2526
16503,2022-04-04 14:00:36.949642,3.0,4,1318
16504,2022-04-04 15:21:32.071236,3.0,4,220
16505,2022-04-04 15:23:24.894553,100.0,3,2598
16506,2022-04-04 15:23:39.494941,3.0,4,2598
16507,2022-04-04 15:57:02.530956,3.0,4,1674
16508,2022-04-04 16:19:10.266915,3.0,4,381
16509,2022-04-04 16:22:23.397352,3.0,4,2561
16510,2022-04-04 16:56:57.939128,20.0,23,1700
16511,2022-04-04 17:11:32.871857,3.0,4,2544
16512,2022-04-04 17:17:00.480242,3.0,4,2268
16513,2022-04-04 17:52:32.554078,3.0,4,2524
16514,2022-04-04 18:01:58.032494,5.0,22,2524
16515,2022-04-04 18:02:37.794909,3.0,4,1506
16516,2022-04-04 18:04:18.659298,3.0,4,372
16517,2022-04-04 18:36:50.188888,100.0,3,2599
16518,2022-04-04 18:37:05.646583,3.0,4,2599
16519,2022-04-04 18:45:01.875175,100.0,3,2600
16520,2022-04-04 18:45:06.855556,5.0,22,1700
16521,2022-04-04 18:45:26.550488,3.0,4,2600
16522,2022-04-04 18:48:48.923693,20.0,23,2600
16523,2022-04-04 18:49:29.011957,20.0,23,1700
16524,2022-04-04 18:56:03.318386,5.0,22,1700
16525,2022-04-04 18:58:04.543176,20.0,23,1700
16526,2022-04-04 19:05:42.712472,5.0,22,1700
16527,2022-04-04 19:11:55.239187,10.0,22,2600
16528,2022-04-04 19:28:24.024648,10.0,22,275
16529,2022-04-04 19:43:26.431377,5.0,22,275
16530,2022-04-04 19:47:14.334575,10.0,22,2600
16531,2022-04-04 19:50:18.929549,10.0,22,275
16532,2022-04-04 19:51:29.878871,5.0,22,275
16533,2022-04-04 20:24:22.265859,3.0,4,2530
16534,2022-04-04 20:24:41.349581,3.0,4,2387
16535,2022-04-04 20:30:12.466041,5.0,22,2530
16536,2022-04-04 20:31:13.400452,5.0,22,2530
16537,2022-04-04 20:38:19.580142,5.0,22,2530
16538,2022-04-04 20:43:57.084617,5.0,22,2530
16539,2022-04-04 20:48:54.927549,5.0,22,2530
16540,2022-04-04 20:51:47.668760,5.0,22,2530
16541,2022-04-04 20:53:27.793105,5.0,22,2530
16542,2022-04-04 20:55:11.301775,5.0,22,2530
16543,2022-04-04 20:55:39.895321,5.0,22,2530
16544,2022-04-04 20:59:43.896120,5.0,22,2530
16545,2022-04-04 20:59:43.910147,200.0,10,2530
16546,2022-04-04 21:16:37.470872,3.0,4,221
16547,2022-04-04 22:00:11.070308,3.0,4,121
16548,2022-04-04 22:53:08.597091,100.0,3,2601
16549,2022-04-04 22:53:42.685130,3.0,4,2601
16550,2022-04-05 00:19:35.135995,100.0,3,2602
16551,2022-04-05 00:19:35.150326,750.0,29,2602
16552,2022-04-05 00:19:57.347568,3.0,4,2602
16553,2022-04-05 00:25:42.101576,30.0,27,2602
16554,2022-04-05 02:10:40.718004,3.0,4,2549
16555,2022-04-05 03:24:00.184215,3.0,4,372
16556,2022-04-05 04:08:07.135183,100.0,3,2604
16557,2022-04-05 04:08:47.896395,3.0,4,2604
16558,2022-04-05 04:31:17.412390,3.0,4,2524
16559,2022-04-05 04:46:56.773317,3.0,4,2222
16560,2022-04-05 04:53:48.672435,100.0,3,2605
16561,2022-04-05 04:57:04.947984,3.0,4,2605
16562,2022-04-05 05:11:43.375452,3.0,4,275
16563,2022-04-05 05:54:19.840823,3.0,4,2544
16564,2022-04-05 06:06:51.743861,3.0,4,1318
16565,2022-04-05 06:08:54.410490,3.0,4,258
16566,2022-04-05 06:19:19.861590,100.0,3,2606
16567,2022-04-05 06:19:24.501791,3.0,4,2606
16568,2022-04-05 06:29:08.710660,3.0,4,2268
16569,2022-04-05 06:50:34.310187,3.0,4,551
16570,2022-04-05 06:58:34.398929,10.0,22,551
16571,2022-04-05 07:02:54.202494,20.0,23,551
16572,2022-04-05 07:05:26.414982,5.0,22,551
16573,2022-04-05 07:14:13.980419,5.0,22,551
16574,2022-04-05 07:21:25.146350,5.0,22,551
16575,2022-04-05 07:29:11.061963,5.0,22,551
16576,2022-04-05 07:39:41.516492,10.0,22,551
16577,2022-04-05 07:49:40.072602,5.0,22,551
16578,2022-04-05 07:51:54.413500,100.0,3,2607
16579,2022-04-05 07:52:07.603357,3.0,4,2607
16580,2022-04-05 07:52:46.441978,10.0,22,551
16581,2022-04-05 07:56:43.100903,5.0,22,2607
16582,2022-04-05 07:59:16.785709,3.0,4,63
16583,2022-04-05 07:59:20.463997,20.0,23,2607
16584,2022-04-05 08:06:29.945604,5.0,22,2607
16585,2022-04-05 08:11:08.873237,20.0,23,2607
16586,2022-04-05 08:25:08.258280,5.0,22,2607
16587,2022-04-05 08:25:21.579514,20.0,23,2607
16588,2022-04-05 08:50:15.074275,5.0,22,2607
16589,2022-04-05 09:05:52.836522,3.0,4,1700
16590,2022-04-05 09:09:20.597325,3.0,4,381
16591,2022-04-05 09:13:53.108370,0.0,22,381
16592,2022-04-05 09:15:08.159258,0.0,22,381
16593,2022-04-05 09:17:57.508881,0.0,22,381
16594,2022-04-05 09:18:33.058698,3.0,4,839
16595,2022-04-05 09:21:57.213109,0.0,22,381
16596,2022-04-05 09:21:57.224123,30.0,8,381
16597,2022-04-05 09:32:07.733718,5.0,22,551
16598,2022-04-05 09:37:18.121112,100.0,3,2608
16599,2022-04-05 09:37:27.570318,3.0,4,2608
16600,2022-04-05 09:40:04.135052,5.0,22,551
16601,2022-04-05 09:42:21.265288,5.0,22,2608
16602,2022-04-05 09:49:40.235121,5.0,22,551
16603,2022-04-05 09:57:57.891900,5.0,22,551
16604,2022-04-05 09:58:19.205916,0.0,22,839
16605,2022-04-05 10:09:37.046186,10.0,22,551
16606,2022-04-05 10:17:29.100099,15.0,22,551
16607,2022-04-05 10:19:27.246821,15.0,22,551
16608,2022-04-05 10:21:02.774968,3.0,4,221
16609,2022-04-05 10:33:06.148821,3.0,4,1239
16610,2022-04-05 10:36:36.620010,3.0,4,226
16611,2022-04-05 10:42:52.194843,5.0,22,221
16612,2022-04-05 10:43:06.694329,5.0,22,226
16613,2022-04-05 11:01:41.984164,10.0,22,1239
16614,2022-04-05 11:14:50.271579,3.0,4,82
16615,2022-04-05 11:15:21.431929,30.0,23,82
16616,2022-04-05 11:18:28.524620,10.0,22,82
16617,2022-04-05 11:43:24.177921,100.0,3,2610
16618,2022-04-05 11:43:52.134138,3.0,4,2610
16619,2022-04-05 11:50:36.538032,100.0,3,2611
16620,2022-04-05 11:50:36.549396,200.0,6,1424
16621,2022-04-05 11:50:36.549510,50.0,7,2611
16622,2022-04-05 11:51:05.485666,3.0,4,2611
16623,2022-04-05 12:02:24.184820,100.0,3,2609
16624,2022-04-05 12:02:28.432259,3.0,4,2609
16625,2022-04-05 12:04:44.918721,20.0,23,2609
16626,2022-04-05 12:12:25.894316,10.0,22,2609
16627,2022-04-05 12:16:17.315188,50.0,2,2611
16628,2022-04-05 12:17:37.646571,0.0,22,258
16629,2022-04-05 12:22:53.742343,100.0,3,2615
16630,2022-04-05 12:22:53.756284,200.0,6,2611
16631,2022-04-05 12:22:53.756392,50.0,7,2615
16632,2022-04-05 12:31:09.808573,3.0,4,589
16633,2022-04-05 12:35:04.940311,10.0,22,2609
16634,2022-04-05 12:46:56.341928,40.0,23,2609
16635,2022-04-05 13:13:37.136911,3.0,4,404
16636,2022-04-05 13:46:12.079742,0.0,22,381
16637,2022-04-05 14:04:48.129710,100.0,3,2616
16638,2022-04-05 14:05:00.026598,3.0,4,2616
16639,2022-04-05 14:05:42.022437,20.0,23,2616
16640,2022-04-05 15:03:27.789545,3.0,4,1107
16641,2022-04-05 15:17:26.972881,100.0,3,2617
16642,2022-04-05 15:17:46.932994,3.0,4,2617
16643,2022-04-05 15:23:00.751618,3.0,4,2546
16644,2022-04-05 15:28:17.922560,10.0,22,2524
16645,2022-04-05 15:31:02.322073,5.0,22,226
16646,2022-04-05 15:35:45.877102,5.0,22,2546
16647,2022-04-05 15:36:41.171113,3.0,4,2504
16648,2022-04-05 15:46:35.516630,3.0,4,2581
16649,2022-04-05 15:57:15.740375,3.0,4,1209
16650,2022-04-05 15:58:09.509799,5.0,22,226
16651,2022-04-05 15:59:02.292965,100.0,3,2618
16652,2022-04-05 15:59:02.309556,200.0,6,2546
16653,2022-04-05 15:59:02.309717,50.0,7,2618
16654,2022-04-05 15:59:07.359833,3.0,4,2618
16655,2022-04-05 15:59:22.680601,20.0,27,1209
16656,2022-04-05 16:02:31.738109,3.0,4,251
16657,2022-04-05 16:04:04.139891,20.0,27,251
16658,2022-04-05 16:06:27.922878,30.0,12,251
16659,2022-04-05 16:06:48.126092,5.0,22,226
16660,2022-04-05 16:06:48.141124,100.0,9,226
16661,2022-04-05 16:22:10.736991,30.0,27,1209
16662,2022-04-05 16:23:46.206297,3.0,4,2620
16663,2022-04-05 16:26:22.780339,5.0,22,226
16664,2022-04-05 16:35:30.667729,5.0,22,226
16665,2022-04-05 16:41:13.070633,5.0,22,226
16666,2022-04-05 16:50:24.903612,5.0,22,226
16667,2022-04-05 16:55:27.885460,5.0,22,226
16668,2022-04-05 17:00:36.014182,5.0,22,226
16669,2022-04-05 17:03:10.250261,5.0,22,2546
16670,2022-04-05 18:59:08.792063,3.0,4,1294
16671,2022-04-05 19:00:16.371247,100.0,3,2623
16672,2022-04-05 19:00:16.389757,750.0,29,2623
16673,2022-04-05 19:11:13.758894,3.0,4,2512
16674,2022-04-05 19:14:17.737324,100.0,3,2624
16675,2022-04-05 19:14:17.753172,200.0,6,2611
16676,2022-04-05 19:14:17.753329,50.0,7,2624
16677,2022-04-05 19:58:17.803890,0.0,22,2512
16678,2022-04-05 19:58:50.275142,100.0,3,2625
16679,2022-04-05 19:58:57.797863,3.0,4,2625
16680,2022-04-05 19:59:27.762456,30.0,27,2625
16681,2022-04-05 20:02:01.329236,0.0,22,2512
16682,2022-04-05 20:17:03.058308,0.0,22,2512
16683,2022-04-05 20:24:27.217039,0.0,22,2512
16684,2022-04-05 20:29:14.167049,3.0,4,438
16685,2022-04-05 20:40:31.491311,0.0,22,2512
16686,2022-04-05 20:51:22.122191,750.0,3,2626
16687,2022-04-05 20:54:05.206494,3.0,4,2626
16688,2022-04-05 21:26:50.317280,20.0,23,1700
16689,2022-04-05 22:00:10.371427,3.0,4,121
16690,2022-04-05 22:22:00.928829,100.0,3,2627
16691,2022-04-05 22:22:24.040292,3.0,4,2627
16692,2022-04-05 22:22:34.839373,30.0,27,2627
16693,2022-04-05 22:26:56.156381,20.0,27,2627
16694,2022-04-05 22:54:00.360361,40.0,23,438
16695,2022-04-05 22:54:24.895686,15.0,22,438
16696,2022-04-05 22:55:04.561954,20.0,27,438
16697,2022-04-05 22:59:04.697476,30.0,27,438
16698,2022-04-06 03:25:24.206394,3.0,4,2625
16699,2022-04-06 03:33:55.091557,3.0,4,372
16700,2022-04-06 03:53:59.600852,3.0,4,251
16701,2022-04-06 04:09:54.768949,30.0,27,251
16702,2022-04-06 04:40:59.927034,5.0,22,251
16703,2022-04-06 04:47:20.206756,100.0,3,2628
16704,2022-04-06 04:47:36.886544,3.0,4,2628
16705,2022-04-06 05:56:00.901287,3.0,4,2604
16706,2022-04-06 06:20:17.201557,5.0,22,2604
16707,2022-04-06 06:38:47.938554,3.0,4,258
16708,2022-04-06 06:44:02.061890,3.0,4,345
16709,2022-04-06 06:48:29.394007,3.0,4,2626
16710,2022-04-06 06:48:46.637347,5.0,22,2604
16711,2022-04-06 06:50:49.910416,3.0,4,2607
16712,2022-04-06 06:51:53.254886,20.0,23,2607
16713,2022-04-06 07:03:21.446361,5.0,22,258
16714,2022-04-06 07:13:02.992443,5.0,22,2607
16715,2022-04-06 07:13:03.007269,30.0,8,2607
16716,2022-04-06 07:13:29.732802,20.0,23,2607
16717,2022-04-06 07:14:53.538496,3.0,4,551
16718,2022-04-06 07:22:44.132438,5.0,22,2607
16719,2022-04-06 07:23:25.384738,5.0,22,551
16720,2022-04-06 07:29:36.783027,100.0,3,2629
16721,2022-04-06 07:31:08.800946,3.0,4,2629
16722,2022-04-06 07:31:33.544993,3.0,4,2620
16723,2022-04-06 07:31:46.142865,3.0,4,83
16724,2022-04-06 07:31:47.335379,40.0,23,2629
16725,2022-04-06 07:32:04.588050,3.0,4,63
16726,2022-04-06 07:36:11.553530,3.0,4,1700
16727,2022-04-06 07:39:37.922755,10.0,22,551
16728,2022-04-06 07:55:19.395208,10.0,22,551
16729,2022-04-06 08:00:17.966957,5.0,22,551
16730,2022-04-06 08:04:43.737800,5.0,22,2607
16731,2022-04-06 08:05:36.878834,20.0,23,2607
16732,2022-04-06 08:11:21.369730,5.0,22,551
16733,2022-04-06 08:11:22.152885,3.0,4,815
16734,2022-04-06 08:12:26.781337,20.0,23,815
16735,2022-04-06 08:12:44.906801,3.0,4,348
16736,2022-04-06 08:13:31.129281,5.0,22,815
16737,2022-04-06 08:14:31.397574,40.0,23,815
16738,2022-04-06 08:24:28.507687,100.0,3,2631
16739,2022-04-06 08:24:28.520712,750.0,29,2631
16740,2022-04-06 08:24:34.760743,3.0,4,2631
16741,2022-04-06 08:28:47.835651,0.0,22,348
16742,2022-04-06 08:31:23.271845,20.0,22,815
16743,2022-04-06 08:36:03.059501,100.0,3,2632
16744,2022-04-06 08:36:03.078617,750.0,29,2632
16745,2022-04-06 08:36:35.172851,3.0,4,2632
16746,2022-04-06 08:39:15.094837,3.0,4,265
16747,2022-04-06 08:44:27.160256,3.0,4,263
16748,2022-04-06 08:53:03.090582,100.0,3,2633
16749,2022-04-06 08:53:14.985000,3.0,4,2633
16750,2022-04-06 09:02:21.174676,3.0,4,2539
16751,2022-04-06 09:09:30.341640,100.0,3,2634
16752,2022-04-06 09:09:30.357076,750.0,29,2634
16753,2022-04-06 09:41:26.160487,10.0,22,258
16754,2022-04-06 09:44:04.859310,3.0,4,839
16755,2022-04-06 09:50:22.067566,3.0,4,2634
16756,2022-04-06 10:01:49.220214,3.0,4,2512
16757,2022-04-06 10:02:11.684930,3.0,4,2611
16758,2022-04-06 10:08:38.887504,3.0,4,1239
16759,2022-04-06 10:17:02.639508,0.0,22,839
16760,2022-04-06 11:03:14.238975,3.0,4,2600
16761,2022-04-06 11:10:53.381163,3.0,4,1280
16762,2022-04-06 11:25:22.374951,3.0,4,2581
16763,2022-04-06 11:36:25.047270,3.0,4,1709
16764,2022-04-06 11:37:00.384285,5.0,22,1709
16765,2022-04-06 11:37:12.212310,3.0,4,2621
16766,2022-04-06 11:37:37.051523,5.0,22,1709
16767,2022-04-06 11:38:41.020430,5.0,22,1709
16768,2022-04-06 11:38:43.330991,3.0,4,1424
16769,2022-04-06 11:40:47.947079,5.0,22,2621
16770,2022-04-06 13:18:02.840784,100.0,3,2641
16771,2022-04-06 13:18:02.853523,750.0,29,2641
16772,2022-04-06 13:18:22.030458,3.0,4,2641
16773,2022-04-06 13:20:15.993712,20.0,23,2641
16774,2022-04-06 13:21:01.498517,3.0,4,226
16775,2022-04-06 13:34:33.276299,5.0,22,265
16776,2022-04-06 13:37:45.830431,5.0,22,265
16777,2022-04-06 13:43:29.136109,3.0,4,1107
16778,2022-04-06 13:53:26.621465,100.0,3,2642
16779,2022-04-06 13:53:36.342679,3.0,4,2642
16780,2022-04-06 13:55:09.686419,5.0,22,265
16781,2022-04-06 14:13:22.096598,5.0,22,265
16782,2022-04-06 14:16:43.234489,5.0,22,265
16783,2022-04-06 14:16:43.244892,100.0,9,265
16784,2022-04-06 14:23:00.554354,3.0,4,2379
16785,2022-04-06 15:30:13.285396,3.0,4,2544
16786,2022-04-06 15:30:13.299762,30.0,5,2544
16787,2022-04-06 15:30:38.419950,3.0,4,2483
16788,2022-04-06 16:18:27.308188,100.0,3,2643
16789,2022-04-06 16:19:09.064546,3.0,4,2643
16790,2022-04-06 16:53:09.956062,100.0,3,2644
16791,2022-04-06 16:53:54.343749,3.0,4,2644
16792,2022-04-06 17:14:54.323097,3.0,4,138
16793,2022-04-06 17:23:01.428340,3.0,4,2546
16794,2022-04-06 17:28:53.337346,100.0,3,2645
16795,2022-04-06 17:28:59.387281,3.0,4,2645
16796,2022-04-06 17:29:04.047784,100.0,3,2646
16797,2022-04-06 17:29:04.069771,750.0,29,2646
16798,2022-04-06 17:29:24.530363,3.0,4,2646
16799,2022-04-06 17:34:37.848136,100.0,3,2647
16800,2022-04-06 17:35:21.307067,3.0,4,2647
16801,2022-04-06 17:40:33.307434,30.0,27,2645
16802,2022-04-06 17:41:51.660568,0.0,22,2512
16803,2022-04-06 17:49:34.624834,3.0,4,502
16804,2022-04-06 17:53:46.290370,3.0,4,2222
16805,2022-04-06 17:58:43.149092,3.0,4,2524
16806,2022-04-06 18:00:09.469675,3.0,4,2284
16807,2022-04-06 18:00:18.935527,20.0,23,2546
16808,2022-04-06 18:03:37.559811,5.0,22,2546
16809,2022-04-06 18:24:46.706185,5.0,22,2524
16810,2022-04-06 18:29:25.520012,5.0,22,226
16811,2022-04-06 18:33:57.457327,5.0,22,226
16812,2022-04-06 18:43:20.061088,5.0,22,226
16813,2022-04-06 18:48:32.540609,5.0,22,226
16814,2022-04-06 18:49:12.422419,20.0,23,502
16815,2022-04-06 18:53:07.647968,5.0,22,502
16816,2022-04-06 18:55:12.653538,5.0,22,226
16817,2022-04-06 18:56:33.330888,5.0,22,226
16818,2022-04-06 18:58:18.044046,5.0,22,226
16819,2022-04-06 19:01:04.337543,3.0,4,2503
16820,2022-04-06 19:11:39.654372,5.0,22,226
16821,2022-04-06 19:13:27.947679,30.0,23,2647
16822,2022-04-06 19:16:56.396452,5.0,22,2503
16823,2022-04-06 19:16:56.408659,30.0,8,2503
16824,2022-04-06 19:25:34.520655,5.0,22,226
16825,2022-04-06 19:25:34.536900,200.0,10,226
16826,2022-04-06 19:53:59.792815,10.0,22,2647
16827,2022-04-06 19:55:28.880330,0.0,22,2512
16828,2022-04-06 20:43:29.775339,3.0,4,1568
16829,2022-04-06 21:13:19.748337,3.0,4,589
16830,2022-04-06 21:28:54.259656,5.0,22,2600
16831,2022-04-06 21:30:51.161007,5.0,22,2600
16832,2022-04-06 21:40:42.430271,20.0,23,2632
16833,2022-04-06 21:59:02.908542,10.0,22,2632
16834,2022-04-06 22:00:18.502275,3.0,4,121
16835,2022-04-06 22:06:32.482592,30.0,27,1700
16836,2022-04-06 22:15:15.797778,30.0,12,1700
16837,2022-04-06 22:16:04.844180,20.0,23,1700
16838,2022-04-06 22:16:23.500761,5.0,22,2632
16839,2022-04-06 22:18:13.879224,5.0,22,1700
16840,2022-04-06 22:21:29.407587,20.0,23,2632
16841,2022-04-06 22:42:10.727911,5.0,22,2632
16842,2022-04-07 01:08:29.821010,3.0,4,2632
16843,2022-04-07 01:14:37.100140,5.0,22,2632
16844,2022-04-07 02:48:42.363145,100.0,3,2648
16845,2022-04-07 02:49:05.742950,3.0,4,2648
16846,2022-04-07 02:49:11.109241,30.0,27,2648
16847,2022-04-07 03:44:23.711162,3.0,4,2646
16848,2022-04-07 03:46:48.160158,3.0,4,372
16849,2022-04-07 04:33:36.589312,3.0,4,2607
16850,2022-04-07 04:36:57.718435,3.0,4,110
16851,2022-04-07 04:38:39.536890,5.0,22,2607
16852,2022-04-07 04:40:01.048813,3.0,4,251
16853,2022-04-07 04:44:26.043086,5.0,22,251
16854,2022-04-07 04:44:50.974437,20.0,27,251
16855,2022-04-07 04:59:53.541359,5.0,22,2607
16856,2022-04-07 05:00:25.237005,20.0,23,2607
16857,2022-04-07 05:11:07.945903,5.0,22,2607
16858,2022-04-07 05:11:07.957167,100.0,9,2607
16859,2022-04-07 05:15:29.343113,30.0,23,2607
16860,2022-04-07 05:27:47.635369,10.0,22,2607
16861,2022-04-07 05:34:05.726994,3.0,4,1561
16862,2022-04-07 05:43:11.569049,3.0,4,258
16863,2022-04-07 05:48:17.795967,3.0,4,2604
16864,2022-04-07 06:07:18.922748,3.0,4,2634
16865,2022-04-07 06:37:50.499723,3.0,4,815
16866,2022-04-07 07:16:42.272370,3.0,4,2379
16867,2022-04-07 07:42:48.779168,3.0,4,2301
16868,2022-04-07 07:46:17.204083,3.0,4,2428
16869,2022-04-07 07:52:22.201571,5.0,22,2428
16870,2022-04-07 07:54:45.446194,3.0,4,2596
16871,2022-04-07 08:26:33.676970,3.0,4,2581
16872,2022-04-07 08:43:10.396386,3.0,4,269
16873,2022-04-07 08:47:12.096638,5.0,22,269
16874,2022-04-07 09:03:41.971528,5.0,22,269
16875,2022-04-07 09:06:40.440684,5.0,22,269
16876,2022-04-07 09:08:10.024436,5.0,22,269
16877,2022-04-07 09:10:01.584388,5.0,22,269
16878,2022-04-07 09:13:03.349033,5.0,22,269
16879,2022-04-07 09:13:51.483297,3.0,4,1700
16880,2022-04-07 09:27:45.739546,5.0,22,269
16881,2022-04-07 09:37:57.561404,5.0,22,269
16882,2022-04-07 09:41:55.625733,5.0,22,269
16883,2022-04-07 09:43:36.136243,5.0,22,269
16884,2022-04-07 09:45:29.016711,10.0,22,1700
16885,2022-04-07 09:46:08.373186,5.0,22,269
16886,2022-04-07 09:50:53.421476,5.0,22,269
16887,2022-04-07 10:02:47.441071,40.0,23,1700
16888,2022-04-07 10:11:40.473515,3.0,4,2530
16889,2022-04-07 10:13:07.706679,5.0,22,2530
16890,2022-04-07 10:14:07.621736,5.0,22,2530
16891,2022-04-07 10:14:57.880521,5.0,22,2530
16892,2022-04-07 10:15:33.992854,5.0,22,2530
16893,2022-04-07 10:16:50.250736,5.0,22,2530
16894,2022-04-07 10:17:16.272313,5.0,22,2530
16895,2022-04-07 10:17:37.185509,5.0,22,2530
16896,2022-04-07 10:34:41.882622,100.0,3,2649
16897,2022-04-07 10:34:55.766224,3.0,4,2649
16898,2022-04-07 10:39:49.222160,3.0,4,226
16899,2022-04-07 10:47:59.179868,5.0,22,269
16900,2022-04-07 10:52:54.478363,3.0,4,839
16901,2022-04-07 10:56:03.863242,5.0,22,269
16902,2022-04-07 11:03:43.864210,0.0,22,269
16903,2022-04-07 11:10:59.722123,3.0,4,1107
16904,2022-04-07 11:13:42.259013,20.0,22,1700
16905,2022-04-07 11:14:19.763366,0.0,22,269
16906,2022-04-07 11:21:56.311642,0.0,22,269
16907,2022-04-07 11:41:12.112511,5.0,22,226
16908,2022-04-07 11:48:35.206806,5.0,22,226
16909,2022-04-07 11:50:32.050800,3.0,4,404
16910,2022-04-07 11:52:49.259543,0.0,22,404
16911,2022-04-07 11:58:46.909727,5.0,22,226
16912,2022-04-07 12:05:20.532942,5.0,22,226
16913,2022-04-07 12:07:54.937570,3.0,4,2629
16914,2022-04-07 12:14:18.929380,5.0,22,226
16915,2022-04-07 12:20:01.272867,5.0,22,226
16916,2022-04-07 12:21:20.271034,20.0,22,2629
16917,2022-04-07 12:24:58.357426,5.0,22,226
16918,2022-04-07 12:32:52.783264,10.0,22,258
16919,2022-04-07 12:35:12.082878,5.0,22,226
16920,2022-04-07 12:51:27.869531,5.0,22,2530
16921,2022-04-07 12:55:30.733465,3.0,4,2631
16922,2022-04-07 13:02:31.975456,3.0,4,821
16923,2022-04-07 13:02:55.672213,30.0,27,821
16924,2022-04-07 13:06:21.902304,20.0,27,821
16925,2022-04-07 13:14:17.890697,5.0,22,2530
16926,2022-04-07 13:16:58.148385,5.0,22,2530
16927,2022-04-07 13:23:20.669693,5.0,22,2530
16928,2022-04-07 13:32:01.652531,5.0,22,226
16929,2022-04-07 13:38:29.333634,5.0,22,226
16930,2022-04-07 13:42:41.233346,5.0,22,226
16931,2022-04-07 13:49:50.528831,10.0,22,226
16932,2022-04-07 14:16:41.697603,3.0,4,63
16933,2022-04-07 14:28:25.127819,5.0,22,2530
16934,2022-04-07 14:31:36.388183,3.0,4,494
16935,2022-04-07 14:32:55.519849,5.0,22,2530
16936,2022-04-07 14:35:06.604267,5.0,22,2530
16937,2022-04-07 14:41:19.122629,5.0,22,2530
16938,2022-04-07 15:25:20.098131,3.0,4,2647
16939,2022-04-07 15:25:20.250484,30.0,23,2647
16940,2022-04-07 15:56:27.348647,3.0,4,2512
16941,2022-04-07 16:01:02.139135,3.0,4,2284
16942,2022-04-07 16:01:37.072758,3.0,4,2641
16943,2022-04-07 16:24:13.305023,5.0,22,1700
16944,2022-04-07 16:25:32.760908,20.0,23,1700
16945,2022-04-07 16:30:47.738492,5.0,22,1700
16946,2022-04-07 17:08:15.735997,3.0,4,2524
16947,2022-04-07 17:22:44.330356,10.0,22,2530
16948,2022-04-07 17:45:07.347917,20.0,23,2524
16949,2022-04-07 17:52:32.705894,10.0,22,2524
16950,2022-04-07 17:52:32.732828,100.0,9,2524
16951,2022-04-07 18:04:50.786131,3.0,4,2544
16952,2022-04-07 18:18:47.919420,3.0,4,2602
16953,2022-04-07 18:19:17.891409,10.0,22,2524
16954,2022-04-07 18:34:26.827115,30.0,23,2647
16955,2022-04-07 18:35:00.652698,10.0,22,2647
16956,2022-04-07 18:44:03.673712,100.0,3,2650
16957,2022-04-07 18:44:03.688341,200.0,6,2649
16958,2022-04-07 18:44:03.688494,50.0,7,2650
16959,2022-04-07 18:44:14.832197,3.0,4,2650
16960,2022-04-07 19:07:55.039162,3.0,4,2503
16961,2022-04-07 19:28:19.168848,3.0,4,82
16962,2022-04-07 20:14:21.334721,3.0,4,345
16963,2022-04-07 20:20:47.876800,0.0,22,345
16964,2022-04-07 20:51:23.103526,20.0,23,1700
16965,2022-04-07 20:54:56.992861,5.0,22,1700
16966,2022-04-07 22:00:11.404915,3.0,4,121
16967,2022-04-07 22:00:11.419553,30.0,5,121
16968,2022-04-07 22:19:11.312057,0.0,22,839
16969,2022-04-08 04:19:44.348547,3.0,4,2524
16970,2022-04-08 04:19:44.358585,30.0,5,2524
16971,2022-04-08 04:23:44.226328,40.0,23,2524
16972,2022-04-08 04:40:12.168516,15.0,22,2524
16973,2022-04-08 05:20:23.027685,3.0,4,2634
16974,2022-04-08 05:51:31.024643,3.0,4,2604
16975,2022-04-08 06:05:25.239859,3.0,4,2629
16976,2022-04-08 06:07:35.957075,750.0,2,2629
16977,2022-04-08 06:19:30.401633,3.0,4,2544
16978,2022-04-08 06:21:10.764421,3.0,4,258
16979,2022-04-08 06:21:10.775006,30.0,5,258
16980,2022-04-08 06:41:59.299908,5.0,22,2634
16981,2022-04-08 07:09:56.376671,3.0,4,1818
16982,2022-04-08 07:43:37.473482,3.0,4,63
16983,2022-04-08 08:39:04.663646,3.0,4,839
16984,2022-04-08 08:50:39.588701,3.0,4,2301
16985,2022-04-08 08:54:05.440412,3.0,4,2379
16986,2022-04-08 09:20:54.848892,3.0,4,1700
16987,2022-04-08 09:20:54.870049,30.0,5,1700
16988,2022-04-08 09:27:47.027225,0.0,22,839
16989,2022-04-08 09:30:33.681732,20.0,23,1700
16990,2022-04-08 09:35:08.983453,5.0,22,1700
16991,2022-04-08 09:39:28.362082,3.0,4,589
16992,2022-04-08 09:52:05.922945,0.0,22,839
16993,2022-04-08 10:00:46.726744,100.0,3,2651
16994,2022-04-08 10:01:15.128166,3.0,4,2651
16995,2022-04-08 10:08:03.607235,0.0,22,839
16996,2022-04-08 10:34:39.898087,5.0,22,2651
16997,2022-04-08 10:47:51.736323,5.0,22,2651
16998,2022-04-08 11:11:43.664692,3.0,4,1318
16999,2022-04-08 11:15:52.735115,100.0,3,2652
17000,2022-04-08 11:16:31.648900,3.0,4,2652
17001,2022-04-08 11:25:31.485404,5.0,22,2651
17002,2022-04-08 11:43:01.604531,3.0,4,2649
17003,2022-04-08 11:44:19.110993,5.0,22,2651
17004,2022-04-08 11:47:31.913165,3.0,4,2611
17005,2022-04-08 11:50:48.010395,3.0,4,275
17006,2022-04-08 11:51:40.965610,5.0,22,2651
17007,2022-04-08 11:51:40.978984,30.0,8,2651
17008,2022-04-08 11:56:11.721876,5.0,22,2611
17009,2022-04-08 11:56:47.731706,5.0,22,275
17010,2022-04-08 11:57:38.060450,30.0,23,2611
17011,2022-04-08 12:00:18.989831,5.0,22,275
17012,2022-04-08 12:16:29.695803,3.0,4,494
17013,2022-04-08 12:20:34.570999,30.0,23,494
17014,2022-04-08 12:29:02.114037,10.0,22,494
17015,2022-04-08 12:33:09.642469,10.0,22,494
17016,2022-04-08 12:37:50.074402,30.0,23,494
17017,2022-04-08 13:02:17.958885,100.0,3,2653
17018,2022-04-08 13:02:33.552878,3.0,4,2653
17019,2022-04-08 13:04:18.768176,30.0,27,2653
17020,2022-04-08 13:08:18.409849,3.0,4,226
17021,2022-04-08 13:53:34.902849,3.0,4,2503
17022,2022-04-08 14:06:34.330840,5.0,22,275
17023,2022-04-08 14:11:23.535983,10.0,22,275
17024,2022-04-08 14:13:39.935856,5.0,22,275
17025,2022-04-08 14:28:51.035374,10.0,22,275
17026,2022-04-08 14:30:46.741353,5.0,22,275
17027,2022-04-08 14:49:11.567280,5.0,22,275
17028,2022-04-08 14:50:51.912668,5.0,22,275
17029,2022-04-08 14:54:16.604330,5.0,22,2604
17030,2022-04-08 15:00:18.833703,5.0,22,275
17031,2022-04-08 15:02:05.122638,10.0,22,275
17032,2022-04-08 15:05:25.595034,5.0,22,275
17033,2022-04-08 15:09:21.600872,3.0,4,121
17034,2022-04-08 15:56:20.357217,3.0,4,50
17035,2022-04-08 16:16:20.987842,3.0,4,372
17036,2022-04-08 16:26:35.083926,3.0,4,2609
17037,2022-04-08 16:43:57.580365,100.0,3,2654
17038,2022-04-08 16:44:06.494363,3.0,4,2654
17039,2022-04-08 16:44:11.054416,3.0,4,2541
17040,2022-04-08 17:06:51.902622,10.0,22,2611
17041,2022-04-08 17:08:43.450730,3.0,4,421
17042,2022-04-08 17:08:54.019642,30.0,27,421
17043,2022-04-08 17:10:04.106172,30.0,23,2611
17044,2022-04-08 17:10:32.281360,20.0,23,421
17045,2022-04-08 17:17:19.374917,3.0,4,266
17046,2022-04-08 17:18:28.117472,20.0,27,266
17047,2022-04-08 17:19:30.907067,100.0,3,2655
17048,2022-04-08 17:20:07.448381,3.0,4,2655
17049,2022-04-08 17:33:24.983583,20.0,23,421
17050,2022-04-08 17:35:05.179878,5.0,22,421
17051,2022-04-08 17:35:05.193721,100.0,9,421
17052,2022-04-08 17:40:51.484171,5.0,22,421
17053,2022-04-08 17:50:13.835759,3.0,4,198
17054,2022-04-08 17:50:19.062477,30.0,27,198
17055,2022-04-08 17:51:14.630390,100.0,3,2656
17056,2022-04-08 17:51:38.285974,3.0,4,2656
17057,2022-04-08 17:51:41.979903,30.0,27,2656
17058,2022-04-08 17:54:39.277642,100.0,3,2657
17059,2022-04-08 17:54:44.816387,3.0,4,2657
17060,2022-04-08 17:55:48.010413,30.0,27,2657
17061,2022-04-08 18:23:21.541853,30.0,27,2609
17062,2022-04-08 18:28:49.859316,3.0,4,1579
17063,2022-04-08 18:29:09.267413,30.0,27,1579
17064,2022-04-08 18:55:17.021803,3.0,4,2472
17065,2022-04-08 19:18:32.284285,100.0,3,2658
17066,2022-04-08 19:18:47.328130,3.0,4,2658
17067,2022-04-08 19:18:53.637838,20.0,27,2658
17068,2022-04-08 20:07:24.426975,100.0,3,2659
17069,2022-04-08 20:07:37.856491,3.0,4,2659
17070,2022-04-08 20:08:08.847243,20.0,27,2659
17071,2022-04-08 20:19:22.268744,3.0,4,2632
17072,2022-04-08 20:20:52.961806,20.0,23,2632
17073,2022-04-08 20:24:17.308720,5.0,22,2632
17074,2022-04-08 20:24:17.336091,30.0,8,2632
17075,2022-04-08 20:24:35.751383,5.0,22,2659
17076,2022-04-08 20:27:05.448444,5.0,22,2659
17077,2022-04-08 20:27:51.579672,20.0,22,198
17078,2022-04-08 20:29:36.977812,3.0,4,2600
17079,2022-04-08 20:35:30.647710,20.0,23,2600
17080,2022-04-08 20:36:06.481254,5.0,22,2659
17081,2022-04-08 20:37:02.158510,30.0,27,2659
17082,2022-04-08 20:48:02.471429,5.0,22,2600
17083,2022-04-08 20:48:02.487339,30.0,8,2600
17084,2022-04-08 20:49:50.941415,20.0,23,2600
17085,2022-04-08 20:56:44.012345,5.0,22,2600
17086,2022-04-08 21:03:36.017254,100.0,3,2660
17087,2022-04-08 21:03:45.549481,3.0,4,2660
17088,2022-04-08 21:14:37.822033,5.0,22,2651
17089,2022-04-08 21:20:10.603440,5.0,22,2651
17090,2022-04-08 21:23:49.839461,5.0,22,2651
17091,2022-04-08 21:26:15.608880,10.0,22,2632
17092,2022-04-08 21:32:57.470414,5.0,22,2651
17093,2022-04-08 21:37:53.685551,5.0,22,2651
17094,2022-04-08 21:37:53.698930,100.0,9,2651
17095,2022-04-09 00:02:50.307688,3.0,4,121
17096,2022-04-09 00:26:02.007070,3.0,4,248
17097,2022-04-09 00:26:11.242004,30.0,27,248
17098,2022-04-09 04:33:58.180303,3.0,4,589
17099,2022-04-09 05:11:34.825122,3.0,4,2544
17100,2022-04-09 05:41:10.467935,3.0,4,2382
17101,2022-04-09 06:07:39.564198,3.0,4,2524
17102,2022-04-09 06:38:52.903011,30.0,23,2524
17103,2022-04-09 06:59:43.859839,10.0,22,2524
17104,2022-04-09 08:29:10.795887,3.0,4,1445
17105,2022-04-09 08:54:18.642457,3.0,4,2611
17106,2022-04-09 09:13:48.268335,10.0,22,2611
17107,2022-04-09 09:35:39.298272,3.0,4,1700
17108,2022-04-09 10:05:11.253318,10.0,22,2611
17109,2022-04-09 10:21:15.319225,3.0,4,2501
17110,2022-04-09 10:22:11.355760,30.0,27,2501
17111,2022-04-09 10:29:22.154384,20.0,23,2501
17112,2022-04-09 10:45:04.700368,5.0,22,2501
17113,2022-04-09 10:54:58.671322,3.0,4,2604
17114,2022-04-09 11:26:29.176993,3.0,4,63
17115,2022-04-09 11:26:29.185975,30.0,5,63
17116,2022-04-09 11:48:32.502709,20.0,23,1700
17117,2022-04-09 11:52:05.545126,5.0,22,1700
17118,2022-04-09 12:33:41.183244,3.0,4,226
17119,2022-04-09 12:35:22.842334,5.0,22,2604
17120,2022-04-09 12:48:26.136888,5.0,22,2604
17121,2022-04-09 12:48:26.150110,30.0,8,2604
17122,2022-04-09 13:04:50.676823,5.0,22,226
17123,2022-04-09 13:12:30.384642,100.0,3,2661
17124,2022-04-09 13:13:05.677221,3.0,4,2661
17125,2022-04-09 13:13:30.514113,10.0,22,2611
17126,2022-04-09 13:13:30.538931,30.0,8,2611
17127,2022-04-09 13:14:29.194516,20.0,23,2661
17128,2022-04-09 13:20:35.940192,10.0,22,2661
17129,2022-04-09 13:30:55.468966,40.0,23,2611
17130,2022-04-09 13:39:09.894766,5.0,22,2661
17131,2022-04-09 13:41:25.385602,3.0,4,218
17132,2022-04-09 14:02:33.977764,5.0,22,218
17133,2022-04-09 14:14:26.618702,15.0,22,2611
17134,2022-04-09 14:14:30.373824,3.0,4,2632
17135,2022-04-09 14:15:23.077748,3.0,4,2315
17136,2022-04-09 14:33:24.111373,20.0,23,2315
17137,2022-04-09 15:38:40.118093,3.0,4,50
17138,2022-04-09 15:49:42.728124,5.0,22,2604
17139,2022-04-09 16:04:13.557273,5.0,22,2604
17140,2022-04-09 16:30:25.630639,30.0,23,2611
17141,2022-04-09 16:34:55.040079,3.0,4,345
17142,2022-04-09 16:47:11.708332,3.0,4,2503
17143,2022-04-09 16:52:41.707843,30.0,23,2503
17144,2022-04-09 17:09:12.296347,3.0,4,2483
17145,2022-04-09 17:18:56.485130,5.0,22,226
17146,2022-04-09 18:13:56.004206,30.0,23,2503
17147,2022-04-09 18:49:37.618864,3.0,4,839
17148,2022-04-09 19:00:48.624874,3.0,4,2301
17149,2022-04-09 19:02:48.858891,3.0,4,263
17150,2022-04-09 19:04:13.967418,0.0,22,839
17151,2022-04-09 20:06:44.461221,0.0,22,839
17152,2022-04-09 20:23:27.066298,5.0,22,226
17153,2022-04-09 20:27:36.509760,0.0,22,839
17154,2022-04-10 05:00:28.268751,3.0,4,220
17155,2022-04-10 05:04:19.804152,5.0,22,220
17156,2022-04-10 05:08:38.664826,5.0,22,220
17157,2022-04-10 05:10:49.812136,5.0,22,220
17158,2022-04-10 05:14:04.880458,5.0,22,220
17159,2022-04-10 05:18:21.388884,5.0,22,220
17160,2022-04-10 05:22:45.732444,5.0,22,220
17161,2022-04-10 05:25:25.095345,5.0,22,220
17162,2022-04-10 05:28:01.298156,5.0,22,220
17163,2022-04-10 05:29:31.766516,5.0,22,220
17164,2022-04-10 05:33:30.944340,5.0,22,220
17165,2022-04-10 05:43:55.952537,3.0,4,2524
17166,2022-04-10 05:48:14.642699,20.0,23,2524
17167,2022-04-10 05:58:48.379548,3.0,4,2544
17168,2022-04-10 06:29:50.784850,5.0,22,2524
17169,2022-04-10 08:02:28.676374,3.0,4,2604
17170,2022-04-10 08:06:15.790955,5.0,22,2604
17171,2022-04-10 08:29:41.116273,3.0,4,2397
17172,2022-04-10 09:49:04.012727,3.0,4,1700
17173,2022-04-10 11:44:57.181533,3.0,4,63
17174,2022-04-10 12:09:59.444644,3.0,4,226
17175,2022-04-10 12:48:40.729253,3.0,4,1546
17176,2022-04-10 12:54:11.275312,3.0,4,2649
17177,2022-04-10 13:44:56.884529,10.0,22,226
17178,2022-04-10 14:45:44.644140,3.0,4,2503
17179,2022-04-10 15:00:42.386904,3.0,4,2483
17180,2022-04-10 15:03:31.384658,3.0,4,2634
17181,2022-04-10 15:26:01.129929,0.0,22,2483
17182,2022-04-10 15:27:14.932516,0.0,22,2483
17183,2022-04-10 15:45:27.197131,0.0,22,2483
17184,2022-04-10 15:45:27.210251,100.0,9,2483
17185,2022-04-10 15:53:14.686036,0.0,22,2483
17186,2022-04-10 15:58:48.351724,3.0,4,2204
17187,2022-04-10 16:03:02.828812,0.0,22,2483
17188,2022-04-10 16:10:42.058765,0.0,22,2483
17189,2022-04-10 16:20:43.714948,0.0,22,2483
17190,2022-04-10 16:25:45.182081,0.0,22,2483
17191,2022-04-10 16:46:57.840753,100.0,3,2662
17192,2022-04-10 16:47:11.192888,3.0,4,2662
17193,2022-04-10 16:55:54.524079,3.0,4,852
17194,2022-04-10 17:10:47.799429,100.0,3,2663
17195,2022-04-10 17:10:53.007105,3.0,4,2663
17196,2022-04-10 17:12:02.916127,20.0,23,852
17197,2022-04-10 17:18:33.796841,5.0,22,852
17198,2022-04-10 17:18:33.815360,100.0,9,852
17199,2022-04-10 17:30:00.744076,0.0,22,2483
17200,2022-04-10 17:32:26.750625,3.0,4,2458
17201,2022-04-10 17:42:22.650182,0.0,22,2483
17202,2022-04-10 17:49:30.416213,0.0,22,2483
17203,2022-04-10 17:51:02.920540,100.0,3,2665
17204,2022-04-10 17:51:32.564530,3.0,4,2665
17205,2022-04-10 17:52:06.294509,100.0,3,2664
17206,2022-04-10 17:52:28.245889,3.0,4,2664
17207,2022-04-10 17:53:33.408968,30.0,23,2664
17208,2022-04-10 17:59:51.593539,5.0,22,220
17209,2022-04-10 18:00:20.668043,0.0,22,2483
17210,2022-04-10 18:01:16.292584,5.0,22,220
17211,2022-04-10 18:06:33.560232,0.0,22,2483
17212,2022-04-10 18:55:40.106772,100.0,3,2666
17213,2022-04-10 18:56:15.371809,3.0,4,2666
17214,2022-04-10 19:20:46.490001,10.0,22,2664
17215,2022-04-10 21:56:15.011443,40.0,23,852
17216,2022-04-10 22:00:12.115803,3.0,4,121
17217,2022-04-10 22:21:22.525614,15.0,22,852
17218,2022-04-11 00:45:39.391801,100.0,3,2669
17219,2022-04-11 00:45:39.404496,750.0,29,2669
17220,2022-04-11 00:45:56.164469,3.0,4,2669
17221,2022-04-11 01:16:24.696304,30.0,23,2669
17222,2022-04-11 03:23:36.753967,3.0,4,1506
17223,2022-04-11 04:22:04.461398,3.0,4,2643
17224,2022-04-11 04:32:15.303229,3.0,4,121
17225,2022-04-11 05:38:48.376388,3.0,4,2440
17226,2022-04-11 06:04:45.132206,3.0,4,2604
17227,2022-04-11 06:04:45.143640,30.0,5,2604
17228,2022-04-11 06:16:46.090179,3.0,4,2544
17229,2022-04-11 06:20:08.425189,100.0,3,2668
17230,2022-04-11 06:20:08.439978,200.0,6,852
17231,2022-04-11 06:20:08.440113,50.0,7,2668
17232,2022-04-11 06:20:41.565464,3.0,4,2629
17233,2022-04-11 06:32:48.282935,3.0,4,1709
17234,2022-04-11 06:34:05.300015,5.0,22,1709
17235,2022-04-11 06:35:27.917054,5.0,22,1709
17236,2022-04-11 06:36:38.382778,5.0,22,1709
17237,2022-04-11 06:38:16.695837,5.0,22,1709
17238,2022-04-11 06:51:24.737715,5.0,22,1709
17239,2022-04-11 07:04:14.631646,3.0,4,2463
17240,2022-04-11 07:13:21.982986,3.0,4,2661
17241,2022-04-11 07:20:38.976633,5.0,22,2604
17242,2022-04-11 07:24:35.080326,5.0,22,2604
17243,2022-04-11 07:24:35.093761,100.0,9,2604
17244,2022-04-11 07:25:28.529614,3.0,4,852
17245,2022-04-11 07:27:48.703299,5.0,22,1709
17246,2022-04-11 07:30:25.974926,3.0,4,50
17247,2022-04-11 07:31:19.212003,5.0,22,1709
17248,2022-04-11 07:32:30.946920,3.0,4,404
17249,2022-04-11 07:42:14.329691,5.0,22,2604
17250,2022-04-11 07:42:35.699303,5.0,22,1709
17251,2022-04-11 07:46:23.756136,5.0,22,1709
17252,2022-04-11 07:48:47.954725,5.0,22,1709
17253,2022-04-11 07:48:54.806874,3.0,4,63
17254,2022-04-11 07:49:18.160546,5.0,22,63
17255,2022-04-11 07:52:12.422499,5.0,22,1709
17256,2022-04-11 07:53:16.672691,100.0,3,2671
17257,2022-04-11 07:53:27.152394,3.0,4,2671
17258,2022-04-11 07:53:31.088042,30.0,27,2671
17259,2022-04-11 07:55:10.905728,5.0,22,1709
17260,2022-04-11 07:55:24.691558,5.0,22,63
17261,2022-04-11 07:59:32.666280,3.0,4,1700
17262,2022-04-11 08:00:29.206825,5.0,22,1709
17263,2022-04-11 08:26:50.056876,5.0,22,1709
17264,2022-04-11 08:35:58.981273,0.0,22,404
17265,2022-04-11 08:44:48.331823,20.0,23,63
17266,2022-04-11 09:02:15.755634,3.0,4,220
17267,2022-04-11 09:02:23.036533,5.0,22,220
17268,2022-04-11 09:05:08.806084,5.0,22,220
17269,2022-04-11 09:06:42.836792,5.0,22,220
17270,2022-04-11 09:08:50.480523,5.0,22,220
17271,2022-04-11 09:14:38.018519,5.0,22,220
17272,2022-04-11 09:21:59.312908,3.0,4,43
17273,2022-04-11 09:22:44.655984,5.0,22,220
17274,2022-04-11 09:30:37.032651,5.0,22,220
17275,2022-04-11 09:46:45.436866,3.0,4,2632
17276,2022-04-11 09:47:54.523505,30.0,23,2632
17277,2022-04-11 10:10:43.436661,3.0,4,551
17278,2022-04-11 10:19:17.344370,100.0,3,2673
17279,2022-04-11 10:19:33.472630,3.0,4,2673
17280,2022-04-11 10:19:58.037798,20.0,23,2673
17281,2022-04-11 10:25:20.593108,5.0,22,551
17282,2022-04-11 10:32:48.011422,5.0,22,551
17283,2022-04-11 10:35:48.735998,5.0,22,551
17284,2022-04-11 10:41:51.734700,5.0,22,551
17285,2022-04-11 10:43:06.234463,5.0,22,551
17286,2022-04-11 10:46:12.166666,100.0,3,2674
17287,2022-04-11 10:46:21.515352,3.0,4,2674
17288,2022-04-11 10:46:40.092521,20.0,23,2674
17289,2022-04-11 10:51:28.021669,0.0,22,551
17290,2022-04-11 10:53:35.048684,0.0,22,551
17291,2022-04-11 11:06:53.208213,20.0,23,2629
17292,2022-04-11 11:08:10.710981,10.0,22,2632
17293,2022-04-11 11:09:56.457546,100.0,3,2675
17294,2022-04-11 11:10:41.064762,3.0,4,2675
17295,2022-04-11 11:10:56.679840,20.0,27,2675
17296,2022-04-11 11:13:22.563806,3.0,4,2205
17297,2022-04-11 11:15:15.764434,5.0,22,2629
17298,2022-04-11 11:25:25.607008,20.0,23,2629
17299,2022-04-11 11:28:23.018480,10.0,22,2629
17300,2022-04-11 11:31:16.982524,3.0,4,1318
17301,2022-04-11 11:48:59.028348,5.0,22,1709
17302,2022-04-11 11:52:29.509374,5.0,22,1709
17303,2022-04-11 12:01:53.780726,5.0,22,1709
17304,2022-04-11 12:14:50.778663,10.0,22,1709
17305,2022-04-11 12:21:11.536407,100.0,3,2676
17306,2022-04-11 12:21:11.547891,750.0,29,2676
17307,2022-04-11 12:21:37.640264,3.0,4,2676
17308,2022-04-11 12:29:23.954486,20.0,23,2674
17309,2022-04-11 13:01:47.396797,3.0,4,258
17310,2022-04-11 13:02:49.300257,5.0,22,258
17311,2022-04-11 13:08:54.048725,20.0,23,2674
17312,2022-04-11 13:26:41.249771,10.0,22,2629
17313,2022-04-11 13:26:48.533904,3.0,4,2659
17314,2022-04-11 13:33:10.207081,40.0,23,2629
17315,2022-04-11 13:49:42.432972,3.0,4,1218
17316,2022-04-11 14:28:23.441777,5.0,22,2604
17317,2022-04-11 14:32:28.124862,3.0,4,2227
17318,2022-04-11 14:33:46.373140,20.0,23,2227
17319,2022-04-11 14:37:45.213225,5.0,22,2227
17320,2022-04-11 14:41:00.839648,20.0,23,2227
17321,2022-04-11 14:42:43.241107,5.0,22,2227
17322,2022-04-11 15:26:37.755629,100.0,3,2677
17323,2022-04-11 15:26:52.902735,3.0,4,2677
17324,2022-04-11 16:07:43.858742,3.0,4,1400
17325,2022-04-11 16:08:14.113072,30.0,27,1400
17326,2022-04-11 16:55:10.568587,3.0,4,2651
17327,2022-04-11 17:04:14.350157,5.0,22,2651
17328,2022-04-11 17:04:57.182234,3.0,4,2524
17329,2022-04-11 17:06:44.395319,3.0,4,2602
17330,2022-04-11 17:08:59.793361,5.0,22,2651
17331,2022-04-11 17:11:53.153818,20.0,23,2524
17332,2022-04-11 17:16:35.569546,5.0,22,2651
17333,2022-04-11 17:16:52.262541,5.0,22,2524
17334,2022-04-11 17:17:17.178151,3.0,4,2465
17335,2022-04-11 17:21:04.062315,100.0,3,2678
17336,2022-04-11 17:21:04.075862,750.0,29,2678
17337,2022-04-11 17:21:13.174717,3.0,4,2678
17338,2022-04-11 17:26:34.645308,100.0,3,2679
17339,2022-04-11 17:26:39.870930,3.0,4,2679
17340,2022-04-11 17:35:10.483927,5.0,22,2651
17341,2022-04-11 17:47:11.471186,5.0,22,2651
17342,2022-04-11 17:51:49.860190,5.0,22,2651
17343,2022-04-11 17:57:33.035574,5.0,22,2651
17344,2022-04-11 18:06:19.035229,5.0,22,2651
17345,2022-04-11 18:13:34.521913,3.0,4,502
17346,2022-04-11 18:15:01.297225,20.0,23,502
17347,2022-04-11 18:19:15.886582,5.0,22,2651
17348,2022-04-11 18:22:05.677914,5.0,22,2651
17349,2022-04-11 18:46:38.331101,5.0,22,502
17350,2022-04-11 18:49:43.922542,100.0,3,2680
17351,2022-04-11 18:49:59.808082,3.0,4,2680
17352,2022-04-11 19:01:24.074658,3.0,4,1443
17353,2022-04-11 19:28:37.212962,100.0,3,2681
17354,2022-04-11 19:28:41.666681,3.0,4,2681
17355,2022-04-11 20:05:43.766218,3.0,4,2501
17356,2022-04-11 20:22:41.854787,3.0,4,2600
17357,2022-04-11 20:28:19.560163,30.0,23,2600
17358,2022-04-11 20:43:01.127102,10.0,22,2600
17359,2022-04-11 20:53:57.403037,5.0,22,2600
17360,2022-04-11 20:55:03.196769,3.0,4,589
17361,2022-04-12 04:58:33.811615,3.0,4,2524
17362,2022-04-12 04:59:04.493044,20.0,23,2524
17363,2022-04-12 05:12:48.298402,5.0,22,2524
17364,2022-04-12 05:55:59.451866,3.0,4,275
17365,2022-04-12 05:59:00.927105,15.0,22,275
17366,2022-04-12 06:01:46.901844,15.0,22,275
17367,2022-04-12 06:05:36.524935,3.0,4,2677
17368,2022-04-12 06:08:29.780319,10.0,22,275
17369,2022-04-12 06:12:07.927994,10.0,22,275
17370,2022-04-12 06:17:46.960677,5.0,22,275
17371,2022-04-12 06:38:57.699365,3.0,4,2680
17372,2022-04-12 06:41:57.489799,3.0,4,404
17373,2022-04-12 06:49:13.682733,3.0,4,551
17374,2022-04-12 07:13:34.970122,0.0,22,551
17375,2022-04-12 07:18:03.523158,3.0,4,2629
17376,2022-04-12 07:20:07.906308,0.0,22,551
17377,2022-04-12 07:22:56.566850,3.0,4,2604
17378,2022-04-12 07:23:17.067577,0.0,22,551
17379,2022-04-12 07:28:50.551304,0.0,22,551
17380,2022-04-12 07:34:37.786537,3.0,4,63
17381,2022-04-12 07:37:54.136374,5.0,22,551
17382,2022-04-12 07:38:47.351312,5.0,22,551
17383,2022-04-12 07:41:22.498963,5.0,22,551
17384,2022-04-12 07:41:22.520411,1000.0,11,551
17385,2022-04-12 08:05:37.495542,5.0,22,275
17386,2022-04-12 08:08:03.905699,5.0,22,275
17387,2022-04-12 08:11:01.181634,5.0,22,275
17388,2022-04-12 08:13:21.646223,5.0,22,275
17389,2022-04-12 08:15:40.122837,5.0,22,275
17390,2022-04-12 08:17:44.796306,5.0,22,275
17391,2022-04-12 08:21:55.149366,0.0,22,275
17392,2022-04-12 08:28:38.925146,0.0,22,275
17393,2022-04-12 08:31:32.770125,0.0,22,275
17394,2022-04-12 08:34:07.794914,0.0,22,275
17395,2022-04-12 08:36:37.287102,0.0,22,275
17396,2022-04-12 08:42:06.657939,3.0,4,2669
17397,2022-04-12 08:43:04.611832,0.0,22,275
17398,2022-04-12 08:54:41.537929,5.0,22,275
17399,2022-04-12 08:54:41.554468,1000.0,11,275
17400,2022-04-12 08:56:05.904458,5.0,22,275
17401,2022-04-12 09:08:13.196639,3.0,4,258
17402,2022-04-12 09:10:08.778596,100.0,3,2682
17403,2022-04-12 09:10:32.520551,3.0,4,2682
17404,2022-04-12 09:53:27.406605,0.0,22,404
17405,2022-04-12 09:58:55.617666,100.0,3,2683
17406,2022-04-12 09:59:16.385679,3.0,4,2683
17407,2022-04-12 10:02:04.982271,100.0,3,2684
17408,2022-04-12 10:02:28.376179,3.0,4,2684
17409,2022-04-12 10:10:28.067791,20.0,27,2684
17410,2022-04-12 10:45:22.354745,15.0,22,2629
17411,2022-04-12 10:45:22.368824,30.0,8,2629
17412,2022-04-12 10:50:16.153488,3.0,4,649
17413,2022-04-12 11:44:56.127019,5.0,22,258
17414,2022-04-12 12:31:04.004449,3.0,4,2510
17415,2022-04-12 12:33:41.263083,3.0,4,1964
17416,2022-04-12 12:33:44.875950,20.0,23,1964
17417,2022-04-12 12:38:27.359725,10.0,22,1964
17418,2022-04-12 12:45:10.700071,5.0,22,2604
17419,2022-04-12 12:57:49.997795,5.0,22,2604
17420,2022-04-12 12:59:26.093554,5.0,22,2604
17421,2022-04-12 12:59:57.726788,5.0,22,2604
17422,2022-04-12 13:01:22.528627,5.0,22,2604
17423,2022-04-12 13:10:41.503283,3.0,4,2227
17424,2022-04-12 13:11:02.464350,30.0,23,2227
17425,2022-04-12 13:11:24.834227,3.0,4,2306
17426,2022-04-12 13:13:36.386434,5.0,22,2604
17427,2022-04-12 13:15:54.738369,5.0,22,2604
17428,2022-04-12 13:21:00.642232,10.0,22,2227
17429,2022-04-12 13:23:30.135390,5.0,22,2227
17430,2022-04-12 13:43:20.600525,100.0,3,2685
17431,2022-04-12 13:43:42.005234,3.0,4,2685
17432,2022-04-12 13:49:30.170510,5.0,22,2227
17433,2022-04-12 14:12:01.467988,3.0,4,372
17434,2022-04-12 14:14:52.076120,100.0,3,2686
17435,2022-04-12 14:22:41.417114,5.0,22,2604
17436,2022-04-12 14:24:53.928970,3.0,4,852
17437,2022-04-12 14:25:43.371328,5.0,22,2604
17438,2022-04-12 14:29:26.887851,30.0,27,1964
17439,2022-04-12 14:32:11.423792,5.0,22,2604
17440,2022-04-12 14:39:26.953027,5.0,22,2604
17441,2022-04-12 14:42:39.887128,10.0,22,2227
17442,2022-04-12 14:45:07.452519,5.0,22,2604
17443,2022-04-12 14:51:31.527936,5.0,22,2604
17444,2022-04-12 14:51:31.540765,200.0,10,2604
17445,2022-04-12 14:55:19.072231,5.0,22,2604
17446,2022-04-12 14:59:20.730750,5.0,22,2604
17447,2022-04-12 15:02:52.626957,0.0,22,2683
17448,2022-04-12 15:40:34.089140,3.0,4,839
17449,2022-04-12 15:40:34.099252,30.0,5,839
17450,2022-04-12 15:46:35.628762,5.0,22,2685
17451,2022-04-12 15:55:46.440386,3.0,4,220
17452,2022-04-12 15:58:51.313438,5.0,22,220
17453,2022-04-12 16:42:06.079832,0.0,22,2683
17454,2022-04-12 16:42:06.346841,3.0,4,343
17455,2022-04-12 17:08:30.301109,0.0,22,2683
17456,2022-04-12 17:11:22.372743,3.0,4,2678
17457,2022-04-12 17:14:24.696153,0.0,22,2683
17458,2022-04-12 17:14:35.327367,20.0,23,2678
17459,2022-04-12 17:18:45.027647,5.0,22,2678
17460,2022-04-12 17:47:01.895978,100.0,3,2687
17461,2022-04-12 17:47:24.368247,3.0,4,2687
17462,2022-04-12 17:49:45.369382,5.0,22,1964
17463,2022-04-12 17:56:52.497835,20.0,27,2687
17464,2022-04-12 18:03:57.286496,5.0,22,1964
17465,2022-04-12 18:12:57.125966,3.0,4,2651
17466,2022-04-12 18:32:13.934052,5.0,22,2651
17467,2022-04-12 18:42:12.031668,5.0,22,2651
17468,2022-04-12 18:56:35.068986,5.0,22,2651
17469,2022-04-12 19:01:09.484845,5.0,22,2651
17470,2022-04-12 19:08:29.807206,5.0,22,2651
17471,2022-04-12 19:08:29.817102,200.0,10,2651
17472,2022-04-12 19:16:22.762284,5.0,22,2651
17473,2022-04-12 19:48:28.132383,3.0,4,1495
17474,2022-04-12 20:14:55.987940,5.0,22,2651
17475,2022-04-12 20:21:55.526954,5.0,22,2651
17476,2022-04-12 20:25:18.373968,5.0,22,2651
17477,2022-04-12 20:29:23.998438,5.0,22,2651
17478,2022-04-12 22:00:12.547222,3.0,4,121
17479,2022-04-13 02:14:56.360363,3.0,4,2678
17480,2022-04-13 02:22:27.502115,5.0,22,2678
17481,2022-04-13 03:19:09.893031,3.0,4,372
17482,2022-04-13 05:31:03.422642,3.0,4,2661
17483,2022-04-13 05:59:44.861646,3.0,4,2604
17484,2022-04-13 06:31:15.549132,5.0,22,2604
17485,2022-04-13 06:32:33.294305,3.0,4,551
17486,2022-04-13 06:33:51.013366,5.0,22,2604
17487,2022-04-13 06:45:10.274820,5.0,22,2604
17488,2022-04-13 06:53:20.122334,100.0,3,2688
17489,2022-04-13 06:53:26.241070,3.0,4,2688
17490,2022-04-13 06:54:12.739820,30.0,27,2688
17491,2022-04-13 06:57:36.864510,5.0,22,2604
17492,2022-04-13 07:09:14.862902,3.0,4,2509
17493,2022-04-13 07:10:10.770400,20.0,27,2509
17494,2022-04-13 07:18:18.406799,3.0,4,2227
17495,2022-04-13 07:21:17.526696,5.0,22,2604
17496,2022-04-13 08:08:37.988929,100.0,3,2689
17497,2022-04-13 08:08:59.138021,3.0,4,2689
17498,2022-04-13 08:09:27.488984,30.0,27,2689
17499,2022-04-13 08:14:04.897784,20.0,27,2689
17500,2022-04-13 08:18:49.897070,20.0,27,2689
17501,2022-04-13 08:32:50.384862,100.0,3,2690
17502,2022-04-13 08:33:10.955340,3.0,4,2690
17503,2022-04-13 08:37:31.236940,20.0,23,2690
17504,2022-04-13 08:49:24.743946,5.0,22,2690
17505,2022-04-13 08:53:49.195735,3.0,4,1964
17506,2022-04-13 09:07:37.285046,3.0,4,2683
17507,2022-04-13 09:10:57.222993,0.0,22,2683
17508,2022-04-13 09:10:57.239766,30.0,8,2683
17509,2022-04-13 09:19:50.913938,10.0,22,1964
17510,2022-04-13 09:28:56.622630,3.0,4,97
17511,2022-04-13 09:29:20.357048,30.0,23,97
17512,2022-04-13 09:36:35.811948,10.0,22,97
17513,2022-04-13 09:40:27.798825,0.0,22,2683
17514,2022-04-13 10:03:54.227484,3.0,4,258
17515,2022-04-13 10:07:06.575564,3.0,4,2677
17516,2022-04-13 10:07:48.070683,5.0,22,258
17517,2022-04-13 10:13:10.640716,30.0,23,1964
17518,2022-04-13 10:15:11.786809,3.0,4,2301
17519,2022-04-13 10:15:47.855426,10.0,22,1964
17520,2022-04-13 10:15:47.869969,30.0,8,1964
17521,2022-04-13 10:17:38.325110,20.0,23,1964
17522,2022-04-13 10:24:51.893161,5.0,22,1964
17523,2022-04-13 10:42:50.315694,30.0,23,1964
17524,2022-04-13 10:48:20.854940,10.0,22,1964
17525,2022-04-13 10:50:11.173280,5.0,22,258
17526,2022-04-13 10:54:58.209737,40.0,23,1964
17527,2022-04-13 11:04:45.318803,3.0,4,220
17528,2022-04-13 11:09:24.982954,3.0,4,275
17529,2022-04-13 11:09:34.558325,5.0,22,275
17530,2022-04-13 11:12:05.574406,5.0,22,258
17531,2022-04-13 11:19:34.266619,5.0,22,275
17532,2022-04-13 11:21:27.748790,5.0,22,220
17533,2022-04-13 11:24:14.935919,5.0,22,275
17534,2022-04-13 11:24:42.078057,5.0,22,220
17535,2022-04-13 11:24:54.846191,5.0,22,2604
17536,2022-04-13 11:25:37.120141,5.0,22,275
17537,2022-04-13 11:26:32.284815,5.0,22,220
17538,2022-04-13 11:28:13.562661,10.0,22,275
17539,2022-04-13 11:31:32.848697,10.0,22,275
17540,2022-04-13 11:31:43.760255,5.0,22,220
17541,2022-04-13 11:33:56.673798,10.0,22,275
17542,2022-04-13 11:34:12.953225,5.0,22,220
17543,2022-04-13 11:35:16.784340,10.0,22,275
17544,2022-04-13 11:37:52.807760,5.0,22,220
17545,2022-04-13 11:41:41.607217,10.0,22,275
17546,2022-04-13 11:44:41.732138,0.0,22,275
17547,2022-04-13 11:45:07.333345,10.0,22,258
17548,2022-04-13 11:46:35.388170,0.0,22,275
17549,2022-04-13 11:47:51.033893,0.0,22,275
17550,2022-04-13 11:52:07.108874,5.0,22,220
17551,2022-04-13 11:52:10.848034,0.0,22,275
17552,2022-04-13 11:53:42.072932,5.0,22,220
17553,2022-04-13 11:54:55.165508,5.0,22,220
17554,2022-04-13 11:55:31.234184,0.0,22,275
17555,2022-04-13 11:56:22.585069,5.0,22,220
17556,2022-04-13 11:56:43.580180,0.0,22,275
17557,2022-04-13 12:02:21.164347,0.0,22,275
17558,2022-04-13 12:04:33.905541,0.0,22,275
17559,2022-04-13 12:06:09.681358,0.0,22,275
17560,2022-04-13 12:10:09.675698,0.0,22,275
17561,2022-04-13 12:11:05.473531,3.0,4,1318
17562,2022-04-13 12:11:23.959773,0.0,22,275
17563,2022-04-13 12:12:20.105440,5.0,22,220
17564,2022-04-13 12:19:44.421691,100.0,3,2692
17565,2022-04-13 12:19:57.904203,3.0,4,2692
17566,2022-04-13 13:25:39.991910,3.0,4,2629
17567,2022-04-13 13:29:41.288889,5.0,22,2629
17568,2022-04-13 13:34:31.531333,3.0,4,240
17569,2022-04-13 13:53:01.256467,100.0,3,2693
17570,2022-04-13 13:53:28.832107,3.0,4,2693
17571,2022-04-13 14:06:46.992214,5.0,22,2693
17572,2022-04-13 14:09:42.338823,5.0,22,2693
17573,2022-04-13 14:18:33.230075,0.0,22,2683
17574,2022-04-13 14:26:05.959395,100.0,3,2694
17575,2022-04-13 14:26:18.025625,3.0,4,2694
17576,2022-04-13 14:27:07.682982,20.0,27,2694
17577,2022-04-13 14:30:31.703331,10.0,22,2693
17578,2022-04-13 15:09:46.343273,3.0,4,839
17579,2022-04-13 15:27:44.617808,3.0,4,63
17580,2022-04-13 16:17:28.420741,3.0,4,649
17581,2022-04-13 16:39:22.926525,3.0,4,2632
17582,2022-04-13 16:40:52.720271,30.0,23,2632
17583,2022-04-13 16:43:03.565567,3.0,4,2578
17584,2022-04-13 16:45:34.103703,3.0,4,2602
17585,2022-04-13 17:05:40.504330,0.0,22,2683
17586,2022-04-13 17:06:32.144986,5.0,22,2693
17587,2022-04-13 17:17:03.864847,20.0,22,2693
17588,2022-04-13 17:17:03.878775,30.0,8,2693
17589,2022-04-13 17:18:18.314249,3.0,4,1760
17590,2022-04-13 17:18:26.112821,10.0,22,2693
17591,2022-04-13 17:21:01.316775,20.0,27,2693
17592,2022-04-13 17:22:15.991665,3.0,4,2403
17593,2022-04-13 17:25:04.642444,100.0,3,2696
17594,2022-04-13 17:25:24.841706,3.0,4,2696
17595,2022-04-13 17:26:03.056308,30.0,27,2693
17596,2022-04-13 17:28:58.030854,20.0,27,2696
17597,2022-04-13 17:28:58.583641,0.0,22,2683
17598,2022-04-13 17:31:03.752819,30.0,27,2693
17599,2022-04-13 17:31:17.807611,10.0,22,2632
17600,2022-04-13 17:34:44.058485,20.0,27,2696
17601,2022-04-13 17:36:00.947994,3.0,4,2524
17602,2022-04-13 17:37:54.203406,20.0,23,2524
17603,2022-04-13 17:43:45.489576,5.0,22,2524
17604,2022-04-13 17:44:01.773120,0.0,22,839
17605,2022-04-13 17:46:10.503904,3.0,4,1546
17606,2022-04-13 17:48:01.730079,5.0,22,1546
17607,2022-04-13 17:56:03.522465,5.0,22,1546
17608,2022-04-13 18:05:03.308645,0.0,22,2683
17609,2022-04-13 18:05:03.320462,100.0,9,2683
17610,2022-04-13 18:07:49.991953,3.0,4,226
17611,2022-04-13 18:07:50.002651,30.0,5,226
17612,2022-04-13 18:09:18.268543,0.0,22,2683
17613,2022-04-13 18:17:33.020721,0.0,22,2683
17614,2022-04-13 18:21:13.825230,20.0,23,1964
17615,2022-04-13 18:36:08.385348,0.0,22,839
17616,2022-04-13 18:37:25.748103,100.0,3,2697
17617,2022-04-13 18:37:35.089647,3.0,4,2697
17618,2022-04-13 18:39:23.691262,0.0,22,2683
17619,2022-04-13 18:47:39.300500,0.0,22,839
17620,2022-04-13 18:48:42.249868,0.0,22,839
17621,2022-04-13 18:53:28.634722,5.0,22,2697
17622,2022-04-13 18:56:37.269638,5.0,22,2697
17623,2022-04-13 19:27:12.716854,3.0,4,2680
17624,2022-04-13 19:38:32.781985,3.0,4,2458
17625,2022-04-13 19:44:27.905867,5.0,22,2697
17626,2022-04-13 19:54:03.371028,5.0,22,2458
17627,2022-04-13 19:56:41.163816,20.0,23,2458
17628,2022-04-13 19:59:41.377695,5.0,22,2458
17629,2022-04-13 20:08:48.016710,5.0,22,2697
17630,2022-04-13 20:26:14.829581,30.0,23,2458
17631,2022-04-13 20:26:42.072940,10.0,22,2458
17632,2022-04-13 20:26:42.085494,100.0,9,2458
17633,2022-04-13 20:35:00.088469,3.0,4,852
17634,2022-04-13 20:48:00.353579,3.0,4,1700
17635,2022-04-13 21:14:01.773357,3.0,4,589
17636,2022-04-13 22:00:18.645330,3.0,4,121
17637,2022-04-14 01:01:15.624887,3.0,4,551
17638,2022-04-14 01:10:24.154313,5.0,22,551
17639,2022-04-14 01:17:29.475528,5.0,22,551
17640,2022-04-14 01:18:37.014664,5.0,22,551
17641,2022-04-14 01:45:53.249863,10.0,22,551
17642,2022-04-14 01:52:21.626109,10.0,22,551
17643,2022-04-14 01:56:05.553624,10.0,22,551
17644,2022-04-14 02:08:43.018529,10.0,22,551
17645,2022-04-14 02:15:23.601700,0.0,22,551
17646,2022-04-14 02:17:48.422182,0.0,22,551
17647,2022-04-14 02:21:17.557564,0.0,22,551
17648,2022-04-14 02:30:11.567775,0.0,22,551
17649,2022-04-14 03:20:53.403662,3.0,4,2697
17650,2022-04-14 03:22:21.581757,3.0,4,839
17651,2022-04-14 03:25:11.636482,5.0,22,2697
17652,2022-04-14 03:25:11.648755,30.0,8,2697
17653,2022-04-14 03:27:16.040625,5.0,22,2697
17654,2022-04-14 03:34:25.319895,5.0,22,2697
17655,2022-04-14 03:35:30.323808,5.0,22,2697
17656,2022-04-14 03:36:35.226460,5.0,22,2697
17657,2022-04-14 03:38:41.516300,5.0,22,2697
17658,2022-04-14 03:38:41.528270,100.0,9,2697
17659,2022-04-14 03:39:17.640604,5.0,22,2697
17660,2022-04-14 03:40:01.662827,5.0,22,2697
17661,2022-04-14 03:42:24.335042,5.0,22,2697
17662,2022-04-14 03:43:09.519055,5.0,22,2697
17663,2022-04-14 03:43:51.352271,5.0,22,2697
17664,2022-04-14 03:44:19.596587,5.0,22,2697
17665,2022-04-14 03:44:41.193568,5.0,22,2697
17666,2022-04-14 03:57:06.694253,5.0,22,2697
17667,2022-04-14 04:02:39.012397,5.0,22,2697
17668,2022-04-14 04:03:33.484975,5.0,22,2697
17669,2022-04-14 04:12:46.857661,5.0,22,2697
17670,2022-04-14 04:18:01.205897,5.0,22,2697
17671,2022-04-14 04:20:34.159609,5.0,22,2697
17672,2022-04-14 04:22:50.129763,5.0,22,2697
17673,2022-04-14 04:24:43.056279,5.0,22,2697
17674,2022-04-14 04:24:43.069636,200.0,10,2697
17675,2022-04-14 04:26:59.189540,5.0,22,2697
17676,2022-04-14 04:33:02.600346,3.0,4,2604
17677,2022-04-14 04:39:59.826345,3.0,4,2524
17678,2022-04-14 04:40:42.418623,30.0,23,2524
17679,2022-04-14 04:44:42.756736,10.0,22,2524
17680,2022-04-14 04:45:20.858968,5.0,22,2697
17681,2022-04-14 04:46:41.547634,5.0,22,2697
17682,2022-04-14 04:49:52.793357,5.0,22,2697
17683,2022-04-14 04:51:59.543925,5.0,22,2697
17684,2022-04-14 04:55:58.467292,100.0,3,2699
17685,2022-04-14 04:56:50.191958,3.0,4,2699
17686,2022-04-14 05:06:31.144694,3.0,4,2589
17687,2022-04-14 05:44:07.666014,3.0,4,2669
17688,2022-04-14 06:02:01.040895,3.0,4,2268
17689,2022-04-14 06:05:49.902866,3.0,4,2685
17690,2022-04-14 06:09:52.993183,3.0,4,2661
17691,2022-04-14 06:25:02.535991,100.0,3,2700
17692,2022-04-14 06:25:40.562029,3.0,4,2700
17693,2022-04-14 06:40:44.492869,3.0,4,258
17694,2022-04-14 07:00:54.400798,3.0,4,2621
17695,2022-04-14 07:26:29.946359,3.0,4,2512
17696,2022-04-14 07:32:06.574508,5.0,22,2512
17697,2022-04-14 07:38:58.686917,3.0,4,1700
17698,2022-04-14 07:52:49.607505,100.0,3,2701
17699,2022-04-14 07:53:03.038008,3.0,4,2701
17700,2022-04-14 07:53:15.064727,100.0,3,2702
17701,2022-04-14 07:53:30.683333,3.0,4,2702
17702,2022-04-14 07:56:48.580968,100.0,3,2703
17703,2022-04-14 07:57:15.746464,3.0,4,2703
17704,2022-04-14 08:02:53.222824,100.0,3,2705
17705,2022-04-14 08:02:57.483462,100.0,3,2704
17706,2022-04-14 08:03:06.159593,3.0,4,2705
17707,2022-04-14 08:03:10.112656,3.0,4,2704
17708,2022-04-14 08:04:18.892716,100.0,3,2706
17709,2022-04-14 08:04:37.866534,3.0,4,2706
17710,2022-04-14 08:06:17.578510,100.0,3,2707
17711,2022-04-14 08:06:50.595033,3.0,4,2707
17712,2022-04-14 08:09:06.976886,20.0,27,2701
17713,2022-04-14 08:09:40.198242,5.0,22,2704
17714,2022-04-14 08:10:03.413456,20.0,27,2701
17715,2022-04-14 08:22:52.383262,100.0,3,2709
17716,2022-04-14 08:24:23.421324,3.0,4,2709
17717,2022-04-14 08:26:49.718631,100.0,3,2710
17718,2022-04-14 08:27:08.566576,100.0,3,2711
17719,2022-04-14 08:27:14.018234,3.0,4,2711
17720,2022-04-14 08:27:16.772743,3.0,4,2710
17721,2022-04-14 08:28:07.467107,20.0,27,2707
17722,2022-04-14 08:33:29.725279,30.0,27,2707
17723,2022-04-14 08:37:29.997356,3.0,4,2677
17724,2022-04-14 08:40:43.585526,20.0,27,2707
17725,2022-04-14 08:40:48.256604,100.0,3,2712
17726,2022-04-14 08:41:13.401557,3.0,4,2712
17727,2022-04-14 08:47:05.960996,3.0,4,269
17728,2022-04-14 09:03:36.440311,3.0,4,2227
17729,2022-04-14 09:03:46.321721,5.0,22,269
17730,2022-04-14 09:03:51.312007,20.0,23,2227
17731,2022-04-14 09:06:04.004044,100.0,3,2713
17732,2022-04-14 09:06:18.565640,3.0,4,2713
17733,2022-04-14 09:12:09.923375,0.0,22,2713
17734,2022-04-14 09:14:09.043676,3.0,4,63
17735,2022-04-14 09:15:29.407027,20.0,23,63
17736,2022-04-14 09:15:41.953619,3.0,4,240
17737,2022-04-14 09:17:51.284056,100.0,3,2714
17738,2022-04-14 09:18:04.603896,3.0,4,2714
17739,2022-04-14 09:23:41.622227,100.0,3,2715
17740,2022-04-14 09:23:55.125357,3.0,4,2715
17741,2022-04-14 09:25:33.804083,5.0,22,269
17742,2022-04-14 09:25:34.547939,0.0,22,2713
17743,2022-04-14 09:27:13.377803,0.0,22,2713
17744,2022-04-14 09:27:57.551534,20.0,23,240
17745,2022-04-14 09:28:24.436338,0.0,22,2713
17746,2022-04-14 09:29:05.249330,0.0,22,2713
17747,2022-04-14 09:29:05.276353,30.0,8,2713
17748,2022-04-14 09:30:56.976006,5.0,22,240
17749,2022-04-14 09:31:35.577821,0.0,22,2713
17750,2022-04-14 09:34:43.438999,0.0,22,2713
17751,2022-04-14 09:35:04.249646,100.0,3,2716
17752,2022-04-14 09:35:30.147710,5.0,22,269
17753,2022-04-14 09:36:01.736049,3.0,4,2716
17754,2022-04-14 09:37:58.188900,0.0,22,2713
17755,2022-04-14 09:38:56.821548,5.0,22,269
17756,2022-04-14 09:39:55.320020,0.0,22,2713
17757,2022-04-14 09:40:41.654093,5.0,22,240
17758,2022-04-14 09:41:21.630108,0.0,22,2713
17759,2022-04-14 09:41:21.642411,100.0,9,2713
17760,2022-04-14 09:44:18.393989,5.0,22,269
17761,2022-04-14 09:46:44.927274,0.0,22,2713
17762,2022-04-14 09:47:35.648501,0.0,22,2713
17763,2022-04-14 09:49:12.685914,0.0,22,2713
17764,2022-04-14 09:50:58.843354,0.0,22,2713
17765,2022-04-14 10:00:05.983250,5.0,22,269
17766,2022-04-14 10:00:21.683572,5.0,22,2700
17767,2022-04-14 10:19:29.358595,3.0,4,220
17768,2022-04-14 10:20:05.668670,5.0,22,220
17769,2022-04-14 10:24:43.518355,5.0,22,220
17770,2022-04-14 10:24:52.132086,0.0,22,2705
17771,2022-04-14 10:31:17.540631,0.0,22,2705
17772,2022-04-14 10:41:02.439846,0.0,22,2705
17773,2022-04-14 10:42:47.097708,20.0,23,2589
17774,2022-04-14 10:54:11.337542,10.0,22,2604
17775,2022-04-14 11:00:35.440270,5.0,22,269
17776,2022-04-14 11:01:57.456278,5.0,22,269
17777,2022-04-14 11:03:48.505481,5.0,22,269
17778,2022-04-14 11:04:26.912027,5.0,22,2700
17779,2022-04-14 11:09:15.659069,3.0,4,1546
17780,2022-04-14 11:09:42.935550,5.0,22,2710
17781,2022-04-14 11:11:37.170662,5.0,22,2710
17782,2022-04-14 11:13:21.175140,5.0,22,220
17783,2022-04-14 11:15:34.347814,5.0,22,1546
17784,2022-04-14 11:16:13.228752,5.0,22,1546
17785,2022-04-14 11:17:30.961858,3.0,4,852
17786,2022-04-14 11:19:39.348270,5.0,22,1546
17787,2022-04-14 11:26:39.346705,5.0,22,1546
17788,2022-04-14 11:26:39.358748,200.0,10,1546
17789,2022-04-14 11:27:45.740528,5.0,22,1546
17790,2022-04-14 11:28:08.117512,5.0,22,2710
17791,2022-04-14 11:30:37.847120,5.0,22,2710
17792,2022-04-14 11:32:24.343800,5.0,22,1546
17793,2022-04-14 11:33:09.038034,100.0,3,2670
17794,2022-04-14 11:34:41.588598,5.0,22,2710
17795,2022-04-14 11:34:41.600575,30.0,8,2710
17796,2022-04-14 11:35:24.967938,3.0,4,2670
17797,2022-04-14 11:36:08.188662,30.0,27,2670
17798,2022-04-14 11:44:59.603731,3.0,4,2658
17799,2022-04-14 11:48:55.749734,5.0,22,2710
17800,2022-04-14 11:50:47.221387,10.0,22,852
17801,2022-04-14 11:51:26.803888,5.0,22,1546
17802,2022-04-14 11:52:30.350070,5.0,22,1546
17803,2022-04-14 12:04:16.915719,100.0,3,2718
17804,2022-04-14 12:04:34.361858,3.0,4,2718
17805,2022-04-14 12:12:39.518315,5.0,22,2604
17806,2022-04-14 12:27:20.858124,10.0,22,852
17807,2022-04-14 12:39:27.708800,100.0,3,2719
17808,2022-04-14 12:39:34.368161,3.0,4,2719
17809,2022-04-14 12:44:17.281767,10.0,22,220
17810,2022-04-14 12:44:26.126724,5.0,22,2227
17811,2022-04-14 12:46:22.373059,0.0,22,220
17812,2022-04-14 12:47:02.999438,100.0,3,2695
17813,2022-04-14 12:47:03.019398,750.0,29,2695
17814,2022-04-14 12:47:27.571172,3.0,4,2695
17815,2022-04-14 12:48:19.763849,5.0,22,220
17816,2022-04-14 12:51:00.200182,5.0,22,2227
17817,2022-04-14 12:58:30.484059,5.0,22,220
17818,2022-04-14 13:00:32.916351,5.0,22,220
17819,2022-04-14 13:19:17.500688,3.0,4,786
17820,2022-04-14 13:51:42.024508,5.0,22,2704
17821,2022-04-14 13:51:42.746276,100.0,3,2720
17822,2022-04-14 13:51:49.551055,3.0,4,2720
17823,2022-04-14 13:54:44.937870,5.0,22,2704
17824,2022-04-14 13:56:13.294130,5.0,22,2704
17825,2022-04-14 14:05:51.433933,5.0,22,2700
17826,2022-04-14 14:14:46.733355,20.0,27,2704
17827,2022-04-14 14:19:39.401255,3.0,4,2629
17828,2022-04-14 14:22:46.824037,5.0,22,2700
17829,2022-04-14 14:42:49.775084,20.0,23,2700
17830,2022-04-14 14:45:55.825537,3.0,4,2291
17831,2022-04-14 14:49:20.843681,5.0,22,2700
17832,2022-04-14 14:49:20.876088,30.0,8,2700
17833,2022-04-14 14:50:51.848857,30.0,27,2291
17834,2022-04-14 14:51:37.100745,3.0,4,1256
17835,2022-04-14 15:19:04.183725,3.0,4,2683
17836,2022-04-14 15:20:59.685472,3.0,4,372
17837,2022-04-14 15:23:37.512542,0.0,22,2683
17838,2022-04-14 15:38:28.208164,3.0,4,2678
17839,2022-04-14 15:45:52.045580,5.0,22,2719
17840,2022-04-14 15:50:48.244138,5.0,22,2719
17841,2022-04-14 15:53:58.231385,5.0,22,2719
17842,2022-04-14 16:37:47.922511,3.0,4,2501
17843,2022-04-14 16:46:03.706784,3.0,4,275
17844,2022-04-14 16:55:03.561915,5.0,22,2719
17845,2022-04-14 16:56:50.136246,5.0,22,2719
17846,2022-04-14 16:56:50.157788,30.0,8,2719
17847,2022-04-14 17:00:14.668152,5.0,22,2719
17848,2022-04-14 17:18:36.499947,0.0,22,839
17849,2022-04-14 17:22:00.235143,5.0,22,2719
17850,2022-04-14 17:24:15.947358,5.0,22,2719
17851,2022-04-14 17:25:27.040373,5.0,22,2719
17852,2022-04-14 17:26:39.797522,5.0,22,2719
17853,2022-04-14 17:26:39.808853,100.0,9,2719
17854,2022-04-14 17:27:49.817501,5.0,22,2719
17855,2022-04-14 17:28:33.263571,5.0,22,2719
17856,2022-04-14 17:29:26.194936,5.0,22,2719
17857,2022-04-14 17:30:34.858681,5.0,22,2719
17858,2022-04-14 17:31:38.759836,5.0,22,2719
17859,2022-04-14 17:33:32.694020,5.0,22,2719
17860,2022-04-14 17:35:42.614291,5.0,22,2719
17861,2022-04-14 17:36:25.399748,5.0,22,2719
17862,2022-04-14 17:38:02.958418,5.0,22,2719
17863,2022-04-14 17:41:41.924804,100.0,3,2721
17864,2022-04-14 17:42:35.373611,3.0,4,2721
17865,2022-04-14 17:44:40.441054,0.0,22,2721
17866,2022-04-14 17:45:42.134282,5.0,22,2719
17867,2022-04-14 17:46:42.034255,0.0,22,2721
17868,2022-04-14 17:46:48.901256,5.0,22,2719
17869,2022-04-14 17:48:17.262623,5.0,22,372
17870,2022-04-14 17:50:12.562787,3.0,4,1255
17871,2022-04-14 17:53:20.190557,5.0,22,2719
17872,2022-04-14 17:55:43.486990,5.0,22,2719
17873,2022-04-14 17:56:40.461793,100.0,3,2723
17874,2022-04-14 17:56:52.315213,3.0,4,2723
17875,2022-04-14 17:56:55.662409,3.0,4,2323
17876,2022-04-14 17:57:21.554435,5.0,22,2719
17877,2022-04-14 18:00:34.408390,5.0,22,2719
17878,2022-04-14 18:00:34.422690,200.0,10,2719
17879,2022-04-14 18:01:06.155919,0.0,22,2721
17880,2022-04-14 18:02:14.398754,0.0,22,2723
17881,2022-04-14 18:02:46.480946,5.0,22,2719
17882,2022-04-14 18:03:17.213146,0.0,22,2721
17883,2022-04-14 18:05:29.841452,0.0,22,2723
17884,2022-04-14 18:05:48.318917,5.0,22,2719
17885,2022-04-14 18:06:45.888487,0.0,22,2721
17886,2022-04-14 18:06:45.901301,30.0,8,2721
17887,2022-04-14 18:06:49.138989,10.0,22,2501
17888,2022-04-14 18:08:12.976509,5.0,22,2719
17889,2022-04-14 18:08:23.400834,0.0,22,2721
17890,2022-04-14 18:09:35.553293,5.0,22,2719
17891,2022-04-14 18:10:22.356775,5.0,22,2719
17892,2022-04-14 18:12:25.725520,5.0,22,2719
17893,2022-04-14 18:14:52.171368,20.0,23,372
17894,2022-04-14 18:15:34.327492,5.0,22,372
17895,2022-04-14 18:16:38.104942,5.0,22,2719
17896,2022-04-14 18:16:57.683997,0.0,22,2721
17897,2022-04-14 18:18:03.819880,0.0,22,2721
17898,2022-04-14 18:20:19.779849,0.0,22,2721
17899,2022-04-14 18:21:31.570423,100.0,3,2724
17900,2022-04-14 18:21:57.989497,0.0,22,2721
17901,2022-04-14 18:21:58.019906,100.0,9,2721
17902,2022-04-14 18:22:15.172477,3.0,4,2724
17903,2022-04-14 18:23:46.795733,0.0,22,2721
17904,2022-04-14 18:24:32.518071,0.0,22,2721
17905,2022-04-14 18:24:34.401383,100.0,3,2725
17906,2022-04-14 18:24:34.419989,750.0,29,2725
17907,2022-04-14 18:24:48.267876,5.0,22,2719
17908,2022-04-14 18:24:54.918187,3.0,4,2725
17909,2022-04-14 18:26:31.806460,5.0,22,2719
17910,2022-04-14 18:26:58.430642,30.0,27,2725
17911,2022-04-14 18:27:49.376132,0.0,22,2721
17912,2022-04-14 18:35:03.735702,100.0,3,2726
17913,2022-04-14 18:35:11.221233,3.0,4,2726
17914,2022-04-14 18:36:26.818760,10.0,22,2719
17915,2022-04-14 18:37:36.781518,0.0,22,839
17916,2022-04-14 18:48:58.196467,5.0,22,2719
17917,2022-04-14 18:51:19.618765,10.0,22,2719
17918,2022-04-14 18:55:43.509142,5.0,22,2719
17919,2022-04-14 18:57:38.188866,0.0,22,2721
17920,2022-04-14 19:00:52.131071,5.0,22,2719
17921,2022-04-14 19:01:15.341048,0.0,22,2721
17922,2022-04-14 19:02:15.693357,0.0,22,2721
17923,2022-04-14 19:05:10.168204,0.0,22,2721
17924,2022-04-14 19:06:00.979632,100.0,3,2727
17925,2022-04-14 19:06:27.766539,3.0,4,2727
17926,2022-04-14 19:07:11.636241,100.0,3,2728
17927,2022-04-14 19:07:11.648412,750.0,29,2728
17928,2022-04-14 19:07:19.888349,3.0,4,2728
17929,2022-04-14 19:11:03.393984,5.0,22,2719
17930,2022-04-14 19:15:08.745986,10.0,22,2719
17931,2022-04-14 19:20:07.031111,15.0,22,2719
17932,2022-04-14 19:41:35.356072,5.0,22,2589
17933,2022-04-14 19:51:54.585887,5.0,22,2697
17934,2022-04-14 20:08:40.331628,5.0,22,2512
17935,2022-04-14 20:21:03.688188,5.0,22,2512
17936,2022-04-14 20:38:06.198048,5.0,22,2512
17937,2022-04-14 20:39:53.173773,5.0,22,2512
17938,2022-04-14 20:48:00.255550,5.0,22,2512
17939,2022-04-14 20:55:06.060272,5.0,22,2512
17940,2022-04-14 20:55:45.534899,5.0,22,2512
17941,2022-04-14 20:56:43.458378,5.0,22,2512
17942,2022-04-14 21:04:49.825591,5.0,22,2512
17943,2022-04-14 21:06:08.318366,5.0,22,2512
17944,2022-04-14 21:06:48.884195,5.0,22,2512
17945,2022-04-14 21:07:37.991717,5.0,22,2512
17946,2022-04-14 21:08:44.446347,5.0,22,2512
17947,2022-04-14 21:09:41.938941,5.0,22,2512
17948,2022-04-14 21:17:24.451842,100.0,3,2729
17949,2022-04-14 21:18:22.607982,3.0,4,2729
17950,2022-04-14 22:00:12.627581,3.0,4,121
17951,2022-04-14 22:00:12.641743,30.0,5,121
17952,2022-04-14 22:00:16.371290,3.0,4,742
17953,2022-04-15 01:32:29.659424,3.0,4,2678
17954,2022-04-15 03:30:07.004030,3.0,4,2697
17955,2022-04-15 03:41:58.027149,5.0,22,2697
17956,2022-04-15 03:47:37.640775,5.0,22,2697
17957,2022-04-15 04:27:46.581094,3.0,4,2524
17958,2022-04-15 04:27:46.592258,30.0,5,2524
17959,2022-04-15 04:29:45.122403,3.0,4,2685
17960,2022-04-15 04:37:41.322276,20.0,23,2524
17961,2022-04-15 04:40:35.235677,5.0,22,2524
17962,2022-04-15 04:55:20.357973,3.0,4,2712
17963,2022-04-15 05:06:04.404280,3.0,4,589
17964,2022-04-15 05:23:25.972860,5.0,22,2685
17965,2022-04-15 05:30:08.495172,3.0,4,551
17966,2022-04-15 05:36:38.322878,3.0,4,2604
17967,2022-04-15 05:43:14.278166,0.0,22,551
17968,2022-04-15 05:43:16.320607,100.0,3,2730
17969,2022-04-15 05:43:37.936035,3.0,4,2730
17970,2022-04-15 05:43:55.738796,30.0,27,2730
17971,2022-04-15 05:48:17.395084,3.0,4,2719
17972,2022-04-15 05:48:32.269077,0.0,22,551
17973,2022-04-15 05:49:42.158234,0.0,22,551
17974,2022-04-15 05:54:48.239552,0.0,22,551
17975,2022-04-15 05:56:16.446929,20.0,27,2730
17976,2022-04-15 05:57:25.727251,0.0,22,551
17977,2022-04-15 06:06:28.261325,10.0,22,2604
17978,2022-04-15 06:21:23.421211,3.0,4,258
17979,2022-04-15 06:28:18.104957,5.0,22,2604
17980,2022-04-15 06:48:31.091854,5.0,22,2604
17981,2022-04-15 07:11:01.230574,3.0,4,852
17982,2022-04-15 07:14:53.430905,3.0,4,2629
17983,2022-04-15 07:22:18.426074,3.0,4,2680
17984,2022-04-15 07:22:51.323768,10.0,22,852
17985,2022-04-15 07:27:09.989712,20.0,27,852
17986,2022-04-15 07:34:30.834568,20.0,23,852
17987,2022-04-15 07:42:14.312547,3.0,4,63
17988,2022-04-15 07:54:27.726650,3.0,4,2658
17989,2022-04-15 08:03:31.166360,5.0,22,852
17990,2022-04-15 08:11:17.731967,3.0,4,2721
17991,2022-04-15 08:12:41.672699,3.0,4,2227
17992,2022-04-15 08:25:03.551683,15.0,22,2719
17993,2022-04-15 08:26:08.598176,3.0,4,220
17994,2022-04-15 08:27:17.751001,100.0,3,2731
17995,2022-04-15 08:27:27.402285,3.0,4,2731
17996,2022-04-15 08:39:27.583965,3.0,4,2690
17997,2022-04-15 09:10:28.894742,20.0,23,2690
17998,2022-04-15 09:14:57.349601,100.0,3,2732
17999,2022-04-15 09:15:03.828290,3.0,4,2732
18000,2022-04-15 09:15:28.483627,20.0,23,2732
18001,2022-04-15 09:20:39.153567,5.0,22,2690
18002,2022-04-15 09:48:19.783226,100.0,3,2733
18003,2022-04-15 09:48:38.917712,3.0,4,2733
18004,2022-04-15 10:00:25.210806,5.0,22,2719
18005,2022-04-15 10:01:30.226828,3.0,4,2634
18006,2022-04-15 10:05:14.841178,3.0,4,2729
18007,2022-04-15 10:19:56.113521,10.0,22,2719
18008,2022-04-15 10:21:33.403977,10.0,22,2719
18009,2022-04-15 10:23:11.297247,3.0,4,2632
18010,2022-04-15 10:23:52.543977,30.0,23,2632
18011,2022-04-15 10:23:53.243848,5.0,22,2719
18012,2022-04-15 10:36:05.735195,3.0,4,1700
18013,2022-04-15 10:40:09.507973,5.0,22,2719
18014,2022-04-15 10:40:57.377734,100.0,3,2734
18015,2022-04-15 10:41:18.630799,3.0,4,2734
18016,2022-04-15 10:45:13.460340,5.0,22,2719
18017,2022-04-15 10:48:24.126711,0.0,22,2734
18018,2022-04-15 11:02:38.520804,10.0,22,2632
18019,2022-04-15 11:02:56.445926,5.0,22,2604
18020,2022-04-15 11:16:16.654462,5.0,22,2719
18021,2022-04-15 11:17:57.389806,5.0,22,2719
18022,2022-04-15 11:34:07.042466,5.0,22,2719
18023,2022-04-15 11:34:56.663012,0.0,22,2734
18024,2022-04-15 11:37:00.152675,5.0,22,2719
18025,2022-04-15 11:40:48.530475,0.0,22,2719
18026,2022-04-15 11:41:57.663662,0.0,22,2719
18027,2022-04-15 11:45:07.374649,3.0,4,1546
18028,2022-04-15 11:45:42.014374,5.0,22,1546
18029,2022-04-15 11:50:40.996149,0.0,22,2719
18030,2022-04-15 11:51:47.319255,5.0,22,1546
18031,2022-04-15 11:53:01.421972,0.0,22,2719
18032,2022-04-15 11:57:01.376921,5.0,22,1546
18033,2022-04-15 11:57:54.152195,5.0,22,1546
18034,2022-04-15 12:02:58.603771,5.0,22,1546
18035,2022-04-15 12:04:34.839812,5.0,22,1546
18036,2022-04-15 12:05:32.695234,5.0,22,1546
18037,2022-04-15 12:10:05.876722,5.0,22,852
18038,2022-04-15 12:16:55.878100,0.0,22,2719
18039,2022-04-15 12:17:46.933693,5.0,22,1546
18040,2022-04-15 12:21:06.380183,5.0,22,1546
18041,2022-04-15 12:21:09.182656,0.0,22,2719
18042,2022-04-15 12:24:21.398062,3.0,4,203
18043,2022-04-15 12:36:00.332571,5.0,22,1546
18044,2022-04-15 12:37:37.784195,100.0,3,2736
18045,2022-04-15 12:37:56.506942,3.0,4,2736
18046,2022-04-15 12:37:59.435266,3.0,4,240
18047,2022-04-15 12:39:36.083098,5.0,22,1546
18048,2022-04-15 12:42:24.800116,5.0,22,1546
18049,2022-04-15 12:45:46.338969,5.0,22,1546
18050,2022-04-15 12:48:01.474024,5.0,22,2730
18051,2022-04-15 12:48:41.021550,5.0,22,1546
18052,2022-04-15 12:52:57.439977,5.0,22,2730
18053,2022-04-15 12:54:11.021708,5.0,22,1546
18054,2022-04-15 12:56:35.697861,5.0,22,1546
18055,2022-04-15 12:57:42.182610,5.0,22,2730
18056,2022-04-15 12:58:09.307861,100.0,3,2737
18057,2022-04-15 12:58:13.280918,3.0,4,2737
18058,2022-04-15 12:58:57.596485,5.0,22,1546
18059,2022-04-15 13:00:41.697950,5.0,22,1546
18060,2022-04-15 13:01:29.454677,5.0,22,1546
18061,2022-04-15 13:02:55.110444,20.0,23,2737
18062,2022-04-15 13:02:57.714211,5.0,22,1546
18063,2022-04-15 13:24:44.426743,3.0,4,2710
18064,2022-04-15 13:56:13.617966,100.0,3,2738
18065,2022-04-15 13:56:17.576106,3.0,4,2738
18066,2022-04-15 13:56:54.389786,20.0,27,2738
18067,2022-04-15 13:57:53.912665,5.0,22,203
18068,2022-04-15 14:00:14.616928,20.0,23,203
18069,2022-04-15 14:04:02.562996,10.0,22,2604
18070,2022-04-15 14:57:03.512584,0.0,22,2734
18071,2022-04-15 15:10:04.624308,0.0,22,2734
18072,2022-04-15 15:18:43.854162,100.0,3,2739
18073,2022-04-15 15:19:02.658098,0.0,22,2734
18074,2022-04-15 15:19:02.677044,30.0,8,2734
18075,2022-04-15 15:19:05.240513,3.0,4,2739
18076,2022-04-15 15:37:05.494363,5.0,22,203
18077,2022-04-15 15:47:53.794152,0.0,22,2734
18078,2022-04-15 15:54:08.596718,5.0,22,203
18079,2022-04-15 15:54:08.608206,100.0,9,203
18080,2022-04-15 16:16:54.469315,20.0,23,2739
18081,2022-04-15 16:18:40.576589,5.0,22,2739
18082,2022-04-15 16:22:40.704230,5.0,22,2739
18083,2022-04-15 16:34:49.588973,3.0,4,434
18084,2022-04-15 16:39:01.343814,5.0,22,2739
18085,2022-04-15 16:39:22.078646,20.0,27,2739
18086,2022-04-15 16:49:02.179058,3.0,4,372
18087,2022-04-15 17:15:59.032238,3.0,4,2503
18088,2022-04-15 17:24:03.439354,100.0,3,2740
18089,2022-04-15 17:24:27.653216,3.0,4,2740
18090,2022-04-15 17:27:53.148048,3.0,4,839
18091,2022-04-15 17:30:01.628671,3.0,4,124
18092,2022-04-15 17:43:57.952095,5.0,22,2740
18093,2022-04-15 17:45:37.634282,5.0,22,2740
18094,2022-04-15 17:49:16.797682,100.0,3,2741
18095,2022-04-15 17:49:29.934949,3.0,4,2741
18096,2022-04-15 17:50:26.138043,5.0,22,2740
18097,2022-04-15 17:53:23.406969,0.0,22,839
18098,2022-04-15 18:01:22.572003,100.0,3,2742
18099,2022-04-15 18:01:46.412473,3.0,4,2742
18100,2022-04-15 18:03:12.795694,20.0,23,839
18101,2022-04-15 18:15:57.188210,10.0,22,839
18102,2022-04-15 18:16:55.262745,3.0,4,280
18103,2022-04-15 18:18:39.832915,100.0,3,2745
18104,2022-04-15 18:19:38.221453,3.0,4,2745
18105,2022-04-15 18:33:28.673279,100.0,3,2746
18106,2022-04-15 18:34:00.375862,3.0,4,2746
18107,2022-04-15 18:53:49.847525,0.0,22,2734
18108,2022-04-15 19:02:44.803230,10.0,22,839
18109,2022-04-15 19:03:22.403877,0.0,22,2721
18110,2022-04-15 19:30:15.928668,3.0,4,2512
18111,2022-04-15 19:34:01.060649,5.0,22,2512
18112,2022-04-15 19:34:48.415225,5.0,22,2512
18113,2022-04-15 19:37:41.231155,5.0,22,2512
18114,2022-04-15 19:48:03.791629,5.0,22,2512
18115,2022-04-15 19:51:08.236044,5.0,22,2512
18116,2022-04-15 19:53:10.247708,5.0,22,2512
18117,2022-04-15 19:58:13.298120,5.0,22,2512
18118,2022-04-15 20:07:16.393924,5.0,22,2512
18119,2022-04-15 20:14:16.869827,5.0,22,2512
18120,2022-04-15 20:20:19.558659,5.0,22,2512
18121,2022-04-15 20:23:46.563097,5.0,22,2512
18122,2022-04-15 20:25:05.046342,5.0,22,2741
18123,2022-04-15 20:26:37.240635,5.0,22,2512
18124,2022-04-15 20:36:19.907264,5.0,22,2512
18125,2022-04-15 20:38:40.482619,5.0,22,2512
18126,2022-04-15 20:41:50.033743,5.0,22,2512
18127,2022-04-15 21:02:04.507608,3.0,4,2501
18128,2022-04-15 21:07:35.669051,5.0,22,2501
18129,2022-04-15 21:09:51.287004,20.0,27,2501
18130,2022-04-15 21:20:01.846170,30.0,23,2632
18131,2022-04-15 22:00:08.543157,3.0,4,121
18132,2022-04-16 02:56:03.268453,3.0,4,2719
18133,2022-04-16 03:06:45.064585,5.0,22,2719
18134,2022-04-16 07:01:31.584748,3.0,4,372
18135,2022-04-16 07:16:34.879572,3.0,4,2483
18136,2022-04-16 07:29:48.973813,3.0,4,2604
18137,2022-04-16 07:35:00.323436,3.0,4,2503
18138,2022-04-16 07:39:34.979834,20.0,23,2503
18139,2022-04-16 07:40:51.953358,100.0,3,2747
18140,2022-04-16 07:41:02.692880,3.0,4,2747
18141,2022-04-16 07:43:01.819839,20.0,23,2747
18142,2022-04-16 07:45:05.311932,3.0,4,852
18143,2022-04-16 07:45:05.322395,30.0,5,852
18144,2022-04-16 07:45:54.712733,10.0,22,2747
18145,2022-04-16 07:50:05.716171,0.0,22,2483
18146,2022-04-16 07:58:27.111389,100.0,3,2748
18147,2022-04-16 07:59:03.342263,3.0,4,2748
18148,2022-04-16 08:00:59.132248,0.0,22,2483
18149,2022-04-16 08:02:49.580380,0.0,22,2748
18150,2022-04-16 08:03:07.755044,0.0,22,2483
18151,2022-04-16 08:05:09.529283,5.0,22,852
18152,2022-04-16 08:12:18.106330,0.0,22,2748
18153,2022-04-16 08:17:15.829890,10.0,22,2747
18154,2022-04-16 08:34:00.453850,0.0,22,2483
18155,2022-04-16 08:37:20.750157,0.0,22,2483
18156,2022-04-16 08:37:20.760337,200.0,10,2483
18157,2022-04-16 08:43:23.883023,100.0,3,2749
18158,2022-04-16 08:43:38.000933,3.0,4,2749
18159,2022-04-16 08:43:47.715057,20.0,27,2749
18160,2022-04-16 08:49:36.161499,30.0,27,2749
18161,2022-04-16 08:49:40.208992,3.0,4,124
18162,2022-04-16 08:51:35.771866,0.0,22,2483
18163,2022-04-16 08:56:40.200538,20.0,27,2749
18164,2022-04-16 08:59:26.000710,3.0,4,2301
18165,2022-04-16 09:21:06.226945,3.0,4,2734
18166,2022-04-16 09:41:56.492618,3.0,4,2697
18167,2022-04-16 09:51:21.192714,10.0,22,2697
18168,2022-04-16 10:39:09.364422,30.0,27,2747
18169,2022-04-16 10:41:23.745964,3.0,4,2721
18170,2022-04-16 10:48:26.741839,0.0,22,2721
18171,2022-04-16 11:10:39.783389,3.0,4,1700
18172,2022-04-16 11:14:43.728863,3.0,4,2680
18173,2022-04-16 11:17:14.900905,3.0,4,1107
18174,2022-04-16 11:18:52.272266,0.0,22,2734
18175,2022-04-16 11:34:34.927608,0.0,22,2483
18176,2022-04-16 12:27:34.719424,3.0,4,2524
18177,2022-04-16 12:30:36.260879,40.0,23,2524
18178,2022-04-16 12:45:43.350291,20.0,22,2524
18179,2022-04-16 13:10:28.110633,100.0,3,2750
18180,2022-04-16 13:11:10.659813,3.0,4,2741
18181,2022-04-16 13:13:24.932403,3.0,4,2750
18182,2022-04-16 13:18:07.696675,3.0,4,2611
18183,2022-04-16 13:19:06.301034,5.0,22,2697
18184,2022-04-16 13:23:14.348370,0.0,22,2483
18185,2022-04-16 13:26:36.822614,0.0,22,2483
18186,2022-04-16 13:27:20.627175,0.0,22,2483
18187,2022-04-16 13:28:02.233126,0.0,22,2483
18188,2022-04-16 13:28:41.460277,0.0,22,2483
18189,2022-04-16 13:29:05.702360,0.0,22,2483
18190,2022-04-16 13:29:28.647277,0.0,22,2483
18191,2022-04-16 13:29:58.285369,0.0,22,2483
18192,2022-04-16 13:29:58.574865,100.0,3,2751
18193,2022-04-16 13:30:35.636518,0.0,22,2483
18194,2022-04-16 13:32:44.470836,3.0,4,2751
18195,2022-04-16 13:32:58.140699,30.0,27,2751
18196,2022-04-16 13:38:21.211282,10.0,22,2611
18197,2022-04-16 13:39:40.114277,30.0,27,2751
18198,2022-04-16 13:44:10.961120,30.0,23,2611
18199,2022-04-16 13:50:46.302245,5.0,22,2741
18200,2022-04-16 14:09:06.053123,20.0,23,2611
18201,2022-04-16 14:12:54.489560,100.0,3,2752
18202,2022-04-16 14:13:13.853067,3.0,4,2752
18203,2022-04-16 14:13:19.616479,30.0,27,2752
18204,2022-04-16 14:13:50.567986,3.0,4,2732
18205,2022-04-16 14:23:41.238077,3.0,4,2742
18206,2022-04-16 14:25:41.969587,100.0,3,2754
18207,2022-04-16 14:25:41.983073,200.0,6,2742
18208,2022-04-16 14:25:41.983180,50.0,7,2754
18209,2022-04-16 14:25:51.483777,3.0,4,2754
18210,2022-04-16 14:38:57.695424,3.0,4,397
18211,2022-04-16 14:42:51.058569,30.0,23,852
18212,2022-04-16 15:14:18.423180,3.0,4,2702
18213,2022-04-16 15:25:38.663077,3.0,4,1744
18214,2022-04-16 15:59:04.644921,0.0,22,2702
18215,2022-04-16 16:08:36.810513,3.0,4,2723
18216,2022-04-16 17:50:20.600162,100.0,3,2757
18217,2022-04-16 17:50:52.625612,3.0,4,2757
18218,2022-04-16 18:03:19.388503,3.0,4,2512
18219,2022-04-16 18:28:39.065982,3.0,4,2678
18220,2022-04-16 19:21:45.010578,3.0,4,868
18221,2022-04-16 19:32:54.842958,5.0,22,2741
18222,2022-04-16 19:52:17.697165,5.0,22,2741
18223,2022-04-16 20:13:33.884488,5.0,22,2741
18224,2022-04-16 20:13:33.894128,30.0,8,2741
18225,2022-04-16 20:24:35.453160,3.0,4,2689
18226,2022-04-16 20:43:45.395652,5.0,22,2741
18227,2022-04-16 21:04:17.215945,100.0,3,2758
18228,2022-04-16 21:04:26.704779,3.0,4,2758
18229,2022-04-16 21:07:12.769311,0.0,22,2758
18230,2022-04-16 21:38:57.488336,5.0,22,2512
18231,2022-04-16 22:00:06.956281,3.0,4,121
18232,2022-04-16 22:05:06.364742,5.0,22,2512
18233,2022-04-16 22:50:22.614509,3.0,4,2549
18234,2022-04-16 22:50:22.626014,30.0,5,2549
18235,2022-04-17 02:19:57.321125,3.0,4,2719
18236,2022-04-17 02:21:49.942710,5.0,22,2719
18237,2022-04-17 05:13:21.233696,3.0,4,2549
18238,2022-04-17 06:09:09.335947,3.0,4,2733
18239,2022-04-17 06:25:07.352088,0.0,22,2733
18240,2022-04-17 06:29:19.981843,0.0,22,2733
18241,2022-04-17 06:33:07.197430,3.0,4,2524
18242,2022-04-17 06:34:24.579371,20.0,23,2524
18243,2022-04-17 06:54:54.168362,5.0,22,2524
18244,2022-04-17 07:09:51.348165,3.0,4,2697
18245,2022-04-17 07:10:38.397573,10.0,22,2697
18246,2022-04-17 07:14:27.068397,3.0,4,2664
18247,2022-04-17 07:21:54.694027,3.0,4,2685
18248,2022-04-17 07:24:40.466519,100.0,3,2759
18249,2022-04-17 07:24:58.299257,3.0,4,2759
18250,2022-04-17 07:25:03.117625,30.0,27,2759
18251,2022-04-17 07:48:30.259772,5.0,22,2697
18252,2022-04-17 08:07:53.988800,0.0,22,2733
18253,2022-04-17 08:09:56.523581,0.0,22,2733
18254,2022-04-17 08:10:47.123359,0.0,22,2733
18255,2022-04-17 08:10:47.136359,30.0,8,2733
18256,2022-04-17 08:12:56.333391,0.0,22,2733
18257,2022-04-17 08:25:45.235732,100.0,3,2760
18258,2022-04-17 08:25:45.250315,750.0,29,2760
18259,2022-04-17 08:26:14.696231,3.0,4,2760
18260,2022-04-17 08:29:48.347048,0.0,22,2733
18261,2022-04-17 08:38:23.166100,0.0,22,2733
18262,2022-04-17 08:38:51.455462,3.0,4,1700
18263,2022-04-17 08:39:53.815455,3.0,4,2678
18264,2022-04-17 08:39:53.827816,30.0,5,2678
18265,2022-04-17 08:41:47.938749,0.0,22,2733
18266,2022-04-17 08:46:38.444832,3.0,4,2550
18267,2022-04-17 08:55:35.361812,0.0,22,2733
18268,2022-04-17 08:55:35.380204,100.0,9,2733
18269,2022-04-17 08:58:43.842320,0.0,22,2733
18270,2022-04-17 08:59:40.337436,0.0,22,2733
18271,2022-04-17 09:02:21.293853,0.0,22,2733
18272,2022-04-17 09:04:11.501408,0.0,22,2733
18273,2022-04-17 09:06:35.093772,0.0,22,2733
18274,2022-04-17 09:07:59.821088,100.0,3,2762
18275,2022-04-17 09:08:38.055287,3.0,4,2762
18276,2022-04-17 09:34:22.653600,100.0,3,2763
18277,2022-04-17 09:34:36.849201,3.0,4,2763
18278,2022-04-17 09:34:48.742570,30.0,27,2763
18279,2022-04-17 09:38:01.890802,3.0,4,121
18280,2022-04-17 09:42:40.711088,3.0,4,2512
18281,2022-04-17 10:02:14.249736,5.0,22,2685
18282,2022-04-17 10:08:13.336444,3.0,4,2724
18283,2022-04-17 10:31:44.420020,100.0,3,2764
18284,2022-04-17 10:32:02.303816,3.0,4,2764
18285,2022-04-17 10:50:15.363895,3.0,4,2589
18286,2022-04-17 10:58:47.243385,3.0,4,852
18287,2022-04-17 11:17:18.674603,3.0,4,796
18288,2022-04-17 11:51:35.261368,3.0,4,2705
18289,2022-04-17 11:53:56.502286,3.0,4,2501
18290,2022-04-17 11:54:12.890922,3.0,4,2741
18291,2022-04-17 11:56:42.198627,5.0,22,796
18292,2022-04-17 12:01:21.809043,5.0,22,2705
18293,2022-04-17 12:01:39.334981,10.0,22,852
18294,2022-04-17 12:12:25.300264,0.0,22,2705
18295,2022-04-17 12:12:25.309918,30.0,8,2705
18296,2022-04-17 12:15:58.378290,100.0,3,2765
18297,2022-04-17 12:16:05.413887,3.0,4,2765
18298,2022-04-17 12:17:59.232552,100.0,3,2766
18299,2022-04-17 12:18:23.659604,5.0,22,2741
18300,2022-04-17 12:18:42.514496,3.0,4,2766
18301,2022-04-17 12:20:40.798065,20.0,23,2765
18302,2022-04-17 12:39:31.982611,5.0,22,2741
18303,2022-04-17 12:44:03.559139,5.0,22,796
18304,2022-04-17 12:44:55.122707,3.0,4,2758
18305,2022-04-17 12:47:21.700514,0.0,22,2758
18306,2022-04-17 12:49:49.369838,0.0,22,2758
18307,2022-04-17 12:50:12.237758,100.0,3,2767
18308,2022-04-17 12:50:23.200148,3.0,4,2767
18309,2022-04-17 12:50:48.997640,0.0,22,2758
18310,2022-04-17 12:51:49.637817,0.0,22,2758
18311,2022-04-17 12:51:49.649372,30.0,8,2758
18312,2022-04-17 12:55:58.571162,0.0,22,2758
18313,2022-04-17 12:57:56.609568,3.0,4,1546
18314,2022-04-17 13:03:45.710371,0.0,22,2758
18315,2022-04-17 13:04:37.996172,0.0,22,2758
18316,2022-04-17 13:10:53.543660,0.0,22,2758
18317,2022-04-17 13:12:29.075542,0.0,22,2758
18318,2022-04-17 13:12:29.089995,100.0,9,2758
18319,2022-04-17 13:12:30.125951,100.0,3,2768
18320,2022-04-17 13:12:49.117928,3.0,4,2768
18321,2022-04-17 13:14:08.382355,0.0,22,2758
18322,2022-04-17 13:16:48.846993,0.0,22,2758
18323,2022-04-17 13:20:54.209718,0.0,22,2758
18324,2022-04-17 13:23:03.928631,0.0,22,2758
18325,2022-04-17 13:27:58.489768,3.0,4,2732
18326,2022-04-17 13:34:17.451503,10.0,22,2765
18327,2022-04-17 13:47:44.032156,10.0,22,796
18328,2022-04-17 14:19:28.365897,3.0,4,63
18329,2022-04-17 14:19:28.378452,30.0,5,63
18330,2022-04-17 14:30:55.438398,5.0,22,2685
18331,2022-04-17 14:50:00.608940,10.0,22,2765
18332,2022-04-17 15:04:26.107832,100.0,3,2769
18333,2022-04-17 15:04:44.942854,3.0,4,2769
18334,2022-04-17 15:13:34.473155,20.0,27,2769
18335,2022-04-17 15:16:41.297399,5.0,22,2765
18336,2022-04-17 15:16:46.519137,100.0,3,2770
18337,2022-04-17 15:16:51.738746,3.0,4,2770
18338,2022-04-17 15:19:22.830905,3.0,4,1239
18339,2022-04-17 15:20:48.597085,20.0,23,2765
18340,2022-04-17 15:26:50.187345,3.0,4,570
18341,2022-04-17 15:33:15.360190,5.0,22,1239
18342,2022-04-17 15:33:15.388175,30.0,8,1239
18343,2022-04-17 15:42:56.638501,5.0,22,2765
18344,2022-04-17 15:43:49.160670,3.0,4,2757
18345,2022-04-17 15:45:30.797865,20.0,23,2685
18346,2022-04-17 15:45:51.467609,30.0,23,2765
18347,2022-04-17 16:00:15.724224,0.0,22,2758
18348,2022-04-17 16:01:18.711418,0.0,22,2758
18349,2022-04-17 16:05:48.872077,0.0,22,2758
18350,2022-04-17 16:13:49.978699,0.0,22,2758
18351,2022-04-17 16:19:54.598760,5.0,22,2685
18352,2022-04-17 16:19:54.613510,30.0,8,2685
18353,2022-04-17 16:23:33.399714,0.0,22,2758
18354,2022-04-17 16:27:51.986997,3.0,4,1795
18355,2022-04-17 16:43:56.989118,0.0,22,2758
18356,2022-04-17 16:49:54.705462,0.0,22,1795
18357,2022-04-17 16:54:22.487260,0.0,22,2758
18358,2022-04-17 16:59:19.843782,0.0,22,2758
18359,2022-04-17 17:00:45.105849,0.0,22,1795
18360,2022-04-17 17:03:09.698876,3.0,4,1107
18361,2022-04-17 17:07:03.455283,0.0,22,1795
18362,2022-04-17 17:07:03.475760,200.0,10,1795
18363,2022-04-17 17:08:31.963578,0.0,22,2758
18364,2022-04-17 17:08:57.413871,3.0,4,2604
18365,2022-04-17 17:16:51.147736,0.0,22,1795
18366,2022-04-17 17:23:22.673038,0.0,22,1795
18367,2022-04-17 17:29:18.572909,0.0,22,1795
18368,2022-04-17 17:34:14.493731,0.0,22,1795
18369,2022-04-17 17:48:31.680783,5.0,22,2719
18370,2022-04-17 18:37:00.626814,100.0,3,2771
18371,2022-04-17 18:37:12.464039,3.0,4,2771
18372,2022-04-17 18:39:25.819828,100.0,3,2772
18373,2022-04-17 18:40:05.666867,3.0,4,2772
18374,2022-04-17 18:50:46.991567,3.0,4,861
18375,2022-04-17 18:52:28.133266,100.0,3,2773
18376,2022-04-17 18:52:41.063679,3.0,4,2773
18377,2022-04-17 19:02:08.041537,3.0,4,2301
18378,2022-04-17 19:05:49.109939,20.0,27,2773
18379,2022-04-17 19:11:26.577737,0.0,22,861
18380,2022-04-17 20:02:49.265795,3.0,4,2742
18381,2022-04-17 20:13:48.867014,3.0,4,2651
18382,2022-04-17 20:44:02.588844,5.0,22,2651
18383,2022-04-17 20:54:44.794178,5.0,22,2512
18384,2022-04-17 21:12:41.959963,5.0,22,2651
18385,2022-04-17 21:36:12.223943,5.0,22,2512
18386,2022-04-17 21:42:03.664723,10.0,22,2512
18387,2022-04-17 21:52:45.579958,5.0,22,2512
18388,2022-04-17 22:12:52.673386,5.0,22,2512
18389,2022-04-18 00:32:58.104236,3.0,4,2758
18390,2022-04-18 02:32:36.487544,3.0,4,2549
18391,2022-04-18 03:24:46.214439,3.0,4,2719
18392,2022-04-18 03:29:10.413155,5.0,22,2719
18393,2022-04-18 03:39:06.123708,5.0,22,2719
18394,2022-04-18 03:40:58.306010,5.0,22,2719
18395,2022-04-18 03:47:24.329863,3.0,4,2600
18396,2022-04-18 03:51:46.064261,10.0,22,2719
18397,2022-04-18 03:54:33.044383,10.0,22,2719
18398,2022-04-18 04:11:30.737817,3.0,4,2697
18399,2022-04-18 04:34:08.751610,5.0,22,2697
18400,2022-04-18 05:09:46.893098,3.0,4,2712
18401,2022-04-18 05:10:18.777175,100.0,3,2774
18402,2022-04-18 05:10:37.045250,3.0,4,2774
18403,2022-04-18 05:30:00.616087,3.0,4,2566
18404,2022-04-18 05:31:48.259269,40.0,23,2566
18405,2022-04-18 05:33:13.038898,3.0,4,2773
18406,2022-04-18 05:34:45.044155,3.0,4,2724
18407,2022-04-18 05:34:56.190433,3.0,4,2634
18408,2022-04-18 05:39:56.310926,30.0,27,2724
18409,2022-04-18 05:41:18.743643,20.0,22,2566
18410,2022-04-18 05:43:45.631966,3.0,4,2604
18411,2022-04-18 05:43:45.640288,30.0,5,2604
18412,2022-04-18 05:46:25.580679,30.0,27,2724
18413,2022-04-18 06:01:32.110296,3.0,4,796
18414,2022-04-18 06:06:41.894920,15.0,22,2604
18415,2022-04-18 06:29:26.162283,100.0,3,2775
18416,2022-04-18 06:29:26.177805,200.0,6,2733
18417,2022-04-18 06:29:26.177920,50.0,7,2775
18418,2022-04-18 06:30:02.748730,3.0,4,2651
18419,2022-04-18 06:30:18.937356,3.0,4,2733
18420,2022-04-18 07:32:46.200810,5.0,22,2651
18421,2022-04-18 07:51:59.698518,3.0,4,2201
18422,2022-04-18 08:10:35.777833,3.0,4,63
18423,2022-04-18 08:32:28.796252,3.0,4,2629
18424,2022-04-18 08:44:54.878558,3.0,4,2713
18425,2022-04-18 08:50:53.194166,3.0,4,2705
18426,2022-04-18 08:56:35.811984,3.0,4,258
18427,2022-04-18 08:57:33.696905,3.0,4,2409
18428,2022-04-18 08:58:53.464420,3.0,4,1700
18429,2022-04-18 09:06:04.465947,5.0,22,2409
18430,2022-04-18 09:14:57.695875,3.0,4,2440
18431,2022-04-18 09:17:49.783881,3.0,4,1506
18432,2022-04-18 09:26:46.870753,20.0,23,2440
18433,2022-04-18 09:28:03.276529,100.0,3,2776
18434,2022-04-18 09:29:41.408059,3.0,4,2776
18435,2022-04-18 09:35:11.699262,100.0,3,2777
18436,2022-04-18 09:35:36.066423,100.0,3,2778
18437,2022-04-18 09:35:36.306926,3.0,4,2777
18438,2022-04-18 09:36:02.097832,3.0,4,2778
18439,2022-04-18 09:37:57.092802,10.0,22,2440
18440,2022-04-18 09:42:56.319695,3.0,4,839
18441,2022-04-18 09:44:25.576409,0.0,22,2777
18442,2022-04-18 09:47:24.361073,0.0,22,2733
18443,2022-04-18 09:47:31.320820,0.0,22,2777
18444,2022-04-18 09:52:35.012647,0.0,22,2777
18445,2022-04-18 09:57:50.791140,0.0,22,2777
18446,2022-04-18 09:58:32.019717,0.0,22,2777
18447,2022-04-18 09:58:32.034734,30.0,8,2777
18448,2022-04-18 10:05:06.839024,0.0,22,2713
18449,2022-04-18 10:16:41.759906,0.0,22,2777
18450,2022-04-18 10:20:08.727254,3.0,4,2757
18451,2022-04-18 10:22:38.879049,0.0,22,2757
18452,2022-04-18 10:24:55.655113,3.0,4,2382
18453,2022-04-18 10:25:09.920943,0.0,22,2757
18454,2022-04-18 10:27:47.107137,0.0,22,2757
18455,2022-04-18 10:29:16.120335,0.0,22,2757
18456,2022-04-18 10:30:53.824218,100.0,3,2779
18457,2022-04-18 10:30:58.735235,0.0,22,2757
18458,2022-04-18 10:30:58.752899,30.0,8,2757
18459,2022-04-18 10:31:05.800547,3.0,4,2779
18460,2022-04-18 10:35:32.961166,0.0,22,2757
18461,2022-04-18 10:40:05.374630,0.0,22,2757
18462,2022-04-18 10:43:29.065695,0.0,22,2757
18463,2022-04-18 10:45:38.624170,0.0,22,2757
18464,2022-04-18 10:46:11.603685,0.0,22,2777
18465,2022-04-18 10:47:43.149319,0.0,22,2777
18466,2022-04-18 10:50:03.227536,0.0,22,2777
18467,2022-04-18 10:54:01.534607,0.0,22,2777
18468,2022-04-18 10:54:01.564027,100.0,9,2777
18469,2022-04-18 10:54:04.347463,0.0,22,2757
18470,2022-04-18 10:54:04.363253,100.0,9,2757
18471,2022-04-18 11:00:45.063918,100.0,3,2780
18472,2022-04-18 11:00:59.901952,3.0,4,2780
18473,2022-04-18 11:02:48.718559,3.0,4,2741
18474,2022-04-18 11:04:48.117145,0.0,22,2780
18475,2022-04-18 11:06:56.254777,5.0,22,2634
18476,2022-04-18 11:09:18.108695,0.0,22,2780
18477,2022-04-18 11:09:23.534966,0.0,22,2757
18478,2022-04-18 11:12:49.063428,0.0,22,2780
18479,2022-04-18 11:12:57.127560,15.0,22,2604
18480,2022-04-18 11:16:27.604028,3.0,4,2683
18481,2022-04-18 11:17:40.022426,0.0,22,2777
18482,2022-04-18 11:18:13.563498,3.0,4,372
18483,2022-04-18 11:18:28.942304,3.0,4,2686
18484,2022-04-18 11:21:15.081833,0.0,22,2777
18485,2022-04-18 11:21:45.300281,0.0,22,2757
18486,2022-04-18 11:23:17.693985,5.0,22,2741
18487,2022-04-18 11:25:11.997343,0.0,22,2777
18488,2022-04-18 11:28:15.287652,0.0,22,2777
18489,2022-04-18 11:43:47.536360,0.0,22,2777
18490,2022-04-18 11:45:38.369783,0.0,22,2757
18491,2022-04-18 11:47:00.665055,0.0,22,2777
18492,2022-04-18 11:49:45.365979,100.0,3,2781
18493,2022-04-18 11:49:45.387945,750.0,29,2781
18494,2022-04-18 11:50:06.108847,3.0,4,2781
18495,2022-04-18 11:53:59.900101,0.0,22,2777
18496,2022-04-18 11:54:30.376038,5.0,22,2741
18497,2022-04-18 11:54:30.389017,100.0,9,2741
18498,2022-04-18 11:55:51.705649,20.0,27,2781
18499,2022-04-18 12:02:01.887233,10.0,22,2741
18500,2022-04-18 12:08:45.806208,10.0,22,2741
18501,2022-04-18 12:11:17.554305,0.0,22,2777
18502,2022-04-18 12:11:40.339265,0.0,22,2780
18503,2022-04-18 12:13:24.793101,0.0,22,2683
18504,2022-04-18 12:13:34.711290,0.0,22,2780
18505,2022-04-18 12:13:34.724877,30.0,8,2780
18506,2022-04-18 12:14:19.142066,0.0,22,2777
18507,2022-04-18 12:18:06.866137,0.0,22,2777
18508,2022-04-18 12:28:22.724447,0.0,22,2780
18509,2022-04-18 12:33:21.733707,0.0,22,2780
18510,2022-04-18 12:34:34.203895,0.0,22,2780
18511,2022-04-18 12:38:20.435600,3.0,4,240
18512,2022-04-18 12:40:34.157244,0.0,22,2780
18513,2022-04-18 12:41:53.550358,100.0,3,2782
18514,2022-04-18 12:42:07.166019,3.0,4,2782
18515,2022-04-18 12:43:00.985569,0.0,22,2780
18516,2022-04-18 12:43:00.994774,100.0,9,2780
18517,2022-04-18 12:43:17.090386,50.0,2,2782
18518,2022-04-18 12:43:41.317439,5.0,22,2604
18519,2022-04-18 12:44:47.184062,20.0,23,240
18520,2022-04-18 12:45:26.733752,20.0,23,2782
18521,2022-04-18 12:48:58.812977,0.0,22,2780
18522,2022-04-18 12:49:00.356228,5.0,22,2201
18523,2022-04-18 12:50:13.017129,5.0,22,2782
18524,2022-04-18 13:01:12.008941,20.0,27,2782
18525,2022-04-18 13:13:25.696103,5.0,22,240
18526,2022-04-18 13:33:43.416003,100.0,3,2784
18527,2022-04-18 13:33:58.189898,3.0,4,2784
18528,2022-04-18 13:40:03.950158,5.0,22,2686
18529,2022-04-18 13:47:11.452439,100.0,3,2785
18530,2022-04-18 13:47:27.053645,3.0,4,2785
18531,2022-04-18 13:53:49.125812,5.0,22,2686
18532,2022-04-18 13:58:47.199423,3.0,4,1964
18533,2022-04-18 14:22:06.065195,3.0,4,2762
18534,2022-04-18 14:24:41.166489,100.0,3,2786
18535,2022-04-18 14:24:41.181406,200.0,6,2785
18536,2022-04-18 14:24:41.181519,50.0,7,2786
18537,2022-04-18 14:24:57.117632,3.0,4,2786
18538,2022-04-18 14:44:45.069891,3.0,4,2685
18539,2022-04-18 14:50:44.788559,3.0,4,714
18540,2022-04-18 14:53:53.802245,100.0,3,2787
18541,2022-04-18 14:54:05.902740,3.0,4,2787
18542,2022-04-18 14:56:46.435870,0.0,22,2733
18543,2022-04-18 15:01:47.131603,3.0,4,2501
18544,2022-04-18 15:10:31.390825,0.0,22,2733
18545,2022-04-18 15:17:49.981782,3.0,4,135
18546,2022-04-18 15:20:24.230792,100.0,3,2788
18547,2022-04-18 15:20:24.241756,200.0,6,2733
18548,2022-04-18 15:20:24.241849,50.0,7,2788
18549,2022-04-18 15:22:44.214627,100.0,3,2789
18550,2022-04-18 15:22:44.227546,200.0,6,2733
18551,2022-04-18 15:22:44.227727,50.0,7,2789
18552,2022-04-18 15:24:40.233465,100.0,3,2790
18553,2022-04-18 15:24:40.243989,200.0,6,2733
18554,2022-04-18 15:24:40.244096,50.0,7,2790
18555,2022-04-18 15:24:49.048149,3.0,4,1296
18556,2022-04-18 15:30:26.152850,3.0,4,1546
18557,2022-04-18 15:35:52.038250,5.0,22,2686
18558,2022-04-18 15:40:10.605820,3.0,4,2611
18559,2022-04-18 15:40:45.347014,5.0,22,2686
18560,2022-04-18 15:49:31.741116,5.0,22,2686
18561,2022-04-18 15:49:31.758292,30.0,8,2686
18562,2022-04-18 15:55:21.466589,3.0,4,1093
18563,2022-04-18 15:55:50.218193,5.0,22,2686
18564,2022-04-18 16:15:08.339812,3.0,4,2734
18565,2022-04-18 16:32:31.240546,5.0,22,2686
18566,2022-04-18 16:39:13.888427,5.0,22,2686
18567,2022-04-18 16:39:36.097017,0.0,22,2734
18568,2022-04-18 16:40:27.165076,100.0,3,2791
18569,2022-04-18 16:40:35.587199,5.0,22,2686
18570,2022-04-18 16:40:41.807825,3.0,4,2791
18571,2022-04-18 16:44:44.365322,5.0,22,2686
18572,2022-04-18 16:44:44.376732,100.0,9,2686
18573,2022-04-18 16:45:29.785940,5.0,22,2686
18574,2022-04-18 16:46:07.211290,0.0,22,2734
18575,2022-04-18 16:46:07.232212,100.0,9,2734
18576,2022-04-18 16:46:29.687063,5.0,22,2686
18577,2022-04-18 16:47:33.784933,5.0,22,2686
18578,2022-04-18 16:49:04.762831,5.0,22,2686
18579,2022-04-18 16:50:28.268499,5.0,22,2686
18580,2022-04-18 16:51:00.799031,5.0,22,2686
18581,2022-04-18 16:51:39.419714,0.0,22,2734
18582,2022-04-18 16:51:42.727512,5.0,22,2686
18583,2022-04-18 16:54:42.936482,0.0,22,2734
18584,2022-04-18 16:56:03.589491,5.0,22,2686
18585,2022-04-18 16:59:41.796444,0.0,22,2734
18586,2022-04-18 16:59:49.203236,3.0,4,2721
18587,2022-04-18 17:01:03.955164,5.0,22,2686
18588,2022-04-18 17:02:13.723848,3.0,4,2739
18589,2022-04-18 17:03:21.824754,5.0,22,2686
18590,2022-04-18 17:05:29.117647,0.0,22,2734
18591,2022-04-18 17:06:44.334586,5.0,22,2686
18592,2022-04-18 17:08:16.014110,3.0,4,2268
18593,2022-04-18 17:21:12.219025,3.0,4,441
18594,2022-04-18 17:30:41.566220,100.0,3,2792
18595,2022-04-18 17:30:51.056651,3.0,4,2792
18596,2022-04-18 17:31:50.750028,3.0,4,2678
18597,2022-04-18 17:36:01.992423,5.0,22,2686
18598,2022-04-18 17:43:46.820864,3.0,4,2524
18599,2022-04-18 17:47:52.345171,5.0,22,2686
18600,2022-04-18 17:50:43.007196,5.0,22,2524
18601,2022-04-18 17:50:58.438051,5.0,22,2739
18602,2022-04-18 17:52:25.882561,30.0,27,2739
18603,2022-04-18 17:53:44.177466,30.0,23,2524
18604,2022-04-18 17:55:12.221444,5.0,22,2686
18605,2022-04-18 17:55:15.617733,20.0,27,2739
18606,2022-04-18 17:59:47.314215,20.0,27,2739
18607,2022-04-18 18:13:39.139872,5.0,22,2686
18608,2022-04-18 18:13:39.151982,200.0,10,2686
18609,2022-04-18 18:20:55.649250,10.0,22,2719
18610,2022-04-18 18:20:58.652822,5.0,22,2686
18611,2022-04-18 18:27:20.219363,5.0,22,2686
18612,2022-04-18 18:30:42.161071,5.0,22,2686
18613,2022-04-18 18:32:47.368341,5.0,22,2686
18614,2022-04-18 18:33:59.546893,3.0,4,275
18615,2022-04-18 18:35:16.509177,5.0,22,2686
18616,2022-04-18 18:35:59.126065,0.0,22,2734
18617,2022-04-18 18:38:43.885463,0.0,22,2734
18618,2022-04-18 18:41:37.573073,3.0,4,1111
18619,2022-04-18 18:41:50.466668,20.0,23,1111
18620,2022-04-18 18:47:03.809068,10.0,22,1111
18621,2022-04-18 18:47:37.730603,3.0,4,2765
18622,2022-04-18 18:54:29.185050,100.0,3,2795
18623,2022-04-18 18:54:34.796354,3.0,4,2795
18624,2022-04-18 19:02:29.914125,3.0,4,852
18625,2022-04-18 19:14:58.388993,20.0,23,852
18626,2022-04-18 19:19:15.333844,5.0,22,852
18627,2022-04-18 19:28:44.435837,10.0,22,2765
18628,2022-04-18 19:28:44.447989,30.0,8,2765
18629,2022-04-18 19:30:44.423074,100.0,3,2796
18630,2022-04-18 19:31:03.512699,3.0,4,2796
18631,2022-04-18 19:32:27.853042,3.0,4,2649
18632,2022-04-18 19:34:51.733611,30.0,23,2765
18633,2022-04-18 19:45:38.264495,0.0,22,2796
18634,2022-04-18 19:46:35.436231,20.0,23,2776
18635,2022-04-18 19:51:20.916710,0.0,22,2796
18636,2022-04-18 19:55:11.473163,10.0,22,2776
18637,2022-04-18 19:56:10.359015,0.0,22,2796
18638,2022-04-18 20:12:32.654070,5.0,22,2634
18639,2022-04-18 20:24:14.001521,10.0,22,2776
18640,2022-04-18 20:41:26.314646,10.0,22,2765
18641,2022-04-18 21:05:39.472223,20.0,22,2776
18642,2022-04-18 21:16:59.260448,3.0,4,1443
18643,2022-04-18 21:38:10.366183,3.0,4,2512
18644,2022-04-18 22:00:14.215729,3.0,4,121
18645,2022-04-19 02:25:02.353291,3.0,4,2549
18646,2022-04-19 03:13:50.330755,3.0,4,2697
18647,2022-04-19 03:13:50.341535,30.0,5,2697
18648,2022-04-19 03:19:02.585168,3.0,4,2686
18649,2022-04-19 03:55:35.967609,5.0,22,2697
18650,2022-04-19 03:56:23.271525,3.0,4,2604
18651,2022-04-19 04:19:27.010878,3.0,4,2524
18652,2022-04-19 04:27:25.491271,5.0,22,2697
18653,2022-04-19 04:31:35.387031,3.0,4,551
18654,2022-04-19 04:37:13.126381,3.0,4,2776
18655,2022-04-19 04:38:08.475489,3.0,4,2712
18656,2022-04-19 04:53:13.592028,10.0,22,2697
18657,2022-04-19 05:06:40.667580,3.0,4,2724
18658,2022-04-19 05:16:07.282331,5.0,22,551
18659,2022-04-19 05:16:40.553370,10.0,22,551
18660,2022-04-19 05:17:15.125364,0.0,22,551
18661,2022-04-19 05:17:34.218632,0.0,22,551
18662,2022-04-19 05:34:44.467008,3.0,4,2566
18663,2022-04-19 05:35:53.826729,20.0,23,2566
18664,2022-04-19 05:36:59.761984,3.0,4,2796
18665,2022-04-19 05:40:36.712424,3.0,4,2719
18666,2022-04-19 05:42:33.555777,0.0,22,2719
18667,2022-04-19 05:45:47.296210,0.0,22,2719
18668,2022-04-19 05:56:31.361345,3.0,4,2512
18669,2022-04-19 05:59:19.619871,100.0,3,2783
18670,2022-04-19 05:59:25.396427,3.0,4,2783
18671,2022-04-19 06:09:33.787269,100.0,3,2798
18672,2022-04-19 06:09:37.874788,3.0,4,2798
18673,2022-04-19 06:10:07.482411,20.0,23,2798
18674,2022-04-19 06:13:46.126107,10.0,22,2524
18675,2022-04-19 06:22:41.330424,3.0,4,258
18676,2022-04-19 06:58:34.980096,3.0,4,2651
18677,2022-04-19 07:11:22.312108,3.0,4,2757
18678,2022-04-19 07:12:15.400414,3.0,4,2781
18679,2022-04-19 07:18:17.984381,3.0,4,297
18680,2022-04-19 07:19:07.384369,0.0,22,2757
18681,2022-04-19 07:22:05.070340,10.0,22,2651
18682,2022-04-19 07:46:12.223748,0.0,22,2757
18683,2022-04-19 08:04:21.381288,0.0,22,2757
18684,2022-04-19 08:04:48.445430,5.0,22,2651
18685,2022-04-19 08:29:39.287058,3.0,4,63
18686,2022-04-19 08:58:44.089218,3.0,4,1700
18687,2022-04-19 08:58:44.111644,30.0,5,1700
18688,2022-04-19 09:27:55.739149,100.0,3,2799
18689,2022-04-19 09:28:27.677075,3.0,4,2799
18690,2022-04-19 09:32:51.575237,3.0,4,2777
18691,2022-04-19 09:43:53.148974,0.0,22,2777
18692,2022-04-19 09:45:18.317483,0.0,22,2777
18693,2022-04-19 09:52:36.723808,3.0,4,2734
18694,2022-04-19 09:57:17.072402,3.0,4,121
18695,2022-04-19 10:04:45.166602,3.0,4,1663
18696,2022-04-19 10:04:47.601705,0.0,22,2777
18697,2022-04-19 10:09:44.638295,0.0,22,2777
18698,2022-04-19 10:11:02.482010,0.0,22,2777
18699,2022-04-19 10:11:02.494498,200.0,10,2777
18700,2022-04-19 10:18:03.629906,3.0,4,185
18701,2022-04-19 10:20:03.175420,3.0,4,1318
18702,2022-04-19 10:20:48.599508,0.0,22,2757
18703,2022-04-19 10:21:46.245999,0.0,22,2777
18704,2022-04-19 10:24:37.905645,3.0,4,2696
18705,2022-04-19 10:27:22.166414,20.0,23,2696
18706,2022-04-19 10:29:53.632960,3.0,4,1943
18707,2022-04-19 10:34:05.858302,0.0,22,2777
18708,2022-04-19 10:38:46.553863,0.0,22,2777
18709,2022-04-19 10:39:57.056305,0.0,22,2777
18710,2022-04-19 10:45:46.350345,0.0,22,2777
18711,2022-04-19 10:48:16.843816,100.0,3,2800
18712,2022-04-19 10:48:21.151187,3.0,4,2800
18713,2022-04-19 10:49:33.993164,0.0,22,2777
18714,2022-04-19 10:51:56.216093,0.0,22,2777
18715,2022-04-19 10:53:04.954985,0.0,22,2777
18716,2022-04-19 10:56:26.017515,3.0,4,1423
18717,2022-04-19 10:57:01.303754,0.0,22,2777
18718,2022-04-19 10:58:55.882766,0.0,22,2777
18719,2022-04-19 11:00:06.419970,0.0,22,2777
18720,2022-04-19 11:02:44.354373,100.0,3,2801
18721,2022-04-19 11:02:58.218973,3.0,4,2801
18722,2022-04-19 11:11:46.336760,3.0,4,2792
18723,2022-04-19 11:12:23.231890,20.0,23,2792
18724,2022-04-19 11:17:25.477984,5.0,22,2792
18725,2022-04-19 11:29:17.601270,20.0,23,2792
18726,2022-04-19 11:33:09.040726,5.0,22,2792
18727,2022-04-19 11:38:03.701119,3.0,4,1642
18728,2022-04-19 11:38:06.472499,40.0,23,1642
18729,2022-04-19 11:45:13.478558,10.0,22,2651
18730,2022-04-19 11:49:29.795079,0.0,22,2734
18731,2022-04-19 12:04:37.809763,3.0,4,2782
18732,2022-04-19 12:06:45.933800,5.0,22,2651
18733,2022-04-19 12:10:58.066364,3.0,4,2201
18734,2022-04-19 12:11:37.942400,3.0,4,2611
18735,2022-04-19 12:18:32.530501,3.0,4,2683
18736,2022-04-19 12:22:52.511367,0.0,22,2683
18737,2022-04-19 12:28:12.186441,40.0,23,2611
18738,2022-04-19 12:29:39.074420,0.0,22,2683
18739,2022-04-19 13:41:19.422627,0.0,22,2719
18740,2022-04-19 13:47:45.182452,0.0,22,2719
18741,2022-04-19 13:48:55.069832,3.0,4,2741
18742,2022-04-19 13:52:14.435613,3.0,4,50
18743,2022-04-19 13:52:47.756063,0.0,22,2719
18744,2022-04-19 13:53:18.735085,20.0,22,50
18745,2022-04-19 13:59:54.427596,3.0,4,1768
18746,2022-04-19 14:10:26.853943,3.0,4,2748
18747,2022-04-19 14:28:18.976584,100.0,3,2802
18748,2022-04-19 14:28:28.036460,3.0,4,2802
18749,2022-04-19 14:29:40.855768,10.0,22,2604
18750,2022-04-19 14:34:13.041539,3.0,4,266
18751,2022-04-19 14:38:52.844472,3.0,4,934
18752,2022-04-19 14:41:42.670805,5.0,22,2604
18753,2022-04-19 14:52:50.299903,3.0,4,2685
18754,2022-04-19 15:07:41.308099,3.0,4,1546
18755,2022-04-19 15:35:54.133759,3.0,4,2023
18756,2022-04-19 15:47:24.402966,5.0,22,1546
18757,2022-04-19 15:53:17.988118,5.0,22,1546
18758,2022-04-19 15:57:16.422246,20.0,27,1768
18759,2022-04-19 16:21:30.371378,3.0,4,2729
18760,2022-04-19 16:22:36.923248,100.0,3,2804
18761,2022-04-19 16:22:43.233838,3.0,4,2804
18762,2022-04-19 16:23:33.226646,3.0,4,2501
18763,2022-04-19 16:23:52.269723,20.0,23,2729
18764,2022-04-19 16:25:21.955296,3.0,4,441
18765,2022-04-19 16:25:49.241126,100.0,3,2805
18766,2022-04-19 16:25:55.982325,3.0,4,2805
18767,2022-04-19 16:28:11.002546,30.0,27,2805
18768,2022-04-19 16:33:33.209191,3.0,4,1504
18769,2022-04-19 16:39:27.710094,40.0,23,2741
18770,2022-04-19 16:40:26.122036,100.0,3,2803
18771,2022-04-19 16:40:44.139458,20.0,22,2741
18772,2022-04-19 16:40:49.070776,3.0,4,2803
18773,2022-04-19 16:49:10.625164,10.0,22,2729
18774,2022-04-19 16:53:25.723404,5.0,22,2804
18775,2022-04-19 16:57:37.325215,750.0,2,2804
18776,2022-04-19 17:11:41.069808,20.0,23,2804
18777,2022-04-19 17:14:54.969933,3.0,4,2268
18778,2022-04-19 17:15:18.314089,5.0,22,2804
18779,2022-04-19 17:20:07.987076,5.0,22,2804
18780,2022-04-19 17:23:15.672353,30.0,23,2804
18781,2022-04-19 17:26:50.354550,20.0,23,2804
18782,2022-04-19 17:28:16.325610,3.0,4,213
18783,2022-04-19 17:34:18.474459,100.0,3,2806
18784,2022-04-19 17:34:32.745334,3.0,4,2806
18785,2022-04-19 17:35:58.812296,5.0,22,2806
18786,2022-04-19 17:36:21.074902,5.0,22,2804
18787,2022-04-19 17:42:08.686149,10.0,22,2804
18788,2022-04-19 17:42:08.702545,30.0,8,2804
18789,2022-04-19 17:42:42.924184,3.0,4,2780
18790,2022-04-19 17:44:14.061982,0.0,22,2780
18791,2022-04-19 17:44:38.472259,10.0,22,2268
18792,2022-04-19 17:44:38.485212,100.0,9,2268
18793,2022-04-19 17:48:37.408420,0.0,22,2780
18794,2022-04-19 17:52:40.918060,0.0,22,2780
18795,2022-04-19 18:00:08.856678,15.0,22,2697
18796,2022-04-19 18:19:38.346915,10.0,22,2268
18797,2022-04-19 18:23:32.231738,20.0,27,2268
18798,2022-04-19 18:26:49.548668,3.0,4,226
18799,2022-04-19 18:32:32.185954,15.0,22,2697
18800,2022-04-19 18:54:35.842296,3.0,4,1495
18801,2022-04-19 18:57:24.819510,0.0,22,2796
18802,2022-04-19 18:58:11.763226,0.0,22,2796
18803,2022-04-19 18:58:11.783458,30.0,8,2796
18804,2022-04-19 19:01:45.106598,0.0,22,2734
18805,2022-04-19 19:10:33.850738,0.0,22,2796
18806,2022-04-19 19:22:37.576206,10.0,22,1495
18807,2022-04-19 19:24:22.334649,5.0,22,226
18808,2022-04-19 19:25:52.213643,20.0,23,1495
18809,2022-04-19 19:30:52.113470,5.0,22,1495
18810,2022-04-19 19:34:31.701967,0.0,22,2796
18811,2022-04-19 19:35:39.062129,5.0,22,1495
18812,2022-04-19 19:47:47.388834,30.0,23,1495
18813,2022-04-19 20:01:07.363794,10.0,22,1495
18814,2022-04-19 20:04:49.948822,10.0,22,226
18815,2022-04-19 20:11:37.457706,3.0,4,2458
18816,2022-04-19 20:23:00.518519,40.0,23,2729
18817,2022-04-19 20:35:18.200247,10.0,22,2458
18818,2022-04-19 20:36:55.338310,20.0,23,2458
18819,2022-04-19 20:45:33.904668,3.0,4,2301
18820,2022-04-19 20:53:41.521594,5.0,22,2458
18821,2022-04-20 02:28:00.627148,3.0,4,2549
18822,2022-04-20 02:42:38.637805,3.0,4,2719
18823,2022-04-20 02:42:38.648245,30.0,5,2719
18824,2022-04-20 02:42:42.096035,0.0,22,2719
18825,2022-04-20 03:30:28.266112,100.0,3,2807
18826,2022-04-20 03:41:37.560933,3.0,4,2697
18827,2022-04-20 04:01:02.776177,5.0,22,2697
18828,2022-04-20 05:40:45.688874,3.0,4,2604
18829,2022-04-20 06:13:11.805171,5.0,22,2604
18830,2022-04-20 06:17:12.794479,3.0,4,258
18831,2022-04-20 06:35:49.497678,100.0,3,2808
18832,2022-04-20 06:35:59.335715,3.0,4,2808
18833,2022-04-20 06:37:14.046134,100.0,3,2809
18834,2022-04-20 06:37:34.597916,3.0,4,2809
18835,2022-04-20 06:37:40.633060,5.0,22,2604
18836,2022-04-20 06:46:30.012020,3.0,4,50
18837,2022-04-20 07:07:18.444380,10.0,22,258
18838,2022-04-20 08:23:57.972661,3.0,4,63
18839,2022-04-20 08:25:45.627715,10.0,22,63
18840,2022-04-20 08:45:44.198964,3.0,4,477
18841,2022-04-20 08:52:24.330856,3.0,4,171
18842,2022-04-20 08:58:48.088418,100.0,3,2810
18843,2022-04-20 08:59:05.699300,3.0,4,2810
18844,2022-04-20 09:01:38.859279,20.0,27,2810
18845,2022-04-20 09:08:25.206237,20.0,27,2810
18846,2022-04-20 09:44:58.054694,3.0,4,2783
18847,2022-04-20 10:06:20.488858,100.0,3,2811
18848,2022-04-20 10:06:36.591135,3.0,4,2811
18849,2022-04-20 11:15:49.331393,3.0,4,2227
18850,2022-04-20 11:16:42.271713,20.0,23,2227
18851,2022-04-20 11:27:34.295981,5.0,22,2227
18852,2022-04-20 11:29:02.784814,20.0,23,2227
18853,2022-04-20 11:31:27.595152,5.0,22,2227
18854,2022-04-20 11:35:10.125140,5.0,22,2604
18855,2022-04-20 11:50:43.245005,3.0,4,2734
18856,2022-04-20 11:53:05.066844,5.0,22,2604
18857,2022-04-20 11:53:24.464271,3.0,4,2718
18858,2022-04-20 12:14:44.685226,0.0,22,2718
18859,2022-04-20 12:16:23.511266,0.0,22,2718
18860,2022-04-20 12:18:55.208927,0.0,22,2718
18861,2022-04-20 12:44:11.747854,5.0,22,2604
18862,2022-04-20 12:51:05.675585,3.0,4,1111
18863,2022-04-20 14:51:39.785910,3.0,4,1546
18864,2022-04-20 15:12:55.456156,5.0,22,1546
18865,2022-04-20 16:05:27.581394,3.0,4,1107
18866,2022-04-20 16:12:43.785584,10.0,22,2697
18867,2022-04-20 16:14:01.457672,5.0,22,2697
18868,2022-04-20 16:14:37.932515,5.0,22,2697
18869,2022-04-20 16:27:02.285787,5.0,22,2697
18870,2022-04-20 16:35:14.705935,5.0,22,2697
18871,2022-04-20 16:50:12.507622,3.0,4,2271
18872,2022-04-20 16:50:34.545523,40.0,23,2271
18873,2022-04-20 17:00:15.896017,3.0,4,2696
18874,2022-04-20 17:05:10.696735,20.0,23,2696
18875,2022-04-20 17:10:54.309346,3.0,4,2651
18876,2022-04-20 17:38:19.756722,3.0,4,852
18877,2022-04-20 17:38:29.788266,5.0,22,2697
18878,2022-04-20 17:41:26.118738,3.0,4,2524
18879,2022-04-20 17:41:49.203706,5.0,22,2696
18880,2022-04-20 17:43:35.008848,20.0,23,2524
18881,2022-04-20 17:48:25.147172,5.0,22,2524
18882,2022-04-20 17:48:49.523661,3.0,4,2711
18883,2022-04-20 17:53:18.279850,100.0,3,2812
18884,2022-04-20 17:53:33.668571,3.0,4,2812
18885,2022-04-20 17:59:17.480320,5.0,22,2697
18886,2022-04-20 18:23:04.504537,5.0,22,2697
18887,2022-04-20 18:27:45.299690,3.0,4,2776
18888,2022-04-20 18:32:28.017718,3.0,4,2786
18889,2022-04-20 18:40:07.797969,100.0,3,2813
18890,2022-04-20 18:40:27.281344,3.0,4,2813
18891,2022-04-20 18:54:22.854451,0.0,22,2697
18892,2022-04-20 19:14:08.808626,5.0,22,2651
18893,2022-04-20 19:53:46.771358,3.0,4,2778
18894,2022-04-20 19:55:13.755833,3.0,4,2686
18895,2022-04-20 20:24:53.114220,5.0,22,2651
18896,2022-04-20 20:37:28.482171,100.0,3,2814
18897,2022-04-20 20:37:43.502093,3.0,4,2814
18898,2022-04-20 20:43:24.105912,100.0,3,2815
18899,2022-04-20 20:43:37.364454,3.0,4,2815
18900,2022-04-20 20:44:31.157878,20.0,23,2815
18901,2022-04-20 20:45:54.249385,3.0,4,2785
18902,2022-04-20 21:07:04.116810,3.0,4,589
18903,2022-04-20 21:18:52.661871,5.0,22,2786
18904,2022-04-20 21:21:57.316992,5.0,22,2815
18905,2022-04-20 21:39:39.225824,5.0,22,2785
18906,2022-04-20 21:49:24.973635,5.0,22,2786
18907,2022-04-20 21:50:58.835745,5.0,22,2651
18908,2022-04-20 22:00:12.558558,3.0,4,121
18909,2022-04-20 22:02:04.754322,3.0,4,2801
18910,2022-04-20 22:17:54.995914,5.0,22,2785
18911,2022-04-20 22:29:22.963171,3.0,4,185
18912,2022-04-20 22:51:18.881538,3.0,4,2678
18913,2022-04-20 22:57:14.443949,20.0,23,2678
18914,2022-04-20 23:11:01.411070,5.0,22,2678
18915,2022-04-20 23:11:51.471046,20.0,23,2678
18916,2022-04-20 23:21:01.252901,20.0,23,2678
18917,2022-04-20 23:36:06.828437,5.0,22,2678
18918,2022-04-21 08:53:11.258596,3.0,4,63
18919,2022-04-21 08:54:30.240329,3.0,4,2678
18920,2022-04-21 09:02:10.773297,3.0,4,1107
18921,2022-04-21 09:11:48.623782,3.0,4,50
18922,2022-04-21 09:19:49.322716,3.0,4,2697
18923,2022-04-21 09:21:27.393835,5.0,22,63
18924,2022-04-21 09:26:39.084077,0.0,22,2697
18925,2022-04-21 09:31:26.572280,3.0,4,2734
18926,2022-04-21 09:34:06.151806,3.0,4,2748
18927,2022-04-21 09:35:47.094906,0.0,22,2748
18928,2022-04-21 09:36:59.172978,3.0,4,157
18929,2022-04-21 09:39:35.190273,0.0,22,2748
18930,2022-04-21 09:40:46.905181,0.0,22,2748
18931,2022-04-21 09:40:46.916371,30.0,8,2748
18932,2022-04-21 09:41:31.283832,0.0,22,2748
18933,2022-04-21 09:43:36.179931,3.0,4,2812
18934,2022-04-21 09:45:50.501820,0.0,22,2748
18935,2022-04-21 09:46:06.623664,0.0,22,2812
18936,2022-04-21 09:46:58.697804,0.0,22,1107
18937,2022-04-21 09:47:29.842733,0.0,22,2812
18938,2022-04-21 09:49:42.621170,3.0,4,2719
18939,2022-04-21 09:50:57.391130,0.0,22,2812
18940,2022-04-21 09:51:36.363278,0.0,22,2812
18941,2022-04-21 09:52:07.226714,0.0,22,2748
18942,2022-04-21 09:52:20.850862,0.0,22,2812
18943,2022-04-21 09:52:20.875031,30.0,8,2812
18944,2022-04-21 09:53:31.577078,0.0,22,2812
18945,2022-04-21 09:53:45.026125,3.0,4,2604
18946,2022-04-21 10:03:10.325733,0.0,22,2812
18947,2022-04-21 10:04:01.304250,0.0,22,2812
18948,2022-04-21 10:05:04.323940,0.0,22,2719
18949,2022-04-21 10:05:07.690379,0.0,22,2812
18950,2022-04-21 10:06:14.609951,0.0,22,2812
18951,2022-04-21 10:06:14.622468,100.0,9,2812
18952,2022-04-21 10:07:51.828465,0.0,22,2812
18953,2022-04-21 10:10:59.948690,5.0,22,2604
18954,2022-04-21 10:14:25.129687,0.0,22,1107
18955,2022-04-21 10:16:00.058705,3.0,4,258
18956,2022-04-21 10:19:03.888906,3.0,4,2786
18957,2022-04-21 10:20:32.006861,5.0,22,2786
18958,2022-04-21 10:27:27.544197,0.0,22,2697
18959,2022-04-21 10:32:34.040978,0.0,22,2748
18960,2022-04-21 10:34:49.135606,0.0,22,2812
18961,2022-04-21 10:50:00.388828,3.0,4,2785
18962,2022-04-21 10:52:18.516387,3.0,4,275
18963,2022-04-21 10:53:36.894749,20.0,23,2785
18964,2022-04-21 10:54:12.351192,5.0,22,275
18965,2022-04-21 11:00:32.056012,100.0,3,2816
18966,2022-04-21 11:00:32.069446,750.0,29,2816
18967,2022-04-21 11:00:41.049505,3.0,4,185
18968,2022-04-21 11:01:23.021364,3.0,4,2524
18969,2022-04-21 11:01:51.096003,3.0,4,2816
18970,2022-04-21 11:08:11.825707,10.0,22,2785
18971,2022-04-21 11:15:35.084308,3.0,4,2733
18972,2022-04-21 11:28:03.891735,0.0,22,1107
18973,2022-04-21 11:39:38.162542,3.0,4,796
18974,2022-04-21 11:41:50.239747,0.0,22,1107
18975,2022-04-21 11:49:18.040041,0.0,22,2733
18976,2022-04-21 12:05:35.595215,0.0,22,2733
18977,2022-04-21 12:13:22.447124,0.0,22,2733
18978,2022-04-21 12:18:57.232970,3.0,4,2227
18979,2022-04-21 12:19:15.566011,3.0,4,2803
18980,2022-04-21 12:20:39.506096,100.0,3,2817
18981,2022-04-21 12:20:46.530587,3.0,4,2817
18982,2022-04-21 12:22:21.929546,5.0,22,2227
18983,2022-04-21 12:26:32.945763,5.0,22,2227
18984,2022-04-21 12:29:08.718823,3.0,4,2629
18985,2022-04-21 12:31:29.750994,3.0,4,2724
18986,2022-04-21 12:32:01.011870,5.0,22,2227
18987,2022-04-21 12:33:22.445634,20.0,23,2227
18988,2022-04-21 12:33:56.359479,5.0,22,2227
18989,2022-04-21 12:35:39.507049,0.0,22,2733
18990,2022-04-21 12:44:54.811942,3.0,4,2643
18991,2022-04-21 12:48:26.166018,30.0,27,2817
18992,2022-04-21 12:52:09.295470,20.0,22,2227
18993,2022-04-21 12:56:49.124965,30.0,23,2227
18994,2022-04-21 13:05:27.567045,5.0,22,2604
18995,2022-04-21 13:11:14.965095,0.0,22,2748
18996,2022-04-21 13:11:14.990260,100.0,9,2748
18997,2022-04-21 13:14:27.304141,5.0,22,2643
18998,2022-04-21 13:18:41.999023,0.0,22,2733
18999,2022-04-21 13:23:36.303134,0.0,22,2748
19000,2022-04-21 13:35:26.831277,10.0,22,2227
19001,2022-04-21 13:52:18.367456,20.0,23,2227
19002,2022-04-21 14:05:37.374383,3.0,4,2048
19003,2022-04-21 14:05:40.885939,5.0,22,2227
19004,2022-04-21 14:17:21.937699,3.0,4,2501
19005,2022-04-21 14:17:57.837765,20.0,23,2501
19006,2022-04-21 14:19:42.550344,5.0,22,2501
19007,2022-04-21 14:54:58.537472,3.0,4,220
19008,2022-04-21 14:54:58.548498,30.0,5,220
19009,2022-04-21 15:06:51.351152,3.0,4,2696
19010,2022-04-21 15:09:05.075040,5.0,22,2696
19011,2022-04-21 16:07:21.089144,3.0,4,2284
19012,2022-04-21 16:32:50.928368,3.0,4,2462
19013,2022-04-21 16:35:43.766890,3.0,4,182
19014,2022-04-21 17:06:20.615286,3.0,4,2739
19015,2022-04-21 17:07:34.838239,3.0,4,320
19016,2022-04-21 17:39:12.155505,30.0,23,2524
19017,2022-04-21 18:10:37.486200,10.0,22,2524
19018,2022-04-21 18:10:37.500167,200.0,10,2524
19019,2022-04-21 18:26:03.457008,5.0,22,2785
19020,2022-04-21 19:23:00.485867,0.0,22,2697
19021,2022-04-21 19:44:22.868555,0.0,22,2697
19022,2022-04-21 20:56:55.108899,3.0,4,2651
19023,2022-04-21 21:10:13.936388,5.0,22,2803
19024,2022-04-21 21:16:46.918172,5.0,22,2651
19025,2022-04-21 21:21:04.483068,3.0,4,2374
19026,2022-04-21 21:27:38.191831,5.0,22,2651
19027,2022-04-21 21:29:45.475078,5.0,22,2803
19028,2022-04-21 21:49:37.369261,5.0,22,2803
19029,2022-04-21 21:54:08.408940,10.0,22,2803
19030,2022-04-21 21:58:17.049981,5.0,22,2803
19031,2022-04-21 21:58:17.066988,30.0,8,2803
19032,2022-04-21 22:00:11.328019,3.0,4,121
19033,2022-04-21 22:00:11.339883,30.0,5,121
19034,2022-04-21 22:51:41.327790,20.0,27,157
19035,2022-04-21 23:15:27.271349,30.0,27,157
19036,2022-04-22 00:10:10.125665,3.0,4,2803
19037,2022-04-22 00:17:31.324914,10.0,22,2803
19038,2022-04-22 00:27:50.121225,5.0,22,2803
19039,2022-04-22 00:44:14.013535,5.0,22,2803
19040,2022-04-22 00:49:13.330927,5.0,22,2803
19041,2022-04-22 01:00:26.390664,5.0,22,2803
19042,2022-04-22 01:00:26.401459,100.0,9,2803
19043,2022-04-22 01:02:37.343678,5.0,22,2803
19044,2022-04-22 01:10:35.096886,10.0,22,2803
19045,2022-04-22 03:43:48.272879,3.0,4,2678
19046,2022-04-22 04:02:14.164412,3.0,4,2697
19047,2022-04-22 04:21:38.978704,3.0,4,2604
19048,2022-04-22 04:40:43.696431,0.0,22,2697
19049,2022-04-22 04:53:16.072900,3.0,4,2524
19050,2022-04-22 04:53:16.085002,30.0,5,2524
19051,2022-04-22 05:01:50.586330,20.0,23,2524
19052,2022-04-22 05:09:11.557598,3.0,4,2686
19053,2022-04-22 05:13:27.674594,5.0,22,2524
19054,2022-04-22 05:23:30.547673,3.0,4,2651
19055,2022-04-22 06:17:06.191128,0.0,22,2604
19056,2022-04-22 06:23:21.651796,10.0,22,2651
19057,2022-04-22 06:24:24.102391,0.0,22,2604
19058,2022-04-22 06:53:51.976716,0.0,22,2604
19059,2022-04-22 07:11:18.467384,10.0,22,2651
19060,2022-04-22 07:24:24.466582,5.0,22,2651
19061,2022-04-22 07:35:19.115758,3.0,4,2748
19062,2022-04-22 07:36:59.964539,3.0,4,2634
19063,2022-04-22 07:39:10.319139,3.0,4,2227
19064,2022-04-22 07:39:24.439337,20.0,23,2227
19065,2022-04-22 07:39:36.452143,3.0,4,2709
19066,2022-04-22 07:39:55.720247,3.0,4,2705
19067,2022-04-22 07:55:59.034548,3.0,4,1918
19068,2022-04-22 07:57:22.244554,5.0,22,2651
19069,2022-04-22 07:57:30.923367,20.0,23,2634
19070,2022-04-22 08:11:34.419856,20.0,23,2634
19071,2022-04-22 08:22:10.715920,3.0,4,2779
19072,2022-04-22 08:27:00.672081,5.0,22,2779
19073,2022-04-22 08:30:57.099259,3.0,4,1318
19074,2022-04-22 08:33:01.076149,20.0,23,2779
19075,2022-04-22 08:47:22.444219,3.0,4,258
19076,2022-04-22 08:51:22.534881,3.0,4,50
19077,2022-04-22 08:56:17.552630,3.0,4,2574
19078,2022-04-22 09:16:25.827313,3.0,4,2556
19079,2022-04-22 09:24:16.978994,3.0,4,177
19080,2022-04-22 09:24:46.089431,20.0,27,177
19081,2022-04-22 09:49:00.183325,3.0,4,171
19082,2022-04-22 09:50:33.653170,20.0,23,171
19083,2022-04-22 09:54:40.991053,10.0,22,171
19084,2022-04-22 10:10:27.627000,5.0,22,171
19085,2022-04-22 10:10:45.066362,20.0,23,171
19086,2022-04-22 10:48:51.472822,3.0,4,157
19087,2022-04-22 11:02:38.355551,3.0,4,1074
19088,2022-04-22 11:08:15.675229,5.0,22,2697
19089,2022-04-22 11:21:15.864324,3.0,4,122
19090,2022-04-22 12:37:12.056403,3.0,4,1645
19091,2022-04-22 13:15:52.344834,5.0,22,2779
19092,2022-04-22 13:21:44.673147,5.0,22,2779
19093,2022-04-22 13:28:21.005126,5.0,22,2779
19094,2022-04-22 14:08:42.791227,3.0,4,2719
19095,2022-04-22 14:13:05.224522,3.0,4,2786
19096,2022-04-22 14:36:45.247952,0.0,22,2604
19097,2022-04-22 18:28:28.658923,3.0,4,589
19098,2022-04-22 18:29:48.245091,3.0,4,2812
19099,2022-04-22 18:36:40.333773,3.0,4,2599
19100,2022-04-22 19:46:52.606099,3.0,4,2734
19101,2022-04-22 20:16:33.538962,5.0,22,2651
19102,2022-04-22 20:49:04.581965,5.0,22,2651
19103,2022-04-22 21:01:08.046987,3.0,4,1178
19104,2022-04-22 21:02:24.124687,5.0,22,1178
19105,2022-04-22 21:21:07.498924,5.0,22,2651
19106,2022-04-22 21:27:18.684838,5.0,22,1178
19107,2022-04-22 21:27:55.840003,5.0,22,1178
19108,2022-04-22 21:28:14.516273,5.0,22,1178
19109,2022-04-22 21:28:14.531464,30.0,8,1178
19110,2022-04-22 21:35:11.707604,5.0,22,1178
19111,2022-04-22 21:50:59.052583,5.0,22,2651
19112,2022-04-22 22:00:11.798036,3.0,4,121
19113,2022-04-23 00:17:51.384619,3.0,4,2678
19114,2022-04-23 04:03:34.634800,3.0,4,220
19115,2022-04-23 04:34:02.349903,3.0,4,2524
19116,2022-04-23 04:35:59.456997,30.0,23,2524
19117,2022-04-23 05:42:00.526717,10.0,22,2524
19118,2022-04-23 07:32:46.892557,3.0,4,2803
19119,2022-04-23 07:41:42.975363,5.0,22,2803
19120,2022-04-23 07:57:06.880291,3.0,4,135
19121,2022-04-23 08:21:39.476646,3.0,4,1093
19122,2022-04-23 08:24:54.824731,3.0,4,2719
19123,2022-04-23 08:28:13.638961,0.0,22,2719
19124,2022-04-23 08:33:03.220678,0.0,22,2719
19125,2022-04-23 08:33:31.112469,3.0,4,1495
19126,2022-04-23 08:34:14.877633,20.0,23,1495
19127,2022-04-23 08:37:32.177796,0.0,22,2719
19128,2022-04-23 08:54:17.345820,5.0,22,1495
19129,2022-04-23 09:03:55.033618,3.0,4,2661
19130,2022-04-23 09:10:32.764095,5.0,22,2661
19131,2022-04-23 09:13:19.013309,20.0,23,2661
19132,2022-04-23 09:18:51.635364,3.0,4,2734
19133,2022-04-23 09:19:32.076442,5.0,22,2661
19134,2022-04-23 09:20:50.805013,20.0,23,2661
19135,2022-04-23 09:20:56.172799,3.0,4,2604
19136,2022-04-23 09:25:15.232903,5.0,22,2661
19137,2022-04-23 09:25:15.246158,30.0,8,2661
19138,2022-04-23 09:25:37.612929,20.0,23,2661
19139,2022-04-23 09:37:05.825467,5.0,22,2661
19140,2022-04-23 09:38:55.246352,30.0,23,2661
19141,2022-04-23 10:02:49.590233,10.0,22,2661
19142,2022-04-23 10:23:30.474948,10.0,22,2661
19143,2022-04-23 10:27:56.859831,0.0,22,2604
19144,2022-04-23 10:28:02.636218,3.0,4,2462
19145,2022-04-23 10:29:28.112319,20.0,23,2462
19146,2022-04-23 10:39:23.534842,0.0,22,2604
19147,2022-04-23 10:58:14.439875,10.0,22,2661
19148,2022-04-23 11:02:30.617954,40.0,23,2661
19149,2022-04-23 11:04:44.685899,5.0,22,135
19150,2022-04-23 11:11:49.928657,15.0,22,2661
19151,2022-04-23 11:11:49.945552,100.0,9,2661
19152,2022-04-23 11:14:10.536731,30.0,23,2661
19153,2022-04-23 11:16:45.532684,3.0,4,2776
19154,2022-04-23 11:21:11.615685,30.0,27,2776
19155,2022-04-23 11:28:27.711013,30.0,27,2776
19156,2022-04-23 12:04:37.600396,5.0,22,2462
19157,2022-04-23 12:04:37.619304,30.0,8,2462
19158,2022-04-23 12:22:01.537902,20.0,23,2661
19159,2022-04-23 12:25:18.335223,5.0,22,2462
19160,2022-04-23 12:29:38.200369,3.0,4,226
19161,2022-04-23 13:30:27.064234,5.0,22,2462
19162,2022-04-23 13:44:20.743542,20.0,23,2462
19163,2022-04-23 14:05:48.047057,5.0,22,2661
19164,2022-04-23 14:07:59.672766,0.0,22,2661
19165,2022-04-23 14:08:59.732452,0.0,22,2661
19166,2022-04-23 14:17:44.395194,0.0,22,2661
19167,2022-04-23 14:42:52.320886,5.0,22,2462
19168,2022-04-23 15:33:45.812070,0.0,22,2661
19169,2022-04-23 15:34:38.259802,0.0,22,2661
19170,2022-04-23 15:35:59.915574,0.0,22,2661
19171,2022-04-23 15:38:42.269704,3.0,4,589
19172,2022-04-23 15:42:07.486610,0.0,22,2661
19173,2022-04-23 15:44:08.034272,0.0,22,2661
19174,2022-04-23 15:46:20.224413,0.0,22,2661
19175,2022-04-23 15:47:38.020760,0.0,22,2661
19176,2022-04-23 15:49:47.308744,0.0,22,2661
19177,2022-04-23 15:50:44.974428,0.0,22,2661
19178,2022-04-23 15:52:17.335696,0.0,22,2661
19179,2022-04-23 16:00:07.828367,0.0,22,2661
19180,2022-04-23 16:00:07.851481,200.0,10,2661
19181,2022-04-23 16:01:56.531636,0.0,22,2661
19182,2022-04-23 16:03:12.174956,0.0,22,2661
19183,2022-04-23 16:05:36.110005,0.0,22,2661
19184,2022-04-23 16:08:46.546347,3.0,4,63
19185,2022-04-23 16:23:29.763259,3.0,4,157
19186,2022-04-23 16:26:21.363372,0.0,22,2661
19187,2022-04-23 16:48:13.773271,0.0,22,2661
19188,2022-04-23 19:10:08.041706,3.0,4,2301
19189,2022-04-23 19:42:34.079576,5.0,22,226
19190,2022-04-23 19:53:02.212751,3.0,4,1178
19191,2022-04-23 20:26:28.655667,5.0,22,226
19192,2022-04-23 21:01:47.844866,5.0,22,226
19193,2022-04-23 21:25:21.044971,3.0,4,2758
19194,2022-04-23 21:40:25.483741,0.0,22,2758
19195,2022-04-23 21:47:40.333634,0.0,22,2758
19196,2022-04-23 21:47:40.345760,200.0,10,2758
19197,2022-04-23 21:59:31.742979,0.0,22,2758
19198,2022-04-23 22:00:08.355093,3.0,4,121
19199,2022-04-23 22:07:09.537484,3.0,4,185
19200,2022-04-23 22:11:25.724175,0.0,22,2758
19201,2022-04-23 22:16:45.548593,20.0,23,2758
19202,2022-04-23 22:21:49.564636,5.0,22,2758
19203,2022-04-23 22:22:24.724875,20.0,23,2758
19204,2022-04-23 22:26:33.495824,10.0,22,2758
19205,2022-04-23 22:40:38.472358,10.0,22,2758
19206,2022-04-23 22:41:39.836786,20.0,23,2758
19207,2022-04-23 22:43:30.977451,5.0,22,2758
19208,2022-04-23 22:44:26.186975,30.0,23,2758
19209,2022-04-23 22:46:27.928150,10.0,22,2758
19210,2022-04-23 22:48:23.183402,20.0,23,2758
19211,2022-04-23 22:50:27.494203,5.0,22,2758
19212,2022-04-23 22:54:15.907354,5.0,22,2758
19213,2022-04-23 23:44:03.538488,3.0,4,1768
19214,2022-04-24 04:24:08.786303,3.0,4,2524
19215,2022-04-24 04:34:09.720704,3.0,4,2686
19216,2022-04-24 05:21:39.720004,30.0,23,2524
19217,2022-04-24 05:42:40.101326,10.0,22,2524
19218,2022-04-24 06:20:22.371237,3.0,4,2462
19219,2022-04-24 06:21:46.548549,30.0,23,2462
19220,2022-04-24 06:56:55.369672,3.0,4,185
19221,2022-04-24 07:39:13.759305,3.0,4,2739
19222,2022-04-24 07:55:03.739107,3.0,4,2465
19223,2022-04-24 07:55:12.002062,3.0,4,2678
19224,2022-04-24 08:40:53.573892,3.0,4,1495
19225,2022-04-24 08:58:48.185601,3.0,4,2669
19226,2022-04-24 10:34:57.967710,3.0,4,1768
19227,2022-04-24 10:34:58.110110,40.0,23,1768
19228,2022-04-24 10:46:36.961251,3.0,4,2734
19229,2022-04-24 10:46:36.973548,30.0,5,2734
19230,2022-04-24 13:14:07.211313,3.0,4,2817
19231,2022-04-24 13:28:11.586807,3.0,4,2683
19232,2022-04-24 13:38:12.100222,3.0,4,2748
19233,2022-04-24 14:15:33.073751,3.0,4,2664
19234,2022-04-24 14:16:17.220973,30.0,23,2664
19235,2022-04-24 14:16:21.541052,10.0,22,2664
19236,2022-04-24 14:29:56.036621,3.0,4,2697
19237,2022-04-24 15:50:13.071930,10.0,22,2462
19238,2022-04-24 15:53:12.869349,20.0,23,2462
19239,2022-04-24 15:58:21.963786,0.0,22,2748
19240,2022-04-24 16:01:24.506271,0.0,22,2748
19241,2022-04-24 16:05:06.441300,3.0,4,2501
19242,2022-04-24 16:36:44.643740,3.0,4,2632
19243,2022-04-24 16:39:30.517549,3.0,4,2747
19244,2022-04-24 17:05:17.542775,3.0,4,2661
19245,2022-04-24 17:05:29.988835,0.0,22,2661
19246,2022-04-24 17:09:25.721724,0.0,22,2661
19247,2022-04-24 17:19:08.386756,0.0,22,2661
19248,2022-04-24 17:27:17.178051,0.0,22,2661
19249,2022-04-24 17:33:32.625023,0.0,22,2661
19250,2022-04-24 17:41:11.976727,0.0,22,2661
19251,2022-04-24 17:50:15.104833,0.0,22,2661
19252,2022-04-24 18:02:09.745879,3.0,4,2776
19253,2022-04-24 18:46:09.362239,3.0,4,381
19254,2022-04-24 18:49:55.517522,3.0,4,411
19255,2022-04-24 18:55:34.368158,0.0,22,381
19256,2022-04-24 18:59:57.227866,0.0,22,381
19257,2022-04-24 19:03:57.664632,0.0,22,381
19258,2022-04-24 19:08:09.825533,0.0,22,381
19259,2022-04-24 19:08:09.839625,100.0,9,381
19260,2022-04-24 19:11:46.550409,0.0,22,381
19261,2022-04-24 19:12:20.457232,0.0,22,381
19262,2022-04-24 19:18:22.652933,0.0,22,381
19263,2022-04-24 19:27:09.737870,3.0,4,63
19264,2022-04-24 19:37:35.327168,3.0,4,1255
19265,2022-04-24 19:55:00.462752,3.0,4,257
19266,2022-04-24 19:55:14.815913,3.0,4,140
19267,2022-04-24 20:08:36.068025,3.0,4,2634
19268,2022-04-24 20:18:36.110902,0.0,22,257
19269,2022-04-24 20:21:21.048481,0.0,22,257
19270,2022-04-24 20:23:25.166893,0.0,22,257
19271,2022-04-24 20:24:33.809970,0.0,22,257
19272,2022-04-24 20:24:33.820239,30.0,8,257
19273,2022-04-24 20:26:08.409643,0.0,22,257
19274,2022-04-24 20:33:56.720084,0.0,22,257
19275,2022-04-24 20:35:49.949471,0.0,22,257
19276,2022-04-24 20:40:03.344981,0.0,22,257
19277,2022-04-24 20:42:06.196830,0.0,22,257
19278,2022-04-24 20:42:06.218901,100.0,9,257
19279,2022-04-24 22:00:05.503204,3.0,4,121
19280,2022-04-25 01:58:18.726110,3.0,4,2501
19281,2022-04-25 03:56:16.861006,3.0,4,2697
19282,2022-04-25 04:16:09.728775,5.0,22,2697
19283,2022-04-25 05:37:16.668145,3.0,4,2604
19284,2022-04-25 05:44:11.184594,3.0,4,2808
19285,2022-04-25 06:56:53.703831,3.0,4,258
19286,2022-04-25 07:44:21.167345,3.0,4,63
19287,2022-04-25 07:46:37.597552,3.0,4,157
19288,2022-04-25 07:54:42.195521,3.0,4,2678
19289,2022-04-25 08:06:36.094688,5.0,22,63
19290,2022-04-25 08:30:03.440597,3.0,4,1107
19291,2022-04-25 08:42:24.259865,3.0,4,363
19292,2022-04-25 08:45:16.315059,5.0,22,363
19293,2022-04-25 08:55:15.165525,0.0,22,1107
19294,2022-04-25 09:03:06.188881,3.0,4,2734
19295,2022-04-25 09:38:39.716920,0.0,22,1107
19296,2022-04-25 09:55:06.693488,3.0,4,221
19297,2022-04-25 09:58:55.479227,3.0,4,589
19298,2022-04-25 10:15:32.297178,10.0,22,363
19299,2022-04-25 10:47:13.631922,3.0,4,427
19300,2022-04-25 10:49:28.982938,3.0,4,2227
19301,2022-04-25 11:08:23.660437,3.0,4,1423
19302,2022-04-25 11:12:40.575037,3.0,4,2733
19303,2022-04-25 11:21:12.353055,0.0,22,2733
19304,2022-04-25 11:23:57.977236,0.0,22,2733
19305,2022-04-25 11:23:57.994452,200.0,10,2733
19306,2022-04-25 11:33:21.837156,0.0,22,2733
19307,2022-04-25 11:43:28.468368,0.0,22,2733
19308,2022-04-25 12:15:32.392196,0.0,22,2733
19309,2022-04-25 12:17:52.599742,3.0,4,263
19310,2022-04-25 12:25:28.703946,0.0,22,2733
19311,2022-04-25 12:32:49.065219,3.0,4,257
19312,2022-04-25 12:32:56.739781,5.0,22,2604
19313,2022-04-25 12:36:09.175822,5.0,22,2604
19314,2022-04-25 12:56:42.283646,3.0,4,2683
19315,2022-04-25 13:00:46.039575,0.0,22,2733
19316,2022-04-25 13:05:57.140997,5.0,22,2733
19317,2022-04-25 13:10:47.386338,5.0,22,2604
19318,2022-04-25 13:19:13.312963,5.0,22,2733
19319,2022-04-25 14:18:46.394096,5.0,22,2733
19320,2022-04-25 14:22:57.706827,5.0,22,2733
19321,2022-04-25 14:55:48.712201,3.0,4,1074
19322,2022-04-25 15:03:23.704295,5.0,22,1074
19323,2022-04-25 15:13:08.741135,20.0,23,1074
19324,2022-04-25 15:24:30.332586,5.0,22,1074
19325,2022-04-25 15:26:32.822502,5.0,22,1074
19326,2022-04-25 15:45:40.694387,3.0,4,2643
19327,2022-04-25 15:50:47.772545,0.0,22,2643
19328,2022-04-25 16:22:38.944282,0.0,22,2643
19329,2022-04-25 17:23:59.338217,3.0,4,2747
19330,2022-04-25 17:49:10.245946,5.0,22,2747
19331,2022-04-25 17:50:38.359982,20.0,23,2747
19332,2022-04-25 18:19:02.281979,0.0,22,1107
19333,2022-04-25 18:19:02.306364,200.0,10,1107
19334,2022-04-25 18:35:48.370139,3.0,4,2661
19335,2022-04-25 18:37:31.528601,3.0,4,2524
19336,2022-04-25 18:41:27.098081,20.0,23,2524
19337,2022-04-25 18:45:05.814616,5.0,22,2524
19338,2022-04-25 19:02:26.738068,30.0,27,221
19339,2022-04-25 19:11:21.015887,3.0,4,1709
19340,2022-04-25 19:28:13.861388,5.0,22,1709
19341,2022-04-25 21:00:48.661719,3.0,4,121
19342,2022-04-25 22:52:08.670472,3.0,4,2448
19343,2022-04-26 00:35:38.670039,3.0,4,2669
19344,2022-04-26 04:14:16.287654,3.0,4,2604
19345,2022-04-26 04:17:54.783348,3.0,4,2524
19346,2022-04-26 04:19:35.045152,20.0,23,2524
19347,2022-04-26 04:28:19.472027,5.0,22,2524
19348,2022-04-26 05:30:27.875382,3.0,4,2686
19349,2022-04-26 06:05:14.821107,3.0,4,162
19350,2022-04-26 06:29:19.085781,5.0,22,2604
19351,2022-04-26 07:16:56.938264,5.0,22,2604
19352,2022-04-26 07:19:47.478685,3.0,4,1107
19353,2022-04-26 07:27:28.454922,0.0,22,1107
19354,2022-04-26 07:32:18.037158,0.0,22,1107
19355,2022-04-26 08:24:22.450945,3.0,4,1128
19356,2022-04-26 08:29:45.045417,5.0,22,1128
19357,2022-04-26 09:28:49.161655,10.0,22,1128
19358,2022-04-26 09:58:50.353260,3.0,4,221
19359,2022-04-26 10:11:17.202054,3.0,4,1074
19360,2022-04-26 10:17:51.373658,3.0,4,63
19361,2022-04-26 10:19:55.272672,0.0,27,63
19362,2022-04-26 10:35:53.213703,5.0,22,1128
19363,2022-04-26 10:41:05.304312,5.0,22,1128
19364,2022-04-26 11:04:25.671338,3.0,4,257
19365,2022-04-26 11:15:49.304777,3.0,4,1423
19366,2022-04-26 11:51:36.819533,3.0,4,589
19367,2022-04-26 12:07:24.886921,10.0,22,2604
19368,2022-04-26 12:11:05.432235,3.0,4,1280
19369,2022-04-26 13:07:52.351323,3.0,4,2721
19370,2022-04-26 13:08:26.222896,40.0,23,2721
19371,2022-04-26 13:13:23.867933,10.0,22,2604
19372,2022-04-26 13:29:01.061798,10.0,22,2604
19373,2022-04-26 14:07:24.593703,5.0,22,2604
19374,2022-04-26 14:13:16.549568,3.0,4,2677
19375,2022-04-26 14:49:08.564871,3.0,4,2723
19376,2022-04-26 14:57:06.088286,3.0,4,2734
19377,2022-04-26 15:36:30.048393,3.0,4,2499
19378,2022-04-26 15:57:57.149584,0.0,22,2499
19379,2022-04-26 16:12:35.669586,0.0,22,257
19380,2022-04-26 16:13:22.491299,0.0,22,257
19381,2022-04-26 16:19:00.705294,0.0,22,257
19382,2022-04-26 16:23:20.368058,0.0,22,257
19383,2022-04-26 16:29:39.020290,0.0,22,257
19384,2022-04-26 16:30:31.199044,0.0,22,257
19385,2022-04-26 16:34:05.181140,3.0,4,2683
19386,2022-04-26 16:35:00.114807,0.0,22,2683
19387,2022-04-26 17:23:58.072445,3.0,4,2803
19388,2022-04-26 17:28:10.889215,0.0,22,2683
19389,2022-04-26 17:52:18.508960,0.0,22,2683
19390,2022-04-26 17:54:49.360467,3.0,4,2661
19391,2022-04-26 18:09:09.252320,0.0,22,2683
19392,2022-04-26 18:42:33.496066,0.0,22,2661
19393,2022-04-26 18:46:15.647397,3.0,4,2632
19394,2022-04-26 18:51:48.471346,0.0,22,2661
19395,2022-04-26 19:00:15.350941,0.0,22,2661
19396,2022-04-26 19:04:04.986107,0.0,22,2661
19397,2022-04-26 19:05:48.053982,0.0,22,2661
19398,2022-04-26 19:15:15.498793,0.0,22,2661
19399,2022-04-26 19:24:21.121489,3.0,4,82
19400,2022-04-26 19:29:29.817345,3.0,4,2301
19401,2022-04-26 19:41:51.958208,30.0,23,2661
19402,2022-04-26 19:44:58.209904,10.0,22,2661
19403,2022-04-26 19:55:42.187571,20.0,27,2661
19404,2022-04-26 20:01:31.223755,3.0,4,157
19405,2022-04-26 21:33:25.323485,30.0,27,221
19406,2022-04-26 21:42:10.402831,20.0,27,221
19407,2022-04-26 21:50:05.400559,30.0,27,221
19408,2022-04-26 21:51:22.226526,20.0,27,221
19409,2022-04-26 22:00:11.448802,3.0,4,121
19410,2022-04-26 22:02:09.783633,30.0,12,221
19411,2022-04-26 22:02:21.247264,20.0,27,221
19412,2022-04-26 22:09:09.048274,20.0,27,221
19413,2022-04-26 23:12:20.229090,3.0,4,2678
19414,2022-04-26 23:12:20.239903,30.0,5,2678
19415,2022-04-27 00:35:51.726358,3.0,4,2678
19416,2022-04-27 04:28:26.829934,3.0,4,2271
19417,2022-04-27 05:25:56.222250,3.0,4,589
19418,2022-04-27 05:39:31.462140,3.0,4,2643
19419,2022-04-27 05:40:28.399366,3.0,4,2604
19420,2022-04-27 06:36:03.508582,3.0,4,1918
19421,2022-04-27 07:24:34.509639,10.0,22,2604
19422,2022-04-27 07:40:26.538462,3.0,4,2661
19423,2022-04-27 08:16:10.885929,3.0,4,1074
19424,2022-04-27 08:34:44.147865,3.0,4,2524
19425,2022-04-27 08:35:31.010385,3.0,4,2151
19426,2022-04-27 08:36:22.305956,3.0,4,157
19427,2022-04-27 08:46:36.622154,20.0,23,2524
19428,2022-04-27 08:55:03.798269,5.0,22,2524
19429,2022-04-27 09:00:44.263546,3.0,4,2757
19430,2022-04-27 09:07:10.368175,0.0,22,2757
19431,2022-04-27 09:36:06.032950,3.0,4,2677
19432,2022-04-27 10:08:23.944725,5.0,22,2604
19433,2022-04-27 10:39:08.927122,3.0,4,2807
19434,2022-04-27 10:39:13.426334,30.0,27,2807
19435,2022-04-27 10:42:50.801683,20.0,27,2807
19436,2022-04-27 10:47:08.590011,200.0,6,2661
19437,2022-04-27 10:52:54.803960,3.0,4,2504
19438,2022-04-27 11:27:19.768336,3.0,4,221
19439,2022-04-27 11:27:19.897266,30.0,23,221
19440,2022-04-27 11:50:44.914037,10.0,22,221
19441,2022-04-27 11:53:44.074274,20.0,23,221
19442,2022-04-27 12:01:23.449799,3.0,4,2733
19443,2022-04-27 12:04:21.593856,3.0,4,348
19444,2022-04-27 12:08:13.701095,3.0,4,2578
19445,2022-04-27 12:16:26.129749,5.0,22,221
19446,2022-04-27 12:16:26.148350,30.0,8,221
19447,2022-04-27 12:16:59.310258,3.0,4,171
19448,2022-04-27 12:19:48.696608,20.0,23,221
19449,2022-04-27 12:21:44.503887,5.0,22,171
19450,2022-04-27 12:24:26.799635,5.0,22,221
19451,2022-04-27 12:25:13.354666,350.0,2,2661
19452,2022-04-27 12:25:13.703459,20.0,23,171
19453,2022-04-27 12:30:17.729641,5.0,22,171
19454,2022-04-27 12:30:51.255827,20.0,23,171
19455,2022-04-27 12:32:30.005155,0.0,22,348
19456,2022-04-27 12:32:30.018249,200.0,10,348
19457,2022-04-27 12:34:32.001556,5.0,22,171
19458,2022-04-27 12:34:32.014303,30.0,8,171
19459,2022-04-27 12:36:00.442493,20.0,23,171
19460,2022-04-27 12:39:25.868046,0.0,22,2733
19461,2022-04-27 12:40:45.453185,0.0,22,348
19462,2022-04-27 12:42:53.137096,40.0,23,2733
19463,2022-04-27 12:44:18.131491,3.0,4,2501
19464,2022-04-27 12:44:33.801680,0.0,22,348
19465,2022-04-27 12:50:15.813777,5.0,22,171
19466,2022-04-27 12:50:46.376819,20.0,23,171
19467,2022-04-27 13:00:42.807474,30.0,27,2661
19468,2022-04-27 13:03:59.256222,30.0,27,2661
19469,2022-04-27 13:08:08.852657,5.0,22,171
19470,2022-04-27 13:08:26.954285,20.0,23,171
19471,2022-04-27 13:14:11.649203,5.0,22,171
19472,2022-04-27 13:15:09.497408,3.0,4,1318
19473,2022-04-27 13:16:24.698986,3.0,4,2227
19474,2022-04-27 13:16:29.847643,5.0,22,221
19475,2022-04-27 13:17:52.023299,30.0,23,221
19476,2022-04-27 13:19:33.767701,10.0,22,2604
19477,2022-04-27 13:27:48.169517,10.0,22,221
19478,2022-04-27 13:28:21.046718,20.0,23,221
19479,2022-04-27 13:32:39.388004,5.0,22,221
19480,2022-04-27 13:34:38.354218,15.0,22,2733
19481,2022-04-27 13:44:17.478751,0.0,22,2733
19482,2022-04-27 13:46:29.790651,200.0,6,2733
19483,2022-04-27 13:49:51.129852,5.0,22,221
19484,2022-04-27 13:49:51.140283,100.0,9,221
19485,2022-04-27 13:51:12.709947,0.0,22,2733
19486,2022-04-27 14:11:46.133013,30.0,23,2524
19487,2022-04-27 14:17:45.229756,20.0,23,2271
19488,2022-04-27 14:18:09.787867,3.0,4,411
19489,2022-04-27 14:22:56.609149,5.0,22,2271
19490,2022-04-27 14:23:32.412826,5.0,22,411
19491,2022-04-27 14:26:40.108746,5.0,22,411
19492,2022-04-27 14:29:00.776499,5.0,22,411
19493,2022-04-27 14:31:04.128729,10.0,22,2524
19494,2022-04-27 14:32:23.973530,5.0,22,411
19495,2022-04-27 14:33:15.736978,5.0,22,2271
19496,2022-04-27 14:33:15.751857,30.0,8,2271
19497,2022-04-27 14:34:39.457223,5.0,22,411
19498,2022-04-27 14:36:27.477311,5.0,22,411
19499,2022-04-27 14:37:44.674112,5.0,22,411
19500,2022-04-27 14:40:29.331684,5.0,22,411
19501,2022-04-27 14:42:23.181631,5.0,22,411
19502,2022-04-27 14:43:09.102652,5.0,22,411
19503,2022-04-27 14:44:06.861190,3.0,4,743
19504,2022-04-27 14:47:30.316396,5.0,22,171
19505,2022-04-27 14:47:46.474384,20.0,23,171
19506,2022-04-27 14:50:56.593209,3.0,4,2686
19507,2022-04-27 14:52:40.078948,5.0,22,2271
19508,2022-04-27 14:56:48.887152,20.0,27,743
19509,2022-04-27 14:57:58.067809,10.0,22,2733
19510,2022-04-27 15:01:06.082555,20.0,27,743
19511,2022-04-27 15:01:37.781642,5.0,22,171
19512,2022-04-27 15:01:37.792892,100.0,9,171
19513,2022-04-27 15:02:00.661908,20.0,23,171
19514,2022-04-27 15:04:44.939113,20.0,27,743
19515,2022-04-27 15:10:32.887270,20.0,27,743
19516,2022-04-27 15:15:54.033994,20.0,27,743
19517,2022-04-27 15:23:22.629830,3.0,4,63
19518,2022-04-27 15:35:01.593445,20.0,23,171
19519,2022-04-27 15:37:47.651065,5.0,22,171
19520,2022-04-27 15:39:27.451240,3.0,4,257
19521,2022-04-27 15:44:46.007896,0.0,22,257
19522,2022-04-27 15:50:27.388930,0.0,22,257
19523,2022-04-27 17:27:43.559161,3.0,4,2634
19524,2022-04-27 17:27:47.778363,5.0,22,2634
19525,2022-04-27 17:31:47.807206,20.0,23,2634
19526,2022-04-27 18:00:51.135716,3.0,4,1426
19527,2022-04-27 18:06:50.837840,5.0,22,2634
19528,2022-04-27 18:06:50.856244,30.0,8,2634
19529,2022-04-27 20:13:17.351561,20.0,23,221
19530,2022-04-27 20:13:40.163158,10.0,22,221
19531,2022-04-27 20:16:20.485098,20.0,23,221
19532,2022-04-27 20:50:45.987801,3.0,4,2769
19533,2022-04-27 20:54:46.443868,0.0,22,2769
19534,2022-04-27 21:04:05.909313,0.0,22,2769
19535,2022-04-27 21:05:28.214021,3.0,4,535
19536,2022-04-27 22:00:08.707802,3.0,4,121
19537,2022-04-28 00:41:07.952300,3.0,4,2669
19538,2022-04-28 04:24:00.579212,3.0,4,2733
19539,2022-04-28 04:29:50.743565,0.0,22,2733
19540,2022-04-28 04:37:10.065473,0.0,22,2733
19541,2022-04-28 04:44:22.323761,0.0,22,2733
19542,2022-04-28 04:49:25.148078,3.0,4,2604
19543,2022-04-28 05:35:17.776220,5.0,22,2733
19544,2022-04-28 05:46:50.742151,3.0,4,1674
19545,2022-04-28 06:01:47.390187,3.0,4,258
19546,2022-04-28 06:20:56.088871,3.0,4,257
19547,2022-04-28 06:23:35.441744,3.0,4,1436
19548,2022-04-28 06:24:44.438465,3.0,4,2779
19549,2022-04-28 06:38:38.887370,0.0,22,2604
19550,2022-04-28 06:40:24.370564,3.0,4,535
19551,2022-04-28 06:43:16.953188,0.0,22,2604
19552,2022-04-28 07:15:52.483682,3.0,4,1074
19553,2022-04-28 07:25:42.115486,3.0,4,2661
19554,2022-04-28 07:27:06.431505,30.0,23,2661
19555,2022-04-28 07:32:34.821587,0.0,22,2604
19556,2022-04-28 07:37:59.630900,3.0,4,2533
19557,2022-04-28 07:46:36.908296,10.0,22,2661
19558,2022-04-28 07:47:16.662019,20.0,23,2661
19559,2022-04-28 08:05:11.023926,5.0,22,2661
19560,2022-04-28 08:10:33.495351,20.0,23,2661
19561,2022-04-28 08:15:29.190452,5.0,22,2661
19562,2022-04-28 08:48:11.838509,3.0,4,2524
19563,2022-04-28 08:49:23.722596,20.0,23,2524
19564,2022-04-28 08:52:56.219747,5.0,22,2524
19565,2022-04-28 08:56:00.528405,20.0,23,2524
19566,2022-04-28 08:57:31.191070,5.0,22,2524
19567,2022-04-28 08:58:56.675150,30.0,23,2524
19568,2022-04-28 09:03:29.727533,10.0,22,2524
19569,2022-04-28 09:06:07.177120,3.0,4,2683
19570,2022-04-28 09:06:39.623615,20.0,23,2524
19571,2022-04-28 09:09:59.347313,5.0,22,2524
19572,2022-04-28 09:25:03.055298,5.0,22,535
19573,2022-04-28 09:30:46.501054,20.0,23,535
19574,2022-04-28 09:41:44.683981,10.0,22,1436
19575,2022-04-28 09:55:57.811105,3.0,4,185
19576,2022-04-28 09:58:31.959342,3.0,4,839
19577,2022-04-28 09:59:26.191830,40.0,23,839
19578,2022-04-28 10:00:00.145195,5.0,22,535
19579,2022-04-28 10:12:35.864248,5.0,22,1436
19580,2022-04-28 11:02:59.473277,3.0,4,63
19581,2022-04-28 11:04:50.135983,15.0,22,839
19582,2022-04-28 11:07:21.766392,3.0,4,1663
19583,2022-04-28 11:48:06.517978,3.0,4,2714
19584,2022-04-28 12:21:04.310651,3.0,4,2783
19585,2022-04-28 12:32:59.766143,3.0,4,221
19586,2022-04-28 12:50:30.111545,0.0,22,2604
19587,2022-04-28 12:58:58.500006,0.0,22,2604
19588,2022-04-28 13:01:51.743892,0.0,22,2604
19589,2022-04-28 13:09:04.101445,3.0,4,2686
19590,2022-04-28 13:50:42.473211,30.0,23,2524
19591,2022-04-28 13:55:23.856809,20.0,23,2733
19592,2022-04-28 13:59:42.136082,10.0,22,2733
19593,2022-04-28 14:11:53.310674,0.0,22,2733
19594,2022-04-28 14:19:44.937661,10.0,22,2524
19595,2022-04-28 14:42:00.899393,0.0,22,2733
19596,2022-04-28 16:23:46.601637,0.0,22,2733
19597,2022-04-28 16:40:01.536544,3.0,4,2501
19598,2022-04-28 16:40:56.429324,0.0,22,2733
19599,2022-04-28 16:43:57.043775,3.0,4,1356
19600,2022-04-28 17:12:40.584618,3.0,4,2677
19601,2022-04-28 17:17:18.583596,5.0,22,221
19602,2022-04-28 19:49:30.741458,3.0,4,147
19603,2022-04-28 20:54:10.946318,3.0,4,589
19604,2022-04-28 22:00:05.263186,3.0,4,121
19605,2022-04-28 22:00:05.280092,30.0,5,121
19606,2022-04-28 22:46:07.011863,200.0,6,1424
19607,2022-04-29 04:15:28.717187,3.0,4,2604
19608,2022-04-29 05:00:23.874037,3.0,4,589
19609,2022-04-29 05:06:26.262186,3.0,4,2607
19610,2022-04-29 05:58:51.778587,3.0,4,2733
19611,2022-04-29 06:09:05.763806,3.0,4,1436
19612,2022-04-29 06:14:51.121013,3.0,4,2714
19613,2022-04-29 06:18:24.944913,3.0,4,2783
19614,2022-04-29 06:42:00.528261,3.0,4,2581
19615,2022-04-29 07:49:22.915408,3.0,4,839
19616,2022-04-29 08:30:04.203704,3.0,4,171
19617,2022-04-29 08:31:38.459014,20.0,23,171
19618,2022-04-29 08:35:21.747396,5.0,22,171
19619,2022-04-29 08:36:17.993036,20.0,23,171
19620,2022-04-29 08:37:51.092180,5.0,22,171
19621,2022-04-29 08:38:33.377903,3.0,4,258
19622,2022-04-29 08:39:57.001789,20.0,23,171
19623,2022-04-29 08:42:10.285029,5.0,22,171
19624,2022-04-29 08:43:06.648562,20.0,23,171
19625,2022-04-29 08:44:26.413668,5.0,22,171
19626,2022-04-29 08:55:38.953900,5.0,22,2733
19627,2022-04-29 08:56:32.296878,5.0,22,171
19628,2022-04-29 09:02:50.821139,3.0,4,2578
19629,2022-04-29 09:05:04.114178,20.0,23,2578
19630,2022-04-29 09:05:58.913425,3.0,4,63
19631,2022-04-29 09:05:58.923624,30.0,5,63
19632,2022-04-29 09:07:39.268858,5.0,22,839
19633,2022-04-29 09:08:51.295023,3.0,4,224
19634,2022-04-29 09:11:37.273535,5.0,22,224
19635,2022-04-29 09:12:06.666799,5.0,22,2733
19636,2022-04-29 09:18:31.440331,10.0,22,2578
19637,2022-04-29 09:18:37.021736,5.0,22,224
19638,2022-04-29 09:19:56.024801,20.0,23,2578
19639,2022-04-29 09:45:54.301776,3.0,4,1074
19640,2022-04-29 09:49:36.330917,5.0,22,171
19641,2022-04-29 10:07:30.363108,3.0,4,50
19642,2022-04-29 10:22:39.790009,5.0,22,171
19643,2022-04-29 10:22:56.945929,20.0,23,171
19644,2022-04-29 10:27:26.616012,10.0,22,2733
19645,2022-04-29 10:30:26.678878,5.0,22,171
19646,2022-04-29 10:31:06.609957,20.0,23,171
19647,2022-04-29 10:37:58.777939,20.0,23,171
19648,2022-04-29 10:47:11.968221,0.0,22,2604
19649,2022-04-29 10:50:53.034123,5.0,22,171
19650,2022-04-29 10:51:36.491814,20.0,23,171
19651,2022-04-29 10:52:23.168705,10.0,22,2733
19652,2022-04-29 10:53:23.797129,3.0,4,1918
19653,2022-04-29 10:53:51.312331,5.0,22,171
19654,2022-04-29 11:19:51.810667,20.0,23,171
19655,2022-04-29 11:27:06.468483,5.0,22,171
19656,2022-04-29 11:28:20.550355,20.0,23,171
19657,2022-04-29 11:29:55.411624,20.0,22,2733
19658,2022-04-29 11:34:05.253251,0.0,22,2604
19659,2022-04-29 11:59:06.575390,3.0,4,2524
19660,2022-04-29 11:59:06.585649,30.0,5,2524
19661,2022-04-29 12:02:35.717676,30.0,23,2733
19662,2022-04-29 12:04:15.441629,3.0,4,1964
19663,2022-04-29 12:11:34.436895,20.0,23,2524
19664,2022-04-29 12:18:14.885259,5.0,22,2524
19665,2022-04-29 12:24:40.406498,10.0,22,2733
19666,2022-04-29 12:27:25.867028,20.0,23,2524
19667,2022-04-29 12:30:20.756180,0.0,22,2604
19668,2022-04-29 13:15:47.684187,5.0,22,2524
19669,2022-04-29 13:27:12.561395,20.0,23,2524
19670,2022-04-29 13:29:38.532140,5.0,22,2524
19671,2022-04-29 14:12:02.443173,3.0,4,1468
19672,2022-04-29 14:27:04.377674,3.0,4,2661
19673,2022-04-29 14:27:04.387367,30.0,5,2661
19674,2022-04-29 14:34:28.765323,0.0,27,1468
19675,2022-04-29 14:40:41.589056,0.0,22,2604
19676,2022-04-29 14:41:48.264065,30.0,27,63
19677,2022-04-29 14:51:28.055319,0.0,22,2604
19678,2022-04-29 15:32:06.226290,5.0,22,171
19679,2022-04-29 15:40:54.478186,5.0,22,171
19680,2022-04-29 15:53:11.469355,5.0,22,171
19681,2022-04-29 15:53:11.480303,200.0,10,171
19682,2022-04-29 16:11:06.271983,3.0,4,1093
19683,2022-04-29 16:43:45.461611,3.0,4,2776
19684,2022-04-29 17:07:12.068024,10.0,22,171
19685,2022-04-29 22:00:03.041740,3.0,4,121
19686,2022-04-29 22:32:48.104683,3.0,4,513
19687,2022-04-30 07:37:10.723256,3.0,4,2776
19688,2022-04-30 07:53:23.752841,3.0,4,2524
19689,2022-04-30 07:56:24.873034,20.0,23,2524
19690,2022-04-30 08:01:24.782295,5.0,22,2524
19691,2022-04-30 08:02:11.108461,30.0,23,2524
19692,2022-04-30 08:31:56.993311,10.0,22,2524
19693,2022-04-30 09:59:56.085278,3.0,4,1468
19694,2022-04-30 10:42:05.070266,3.0,4,1074
19695,2022-04-30 12:17:07.725075,3.0,4,257
19696,2022-04-30 12:17:46.887153,0.0,22,257
19697,2022-04-30 12:20:48.497664,5.0,22,1074
19698,2022-04-30 12:26:06.197647,0.0,22,257
19699,2022-04-30 14:27:53.467912,20.0,23,2524
19700,2022-04-30 14:40:24.454492,5.0,22,2524
19701,2022-04-30 14:41:54.102725,40.0,23,2524
19702,2022-04-30 15:13:10.183654,20.0,22,2524
19703,2022-04-30 15:34:30.837178,3.0,4,2651
19704,2022-04-30 15:34:30.848168,30.0,5,2651
19705,2022-04-30 15:40:07.885805,3.0,4,839
19706,2022-04-30 16:23:36.587887,3.0,4,2723
19707,2022-04-30 16:48:26.226854,0.0,22,2723
19708,2022-04-30 16:50:08.205333,0.0,22,2723
19709,2022-04-30 16:51:06.516925,0.0,22,2723
19710,2022-04-30 16:51:06.529509,30.0,8,2723
19711,2022-04-30 17:37:18.261966,20.0,23,839
19712,2022-04-30 17:54:16.850197,5.0,22,839
19713,2022-04-30 17:57:17.851159,5.0,22,839
19714,2022-04-30 18:10:49.259821,10.0,22,2651
19715,2022-04-30 18:21:15.238057,5.0,22,839
19716,2022-04-30 18:37:37.720429,15.0,22,2651
19717,2022-04-30 19:18:11.002411,3.0,4,121
19718,2022-04-30 20:03:24.787208,3.0,4,2758
19719,2022-04-30 20:07:34.791544,40.0,23,2758
19720,2022-04-30 20:23:17.233599,15.0,22,2758
19721,2022-04-30 20:24:26.730923,20.0,23,2758
19722,2022-04-30 20:30:47.516320,5.0,22,839
19723,2022-04-30 20:40:03.290938,5.0,22,2758
19724,2022-04-30 20:40:59.774358,20.0,23,2758
19725,2022-04-30 20:44:10.809170,5.0,22,2758
19726,2022-04-30 20:44:32.706145,20.0,23,2758
19727,2022-04-30 20:48:25.911324,5.0,22,2758
19728,2022-04-30 20:49:37.075869,20.0,23,2758
19729,2022-04-30 20:58:19.037431,5.0,22,2758
19730,2022-04-30 20:58:41.673344,20.0,23,2758
19731,2022-04-30 21:01:19.340937,5.0,22,2758
19732,2022-04-30 21:02:20.555752,20.0,23,2758
19733,2022-04-30 21:09:23.281667,5.0,22,2758
19734,2022-04-30 21:24:59.864880,3.0,4,1178
19735,2022-04-30 22:24:36.936998,3.0,4,2581
19736,2022-05-01 07:08:29.774491,3.0,4,2776
19737,2022-05-01 08:48:46.747897,3.0,4,1015
19738,2022-05-01 08:48:46.760895,30.0,5,1015
19739,2022-05-01 09:00:46.174212,5.0,22,1015
19740,2022-05-01 09:12:48.231337,3.0,4,2678
19741,2022-05-01 09:13:53.408245,20.0,23,1015
19742,2022-05-01 09:23:26.338083,5.0,22,1015
19743,2022-05-01 09:23:26.352846,30.0,8,1015
19744,2022-05-01 09:25:13.734067,20.0,23,1015
19745,2022-05-01 09:28:34.978609,3.0,4,934
19746,2022-05-01 09:38:45.988827,5.0,22,1015
19747,2022-05-01 09:40:25.830952,20.0,23,1015
19748,2022-05-01 09:53:57.899756,5.0,22,1015
19749,2022-05-01 10:02:23.607244,20.0,23,1015
19750,2022-05-01 10:03:15.227312,5.0,22,1015
19751,2022-05-01 10:19:35.447380,5.0,22,1015
19752,2022-05-01 10:44:22.614491,3.0,4,839
19753,2022-05-01 12:18:43.800060,3.0,4,2697
19754,2022-05-01 12:26:54.597146,0.0,22,2697
19755,2022-05-01 12:32:42.619313,0.0,22,2697
19756,2022-05-01 12:58:52.764168,0.0,22,2697
19757,2022-05-01 13:04:40.864452,3.0,4,226
19758,2022-05-01 13:16:37.381609,0.0,22,2697
19759,2022-05-01 13:54:09.833203,3.0,4,1074
19760,2022-05-01 13:54:09.844503,30.0,5,1074
19761,2022-05-01 14:57:20.022555,0.0,22,2697
19762,2022-05-01 15:59:11.314661,0.0,22,2697
19763,2022-05-01 16:13:01.340274,3.0,4,1294
19764,2022-05-01 16:14:47.276640,30.0,23,1294
19765,2022-05-01 16:31:55.684307,10.0,22,1294
19766,2022-05-01 16:55:05.807702,0.0,22,2697
19767,2022-05-01 17:04:16.044737,0.0,22,2697
19768,2022-05-01 17:26:40.583965,20.0,23,2697
19769,2022-05-01 17:29:09.215587,5.0,22,2697
19770,2022-05-01 18:01:54.657000,5.0,22,2697
19771,2022-05-01 18:25:03.593200,3.0,4,2524
19772,2022-05-01 19:28:45.034677,3.0,4,589
19773,2022-05-01 21:49:00.531024,3.0,4,1288
19774,2022-05-01 21:58:25.352779,5.0,22,1288
19775,2022-05-01 21:58:25.364264,30.0,8,1288
19776,2022-05-01 21:59:54.518234,3.0,4,121
19777,2022-05-02 01:27:19.577843,3.0,4,925
19778,2022-05-02 07:14:07.038696,3.0,4,2678
19779,2022-05-02 08:24:39.842629,3.0,4,2723
19780,2022-05-02 08:39:57.750895,3.0,4,2524
19781,2022-05-02 08:59:25.283737,3.0,4,63
19782,2022-05-02 09:14:12.820064,3.0,4,1074
19783,2022-05-02 09:17:10.438740,3.0,4,2473
19784,2022-05-02 09:20:30.797233,3.0,4,1093
19785,2022-05-02 09:39:41.624353,3.0,4,2186
19786,2022-05-02 09:55:13.604756,3.0,4,2776
19787,2022-05-02 09:57:27.727783,3.0,4,1964
19788,2022-05-02 10:29:53.895921,3.0,4,2697
19789,2022-05-02 10:37:55.440603,0.0,22,2697
19790,2022-05-02 11:17:25.991947,0.0,22,2697
19791,2022-05-02 13:09:44.242686,0.0,22,2697
19792,2022-05-02 13:17:29.426078,30.0,23,2697
19793,2022-05-02 13:30:13.551959,10.0,22,2697
19794,2022-05-02 13:33:17.813488,20.0,27,2697
19795,2022-05-02 16:03:28.327069,3.0,4,2729
19796,2022-05-02 17:31:04.539467,10.0,22,1074
19797,2022-05-02 17:31:04.552370,30.0,8,1074
19798,2022-05-02 18:29:20.593911,3.0,4,2578
19799,2022-05-02 18:35:04.932874,3.0,4,621
19800,2022-05-02 18:49:50.452063,3.0,4,1015
19801,2022-05-02 19:28:38.677408,10.0,22,1074
19802,2022-05-02 19:34:19.571281,5.0,22,1074
19803,2022-05-02 19:53:14.420146,0.0,27,1074
19804,2022-05-02 20:29:58.516129,0.0,22,1074
19805,2022-05-02 20:32:39.520338,0.0,22,1074
19806,2022-05-02 20:34:43.940165,0.0,22,1074
19807,2022-05-02 20:34:43.952878,100.0,9,1074
19808,2022-05-02 20:35:39.684208,0.0,22,1074
19809,2022-05-02 20:38:46.368043,0.0,22,1074
19810,2022-05-02 20:44:37.608983,0.0,22,1074
19811,2022-05-02 20:47:52.240226,0.0,22,1074
19812,2022-05-02 20:49:15.436617,0.0,22,1074
19813,2022-05-02 20:55:45.750203,0.0,22,1074
19814,2022-05-02 20:57:38.927714,0.0,22,1074
19815,2022-05-02 20:58:59.107382,0.0,22,1074
19816,2022-05-02 20:59:53.491999,0.0,22,1074
19817,2022-05-02 21:05:56.997177,3.0,4,2734
19818,2022-05-02 21:17:06.866440,0.0,22,1074
19819,2022-05-02 21:18:53.146359,0.0,22,1074
19820,2022-05-02 21:21:46.004343,0.0,22,1074
19821,2022-05-02 21:24:53.683467,0.0,22,1074
19822,2022-05-02 21:27:13.854549,0.0,22,1074
19823,2022-05-02 21:36:52.689808,0.0,22,1074
19824,2022-05-02 21:36:52.700805,200.0,10,1074
19825,2022-05-02 21:59:51.731208,3.0,4,121
19826,2022-05-03 04:16:24.286822,3.0,4,925
19827,2022-05-03 05:00:50.077130,3.0,4,2776
19828,2022-05-03 05:36:39.149862,3.0,4,2524
19829,2022-05-03 06:09:36.071935,3.0,4,258
19830,2022-05-03 08:27:07.600112,3.0,4,1439
19831,2022-05-03 08:30:01.813037,20.0,27,1439
19832,2022-05-03 08:53:20.253558,3.0,4,1074
19833,2022-05-03 09:10:59.359366,0.0,22,1074
19834,2022-05-03 09:15:16.415026,0.0,22,1074
19835,2022-05-03 09:29:20.671754,0.0,22,1074
19836,2022-05-03 09:42:03.571477,0.0,22,1074
19837,2022-05-03 09:53:33.230700,3.0,4,1015
19838,2022-05-03 09:54:40.268391,20.0,23,1015
19839,2022-05-03 09:55:33.711577,5.0,22,1015
19840,2022-05-03 09:55:33.724950,100.0,9,1015
19841,2022-05-03 09:56:28.682688,20.0,23,1015
19842,2022-05-03 09:58:35.767308,5.0,22,1015
19843,2022-05-03 10:02:58.289083,30.0,23,1015
19844,2022-05-03 10:06:52.771700,0.0,22,1074
19845,2022-05-03 10:08:31.481367,3.0,4,2734
19846,2022-05-03 10:12:44.124710,3.0,4,839
19847,2022-05-03 10:15:34.337738,0.0,22,1074
19848,2022-05-03 10:15:52.882088,3.0,4,2678
19849,2022-05-03 10:23:38.226139,0.0,22,1074
19850,2022-05-03 10:26:37.253965,3.0,4,50
19851,2022-05-03 10:34:05.388821,20.0,23,1015
19852,2022-05-03 10:42:06.518618,5.0,22,1015
19853,2022-05-03 10:44:08.889068,10.0,22,1015
19854,2022-05-03 10:53:20.484855,3.0,4,2578
19855,2022-05-03 11:24:05.817026,3.0,4,63
19856,2022-05-03 12:29:37.474724,30.0,27,1439
19857,2022-05-03 12:37:56.435347,20.0,23,1439
19858,2022-05-03 12:41:51.555633,5.0,22,1439
19859,2022-05-03 13:15:52.070897,10.0,22,1439
19860,2022-05-03 13:16:28.204753,20.0,23,1439
19861,2022-05-03 13:21:33.189594,5.0,22,1439
19862,2022-05-03 15:27:11.019051,3.0,4,2780
19863,2022-05-03 17:07:06.236479,30.0,27,2524
19864,2022-05-03 17:31:39.907981,3.0,4,2783
19865,2022-05-03 18:23:26.829906,0.0,22,2524
19866,2022-05-03 18:26:14.894544,0.0,22,2524
19867,2022-05-03 18:27:29.711338,3.0,4,1093
19868,2022-05-03 18:28:36.567036,0.0,22,2524
19869,2022-05-03 18:29:52.706585,0.0,22,2524
19870,2022-05-03 18:30:59.468654,0.0,22,2524
19871,2022-05-03 18:32:57.117625,0.0,22,2524
19872,2022-05-03 18:35:41.634429,0.0,22,2524
19873,2022-05-03 18:37:02.917132,0.0,22,2524
19874,2022-05-03 18:38:21.025352,0.0,22,2524
19875,2022-05-03 18:40:14.752482,0.0,22,2524
19876,2022-05-03 18:42:39.401749,0.0,22,2524
19877,2022-05-03 19:08:38.442534,3.0,4,256
19878,2022-05-03 19:09:11.758458,5.0,22,256
19879,2022-05-03 19:13:08.805152,3.0,4,2533
19880,2022-05-03 19:58:04.950220,3.0,4,2632
19881,2022-05-03 20:01:53.285019,40.0,23,2632
19882,2022-05-03 20:03:43.907296,3.0,4,589
19883,2022-05-03 20:58:27.393478,15.0,22,2632
19884,2022-05-03 20:58:27.405214,100.0,9,2632
19885,2022-05-03 21:59:50.762735,3.0,4,121
19886,2022-05-03 22:10:30.494592,3.0,4,185
19887,2022-05-03 22:11:55.309060,0.0,22,185
19888,2022-05-03 22:11:55.321393,30.0,8,185
19889,2022-05-03 22:13:04.875440,0.0,22,185
19890,2022-05-03 22:15:41.224177,0.0,22,185
19891,2022-05-03 22:16:31.064554,0.0,22,185
19892,2022-05-03 22:17:23.540712,0.0,22,185
19893,2022-05-03 22:20:58.532206,0.0,22,185
19894,2022-05-03 22:20:58.552550,100.0,9,185
19895,2022-05-03 22:27:07.021149,0.0,22,185
19896,2022-05-03 22:28:28.868077,0.0,22,185
19897,2022-05-03 22:31:31.232937,0.0,22,185
19898,2022-05-03 22:32:50.876269,0.0,22,185
19899,2022-05-03 22:33:58.056435,0.0,22,185
19900,2022-05-03 22:46:55.938403,0.0,27,185
19901,2022-05-04 00:37:00.248522,3.0,4,185
19902,2022-05-04 00:38:10.208611,0.0,22,185
19903,2022-05-04 00:40:58.316325,0.0,22,185
19904,2022-05-04 00:42:19.534354,0.0,22,185
19905,2022-05-04 00:44:22.646268,0.0,22,185
19906,2022-05-04 00:45:19.449303,0.0,22,185
19907,2022-05-04 00:56:04.399692,0.0,22,185
19908,2022-05-04 04:37:17.075627,3.0,4,2697
19909,2022-05-04 05:08:06.108491,3.0,4,2363
19910,2022-05-04 06:12:21.839086,3.0,4,2714
19911,2022-05-04 06:15:16.571871,0.0,22,2714
19912,2022-05-04 06:18:11.923151,0.0,22,2714
19913,2022-05-04 06:20:52.914786,3.0,4,2604
19914,2022-05-04 06:21:33.918880,0.0,22,2714
19915,2022-05-04 06:31:22.645727,0.0,22,2714
19916,2022-05-04 06:32:10.367323,0.0,22,2714
19917,2022-05-04 06:32:10.381719,30.0,8,2714
19918,2022-05-04 06:36:00.741209,0.0,22,2714
19919,2022-05-04 06:43:06.337864,0.0,22,2714
19920,2022-05-04 06:52:23.841001,0.0,22,2714
19921,2022-05-04 06:58:23.099502,3.0,4,2678
19922,2022-05-04 07:10:31.373325,0.0,22,2714
19923,2022-05-04 07:13:22.165821,0.0,22,2714
19924,2022-05-04 07:13:22.183124,100.0,9,2714
19925,2022-05-04 07:20:07.805239,0.0,22,2714
19926,2022-05-04 07:21:34.060250,0.0,22,2714
19927,2022-05-04 07:24:46.743828,0.0,22,2714
19928,2022-05-04 07:37:59.396791,0.0,22,2714
19929,2022-05-04 07:53:36.319254,3.0,4,1909
19930,2022-05-04 08:00:03.095029,3.0,4,623
19931,2022-05-04 08:20:40.697497,3.0,4,63
19932,2022-05-04 08:33:02.592487,3.0,4,1318
19933,2022-05-04 08:40:18.474442,3.0,4,50
19934,2022-05-04 10:00:37.004706,3.0,4,2155
19935,2022-05-04 10:51:06.607904,3.0,4,258
19936,2022-05-04 11:24:46.083069,3.0,4,1964
19937,2022-05-04 11:33:14.587012,3.0,4,2734
19938,2022-05-04 11:39:06.225284,3.0,4,1074
19939,2022-05-04 12:24:43.946578,3.0,4,1093
19940,2022-05-04 12:42:30.086171,3.0,4,2774
19941,2022-05-04 13:22:33.405143,0.0,22,1074
19942,2022-05-04 13:34:43.820858,3.0,4,589
19943,2022-05-04 13:46:48.380557,0.0,22,1074
19944,2022-05-04 14:11:00.104481,3.0,4,2632
19945,2022-05-04 15:00:06.056171,30.0,27,1093
19946,2022-05-04 15:08:37.397802,20.0,22,2632
19947,2022-05-04 15:10:32.035003,40.0,23,2632
19948,2022-05-04 15:35:13.978049,20.0,22,2632
19949,2022-05-04 16:21:49.688651,3.0,4,157
19950,2022-05-04 16:59:38.934949,20.0,22,2632
19951,2022-05-04 17:00:00.752069,40.0,23,2632
19952,2022-05-04 17:02:17.646590,40.0,23,2632
19953,2022-05-04 17:40:18.151040,3.0,4,2634
19954,2022-05-04 17:42:11.542028,5.0,22,2634
19955,2022-05-04 17:43:37.065428,30.0,23,2634
19956,2022-05-04 17:56:49.626313,20.0,22,2632
19957,2022-05-04 18:12:10.312954,20.0,22,185
19958,2022-05-04 18:14:33.039694,40.0,23,185
19959,2022-05-04 18:53:22.826120,3.0,4,2186
19960,2022-05-04 18:55:31.781141,3.0,4,1015
19961,2022-05-04 18:59:09.942083,20.0,23,1015
19962,2022-05-04 19:08:52.027621,5.0,22,1015
19963,2022-05-04 19:11:48.512388,20.0,23,1015
19964,2022-05-04 19:17:02.779865,5.0,22,1015
19965,2022-05-04 19:18:14.558237,20.0,23,1015
19966,2022-05-04 19:19:06.745959,3.0,4,621
19967,2022-05-04 19:22:14.130521,5.0,22,1015
19968,2022-05-04 19:36:18.186100,0.0,22,2734
19969,2022-05-04 19:47:49.800677,3.0,4,2501
19970,2022-05-04 20:22:38.445035,30.0,27,2186
19971,2022-05-04 20:30:36.089981,3.0,4,290
19972,2022-05-04 20:32:07.361577,20.0,23,290
19973,2022-05-04 20:33:36.048928,5.0,22,290
19974,2022-05-04 21:06:06.556484,0.0,22,2734
19975,2022-05-04 21:21:15.596624,5.0,22,2734
19976,2022-05-04 21:23:41.009517,5.0,22,2734
19977,2022-05-04 21:59:46.144275,3.0,4,121
19978,2022-05-04 23:57:29.297925,30.0,27,2632
19979,2022-05-05 00:00:58.813315,3.0,4,2632
19980,2022-05-05 03:30:54.170282,3.0,4,2714
19981,2022-05-05 03:40:04.881729,0.0,22,2714
19982,2022-05-05 03:47:15.380882,0.0,22,2714
19983,2022-05-05 03:49:41.352748,0.0,22,2714
19984,2022-05-05 03:58:27.761230,0.0,22,2714
19985,2022-05-05 04:16:37.875221,0.0,22,2714
19986,2022-05-05 04:34:06.246402,0.0,22,2714
19987,2022-05-05 05:05:18.117270,3.0,4,2651
19988,2022-05-05 05:09:25.980850,3.0,4,2524
19989,2022-05-05 05:11:27.410000,0.0,22,2524
19990,2022-05-05 05:13:16.927217,0.0,22,2524
19991,2022-05-05 05:14:57.061985,0.0,22,2714
19992,2022-05-05 05:15:19.668107,0.0,22,2524
19993,2022-05-05 05:18:04.636910,0.0,22,2524
19994,2022-05-05 05:19:53.530298,0.0,22,2524
19995,2022-05-05 05:22:12.080287,0.0,22,2524
19996,2022-05-05 05:23:53.189044,0.0,22,2714
19997,2022-05-05 05:54:54.519707,3.0,4,258
19998,2022-05-05 06:13:08.200253,0.0,22,2714
19999,2022-05-05 06:20:47.053144,3.0,4,2634
20000,2022-05-05 06:35:10.052006,0.0,22,2714
20001,2022-05-05 07:05:42.956485,3.0,4,2578
20002,2022-05-05 07:51:46.135017,5.0,22,2578
20003,2022-05-05 07:52:15.341753,20.0,27,2578
20004,2022-05-05 08:40:09.824432,3.0,4,98
20005,2022-05-05 08:48:06.016407,3.0,4,2780
20006,2022-05-05 08:53:41.791038,0.0,22,2780
20007,2022-05-05 08:56:34.730264,3.0,4,2678
20008,2022-05-05 08:56:40.221482,0.0,22,2780
20009,2022-05-05 08:58:06.255015,3.0,4,589
20010,2022-05-05 09:03:10.197513,0.0,22,2780
20011,2022-05-05 09:28:01.525751,3.0,4,1074
20012,2022-05-05 09:29:15.487880,3.0,4,2155
20013,2022-05-05 10:25:11.402733,3.0,4,2734
20014,2022-05-05 10:38:17.044377,3.0,4,63
20015,2022-05-05 12:22:21.482129,3.0,4,220
20016,2022-05-05 12:27:25.979314,5.0,22,220
20017,2022-05-05 12:31:12.652851,5.0,22,220
20018,2022-05-05 13:00:29.545622,3.0,4,1943
20019,2022-05-05 13:10:54.521325,0.0,27,1943
20020,2022-05-05 13:14:23.503962,3.0,4,2604
20021,2022-05-05 14:33:33.686039,3.0,4,50
20022,2022-05-05 16:30:24.716802,3.0,4,1093
20023,2022-05-05 17:04:34.882808,0.0,22,2734
20024,2022-05-05 17:11:56.674982,3.0,4,621
20025,2022-05-05 17:16:27.070630,3.0,4,2353
20026,2022-05-05 17:50:51.982112,3.0,4,226
20027,2022-05-05 18:11:17.111463,5.0,22,226
20028,2022-05-05 18:47:22.109242,3.0,4,1015
20029,2022-05-05 19:12:11.251669,3.0,4,2763
20030,2022-05-05 19:13:00.886818,20.0,27,2763
20031,2022-05-05 19:31:10.727818,10.0,22,226
20032,2022-05-05 20:26:05.740852,15.0,22,226
20033,2022-05-05 21:26:51.428250,3.0,4,2403
20034,2022-05-05 21:50:46.293081,30.0,27,2632
20035,2022-05-05 22:00:11.258780,3.0,4,121
20036,2022-05-05 22:00:11.270870,30.0,5,121
20037,2022-05-06 02:02:29.184964,3.0,4,1818
20038,2022-05-06 04:14:55.181707,3.0,4,2524
20039,2022-05-06 04:44:56.644102,3.0,4,2714
20040,2022-05-06 05:07:41.724018,0.0,22,2714
20041,2022-05-06 05:07:41.742008,200.0,10,2714
20042,2022-05-06 05:12:27.183940,3.0,4,2774
20043,2022-05-06 05:25:21.841769,0.0,22,2714
20044,2022-05-06 06:10:18.235283,0.0,22,2714
20045,2022-05-06 06:11:55.166116,3.0,4,2776
20046,2022-05-06 06:23:13.567637,0.0,22,2714
20047,2022-05-06 08:15:09.467223,3.0,4,50
20048,2022-05-06 10:27:27.351111,3.0,4,1093
20049,2022-05-06 10:32:53.296368,3.0,4,2353
20050,2022-05-06 11:25:23.172100,3.0,4,2696
20051,2022-05-06 11:43:31.266397,3.0,4,63
20052,2022-05-06 11:48:45.507339,30.0,23,63
20053,2022-05-06 11:50:45.863222,20.0,23,63
20054,2022-05-06 12:03:42.916023,3.0,4,1943
20055,2022-05-06 12:04:49.175634,3.0,4,157
20056,2022-05-06 12:05:02.566440,30.0,23,157
20057,2022-05-06 12:06:34.882836,0.0,22,1943
20058,2022-05-06 12:09:23.351044,0.0,22,1943
20059,2022-05-06 12:34:19.359760,0.0,22,1943
20060,2022-05-06 12:35:32.817691,0.0,22,1943
20061,2022-05-06 12:39:21.985565,0.0,22,1943
20062,2022-05-06 12:39:21.997602,30.0,8,1943
20063,2022-05-06 12:50:27.382656,0.0,22,1943
20064,2022-05-06 13:01:23.619887,0.0,22,1943
20065,2022-05-06 13:15:06.644093,0.0,22,1943
20066,2022-05-06 13:46:34.158728,3.0,4,2604
20067,2022-05-06 14:33:13.703806,3.0,4,2779
20068,2022-05-06 14:33:30.384704,0.0,22,2604
20069,2022-05-06 14:37:17.439699,3.0,4,621
20070,2022-05-06 14:52:24.176430,30.0,23,157
20071,2022-05-06 14:59:06.564487,10.0,22,157
20072,2022-05-06 15:11:10.414786,3.0,4,220
20073,2022-05-06 15:13:28.712605,5.0,22,220
20074,2022-05-06 15:15:42.750532,5.0,22,220
20075,2022-05-06 17:00:20.751317,3.0,4,1968
20076,2022-05-06 17:01:14.895793,20.0,23,1968
20077,2022-05-06 17:02:46.481289,10.0,22,1968
20078,2022-05-06 17:20:01.527509,10.0,22,1968
20079,2022-05-06 17:30:08.290061,40.0,23,1968
20080,2022-05-06 17:45:19.954208,15.0,22,1968
20081,2022-05-06 17:54:36.750164,5.0,22,1968
20082,2022-05-06 17:57:04.996367,3.0,4,226
20083,2022-05-06 18:42:23.328046,3.0,4,2512
20084,2022-05-06 18:42:23.338532,30.0,5,2512
20085,2022-05-06 18:44:27.293626,3.0,4,1015
20086,2022-05-06 18:51:09.245146,3.0,4,2634
20087,2022-05-06 18:53:10.422964,15.0,22,226
20088,2022-05-06 19:03:11.677263,3.0,4,1964
20089,2022-05-06 19:15:12.918856,5.0,22,2634
20090,2022-05-06 19:40:53.645582,10.0,22,2512
20091,2022-05-06 19:59:20.525475,3.0,4,925
20092,2022-05-06 20:16:58.563547,3.0,4,589
20093,2022-05-06 21:34:40.651092,3.0,4,1543
20094,2022-05-06 21:44:01.223738,5.0,22,1543
20095,2022-05-06 21:45:48.728542,40.0,23,1543
20096,2022-05-06 22:00:11.625944,3.0,4,121
20097,2022-05-06 22:15:12.674005,15.0,22,1543
20098,2022-05-06 22:21:13.074952,10.0,22,1543
20099,2022-05-06 22:38:22.391546,5.0,22,1543
20100,2022-05-06 22:39:48.350372,20.0,23,1543
20101,2022-05-06 23:01:04.812987,20.0,27,1543
20102,2022-05-06 23:07:57.053263,0.0,27,1543
20103,2022-05-07 01:09:04.108339,3.0,4,925
20104,2022-05-07 01:12:21.810912,5.0,22,925
20105,2022-05-07 01:15:35.828966,5.0,22,925
20106,2022-05-07 01:34:33.614669,5.0,22,925
20107,2022-05-07 01:45:53.513756,5.0,22,925
20108,2022-05-07 01:49:31.574937,20.0,27,925
20109,2022-05-07 01:56:58.405239,20.0,27,925
20110,2022-05-07 01:59:50.138634,20.0,27,925
20111,2022-05-07 05:28:05.839392,3.0,4,2714
20112,2022-05-07 05:43:20.318684,0.0,22,2714
20113,2022-05-07 06:04:01.865099,0.0,22,2714
20114,2022-05-07 07:41:33.111955,3.0,4,1968
20115,2022-05-07 08:04:29.684020,3.0,4,2604
20116,2022-05-07 08:17:52.534230,3.0,4,1015
20117,2022-05-07 08:22:48.437163,5.0,22,1968
20118,2022-05-07 08:22:48.457966,30.0,8,1968
20119,2022-05-07 08:43:14.531805,3.0,4,2734
20120,2022-05-07 08:46:40.696309,3.0,4,621
20121,2022-05-07 08:59:45.330259,0.0,22,2604
20122,2022-05-07 09:08:45.410884,0.0,22,2604
20123,2022-05-07 09:15:58.183983,0.0,22,2604
20124,2022-05-07 09:20:14.042367,3.0,4,1107
20125,2022-05-07 09:41:59.744221,3.0,4,50
20126,2022-05-07 10:34:40.451993,0.0,22,2604
20127,2022-05-07 10:40:47.545272,0.0,22,1107
20128,2022-05-07 10:44:09.436447,0.0,22,2604
20129,2022-05-07 10:58:12.794654,0.0,22,1107
20130,2022-05-07 11:10:00.498398,3.0,4,2524
20131,2022-05-07 13:36:15.962406,5.0,22,2734
20132,2022-05-07 13:56:53.573343,5.0,22,2734
20133,2022-05-07 13:56:53.583727,200.0,10,2734
20134,2022-05-07 15:34:48.121236,5.0,22,2734
20135,2022-05-07 15:43:08.817715,3.0,4,2529
20136,2022-05-07 16:15:04.591759,3.0,4,226
20137,2022-05-07 16:24:39.748036,3.0,4,2745
20138,2022-05-07 17:59:43.097404,5.0,22,2734
20139,2022-05-07 18:08:13.026957,0.0,22,2734
20140,2022-05-07 18:10:03.251789,3.0,4,2697
20141,2022-05-07 20:00:59.402042,3.0,4,1543
20142,2022-05-07 20:02:52.821236,30.0,23,1543
20143,2022-05-07 20:12:24.223884,10.0,22,1543
20144,2022-05-07 20:12:24.244029,100.0,9,1543
20145,2022-05-07 20:42:24.099328,3.0,4,2779
20146,2022-05-07 20:44:04.000743,0.0,22,2779
20147,2022-05-07 20:44:04.017605,30.0,8,2779
20148,2022-05-07 20:45:17.709276,0.0,22,2779
20149,2022-05-07 20:47:45.357393,0.0,22,2779
20150,2022-05-07 20:54:24.767207,0.0,22,2779
20151,2022-05-07 20:55:42.222309,0.0,22,2779
20152,2022-05-07 20:58:34.382463,0.0,22,2779
20153,2022-05-07 20:58:34.396541,100.0,9,2779
20154,2022-05-07 21:03:17.083248,0.0,22,2779
20155,2022-05-07 21:05:33.267398,0.0,22,2779
20156,2022-05-07 21:06:26.591885,0.0,22,2779
20157,2022-05-07 21:08:25.383963,0.0,22,2779
20158,2022-05-07 21:09:07.645738,3.0,4,2776
20159,2022-05-07 21:20:15.479332,0.0,22,2779
20160,2022-05-07 21:21:35.144634,0.0,22,2779
20161,2022-05-07 21:24:57.008805,0.0,22,2779
20162,2022-05-07 21:31:01.531443,0.0,22,2779
20163,2022-05-07 21:32:45.913612,0.0,22,2779
20164,2022-05-07 21:33:53.546574,0.0,22,2779
20165,2022-05-07 21:47:30.185279,0.0,22,2779
20166,2022-05-07 21:56:36.559386,0.0,22,2779
20167,2022-05-07 22:00:11.247129,3.0,4,121
20168,2022-05-07 23:03:30.523446,3.0,4,2186
20169,2022-05-07 23:12:43.148964,0.0,22,2186
20170,2022-05-07 23:18:10.078776,0.0,22,2186
20171,2022-05-08 06:27:03.564174,3.0,4,2779
20172,2022-05-08 07:22:37.472724,3.0,4,589
20173,2022-05-08 07:32:36.328374,3.0,4,2745
20174,2022-05-08 08:04:40.130534,3.0,4,2634
20175,2022-05-08 08:35:40.113933,0.0,22,2779
20176,2022-05-08 08:51:48.994456,0.0,22,2779
20177,2022-05-08 08:55:25.183445,3.0,4,2574
20178,2022-05-08 09:46:54.596244,0.0,22,2779
20179,2022-05-08 09:46:54.607806,200.0,10,2779
20180,2022-05-08 09:58:41.726282,0.0,22,2779
20181,2022-05-08 10:09:20.801751,0.0,22,2779
20182,2022-05-08 10:13:59.626699,3.0,4,1074
20183,2022-05-08 10:16:29.927175,5.0,22,2574
20184,2022-05-08 10:16:54.776251,0.0,22,2779
20185,2022-05-08 10:27:40.974846,3.0,4,1964
20186,2022-05-08 11:22:46.114342,3.0,4,2697
20187,2022-05-08 12:27:25.622718,5.0,22,2697
20188,2022-05-08 13:08:55.257922,20.0,23,2697
20189,2022-05-08 13:11:05.425022,3.0,4,2403
20190,2022-05-08 13:21:17.020798,5.0,22,2697
20191,2022-05-08 14:10:20.811134,20.0,23,2697
20192,2022-05-08 14:10:42.170227,5.0,22,2697
20193,2022-05-08 16:09:49.047562,3.0,4,2524
20194,2022-05-08 16:25:40.240676,3.0,4,1968
20195,2022-05-08 21:04:13.422531,3.0,4,185
20196,2022-05-08 22:00:11.248036,3.0,4,121
20197,2022-05-09 06:26:12.440364,3.0,4,2524
20198,2022-05-09 08:31:30.260589,3.0,4,185
20199,2022-05-09 09:13:16.474308,3.0,4,2661
20200,2022-05-09 09:30:21.398358,3.0,4,2697
20201,2022-05-09 09:31:28.143067,20.0,23,2697
20202,2022-05-09 10:12:23.181388,3.0,4,2678
20203,2022-05-09 10:26:11.140206,3.0,4,1968
20204,2022-05-09 10:38:52.303932,3.0,4,1504
20205,2022-05-09 10:39:22.883046,40.0,23,1504
20206,2022-05-09 11:03:09.465906,15.0,22,1504
20207,2022-05-09 11:25:23.998810,5.0,22,1504
20208,2022-05-09 12:57:25.228296,3.0,4,2632
20209,2022-05-09 13:22:43.198117,3.0,4,2796
20210,2022-05-09 13:24:33.733042,0.0,22,2796
20211,2022-05-09 13:44:48.909433,0.0,22,2796
20212,2022-05-09 13:49:14.667581,0.0,22,2796
20213,2022-05-09 13:49:14.680494,100.0,9,2796
20214,2022-05-09 13:51:23.681003,0.0,22,2796
20215,2022-05-09 13:52:59.265542,0.0,22,2796
20216,2022-05-09 14:01:56.242945,0.0,22,2796
20217,2022-05-09 14:05:48.429652,0.0,22,2796
20218,2022-05-09 14:17:46.874049,0.0,22,2796
20219,2022-05-09 14:19:49.557118,0.0,22,2796
20220,2022-05-09 14:29:15.231597,3.0,4,2342
20221,2022-05-09 14:41:33.225091,0.0,22,2796
20222,2022-05-09 14:57:29.878798,0.0,22,2524
20223,2022-05-09 15:13:23.252620,0.0,22,2524
20224,2022-05-09 15:19:27.379079,3.0,4,2503
20225,2022-05-09 15:19:51.559671,0.0,22,2524
20226,2022-05-09 17:30:30.112991,5.0,22,2697
20227,2022-05-09 18:06:31.172377,3.0,4,1918
20228,2022-05-09 18:09:49.117420,0.0,22,2524
20229,2022-05-09 18:31:45.830491,0.0,22,2524
20230,2022-05-09 18:52:02.313043,3.0,4,1015
20231,2022-05-09 18:52:02.324398,30.0,5,1015
20232,2022-05-09 19:46:38.190442,10.0,22,1918
20233,2022-05-09 20:09:00.800304,3.0,4,2776
20234,2022-05-09 21:49:27.922593,3.0,4,1074
20235,2022-05-09 22:00:10.764966,3.0,4,121
20236,2022-05-09 22:52:28.167604,3.0,4,2512
20237,2022-05-09 23:27:18.517781,5.0,22,2512
20238,2022-05-10 00:29:31.305181,3.0,4,2512
20239,2022-05-10 03:46:00.828446,3.0,4,2524
20240,2022-05-10 06:23:06.364166,0.0,22,2524
20241,2022-05-10 06:35:06.545279,0.0,22,2524
20242,2022-05-10 07:35:20.798022,3.0,4,220
20243,2022-05-10 07:37:23.006795,10.0,22,220
20244,2022-05-10 08:33:34.284628,0.0,22,2524
20245,2022-05-10 08:35:38.549729,3.0,4,2222
20246,2022-05-10 08:38:35.071362,3.0,4,2353
20247,2022-05-10 08:51:46.445374,3.0,4,2631
20248,2022-05-10 08:56:04.950848,3.0,4,258
20249,2022-05-10 09:06:57.507830,3.0,4,2796
20250,2022-05-10 10:03:52.141912,3.0,4,2697
20251,2022-05-10 10:11:09.408960,3.0,4,1074
20252,2022-05-10 10:37:54.637730,5.0,22,2697
20253,2022-05-10 11:11:30.756008,3.0,4,63
20254,2022-05-10 15:06:49.288699,3.0,4,1495
20255,2022-05-10 15:07:13.765299,20.0,23,1495
20256,2022-05-10 15:13:41.614680,5.0,22,1495
20257,2022-05-10 16:10:53.790337,3.0,4,1107
20258,2022-05-10 17:39:41.171857,0.0,22,2796
20259,2022-05-10 17:49:17.444781,3.0,4,2678
20260,2022-05-10 18:23:51.187290,3.0,4,1015
20261,2022-05-10 18:38:50.876181,3.0,4,839
20262,2022-05-10 18:44:48.300916,20.0,23,839
20263,2022-05-10 18:57:43.951490,5.0,22,839
20264,2022-05-10 18:59:47.058428,20.0,23,839
20265,2022-05-10 19:26:14.570216,5.0,22,839
20266,2022-05-10 19:26:47.894367,20.0,23,839
20267,2022-05-10 19:35:14.519299,5.0,22,839
20268,2022-05-10 19:47:40.733159,20.0,23,839
20269,2022-05-10 19:51:34.542535,3.0,4,2776
20270,2022-05-10 19:53:23.527142,5.0,22,839
20271,2022-05-10 19:55:12.183507,20.0,23,839
20272,2022-05-10 20:00:47.464437,5.0,22,839
20273,2022-05-10 20:01:59.651513,20.0,23,839
20274,2022-05-10 20:08:42.955229,5.0,22,839
20275,2022-05-10 20:09:35.185634,20.0,23,839
20276,2022-05-10 20:22:25.966796,5.0,22,839
20277,2022-05-10 20:24:08.884072,20.0,23,839
20278,2022-05-10 20:27:32.842283,5.0,22,839
20279,2022-05-10 20:31:41.913126,20.0,23,839
20280,2022-05-10 20:40:03.487559,5.0,22,839
20281,2022-05-10 20:41:16.803122,20.0,23,839
20282,2022-05-10 20:45:28.399322,5.0,22,839
20283,2022-05-10 20:54:47.647172,5.0,22,839
20284,2022-05-10 21:13:30.404639,10.0,22,839
20285,2022-05-10 22:01:16.525717,3.0,4,121
20286,2022-05-10 22:18:35.285377,10.0,22,839
20287,2022-05-10 23:26:56.226412,10.0,22,839
20288,2022-05-11 01:11:32.887736,3.0,4,839
20289,2022-05-11 01:18:36.798117,20.0,23,839
20290,2022-05-11 01:23:10.886345,5.0,22,839
20291,2022-05-11 01:23:38.475598,20.0,23,839
20292,2022-05-11 01:25:49.677019,5.0,22,839
20293,2022-05-11 01:26:05.253632,20.0,23,839
20294,2022-05-11 01:48:16.759033,5.0,22,839
20295,2022-05-11 01:50:54.066748,20.0,23,839
20296,2022-05-11 01:52:57.676355,5.0,22,839
20297,2022-05-11 01:53:31.358672,20.0,23,839
20298,2022-05-11 02:02:22.371723,5.0,22,839
20299,2022-05-11 02:03:25.367864,20.0,23,839
20300,2022-05-11 02:07:15.015734,5.0,22,839
20301,2022-05-11 05:45:48.163344,3.0,4,2604
20302,2022-05-11 05:49:57.408926,3.0,4,2594
20303,2022-05-11 06:03:05.694894,3.0,4,2796
20304,2022-05-11 09:18:34.456353,3.0,4,63
20305,2022-05-11 09:30:43.333087,3.0,4,1074
20306,2022-05-11 09:38:03.481872,3.0,4,2524
20307,2022-05-11 09:38:03.492357,30.0,5,2524
20308,2022-05-11 10:02:17.794688,3.0,4,2186
20309,2022-05-11 10:04:22.021784,3.0,4,2353
20310,2022-05-11 10:14:41.681003,3.0,4,2512
20311,2022-05-11 10:29:48.609083,3.0,4,1093
20312,2022-05-11 10:42:50.617685,3.0,4,2632
20313,2022-05-11 10:44:13.904609,20.0,23,2632
20314,2022-05-11 10:58:05.398401,5.0,22,2632
20315,2022-05-11 10:58:33.067531,30.0,23,2632
20316,2022-05-11 11:03:10.274160,3.0,4,258
20317,2022-05-11 11:06:44.169547,10.0,22,2632
20318,2022-05-11 11:21:43.253409,3.0,4,589
20319,2022-05-11 11:22:21.275633,5.0,22,2632
20320,2022-05-11 11:23:58.795273,3.0,4,2678
20321,2022-05-11 11:29:29.848536,3.0,4,2661
20322,2022-05-11 11:30:21.496568,20.0,23,839
20323,2022-05-11 11:36:56.623317,5.0,22,839
20324,2022-05-11 11:39:16.948602,20.0,23,839
20325,2022-05-11 11:46:03.805034,0.0,22,2604
20326,2022-05-11 11:49:48.643037,0.0,22,2604
20327,2022-05-11 11:57:50.270282,5.0,22,839
20328,2022-05-11 12:17:47.546399,3.0,4,185
20329,2022-05-11 12:22:49.833995,3.0,4,220
20330,2022-05-11 12:24:15.459607,0.0,22,1093
20331,2022-05-11 12:25:53.601702,5.0,22,220
20332,2022-05-11 12:27:00.954157,0.0,22,1093
20333,2022-05-11 12:32:25.510862,10.0,22,220
20334,2022-05-11 12:34:24.365710,5.0,22,220
20335,2022-05-11 12:34:35.131974,0.0,22,1093
20336,2022-05-11 12:34:37.762690,3.0,4,2803
20337,2022-05-11 12:37:04.760836,5.0,22,220
20338,2022-05-11 12:37:11.449599,0.0,22,1093
20339,2022-05-11 12:38:06.699251,0.0,22,1093
20340,2022-05-11 12:38:06.715236,30.0,8,1093
20341,2022-05-11 12:41:05.021642,0.0,22,1093
20342,2022-05-11 12:41:19.149472,10.0,22,220
20343,2022-05-11 12:43:06.221840,5.0,22,220
20344,2022-05-11 12:46:10.294235,0.0,22,1093
20345,2022-05-11 12:47:10.806690,5.0,22,220
20346,2022-05-11 12:48:50.190995,5.0,22,220
20347,2022-05-11 12:49:14.655343,0.0,22,1093
20348,2022-05-11 12:51:39.727750,0.0,22,1093
20349,2022-05-11 12:53:47.768252,0.0,22,1093
20350,2022-05-11 12:53:47.779092,100.0,9,1093
20351,2022-05-11 12:54:49.308379,5.0,22,220
20352,2022-05-11 12:56:43.556927,0.0,22,1093
20353,2022-05-11 12:57:34.454525,0.0,22,1093
20354,2022-05-11 12:57:35.001296,0.0,22,2604
20355,2022-05-11 13:00:23.669024,0.0,22,2604
20356,2022-05-11 13:01:07.758534,0.0,22,1093
20357,2022-05-11 13:03:19.449834,0.0,22,1093
20358,2022-05-11 13:09:45.820187,0.0,22,2604
20359,2022-05-11 13:10:54.026748,0.0,22,2604
20360,2022-05-11 13:13:33.307227,0.0,22,1093
20361,2022-05-11 13:14:24.097146,0.0,22,1093
20362,2022-05-11 13:18:32.495573,0.0,22,1093
20363,2022-05-11 13:23:36.843355,3.0,4,1943
20364,2022-05-11 13:42:00.819479,3.0,4,1931
20365,2022-05-11 14:22:08.684665,5.0,22,1931
20366,2022-05-11 14:25:25.177445,5.0,22,1931
20367,2022-05-11 14:40:21.916145,5.0,22,1931
20368,2022-05-11 14:47:19.677993,5.0,22,1931
20369,2022-05-11 15:08:16.670315,30.0,23,839
20370,2022-05-11 15:16:32.522437,3.0,4,2734
20371,2022-05-11 15:19:07.428706,5.0,22,1931
20372,2022-05-11 15:19:07.439848,30.0,8,1931
20373,2022-05-11 15:38:44.103256,0.0,22,1074
20374,2022-05-11 15:42:54.316761,10.0,22,1931
20375,2022-05-11 16:20:39.892907,10.0,22,839
20376,2022-05-11 16:24:03.634586,30.0,23,839
20377,2022-05-11 16:40:06.195344,3.0,4,226
20378,2022-05-11 16:48:42.899027,10.0,22,839
20379,2022-05-11 16:51:29.118963,30.0,23,839
20380,2022-05-11 16:58:29.393213,5.0,22,226
20381,2022-05-11 16:58:51.340139,10.0,22,839
20382,2022-05-11 17:08:24.435154,30.0,23,839
20383,2022-05-11 17:13:13.916123,5.0,22,2734
20384,2022-05-11 17:20:57.577150,5.0,22,2734
20385,2022-05-11 17:22:41.642723,5.0,22,2734
20386,2022-05-11 17:25:43.330187,5.0,22,2734
20387,2022-05-11 17:26:13.960133,5.0,22,2734
20388,2022-05-11 17:27:48.561888,5.0,22,2734
20389,2022-05-11 17:29:39.023115,5.0,22,2734
20390,2022-05-11 17:30:43.801798,5.0,22,2734
20391,2022-05-11 17:32:18.558226,5.0,22,2734
20392,2022-05-11 17:33:26.267461,5.0,22,2734
20393,2022-05-11 17:37:09.997573,10.0,22,839
20394,2022-05-11 18:18:54.136499,10.0,22,226
20395,2022-05-11 18:27:39.106063,30.0,23,839
20396,2022-05-11 18:47:37.567739,10.0,22,839
20397,2022-05-11 18:50:02.758568,40.0,23,839
20398,2022-05-11 18:59:09.177303,3.0,4,1015
20399,2022-05-11 21:50:22.477113,10.0,22,226
20400,2022-05-11 22:00:10.952365,3.0,4,121
20401,2022-05-11 22:11:58.472580,5.0,22,226
20402,2022-05-11 22:38:20.141580,5.0,22,226
20403,2022-05-12 04:45:06.965439,3.0,4,495
20404,2022-05-12 04:46:09.205982,3.0,4,494
20405,2022-05-12 05:37:45.122499,3.0,4,2604
20406,2022-05-12 05:43:55.968869,3.0,4,2796
20407,2022-05-12 05:46:37.842191,0.0,22,2604
20408,2022-05-12 05:50:10.740110,0.0,22,2604
20409,2022-05-12 05:55:43.259711,0.0,22,2604
20410,2022-05-12 05:57:48.235686,3.0,4,2353
20411,2022-05-12 06:03:28.053621,0.0,22,2604
20412,2022-05-12 06:16:23.061841,0.0,22,2604
20413,2022-05-12 06:33:22.046148,3.0,4,589
20414,2022-05-12 07:43:04.100432,3.0,4,121
20415,2022-05-12 07:43:04.111713,30.0,5,121
20416,2022-05-12 07:54:20.954217,3.0,4,649
20417,2022-05-12 08:19:50.493347,3.0,4,1931
20418,2022-05-12 08:25:07.483261,10.0,22,1931
20419,2022-05-12 08:37:06.427786,3.0,4,2512
20420,2022-05-12 10:21:52.778388,3.0,4,258
20421,2022-05-12 10:46:08.021784,3.0,4,2734
20422,2022-05-12 10:56:37.415880,3.0,4,2335
20423,2022-05-12 11:07:12.430922,5.0,22,2335
20424,2022-05-12 11:17:57.236162,3.0,4,2678
20425,2022-05-12 11:41:18.905823,3.0,4,2295
20426,2022-05-12 11:42:23.072298,5.0,22,2734
20427,2022-05-12 11:59:08.931169,3.0,4,63
20428,2022-05-12 12:06:24.788621,3.0,4,1074
20429,2022-05-12 12:13:25.224081,3.0,4,226
20430,2022-05-12 12:40:57.204702,5.0,22,2734
20431,2022-05-12 12:48:25.365280,5.0,22,2734
20432,2022-05-12 12:53:32.043629,5.0,22,2734
20433,2022-05-12 12:57:31.100369,5.0,22,2734
20434,2022-05-12 13:02:55.640855,5.0,22,2734
20435,2022-05-12 13:06:34.024562,5.0,22,2734
20436,2022-05-12 13:09:39.355409,5.0,22,2734
20437,2022-05-12 13:12:11.514227,3.0,4,2741
20438,2022-05-12 13:13:24.135950,5.0,22,2734
20439,2022-05-12 13:20:25.771077,5.0,22,2734
20440,2022-05-12 13:26:28.064512,3.0,4,839
20441,2022-05-12 13:28:27.671985,5.0,22,2734
20442,2022-05-12 13:34:17.402663,0.0,22,2604
20443,2022-05-12 13:35:27.186593,5.0,22,226
20444,2022-05-12 13:38:52.986716,20.0,22,839
20445,2022-05-12 13:42:58.752316,30.0,23,839
20446,2022-05-12 13:58:59.170843,0.0,22,2353
20447,2022-05-12 14:12:35.031126,10.0,22,839
20448,2022-05-12 14:18:35.914752,30.0,23,839
20449,2022-05-12 14:37:09.619697,5.0,22,226
20450,2022-05-12 14:37:51.843719,10.0,22,839
20451,2022-05-12 14:40:30.919832,3.0,4,98
20452,2022-05-12 14:51:42.647628,5.0,22,226
20453,2022-05-12 15:07:14.181640,5.0,22,2734
20454,2022-05-12 15:08:10.557755,5.0,22,226
20455,2022-05-12 15:22:10.840930,5.0,22,2734
20456,2022-05-12 15:22:48.396051,30.0,23,839
20457,2022-05-12 15:24:35.064474,5.0,22,2734
20458,2022-05-12 15:30:10.151731,5.0,22,2734
20459,2022-05-12 15:38:34.280074,5.0,22,2734
20460,2022-05-12 15:40:53.201802,10.0,22,839
20461,2022-05-12 16:21:56.434683,20.0,22,839
20462,2022-05-12 16:37:12.032864,10.0,22,1931
20463,2022-05-12 16:37:45.939059,0.0,27,1931
20464,2022-05-12 16:44:01.115814,20.0,22,839
20465,2022-05-12 16:53:09.260148,5.0,22,2512
20466,2022-05-12 16:57:59.428141,30.0,23,839
20467,2022-05-12 17:12:52.787087,10.0,22,2512
20468,2022-05-12 17:25:03.907649,3.0,4,2524
20469,2022-05-12 17:46:13.172604,3.0,4,50
20470,2022-05-12 18:00:44.888265,15.0,22,2512
20471,2022-05-12 19:50:15.096722,3.0,4,1590
20472,2022-05-12 19:55:12.101551,15.0,22,2512
20473,2022-05-12 20:21:51.649793,20.0,23,1590
20474,2022-05-13 05:30:43.373444,3.0,4,649
20475,2022-05-13 05:37:38.619655,3.0,4,2604
20476,2022-05-13 06:02:04.189084,3.0,4,2186
20477,2022-05-13 06:25:44.437388,3.0,4,2796
20478,2022-05-13 06:38:03.775612,0.0,22,2186
20479,2022-05-13 07:08:34.072469,0.0,22,2186
20480,2022-05-13 07:09:13.123301,0.0,22,2186
20481,2022-05-13 07:09:13.137112,30.0,8,2186
20482,2022-05-13 07:24:49.972642,3.0,4,1931
20483,2022-05-13 07:40:37.259751,10.0,22,649
20484,2022-05-13 07:41:09.213036,40.0,23,649
20485,2022-05-13 07:47:27.852270,0.0,22,2604
20486,2022-05-13 07:47:27.866391,1000.0,11,2604
20487,2022-05-13 08:14:34.879642,0.0,22,2186
20488,2022-05-13 08:35:38.464462,3.0,4,1590
20489,2022-05-13 08:42:25.484398,3.0,4,1495
20490,2022-05-13 08:43:07.680350,30.0,23,1495
20491,2022-05-13 08:45:12.640858,3.0,4,63
20492,2022-05-13 08:47:24.393109,10.0,22,1495
20493,2022-05-13 08:49:32.578951,3.0,4,2524
20494,2022-05-13 09:20:06.580703,3.0,4,226
20495,2022-05-13 09:34:04.449158,10.0,22,1931
20496,2022-05-13 10:28:33.538897,3.0,4,185
20497,2022-05-13 11:23:24.031277,3.0,4,1093
20498,2022-05-13 11:27:24.965746,3.0,4,2678
20499,2022-05-13 11:32:48.488967,3.0,4,2734
20500,2022-05-13 11:43:12.577306,0.0,22,2604
20501,2022-05-13 11:44:16.021544,5.0,22,2734
20502,2022-05-13 12:21:45.380345,20.0,27,1590
20503,2022-05-13 12:24:12.601527,3.0,4,589
20504,2022-05-13 12:51:33.350450,30.0,27,1931
20505,2022-05-13 13:00:29.255587,20.0,23,1931
20506,2022-05-13 13:13:41.902202,10.0,22,1931
20507,2022-05-13 13:13:41.920748,100.0,9,1931
20508,2022-05-13 13:15:16.975311,20.0,23,1931
20509,2022-05-13 13:18:39.870216,5.0,22,226
20510,2022-05-13 13:30:41.040031,0.0,22,2604
20511,2022-05-13 13:33:12.265821,0.0,22,226
20512,2022-05-13 13:33:29.221196,5.0,22,1931
20513,2022-05-13 13:35:16.020279,20.0,23,1931
20514,2022-05-13 13:36:25.731838,0.0,22,226
20515,2022-05-13 13:38:40.644204,5.0,22,1931
20516,2022-05-13 13:40:07.468681,20.0,23,1931
20517,2022-05-13 13:43:42.961992,5.0,22,1931
20518,2022-05-13 13:45:06.291021,20.0,23,1931
20519,2022-05-13 13:55:04.604106,3.0,4,2363
20520,2022-05-13 13:57:54.659767,0.0,22,226
20521,2022-05-13 13:58:22.281968,3.0,4,839
20522,2022-05-13 14:00:06.455986,5.0,22,839
20523,2022-05-13 14:14:00.768861,5.0,22,839
20524,2022-05-13 14:19:28.567443,3.0,4,1074
20525,2022-05-13 14:27:47.634831,5.0,22,839
20526,2022-05-13 14:32:49.008893,5.0,22,1931
20527,2022-05-13 14:33:36.817880,20.0,23,1931
20528,2022-05-13 14:35:21.050623,5.0,22,839
20529,2022-05-13 14:37:31.929935,5.0,22,1931
20530,2022-05-13 14:37:50.824515,20.0,23,1931
20531,2022-05-13 14:44:23.258206,5.0,22,839
20532,2022-05-13 14:45:32.827539,5.0,22,839
20533,2022-05-13 14:45:32.847346,1000.0,11,839
20534,2022-05-13 14:45:47.129447,5.0,22,1931
20535,2022-05-13 14:47:18.763235,20.0,23,1931
20536,2022-05-13 14:51:07.601515,0.0,22,226
20537,2022-05-13 14:53:35.792786,5.0,22,1931
20538,2022-05-13 14:57:10.885936,5.0,22,839
20539,2022-05-13 14:59:23.261071,5.0,22,839
20540,2022-05-13 15:01:40.268918,20.0,23,1931
20541,2022-05-13 15:02:41.044505,5.0,22,839
20542,2022-05-13 15:03:47.280227,5.0,22,839
20543,2022-05-13 15:13:12.578736,5.0,22,1931
20544,2022-05-13 15:13:36.386427,20.0,23,1931
20545,2022-05-13 15:22:06.744605,5.0,22,1931
20546,2022-05-13 15:54:11.896308,10.0,22,839
20547,2022-05-13 15:55:51.560669,20.0,23,1931
20548,2022-05-13 15:56:38.664560,40.0,23,839
20549,2022-05-13 16:06:27.109411,15.0,22,63
20550,2022-05-13 16:11:33.715918,20.0,22,839
20551,2022-05-13 16:14:08.995627,30.0,23,839
20552,2022-05-13 16:19:03.056161,10.0,22,839
20553,2022-05-13 16:19:24.740626,40.0,23,839
20554,2022-05-13 16:19:25.483356,3.0,4,2692
20555,2022-05-13 17:07:51.438269,20.0,22,839
20556,2022-05-13 17:18:39.155738,3.0,4,2714
20557,2022-05-13 18:51:44.554868,5.0,22,839
20558,2022-05-13 18:52:29.345494,5.0,22,839
20559,2022-05-13 18:54:13.160615,5.0,22,839
20560,2022-05-13 18:56:16.252153,5.0,22,839
20561,2022-05-13 18:57:15.325798,5.0,22,839
20562,2022-05-13 18:57:48.832484,5.0,22,839
20563,2022-05-13 18:58:24.303457,5.0,22,839
20564,2022-05-13 19:05:30.831407,5.0,22,839
20565,2022-05-13 19:12:39.937957,5.0,22,839
20566,2022-05-13 20:58:31.870760,3.0,4,2512
20567,2022-05-13 21:28:26.635769,5.0,22,2512
20568,2022-05-13 22:00:12.283758,3.0,4,121
20569,2022-05-13 22:07:35.347630,30.0,27,185
20570,2022-05-13 22:39:17.437631,0.0,22,185
20571,2022-05-13 22:55:14.554604,0.0,22,185
20572,2022-05-13 23:04:41.146211,0.0,22,185
20573,2022-05-13 23:04:41.158493,200.0,10,185
20574,2022-05-13 23:10:02.352766,0.0,22,185
20575,2022-05-13 23:20:37.893907,0.0,22,185
20576,2022-05-14 00:14:09.447154,3.0,4,185
20577,2022-05-14 05:44:02.755916,3.0,4,2524
20578,2022-05-14 07:21:57.984726,3.0,4,2796
20579,2022-05-14 07:47:58.032704,3.0,4,2632
20580,2022-05-14 07:51:13.916347,20.0,23,2632
20581,2022-05-14 08:03:14.175203,3.0,4,1918
20582,2022-05-14 08:04:38.038400,5.0,22,2632
20583,2022-05-14 09:27:26.081821,3.0,4,1495
20584,2022-05-14 09:36:12.350499,5.0,22,1495
20585,2022-05-14 09:37:08.079951,30.0,23,1495
20586,2022-05-14 09:40:55.032074,10.0,22,1495
20587,2022-05-14 09:41:28.750836,20.0,23,1495
20588,2022-05-14 09:51:46.952504,3.0,4,135
20589,2022-05-14 09:58:18.911836,5.0,22,135
20590,2022-05-14 10:08:26.925489,5.0,22,135
20591,2022-05-14 10:14:51.374251,5.0,22,135
20592,2022-05-14 10:54:57.629198,3.0,4,2186
20593,2022-05-14 11:34:49.981548,3.0,4,494
20594,2022-05-14 11:39:44.870073,20.0,23,494
20595,2022-05-14 12:22:58.641815,3.0,4,2733
20596,2022-05-14 12:24:43.422240,30.0,23,2733
20597,2022-05-14 12:35:23.890585,3.0,4,839
20598,2022-05-14 12:40:51.248015,3.0,4,2604
20599,2022-05-14 12:43:24.924122,5.0,22,839
20600,2022-05-14 12:51:10.764457,5.0,22,839
20601,2022-05-14 12:53:43.157389,10.0,22,2733
20602,2022-05-14 13:08:38.532615,5.0,22,839
20603,2022-05-14 13:15:32.748308,5.0,22,839
20604,2022-05-14 13:18:40.872857,5.0,22,839
20605,2022-05-14 13:30:21.886228,5.0,22,839
20606,2022-05-14 13:34:40.151931,5.0,22,839
20607,2022-05-14 13:40:25.779230,5.0,22,839
20608,2022-05-14 13:45:23.721742,5.0,22,839
20609,2022-05-14 13:46:39.079691,5.0,22,839
20610,2022-05-14 13:48:05.633896,5.0,22,839
20611,2022-05-14 14:18:04.696686,3.0,4,2678
20612,2022-05-14 14:31:14.167152,0.0,22,2604
20613,2022-05-14 15:15:17.665528,3.0,4,2503
20614,2022-05-14 15:49:31.587518,3.0,4,226
20615,2022-05-14 16:34:17.197447,3.0,4,2779
20616,2022-05-14 16:46:46.809235,5.0,22,135
20617,2022-05-14 16:48:24.932145,0.0,22,2779
20618,2022-05-14 16:53:23.018466,20.0,23,135
20619,2022-05-14 16:54:44.945903,0.0,22,2779
20620,2022-05-14 16:57:24.001533,10.0,22,135
20621,2022-05-14 16:59:02.777268,3.0,4,2512
20622,2022-05-14 17:04:44.391219,0.0,22,2779
20623,2022-05-14 17:14:06.739711,0.0,22,2779
20624,2022-05-14 17:31:34.458084,0.0,22,2779
20625,2022-05-14 18:19:06.422086,10.0,22,2512
20626,2022-05-14 18:32:58.970161,0.0,22,226
20627,2022-05-14 18:55:23.535803,0.0,22,226
20628,2022-05-14 19:06:11.333277,10.0,22,2512
20629,2022-05-14 19:19:53.320453,5.0,22,2512
20630,2022-05-14 19:54:37.531828,3.0,4,623
20631,2022-05-14 20:03:48.560606,5.0,22,2512
20632,2022-05-14 20:38:32.250768,3.0,4,140
20633,2022-05-14 20:38:59.782979,3.0,4,257
20634,2022-05-14 20:54:29.691601,3.0,4,1093
20635,2022-05-14 22:00:12.442134,3.0,4,121
20636,2022-05-15 05:02:28.488946,3.0,4,257
20637,2022-05-15 06:21:17.413799,3.0,4,2796
20638,2022-05-15 06:21:17.423323,30.0,5,2796
20639,2022-05-15 07:07:39.067843,3.0,4,2733
20640,2022-05-15 07:08:05.917059,30.0,23,2733
20641,2022-05-15 07:23:52.126306,10.0,22,2733
20642,2022-05-15 07:24:56.794341,30.0,23,2733
20643,2022-05-15 07:53:14.333333,10.0,22,2733
20644,2022-05-15 07:54:41.413229,30.0,23,2733
20645,2022-05-15 08:19:05.850243,10.0,22,2733
20646,2022-05-15 08:50:09.312452,3.0,4,2634
20647,2022-05-15 09:14:35.669772,3.0,4,1495
20648,2022-05-15 09:16:05.073282,20.0,23,1495
20649,2022-05-15 09:21:27.945424,30.0,23,2733
20650,2022-05-15 09:25:04.405189,5.0,22,1495
20651,2022-05-15 09:31:14.916175,3.0,4,2779
20652,2022-05-15 09:34:25.759796,0.0,22,2779
20653,2022-05-15 09:38:29.946449,0.0,22,2779
20654,2022-05-15 09:40:11.814857,10.0,22,2733
20655,2022-05-15 09:40:41.180959,0.0,22,2779
20656,2022-05-15 09:48:15.300815,0.0,22,2779
20657,2022-05-15 09:52:53.644665,0.0,22,2779
20658,2022-05-15 09:53:25.774695,30.0,23,2733
20659,2022-05-15 10:13:42.481632,3.0,4,839
20660,2022-05-15 11:15:57.869099,3.0,4,2524
20661,2022-05-15 12:41:34.546295,3.0,4,63
20662,2022-05-15 12:56:14.112797,3.0,4,2678
20663,2022-05-15 12:56:14.123820,30.0,5,2678
20664,2022-05-15 13:12:12.590976,10.0,22,2733
20665,2022-05-15 13:24:09.917253,3.0,4,2512
20666,2022-05-15 13:24:09.927044,30.0,5,2512
20667,2022-05-15 13:28:22.021030,5.0,22,2512
20668,2022-05-15 13:36:59.541860,30.0,23,2733
20669,2022-05-15 13:47:01.547498,5.0,22,839
20670,2022-05-15 13:54:41.506130,5.0,22,839
20671,2022-05-15 13:57:22.509913,10.0,22,2733
20672,2022-05-15 14:03:43.139285,10.0,22,2733
20673,2022-05-15 14:04:05.230145,5.0,22,839
20674,2022-05-15 14:05:15.858441,30.0,23,2733
20675,2022-05-15 14:13:37.791390,3.0,4,1211
20676,2022-05-15 15:15:29.477854,5.0,22,2512
20677,2022-05-15 15:18:14.530096,5.0,22,2512
20678,2022-05-15 15:28:09.437502,5.0,22,2512
20679,2022-05-15 15:32:17.898296,10.0,22,839
20680,2022-05-15 15:39:47.464654,5.0,22,2512
20681,2022-05-15 15:48:13.464247,5.0,22,839
20682,2022-05-15 16:01:59.470044,0.0,22,2512
20683,2022-05-15 16:16:11.362284,0.0,22,2512
20684,2022-05-15 16:17:48.066700,10.0,22,839
20685,2022-05-15 16:28:27.655746,20.0,27,839
20686,2022-05-15 16:33:44.959179,0.0,22,2512
20687,2022-05-15 16:54:47.291387,3.0,4,2186
20688,2022-05-15 17:00:06.860506,3.0,4,226
20689,2022-05-15 17:15:15.174587,0.0,22,2512
20690,2022-05-15 17:35:14.490813,5.0,22,226
20691,2022-05-15 17:36:56.937213,3.0,4,233
20692,2022-05-15 17:40:27.862823,5.0,22,226
20693,2022-05-15 17:51:07.462106,0.0,22,2512
20694,2022-05-15 18:01:36.418742,5.0,22,226
20695,2022-05-15 18:08:32.753311,0.0,22,2512
20696,2022-05-15 21:33:54.890768,5.0,22,2512
20697,2022-05-15 21:40:06.112068,3.0,4,185
20698,2022-05-15 21:42:34.552978,5.0,22,2512
20699,2022-05-15 22:00:11.915485,3.0,4,121
20700,2022-05-16 01:43:07.587645,3.0,4,2678
20701,2022-05-16 05:31:40.939480,3.0,4,2796
20702,2022-05-16 05:39:42.305573,3.0,4,2604
20703,2022-05-16 05:39:42.320228,3.0,4,2604
20704,2022-05-16 05:42:55.406448,3.0,4,2733
20705,2022-05-16 05:47:47.267065,10.0,22,2733
20706,2022-05-16 05:49:20.377025,30.0,23,2733
20707,2022-05-16 05:50:15.805535,10.0,22,2733
20708,2022-05-16 05:59:09.648177,40.0,23,2733
20709,2022-05-16 06:16:15.418079,3.0,4,494
20710,2022-05-16 06:30:28.724265,20.0,22,2733
20711,2022-05-16 06:34:53.603758,5.0,22,494
20712,2022-05-16 06:35:51.341069,20.0,23,494
20713,2022-05-16 06:40:14.309180,40.0,23,2733
20714,2022-05-16 06:49:07.770803,3.0,4,589
20715,2022-05-16 07:08:15.738647,20.0,22,2733
20716,2022-05-16 07:32:11.200549,20.0,23,2733
20717,2022-05-16 07:33:36.815468,3.0,4,1495
20718,2022-05-16 07:33:52.794388,30.0,27,1495
20719,2022-05-16 07:43:06.988381,20.0,27,1495
20720,2022-05-16 07:49:16.804438,0.0,22,2604
20721,2022-05-16 07:56:44.420533,3.0,4,185
20722,2022-05-16 07:58:53.347797,3.0,4,1093
20723,2022-05-16 08:08:50.173344,3.0,4,2512
20724,2022-05-16 08:34:28.872094,3.0,4,2084
20725,2022-05-16 09:29:05.443753,3.0,4,171
20726,2022-05-16 09:36:57.557718,3.0,4,1074
20727,2022-05-16 09:36:57.569673,30.0,5,1074
20728,2022-05-16 10:06:42.881143,3.0,4,342
20729,2022-05-16 10:11:20.757528,3.0,4,1943
20730,2022-05-16 10:20:09.512707,10.0,22,171
20731,2022-05-16 10:51:11.070533,3.0,4,275
20732,2022-05-16 11:02:27.676455,10.0,22,171
20733,2022-05-16 11:09:53.828463,10.0,22,171
20734,2022-05-16 11:12:24.549722,30.0,23,171
20735,2022-05-16 11:17:47.709649,10.0,22,171
20736,2022-05-16 11:18:24.240061,30.0,23,171
20737,2022-05-16 11:26:12.851886,3.0,4,63
20738,2022-05-16 11:33:26.362910,10.0,22,171
20739,2022-05-16 11:34:04.890579,3.0,4,2721
20740,2022-05-16 11:41:24.466778,30.0,23,171
20741,2022-05-16 11:50:21.666751,3.0,4,2734
20742,2022-05-16 11:56:41.468434,3.0,4,226
20743,2022-05-16 12:02:32.374257,10.0,22,171
20744,2022-05-16 12:07:00.500468,0.0,22,226
20745,2022-05-16 12:15:09.364289,0.0,22,226
20746,2022-05-16 12:15:50.316098,0.0,22,2604
20747,2022-05-16 12:19:05.189265,30.0,23,171
20748,2022-05-16 12:36:55.478263,10.0,22,171
20749,2022-05-16 12:37:05.428007,30.0,23,171
20750,2022-05-16 12:47:37.437438,10.0,22,171
20751,2022-05-16 12:48:03.666551,30.0,23,171
20752,2022-05-16 12:55:20.211946,0.0,22,226
20753,2022-05-16 13:01:28.172605,10.0,22,171
20754,2022-05-16 13:01:41.449751,30.0,23,171
20755,2022-05-16 13:09:46.017720,0.0,22,226
20756,2022-05-16 13:12:33.452714,0.0,22,226
20757,2022-05-16 13:18:07.977057,0.0,22,226
20758,2022-05-16 13:19:33.165605,3.0,4,2186
20759,2022-05-16 13:41:07.946538,3.0,4,50
20760,2022-05-16 14:33:16.927066,5.0,22,63
20761,2022-05-16 14:54:49.870149,0.0,22,2721
20762,2022-05-16 16:05:20.892281,0.0,22,2721
20763,2022-05-16 18:45:20.263143,3.0,4,73
20764,2022-05-16 18:45:25.019569,20.0,27,73
20765,2022-05-16 19:03:59.229373,3.0,4,245
20766,2022-05-16 19:53:57.659733,5.0,22,2512
20767,2022-05-16 19:55:58.794746,5.0,22,245
20768,2022-05-16 19:55:58.811824,30.0,8,245
20769,2022-05-16 20:10:24.889744,5.0,22,245
20770,2022-05-16 20:47:54.794301,3.0,4,638
20771,2022-05-16 22:00:10.627588,3.0,4,121
20772,2022-05-16 22:39:42.619791,3.0,4,839
20773,2022-05-16 22:39:42.631073,30.0,5,839
20774,2022-05-16 22:44:23.041049,5.0,22,839
20775,2022-05-16 23:11:34.637543,5.0,22,839
20776,2022-05-16 23:36:34.651624,5.0,22,839
20777,2022-05-17 00:06:03.135574,3.0,4,2605
20778,2022-05-17 00:23:50.464006,20.0,23,2605
20779,2022-05-17 00:27:20.688444,3.0,4,839
20780,2022-05-17 00:28:19.378382,5.0,22,2605
20781,2022-05-17 00:42:32.178836,5.0,22,839
20782,2022-05-17 00:50:57.438224,10.0,22,839
20783,2022-05-17 02:41:12.065434,3.0,4,1818
20784,2022-05-17 06:13:51.004486,3.0,4,2796
20785,2022-05-17 06:14:51.538822,3.0,4,2604
20786,2022-05-17 06:52:44.670579,3.0,4,589
20787,2022-05-17 08:15:29.827058,3.0,4,63
20788,2022-05-17 08:56:33.316611,3.0,4,171
20789,2022-05-17 08:57:14.792820,30.0,23,171
20790,2022-05-17 08:58:41.870207,30.0,23,171
20791,2022-05-17 09:02:35.678954,10.0,22,171
20792,2022-05-17 09:02:45.445831,30.0,23,171
20793,2022-05-17 09:05:24.605279,10.0,22,171
20794,2022-05-17 09:17:16.258371,10.0,22,171
20795,2022-05-17 09:29:58.459675,10.0,22,171
20796,2022-05-17 09:41:10.324477,3.0,4,73
20797,2022-05-17 09:41:19.996280,0.0,27,73
20798,2022-05-17 09:44:43.040351,3.0,4,1318
20799,2022-05-17 09:50:41.118946,20.0,23,73
20800,2022-05-17 09:51:18.092052,40.0,23,171
20801,2022-05-17 09:55:14.861687,5.0,22,73
20802,2022-05-17 09:55:45.091913,30.0,27,73
20803,2022-05-17 10:15:34.680126,15.0,22,171
20804,2022-05-17 10:16:09.076260,40.0,23,171
20805,2022-05-17 10:17:43.156744,3.0,4,1093
20806,2022-05-17 10:34:38.389748,20.0,22,171
20807,2022-05-17 10:44:02.437658,40.0,23,171
20808,2022-05-17 10:54:20.521793,20.0,22,171
20809,2022-05-17 11:02:24.915572,3.0,4,226
20810,2022-05-17 11:02:24.924353,3.0,4,226
20811,2022-05-17 11:02:24.928843,30.0,5,226
20812,2022-05-17 11:59:54.865338,3.0,4,2524
20813,2022-05-17 12:07:45.397812,0.0,22,226
20814,2022-05-17 12:32:25.363284,3.0,4,2678
20815,2022-05-17 12:35:57.239892,0.0,22,226
20816,2022-05-17 12:52:33.861079,0.0,22,226
20817,2022-05-17 13:18:31.288625,0.0,22,226
20818,2022-05-17 13:28:23.138841,0.0,22,2604
20819,2022-05-17 13:56:37.771619,3.0,4,135
20820,2022-05-17 13:57:04.636418,40.0,23,135
20821,2022-05-17 14:02:52.212968,0.0,22,226
20822,2022-05-17 14:07:30.204625,15.0,22,135
20823,2022-05-17 14:34:54.259150,5.0,22,63
20824,2022-05-17 14:35:45.005751,20.0,23,63
20825,2022-05-17 14:57:15.482917,3.0,4,1074
20826,2022-05-17 15:08:13.466287,0.0,22,1074
20827,2022-05-17 16:15:10.859762,20.0,23,73
20828,2022-05-17 16:20:32.995014,3.0,4,1674
20829,2022-05-17 17:12:33.728524,3.0,4,1943
20830,2022-05-17 17:16:17.182464,5.0,22,226
20831,2022-05-17 18:08:11.929746,3.0,4,2677
20832,2022-05-17 18:16:25.834183,30.0,27,1943
20833,2022-05-17 18:54:23.120245,3.0,4,2734
20834,2022-05-17 19:22:39.811480,20.0,23,63
20835,2022-05-17 20:36:37.647745,5.0,22,2734
20836,2022-05-17 21:25:04.837378,15.0,22,839
20837,2022-05-17 22:57:24.649053,15.0,22,839
20838,2022-05-17 23:29:55.580276,3.0,4,2186
20839,2022-05-18 03:52:06.380758,3.0,4,2697
20840,2022-05-18 05:46:49.737500,3.0,4,2604
20841,2022-05-18 06:08:31.523194,3.0,4,649
20842,2022-05-18 06:17:21.865126,3.0,4,342
20843,2022-05-18 06:26:53.537969,3.0,4,2796
20844,2022-05-18 06:52:28.187910,3.0,4,1495
20845,2022-05-18 06:53:24.502495,30.0,27,1495
20846,2022-05-18 07:44:31.856287,3.0,4,2512
20847,2022-05-18 07:59:10.479972,3.0,4,2734
20848,2022-05-18 08:00:56.998769,3.0,4,63
20849,2022-05-18 08:32:40.121732,3.0,4,2186
20850,2022-05-18 09:18:20.630742,3.0,4,50
20851,2022-05-18 09:26:53.745607,5.0,22,50
20852,2022-05-18 09:49:15.429483,3.0,4,589
20853,2022-05-18 10:15:27.297533,3.0,4,258
20854,2022-05-18 10:21:52.964783,3.0,4,1093
20855,2022-05-18 10:38:05.467914,0.0,22,2604
20856,2022-05-18 10:58:48.773243,0.0,22,1093
20857,2022-05-18 11:26:36.800385,0.0,22,1093
20858,2022-05-18 11:39:52.150299,0.0,22,2604
20859,2022-05-18 12:08:45.883756,3.0,4,2805
20860,2022-05-18 12:53:32.636592,0.0,22,1093
20861,2022-05-18 13:02:37.945407,3.0,4,73
20862,2022-05-18 13:11:07.020589,0.0,22,73
20863,2022-05-18 13:20:28.890022,3.0,4,1943
20864,2022-05-18 13:23:49.925591,0.0,22,1943
20865,2022-05-18 13:28:11.528999,0.0,22,1943
20866,2022-05-18 13:28:11.542790,100.0,9,1943
20867,2022-05-18 13:31:22.049752,0.0,22,1943
20868,2022-05-18 13:53:10.643376,20.0,27,2805
20869,2022-05-18 16:19:31.731232,0.0,22,2186
20870,2022-05-18 16:20:36.180737,0.0,22,2186
20871,2022-05-18 16:21:50.419703,0.0,22,2186
20872,2022-05-18 16:23:26.438786,0.0,22,2186
20873,2022-05-18 16:23:26.455860,100.0,9,2186
20874,2022-05-18 16:26:52.296547,20.0,23,2186
20875,2022-05-18 16:36:20.326076,0.0,22,1943
20876,2022-05-18 16:40:35.728045,0.0,22,1943
20877,2022-05-18 17:34:54.980370,3.0,4,2524
20878,2022-05-18 17:42:43.722497,0.0,22,1943
20879,2022-05-18 17:47:12.981394,0.0,22,1943
20880,2022-05-18 17:48:18.268745,0.0,22,1943
20881,2022-05-18 17:49:18.047730,0.0,22,1943
20882,2022-05-18 17:49:54.769203,20.0,23,2186
20883,2022-05-18 17:55:04.414401,3.0,4,2605
20884,2022-05-18 17:58:34.435339,0.0,22,2186
20885,2022-05-18 20:42:16.306563,3.0,4,121
20886,2022-05-18 21:23:02.428528,3.0,4,2776
20887,2022-05-18 22:41:38.416989,3.0,4,839
20888,2022-05-18 23:32:18.052124,5.0,22,839
20889,2022-05-19 00:14:14.883884,3.0,4,839
20890,2022-05-19 00:26:34.591941,10.0,22,839
20891,2022-05-19 02:35:09.103550,3.0,4,2594
20892,2022-05-19 04:58:04.499366,3.0,4,2524
20893,2022-05-19 05:33:43.616594,3.0,4,2805
20894,2022-05-19 07:21:08.362705,3.0,4,63
20895,2022-05-19 07:22:47.566122,3.0,4,2604
20896,2022-05-19 07:35:30.874116,5.0,22,63
20897,2022-05-19 07:35:52.847470,3.0,4,2661
20898,2022-05-19 08:14:53.679196,3.0,4,2734
20899,2022-05-19 08:14:53.682066,3.0,4,2734
20900,2022-05-19 08:27:09.593611,3.0,4,1931
20901,2022-05-19 08:39:00.716908,3.0,4,258
20902,2022-05-19 09:14:03.264405,3.0,4,226
20903,2022-05-19 09:49:23.999707,3.0,4,2556
20904,2022-05-19 10:01:48.360072,30.0,23,1931
20905,2022-05-19 10:30:59.314587,10.0,22,1931
20906,2022-05-19 12:00:31.114686,3.0,4,50
20907,2022-05-19 12:17:37.892655,3.0,4,1943
20908,2022-05-19 12:52:31.018018,3.0,4,2678
20909,2022-05-19 13:25:20.857308,20.0,27,2805
20910,2022-05-19 13:56:56.055116,5.0,22,226
20911,2022-05-19 14:03:47.628972,5.0,22,226
20912,2022-05-19 14:35:16.588455,5.0,22,2734
20913,2022-05-19 14:46:34.100161,3.0,4,1495
20914,2022-05-19 14:48:07.578399,5.0,22,226
20915,2022-05-19 15:17:45.316539,3.0,4,1322
20916,2022-05-19 15:17:55.797449,20.0,27,1322
20917,2022-05-19 15:38:24.221194,3.0,4,2512
20918,2022-05-19 15:49:13.809480,5.0,22,2512
20919,2022-05-19 15:50:11.678695,5.0,22,2734
20920,2022-05-19 16:01:10.399780,5.0,22,2512
20921,2022-05-19 16:01:10.413790,1000.0,11,2512
20922,2022-05-19 16:14:41.352768,5.0,22,2512
20923,2022-05-19 16:15:23.941094,10.0,22,226
20924,2022-05-19 16:24:56.178538,10.0,22,226
20925,2022-05-19 16:32:29.574092,10.0,22,2512
20926,2022-05-19 16:44:19.096453,10.0,22,2512
20927,2022-05-19 16:46:02.596887,10.0,22,226
20928,2022-05-19 17:03:48.533712,10.0,22,226
20929,2022-05-19 17:28:29.127056,3.0,4,2008
20930,2022-05-19 17:45:22.996044,40.0,23,2008
20931,2022-05-19 17:54:01.322490,20.0,22,2008
20932,2022-05-19 20:19:22.433740,3.0,4,157
20933,2022-05-19 20:19:44.137673,30.0,23,157
20934,2022-05-19 20:20:22.034712,10.0,22,157
20935,2022-05-19 20:59:22.623519,3.0,4,1360
20936,2022-05-19 21:23:09.687813,3.0,4,2631
20937,2022-05-19 21:27:32.729306,10.0,22,2512
20938,2022-05-19 21:39:12.775296,3.0,4,2605
20939,2022-05-19 22:00:10.871227,3.0,4,121
20940,2022-05-19 22:18:13.718883,10.0,22,839
20941,2022-05-19 22:26:22.877794,5.0,22,839
20942,2022-05-19 22:54:59.403354,5.0,22,839
20943,2022-05-20 00:07:29.509751,3.0,4,839
20944,2022-05-20 00:09:17.418300,5.0,22,839
20945,2022-05-20 00:31:13.163029,5.0,22,839
20946,2022-05-20 00:45:34.004307,5.0,22,839
20947,2022-05-20 00:59:02.800487,5.0,22,839
20948,2022-05-20 01:09:14.996976,5.0,22,839
20949,2022-05-20 01:48:25.985728,0.0,22,839
20950,2022-05-20 01:51:14.068733,0.0,22,839
20951,2022-05-20 02:07:58.261346,0.0,22,839
20952,2022-05-20 04:20:50.556162,3.0,4,2697
20953,2022-05-20 04:24:43.646684,3.0,4,2524
20954,2022-05-20 04:51:42.390195,3.0,4,1175
20955,2022-05-20 05:23:23.779980,20.0,23,1175
20956,2022-05-20 05:43:30.919767,3.0,4,2604
20957,2022-05-20 06:14:28.369045,0.0,22,2604
20958,2022-05-20 06:37:01.148907,0.0,22,2604
20959,2022-05-20 06:53:31.878847,3.0,4,649
20960,2022-05-20 07:40:15.272874,3.0,4,2678
20961,2022-05-20 07:43:11.164614,0.0,22,2604
20962,2022-05-20 07:50:20.992919,3.0,4,2353
20963,2022-05-20 08:03:19.545462,5.0,22,649
20964,2022-05-20 08:05:13.590052,20.0,23,649
20965,2022-05-20 08:10:09.337886,3.0,4,589
20966,2022-05-20 08:11:15.991229,3.0,4,226
20967,2022-05-20 09:48:51.131188,0.0,22,839
20968,2022-05-20 10:24:02.247902,3.0,4,157
20969,2022-05-20 10:24:26.924890,20.0,23,157
20970,2022-05-20 10:27:05.032885,3.0,4,505
20971,2022-05-20 10:32:30.234438,3.0,4,63
20972,2022-05-20 10:41:29.378841,20.0,23,157
20973,2022-05-20 10:56:44.768463,3.0,4,2734
20974,2022-05-20 11:04:55.937148,3.0,4,1943
20975,2022-05-20 11:38:11.772330,5.0,22,226
20976,2022-05-20 11:49:42.765853,10.0,22,226
20977,2022-05-20 12:32:46.261330,3.0,4,2008
20978,2022-05-20 13:10:53.975977,40.0,23,2008
20979,2022-05-20 13:13:46.145788,3.0,4,1931
20980,2022-05-20 13:17:18.928101,0.0,22,2604
20981,2022-05-20 13:33:02.834801,0.0,22,2604
20982,2022-05-20 13:43:40.349771,20.0,23,157
20983,2022-05-20 13:49:19.530263,0.0,22,2604
20984,2022-05-20 15:21:47.046840,3.0,4,2512
20985,2022-05-20 18:39:22.496061,3.0,4,206
20986,2022-05-20 18:50:42.496357,20.0,23,206
20987,2022-05-20 18:57:18.173352,3.0,4,121
20988,2022-05-20 19:04:03.611259,10.0,22,206
20989,2022-05-21 09:41:24.748809,3.0,4,2524
20990,2022-05-21 09:55:30.949748,3.0,4,2604
20991,2022-05-21 09:55:30.960276,30.0,5,2604
20992,2022-05-21 10:44:48.945536,0.0,22,2604
20993,2022-05-21 14:59:58.857268,3.0,4,2222
20994,2022-05-21 17:03:10.891302,3.0,4,265
20995,2022-05-21 17:10:12.048287,15.0,22,265
20996,2022-05-21 17:17:46.771111,3.0,4,268
20997,2022-05-21 17:35:54.636667,3.0,4,206
20998,2022-05-21 17:36:05.098108,10.0,22,206
20999,2022-05-21 17:51:21.106425,10.0,22,206
21000,2022-05-21 17:57:58.873898,20.0,23,206
21001,2022-05-21 18:02:43.431984,5.0,22,206
21002,2022-05-21 18:05:33.518456,20.0,23,206
21003,2022-05-21 18:46:38.775671,5.0,22,206
21004,2022-05-21 19:14:49.362191,3.0,4,2796
21005,2022-05-21 19:38:29.690366,0.0,22,2796
21006,2022-05-21 19:48:06.908379,3.0,4,1972
21007,2022-05-21 19:50:53.833943,0.0,22,2796
21008,2022-05-21 20:30:51.479257,0.0,22,2796
21009,2022-05-21 20:42:23.367567,0.0,22,2796
21010,2022-05-21 20:59:56.150712,0.0,22,2796
21011,2022-05-21 21:54:38.979404,3.0,4,2776
21012,2022-05-21 22:00:10.906022,3.0,4,121
21013,2022-05-21 23:30:10.141119,3.0,4,185
21014,2022-05-22 01:51:03.775768,3.0,4,1126
21015,2022-05-22 05:19:50.449782,3.0,4,2733
21016,2022-05-22 05:58:59.335634,0.0,22,2733
21017,2022-05-22 06:10:02.452956,0.0,22,2733
21018,2022-05-22 06:17:50.807856,3.0,4,220
21019,2022-05-22 06:22:43.375605,3.0,4,2796
21020,2022-05-22 07:09:02.957285,3.0,4,265
21021,2022-05-22 08:08:19.630363,3.0,4,185
21022,2022-05-22 09:02:53.221444,3.0,4,2524
21023,2022-05-22 09:20:52.720556,3.0,4,2734
21024,2022-05-22 09:20:52.732889,30.0,5,2734
21025,2022-05-22 13:36:51.373814,3.0,4,2604
21026,2022-05-22 14:54:09.496757,3.0,4,63
21027,2022-05-22 14:54:09.513447,30.0,5,63
21028,2022-05-22 16:48:42.259056,0.0,22,2796
21029,2022-05-22 17:09:13.436185,3.0,4,1495
21030,2022-05-22 17:11:59.964933,20.0,23,1495
21031,2022-05-22 17:52:13.367653,3.0,4,505
21032,2022-05-22 18:25:32.432694,3.0,4,839
21033,2022-05-22 18:43:35.239384,3.0,4,2776
21034,2022-05-22 19:31:23.341962,0.0,22,839
21035,2022-05-22 19:41:20.198202,20.0,27,1495
21036,2022-05-22 19:43:06.130503,0.0,22,839
21037,2022-05-22 19:46:55.754134,3.0,4,121
21038,2022-05-22 19:55:36.290930,3.0,4,2186
21039,2022-05-22 19:55:36.301602,30.0,5,2186
21040,2022-05-22 20:00:25.283169,0.0,22,2186
21041,2022-05-22 20:01:38.423887,5.0,22,2776
21042,2022-05-22 20:13:56.118346,3.0,4,589
21043,2022-05-22 20:43:27.986292,5.0,22,839
21044,2022-05-22 21:05:56.801794,5.0,22,839
21045,2022-05-22 21:17:54.100698,5.0,22,839
21046,2022-05-22 21:50:15.888452,5.0,22,839
21047,2022-05-22 22:00:44.862504,5.0,22,839
21048,2022-05-22 23:39:02.384899,5.0,22,839
21049,2022-05-22 23:52:12.157726,10.0,22,839
21050,2022-05-23 00:11:44.917607,3.0,4,839
21051,2022-05-23 00:12:18.186979,10.0,22,839
21052,2022-05-23 00:24:49.114761,10.0,22,839
21053,2022-05-23 00:45:33.323568,10.0,22,839
21054,2022-05-23 04:34:29.026706,3.0,4,2604
21055,2022-05-23 05:58:11.923929,3.0,4,265
21056,2022-05-23 06:12:12.326643,3.0,4,2796
21057,2022-05-23 06:24:34.944917,3.0,4,649
21058,2022-05-23 07:38:57.874693,3.0,4,258
21059,2022-05-23 09:11:57.719446,3.0,4,185
21060,2022-05-23 10:30:15.868291,3.0,4,589
21061,2022-05-23 10:35:25.898899,0.0,22,2604
21062,2022-05-23 12:42:49.977918,3.0,4,63
21063,2022-05-23 13:07:09.761849,3.0,4,1093
21064,2022-05-23 13:56:49.490094,3.0,4,1943
21065,2022-05-23 14:05:56.854048,3.0,4,2683
21066,2022-05-23 14:20:01.394307,3.0,4,157
21067,2022-05-23 15:04:41.663859,0.0,22,2683
21068,2022-05-23 15:33:41.004599,3.0,4,2186
21069,2022-05-23 17:20:06.738885,3.0,4,502
21070,2022-05-23 17:26:42.678763,3.0,4,2524
21071,2022-05-23 17:26:42.690249,30.0,5,2524
21072,2022-05-23 17:44:42.491253,0.0,22,265
21073,2022-05-23 18:28:40.250542,3.0,4,2353
21074,2022-05-23 18:29:10.406020,3.0,4,50
21075,2022-05-23 18:35:33.039886,3.0,4,206
21076,2022-05-23 19:24:03.690441,10.0,22,206
21077,2022-05-23 19:47:59.720361,3.0,4,345
21078,2022-05-23 20:25:01.687801,3.0,4,2779
21079,2022-05-23 20:31:56.443955,5.0,22,2779
21080,2022-05-23 20:33:16.475441,20.0,23,2779
21081,2022-05-23 20:37:51.719498,5.0,22,2779
21082,2022-05-23 20:38:24.935685,30.0,23,2779
21083,2022-05-23 20:44:56.736735,3.0,4,2512
21084,2022-05-23 20:51:50.318778,10.0,22,2779
21085,2022-05-23 22:00:12.079900,3.0,4,121
21086,2022-05-24 02:17:45.553622,3.0,4,2594
21087,2022-05-24 04:38:32.683061,3.0,4,345
21088,2022-05-24 04:46:24.069448,3.0,4,2524
21089,2022-05-24 05:18:08.584154,3.0,4,2796
21090,2022-05-24 05:33:40.737342,3.0,4,649
21091,2022-05-24 05:44:16.634964,3.0,4,2604
21092,2022-05-24 06:23:27.538933,3.0,4,206
21093,2022-05-24 06:29:07.361533,3.0,4,50
21094,2022-05-24 07:55:44.288257,3.0,4,2512
21095,2022-05-24 09:22:07.468852,3.0,4,839
21096,2022-05-24 09:22:16.558141,5.0,22,839
21097,2022-05-24 09:26:43.903575,3.0,4,1185
21098,2022-05-24 10:00:21.833064,10.0,22,839
21099,2022-05-24 10:06:05.123796,3.0,4,185
21100,2022-05-24 10:44:12.044939,3.0,4,258
21101,2022-05-24 11:07:12.222230,3.0,4,1093
21102,2022-05-24 11:21:25.324862,0.0,22,1093
21103,2022-05-24 11:52:10.476493,0.0,22,2604
