id,username,first_name,last_name,is_active,date_joined,email,referal_user,company_id,tier,score
198,Pbnnd,,,1,2021-11-23 13:58:52.051036,jbsnjbf@gmail.com,,,1,0
52,fjbis,Элина,Полякова,1,2021-09-01 12:04:31.148715,fjbis@yandex.ru,,,1,0
331,jjxbfox,Эмилия,Афанасьев,1,2021-12-12 07:03:00.583264,jjxbfox@bk.ru,,,1,0
416,nsosabisfsobm,,,1,2022-01-02 12:22:43.014039,isfsobm.nseo@gmail.com,,1.0,1,0
19,Fofbx196,Эмилия,Фролова,1,2021-04-22 15:37:33.000000,koonbnanojj.jofbx@yandex.ru,,,1,0
53,Девелопер,Варвара,Демина,1,2021-09-01 12:24:50.902332,885be6686j62@mail.ru,,,1,0
54,nsnodnsobmb87,,,1,2021-09-01 12:28:37.867603,nsnodnsobmb87@mail.ru,,,1,0
55,babmxsdbm,Дмитрий,Синицына,1,2021-09-01 12:29:24.530603,abmxs-bnfxos@yandex.ru,,,1,5
1024,Fbxbjbnbmb,,,1,2022-02-01 08:40:49.450972,jbxbjbnbmb.sxsnb@gmail.com,,,1,0
1092,Eonbxsabnbmb,,,1,2022-02-03 13:40:09.879346,skkbxabdobao@gmail.com,,,1,0
20,Ysxb,Серафим,Власова,1,2021-04-19 07:46:43.000000,ssx.bnsibd2011@yandex.ru,,,1,5
1188,Rbnebd,,,1,2022-02-07 02:09:12.693673,saxonsko.xs@bobrik.org,,,1,0
21,fbxsbfksaxonbo,Полина,Власова,1,2021-05-13 05:04:23.708531,ixbnab@mailgate.us,,,1,0
22,jood2dbao,Серафим,Захарова,1,2021-05-18 11:20:28.277558,jood2dbao@gmail.com,,,1,0
23,ssob003,,,1,2021-05-18 17:52:58.218776,ssobabnibxsbn777@gmail.com,,,1,0
24,Snbobdbfob,Карина,Яковлев,1,2021-05-18 18:04:35.589881,fnbdbkbnnonobmb@gmail.com,,,1,15
56,bnsbfbosenbomb,Вероника,Кузнецова,1,2021-09-01 21:37:58.451120,bnsbfbosenbomb@gmail.com,,,1,0
57,jn108,,,1,2021-09-01 21:41:44.450493,jn108@yandex.ru,,,1,30
1657,cb511,,,1,2022-02-17 12:56:19.680580,cb_511@mail.ru,,,1,0
1775,dboaodbs,,,1,2022-02-19 21:38:17.416540,fbxoobdbs@yandex.ru,,,1,0
2133,osnksx,,,1,2022-03-02 21:25:36.068205,osnksx@mail.ru,,,1,0
58,asnb86,Михаил,Кузина,1,2021-09-09 06:44:20.226316,cbcbonbnsbn-anbmsnbx@rambler.ru,,,1,80
25,Donmox86,,,1,2021-05-19 15:15:01.929963,fon-nm@my.com,,,1,0
59,aooocxbsnn,Фёдор,Фомин,1,2021-09-09 06:45:54.231492,bnfxbn@alexanyan.tech,,,1,0
60,ImbnTbsxsn,Варвара,Климов,1,2021-09-09 07:14:14.213591,bnms.sndbo@gmail.com,,,1,0
61,dojof,Филипп,Курочкин,1,2021-09-09 07:59:21.839250,ojofbabmb.nic@yandex.ru,,,1,0
1,bnbnabnsbona,Таисия,Ермаков,1,2021-04-21 04:11:56.000000,bnbnabnsb.ona@yandex.ru,,,1,5
2,Pbbdob,,,1,2021-04-15 14:29:43.000000,ibbdob999.00@gmail.com,,,1,20
3,ebxnsomo,Никита,Петров,1,2021-04-10 10:14:22.000000,nsomo@bk.ru,,,1,95
7,Lbeo,,,1,2021-04-13 08:04:46.000000,Lbeooxjbxkonnbao@outlook.com,,,1,0
8,foebeb13,Демид,Фадеева,1,2021-03-28 08:50:53.000000,jbnbnasxcbcbom@yandex.ru,,,1,10
9,fonnosna,,,1,2021-03-30 19:40:30.000000,asfbdsnnbm.fons@mail.ru,,,1,0
10,xsnascsxsna,Ульяна,Булатов,1,2021-04-05 15:50:36.000000,xsnascsxsna@yandex.ru,,,1,0
11,CnsddsVsdds48,Максим,Миронова,1,2021-04-13 13:30:51.000000,nk.nnbs@mail.ru,,,1,10
12,nfffxsen17,Аделина,Булатов,1,2021-04-14 22:06:25.000000,aobxao342osxsn@gmail.com,,,1,0
13,Kbxdbobn,Даниэль,Столяров,1,2021-03-29 18:16:06.000000,fscbmsanosfon@gmail.com,,,1,0
14,mmbdobabnbm2,Андрей,Макаров,1,2021-04-01 16:46:06.000000,dsnaodexs@gmail.com,,,1,0
15,Sonno1,Анна,Исаева,1,2021-03-29 03:58:58.000000,ob.fbnmdbf1990@mail.ru,,,1,0
16,snnbojbxsfb,Ольга,Васильев,1,2021-04-01 02:35:41.000000,snnbojbxsfb@yandex.ru,,,1,15
17,omaono500,Варвара,Тимофеева,1,2021-04-18 16:21:08.000000,bsasnasecbs500@gmail.com,,,1,0
18,aixbcssn,Карина,Соловьев,1,2021-03-28 17:08:26.000000,jbfksn@list.ru,,,1,0
39,Nbabdsb8080,Андрей,Тимофеев,0,2021-06-03 16:48:52.407004,ibnbdomsab@gmail.com,,,0,0
40,Asnsoo,,,0,2021-06-03 16:52:10.942014,Asnfa43@gmail.com,,,0,0
41,xoiona,,,1,2021-06-03 16:55:30.712385,snensoibo@gmail.com,,,1,5
42,Lses,Глеб,Гончарова,1,2021-06-03 17:10:47.060747,dssnsonsen1987@gmail.com,,,1,0
43,NbabnnbTona,,,1,2021-07-01 09:11:42.966166,ibnnbabd@yandex.ru,,1.0,1,0
44,fbabibebn,,,1,2021-07-01 09:52:27.831218,nkkbfmbneo@yandex.ru,,,1,0
50,jbdn,Никита,Ермаков,1,2021-08-04 09:01:56.822956,sdaxbmbki@yandex.ru,,1.0,1,0
51,bdnnomb,,,1,2021-09-01 11:49:30.804298,nbnsb.nnomenso@gmail.com,,,1,0
68,nbdbmom,Елизавета,Власова,0,2021-10-18 03:37:37.411689,nsosabnbdbmsom77@yandex.ru,,,0,0
69,dbdf,Константин,Никитин,1,2021-10-18 03:38:26.191014,cbdsso@gmail.com,,,1,10
70,afon27,Варвара,Кузнецова,1,2021-10-20 10:11:53.540173,a_fon@inbox.ru,,,1,0
71,naonfbo,Никита,Кузнецова,1,2021-10-25 05:26:30.119332,sb.obnbasn@yandex.ru,,,1,0
173,Gxbfb,,,1,2021-11-23 10:26:54.333004,osxsfba.akc@mail.ru,,,1,25
295,abiioa,,,1,2021-12-03 10:33:06.710216,abiioa@list.ru,,,1,0
355,ibnnaoi,,,1,2021-12-19 12:03:29.224433,sb.ibnnaoi@yandex.ru,,,1,0
5,Dskbnnsb,Филипп,Тарасов,1,2021-04-21 10:52:34.000000,9158415237fc@gmail.com,,,1,10
423,fomodbi,,,1,2022-01-04 11:30:28.864908,fomodbi.kmb@gmail.com,,,1,0
482,Konn,,,1,2022-01-12 17:49:49.843706,oonnno@ya.ru,,,1,0
576,DksaxssPbcba,Элина,Беликов,1,2022-01-17 15:37:39.424114,ibcba.fskb@gmail.com,,,1,30
692,csaibiib,,,1,2022-01-22 17:07:18.051185,cbfoao6138@zneep.com,,,1,0
902,Jbnn777,,,1,2022-01-28 16:37:03.005813,dnsaonomoxfso@gmail.com,,,1,5
927,Dskbn12345678,,,1,2022-01-29 12:09:35.229968,koabfskb44@yandex.ru,,,1,0
1113,knnb,,,1,2022-02-04 15:53:19.780196,kbf.nn99@mail.ru,,,1,0
1071,doojd,,,1,2022-02-02 15:07:04.176679,oionno@ya.ru,,,1,5
1135,sabisb,,,1,2022-02-05 09:31:45.491049,obdaoxfom@gmail.com,,,1,5
1202,s3cbn,Даниэль,Петров,1,2022-02-07 12:56:27.841953,kx.obnaso2014@gmail.com,,,1,15
1203,nskbnbm221,Константин,Артемова,1,2022-02-07 14:00:26.305359,nskbnbm221@mail.ru,,,1,0
1272,Mxn84,Александра,Беликов,1,2022-02-09 11:42:11.146069,kxn84@bk.ru,,,1,0
1273,Psisbnjbn,Егор,Федоров,1,2022-02-09 12:32:53.984538,Psisbnjbn@gmail.com,,,1,0
1297,Asjjjj,,,0,2022-02-10 08:51:49.271516,123@yandex.ru,,,0,0
6,Pbmod1983,Романова,Леонтьева,1,2021-04-19 20:31:17.000000,i.abxbfnsenss@icloud.com,,,1,5
1625,s2co,,,1,2022-02-17 08:19:05.365659,s2co@yandex.ru,,,2,10
1825,Dskjb,Валерия,Богданова,1,2022-02-21 08:34:27.855507,kx-fskbn@yandex.ru,,,1,40
1938,Jnonsb,,,1,2022-02-24 21:05:07.092190,jnonsb9711@gmail.com,,,1,0
1892,TbnsbS,Кирилл,Яковлев,1,2022-02-23 07:43:48.635053,anbxbo@mail.ru,,,1,0
1893,Mbmsnb,,,1,2022-02-23 08:10:08.635819,kn.odbis@mail.ru,,,1,0
1964,babnnom,,,1,2022-02-25 17:42:11.064767,nibxabnbsf@gmail.com,,10.0,1,0
2036,aodsb5,,,1,2022-02-27 13:23:52.125216,mdxofnso97@gmail.com,,,1,5
2147,Hbdo0812,,,1,2022-03-03 11:56:28.418832,nbdo0812@yandex.ru,,,1,0
35,codbmbs94,,,1,2021-05-21 07:04:40.319779,codbmbs94@gmail.com,,,1,0
37,Snibxonobm,Константин,Семенов,0,2021-06-03 14:54:13.894256,nnibxonobm@yahoo.com,,,0,0
38,Cxobmsf,Варвара,Булатов,1,2021-06-03 16:01:14.172837,exobmsf@gmail.com,,,1,0
2100,xofonox,Варвара,Лосев,1,2022-03-02 04:31:23.139915,xofonoxjbsn@mail.ru,,,1,0
2101,Msksoxssb,Ольга,Беляев,1,2022-03-02 04:34:24.449918,ksdbnnb_22@mail.ru,,,1,0
2102,jecbkcs,Вероника,Воронцова,1,2022-03-02 05:03:24.813954,asaxin@gmail.com,,,1,60
2103,VsobDbab,Варвара,Мартынов,1,2022-03-02 06:22:34.928534,msobsab@mail.ru,,,1,5
74,bxsfonob,Мирон,Семенов,1,2021-11-09 13:55:52.378712,bxsfonob.bjjsesbd@yandex.ru,,,1,0
2276,osac,,,1,2022-03-15 09:06:05.319727,osacnsc@gmail.com,,,1,0
108,bdabof06,Варвара,Дмитриева,1,2021-11-20 12:22:44.472572,oskfbnssd2003x@gmail.com,,,1,0
2355,Vdbfbon14,Ярослав,Климов,1,2022-03-18 14:43:03.045147,Vdbfb_nasonbxnbsb@mail.ru,,,1,0
2356,Bsnnaso,Даниил,Мартынов,1,2022-03-18 14:58:42.045168,csnnaso@mail.ru,,,1,110
2357,kk97272313,Глеб,Смирнова,1,2022-03-18 15:07:25.157048,kk97272313@gmail.com,,,1,0
2359,Nsobdbs,Михаил,Исаева,1,2022-03-18 17:19:10.112121,nso.k292bk@mail.ru,,,1,0
2360,abnsnnbd,Константин,Полякова,1,2022-03-18 18:59:11.110030,abnsnnbd@mail.ru,,,1,0
2362,EaonsGbBxx,Степан,Трифонова,1,2022-03-18 20:26:22.445311,ioobxs.ioobn@yandex.ru,,,1,0
215,Nsosabeno97,,,1,2021-11-24 12:23:25.416999,nseosab.nsxnsobm@yandex.ru,,,1,5
249,Kbaoxsnb,Даниил,Горшков,1,2021-11-27 07:03:35.080492,obisabnbmb-81@bk.ru,,1.0,1,0
284,ask32167,,,1,2021-12-01 22:15:42.220188,ask32167+saxonsko@gmail.com,,,0,0
2559,Дмитрий,Демид,Петров,1,2022-03-31 19:34:34.778309,fksaxss.dbxsbnbm@akbars.ru,,4.0,1,235
2560,nbnnbmsd,Александра,Медведева,1,2022-03-31 20:24:54.757779,nsnnbmod@rambler.ru,,4.0,1,85
2561,L89232464170,Артём,Филатова,1,2022-03-31 20:26:15.629689,msabdss140802@mail.ru,,4.0,1,0
2562,DVZ1,Эмилия,Баранова,1,2022-03-31 20:31:16.536590,fksaxss.fbdsbdbm@akbars.ru,,4.0,1,240
2563,SAFbksn,Елизавета,Климов,1,2022-03-31 20:37:03.682935,msbenondbmjbksnn@yandex.ru,,4.0,1,0
2565,ibxbmbf,,,1,2022-04-01 01:57:49.445970,ixbkb100o@mail.ru,,4.0,1,5
2576,Sbksx,,,1,2022-04-01 13:43:21.517475,bdsoioxbm.nbksx@gmail.com,,4.0,1,50
2577,Efox,Алина,Климов,1,2022-04-01 17:35:15.135710,oikbobc@list.ru,,,1,0
2711,xsfsjxsfs,,,1,2022-04-14 08:26:45.350832,xsfnom.on@yandex.ru,,7.0,1,5
2632,Vsabdss10,Маргарита,Горшков,1,2022-04-06 08:33:32.326966,noxnssonob.7493393@stud.op.edu.ua,,6.0,1,10
62,Kbamoxonn,Полина,Фролова,1,2021-09-14 10:47:56.484123,obamoxonn@icloud.com,,,1,0
63,safds,,,1,2021-09-20 08:50:05.016335,sdsb.doioonsnd@gmail.com,,10.0,1,0
64,Kbnnsnb,Андрей,Яковлев,0,2021-10-15 09:58:01.740851,obnnsnb22@gmail.com,,,0,0
65,Romoxon,Даниил,Баранова,1,2021-10-18 03:14:44.638256,xomoxon666@gmail.com,,,1,35
66,Lbsan,,,1,2021-10-18 03:16:12.994559,bnabndbsan@gmail.com,,,1,0
67,nbdbmomn,Романова,Дмитриев,0,2021-10-18 03:32:16.212783,nbdbmsomnsosab77@yandex.ru,,,0,0
72,fdbioo,,,1,2021-11-03 16:53:18.788232,obnbasn@gmail.com,,,1,0
73,bnaodsnsb,Валерия,Константинов,1,2021-11-08 10:17:46.922324,bnaodsnsb@gmail.com,,10.0,1,0
75,xbsdnnn,Филипп,Авдеева,1,2021-11-09 14:24:27.420368,xbsd_ascbf@mail.ru,,,1,15
76,nbnfxb,Дарья,Климов,1,2021-11-09 14:26:23.273898,kx.ooecb@mail.ru,,,1,20
77,bxakbasmo,Кирилл,Федоров,1,2021-11-09 14:31:46.905400,bxakbasmo@bk.ru,,1.0,1,0
78,oodssnoombb,Анна,Дементьев,1,2021-11-09 16:06:55.161259,oodssnoombb@gmail.com,,,1,0
79,HodsfN,Ева,Хохлова,1,2021-11-09 16:20:04.725185,soboxbnof@gmail.com,,,1,5
80,ffbcnbms,Виктор,Тарасов,1,2021-11-09 16:22:16.183858,ffbcnbms@yandex.ru,,1.0,1,0
81,bdcson,Таисия,Макаров,1,2021-11-10 14:19:29.756436,bd.ndonn@yandex.ru,,1.0,1,70
82,mdbfsj,,,1,2021-11-10 17:47:07.015381,mdbfsndbm.obnbabxbm21@gmail.com,,,1,20
2633,Eabx,Максим,Столяров,1,2022-04-06 08:52:40.372725,nxbcxss@gmail.com,,1.0,1,0
2635,aanbs,,,1,2022-04-06 09:31:24.516954,aanbs@edu.hse.ru,,,1,15
2751,aona5,Таисия,Захарова,1,2022-04-16 13:29:37.323708,bnfxbn@alexanyan.tech2,,,1,255
2793,1,,,1,2022-04-18 18:27:03.877185,nso12@gmail.com,,,1,0
83,iomcbbk,,,1,2021-11-11 09:49:49.139959,iomcbbk@gmail.com,,,1,0
84,fbxsbbxaokomb,Варвара,Дьяконова,1,2021-11-12 09:03:27.912165,fbxsb.bxaokomb@akbars.ru,,,1,240
85,DxsddDbdn,Дмитрий,Архипов,1,2021-11-16 09:38:39.142392,fkbon1192@gmail.com,,,2,10
86,oxbnbasn,Александр,Кузина,1,2021-11-16 12:35:44.684596,oxbnbasn@yandex.ru,,,1,0
87,kodnsosab,Кирилл,Исаева,1,2021-11-19 17:35:49.054229,nsosab.kodnsobm.nbkbxb@gmail.com,,,1,0
88,abnnsobxbcobmb,Святослав,Сергеева,1,2021-11-19 17:40:10.870277,abnns.obxbcobmb@gmail.com,,,1,0
89,bksnb,Валентина,Бирюкова,1,2021-11-19 17:43:55.525741,bfbennn@gmail.com,,,1,0
90,oibdsnkbeobm,Михаил,Куликов,1,2021-11-19 17:44:14.433409,oibdsnkbeobm@mail.ru,,,1,0
91,moxkns,,,1,2021-11-19 19:48:44.938818,moxkns.bf@gmail.com,,,1,0
92,xsnabk220702,,,1,2021-11-19 19:52:34.050101,xsnabk220702@mail.ru,91.0,,1,0
93,cbensxxsnb,,,1,2021-11-19 20:36:11.450095,cbensxxsnb@yandex.ru,,1.0,1,0
94,PobenFxssaDom,Елизавета,Миронова,1,2021-11-20 10:12:03.212825,esxmxse@gmail.com,,,1,0
95,ebnmoxab,Кирилл,Тарасов,1,2021-11-20 10:14:11.181974,ebnmoxab@yandex.ru,,,1,0
96,Sabn,,,1,2021-11-20 10:19:42.763675,and2nabn@gmail.com,,,1,45
97,kbass,,,1,2021-11-20 10:21:02.366686,nbnasb.abxssnbmb03@gmail.com,,,1,0
98,Psxidoaab,Никита,Курочкин,1,2021-11-20 10:23:40.242946,xbsfbn.dbxxsbx@yandex.ru,,,1,0
99,aosncbf,Виктория,Иван ,1,2021-11-20 10:33:01.698884,snmoxonnenbasn@gmail.com,,,1,0
100,askkk,Элина,Иван ,0,2021-11-20 10:46:58.677362,askkkk@yandex.ru,,,0,0
101,nnonso,,,1,2021-11-20 10:59:26.644434,nnonso20@gmail.com,,,1,0
102,kbaixbno,София,Филатова,1,2021-11-20 11:04:30.598122,kbaixbnok@gmail.com,,,1,0
103,Ybnnb,,,1,2021-11-20 11:19:04.205469,sbobmksfsob@gmail.com,,,1,200
104,MOmenbxbm,,,1,2021-11-20 11:22:41.924742,k.bmenbxbm@tut.by,,,1,90
105,nbdbink,Никита,Петров,0,2021-11-20 11:33:23.942956,nbdbink@yandex.ru,,,0,0
106,msdbxa,Таисия,Воронцова,0,2021-11-20 11:44:59.360937,msdbxa01@gmail.com,,,0,0
107,VdbfPbdbom,Романова,Галкин,1,2021-11-20 12:02:13.677906,bnsbobnfbn@yandex.ru,,,1,0
109,ndomsnonobm,Ольга,Макаров,1,2021-11-20 12:31:13.900625,xbeo25102@gmail.com,,,1,0
110,DbnssdK3,,,1,2021-11-20 12:53:34.528207,fbnsod.osxso@vk.com,,,1,0
111,PbdsnbSnbxo,Таисия,Дмитриева,1,2021-11-20 13:56:42.040497,ibdasdo@gmail.com,,,1,5
112,Lbxfbkbxsbn,Александр,Фомин,1,2021-11-20 14:01:23.319508,ofdmfbn@gmail.com,,,1,90
113,ndmaab,Максим,Антонов,1,2021-11-20 14:02:46.109141,ndmaab@gmail.com,,,2,10
114,Хасан,Мария,Жукова,1,2021-11-20 14:10:34.332451,nbnbnksnbod@gmail.com,,,1,0
115,nsdmox313,Максим,Соловьев,1,2021-11-20 14:34:55.072393,nsdmox313@mail.ru,,,1,0
116,bnsbobnfbn,Николай,Климов,1,2021-11-20 14:36:26.246308,bnsbobnfbn@gmail.com,,,1,0
117,SoedbPbnfb,Таисия,Баранова,1,2021-11-20 14:40:15.040990,bdoonos9876@yandex.ru,,,1,85
118,jsmodsx2112,Егор,Антонов,1,2021-11-20 15:16:21.926679,jsmodsx2112@yandex.ru,,,1,15
119,nbjansnbks,Глеб,Серова,1,2021-11-20 17:21:08.624442,ndbnbsb22@gmail.com,,,1,20
120,nbno,Дарья,Петров,1,2021-11-20 17:34:43.084338,nbnonksan1321@gmail.com,,,1,0
121,fbiisf,,,1,2021-11-20 18:00:57.036265,bfsd3201@outlook.com,,,1,0
122,fkamxo,Валентина,Сухарева,1,2021-11-20 19:03:55.615292,fb.moxonbmanom@gmail.com,,,1,0
123,kbfskлф1980,,,0,2021-11-20 19:32:51.902433,kbfsk.bcxbnskbm@gmail.com,,,0,0
124,Константин,Мария,Сухарева,1,2021-11-20 19:49:45.717964,o.idssaben@gmail.com,,,1,95
125,obnbasn,Михаил,Тимофеев,1,2021-11-20 19:51:26.934364,obnbasn@yandex.ru,,,1,220
126,bdbbads,Варвара,Жукова,1,2021-11-20 19:55:04.289788,nbnasb.isnnobxomb82@gmail.com,,,1,0
127,ebaenofeoiasbn,Валентина,Захарова,1,2021-11-20 20:40:35.010332,ebaenofeoiasbn@mail.ru,,,1,0
128,snoxm,Ева,Фролова,1,2021-11-21 06:52:25.434289,jsnakbon1949@gmail.com,,,1,15
129,Nseo,,,1,2021-11-21 06:54:18.495726,n.nobxsnbm@ya.ru,,,1,5
130,Sexbsox,,,1,2021-11-21 11:06:24.197659,nexbsoxkbn@mail.ru,,,1,0
131,xbkbn13,Михаил,Киселев,1,2021-11-21 11:43:14.641529,ndo.xbkbxsb@vk.com,,,1,0
132,ffbkf,Вероника,Курочкин,1,2021-11-21 12:44:06.514962,ffbkf@yandex.ru,,,1,0
133,axooi32,Виктор,Климов,1,2021-11-21 12:44:55.577328,axooi32@gmail.com,,,1,0
134,oedsino,Александра,Авдеева,1,2021-11-21 13:28:28.713715,nnofnom116@gmail.com,,,1,0
135,Hbndbkb89,,,1,2021-11-21 14:13:03.813502,ibdoabnosn_osxsdd@mail.ru,,,1,10
136,Hbndbkb,Даниэль,Смирнова,0,2021-11-21 14:46:28.828095,ibdoabnosn.osxsdd@gmail.com,,,0,0
137,cbsko,Ольга,Зорина,1,2021-11-21 14:57:24.150143,cbsko90@mail.ru,,,1,100
138,nbsff,,,1,2021-11-21 15:21:02.322822,nnfbnfbkbom@ya.ru,,,1,0
139,IabxBsb,Елизавета,Федоров,1,2021-11-21 15:27:14.884699,ssabx.csb@gmail.com,,,1,500
140,basxbaxbkn,Карина,Синицына,1,2021-11-21 16:59:53.473734,xsasnasn@yandex.ru,,,1,15
141,x1mbn,,,0,2021-11-21 17:00:33.472421,noxaos1codsbnsn@gmail.com,,,0,0
142,kxbcoan,,,1,2021-11-21 21:03:15.734764,nodxbcab@gmail.com,,,1,0
143,msobnsbk,Илья,Захаров,1,2021-11-22 07:20:08.182343,msoabxssb.nsbkbenosnb@gmail.com,140.0,,1,0
2698,isanbnseUnox,Дарья,Столяров,1,2022-04-13 21:15:25.510843,bnbabdssnbdbmom86@gmail.com,,,1,75
2699,xoiibn97,Илья,Киселев,1,2022-04-14 04:54:47.453102,xoiibn97@gmail.com,,,1,10
2700,cmxbno,София,Серова,1,2022-04-14 06:20:03.235013,osnasxanom.doc@gmail.com,,,2,5
144,bcaexbfs,Арсений,Греков,1,2021-11-22 07:35:05.578069,bcaexbfs@gmail.com,,,1,0
145,axsoasa,Ника,Фролова,1,2021-11-22 09:05:31.516059,axsoasa@gmail.com,,,1,75
146,sksbn,Таисия,Родионов,1,2021-11-22 09:44:27.332880,sdsb@myasnikov.su,,,1,0
147,do1aosnf,Валентина,Петров,1,2021-11-22 10:49:14.496624,nb@prg.re,,,1,0
148,jsnonbxenbxf,Александра,Бирюкова,1,2021-11-22 11:01:34.884052,jsnon_bxenbxf_0o@icloud.com,,,1,30
149,cbxsdbmcbxs,София,Ракова,1,2021-11-22 12:18:28.824769,cbxsdbmcbxs@gmail.com,,,1,0
150,cbxsdbm,,,0,2021-11-22 13:13:40.868722,cbxsdbm@proton.ch,,,0,0
151,Bbxsndbmoof,Георгий,Киселев,1,2021-11-22 15:29:39.566028,cbxsbfscfscfsc@mail.ru,140.0,,1,0
2769,saxonsko,Варвара,Мальцева,0,2022-04-17 15:04:04.149286,b.bdofbnsbn@itresume.ru,,7.0,0,0
2770,bnfxbn23,Эмилия,Горячева,1,2022-04-17 15:16:31.995972,snm-moa@mail.ru,,,2,215
2771,Jonnsbnf,Александра,Тарасов,0,2022-04-17 18:36:43.853688,sncbf@jeshi.moefdsgs,,,0,0
2772,Jonns1,Александр,Галкин,0,2022-04-17 18:38:01.871708,jonns@vk.com,,,0,0
2773,Jonnsj,,,1,2022-04-17 18:52:04.404197,jsioxdbd@gmail.com,,7.0,1,0
2774,Jonns123,Виктория,Ефимов,0,2022-04-18 05:09:55.041236,sncbf@jeshi.moefdsfsdfs,,,0,0
2775,Jonnsf3,Александра,Курочкин,0,2022-04-18 06:28:45.078801,sncbf@jeshi.moefsdffsdf,2733.0,,0,0
2776,Jonns221321321,Варвара,Андрей,0,2022-04-18 09:27:36.764352,sncbf@jeshi.moe43223444,,,0,0
211,mbds,,,1,2021-11-24 03:16:51.050135,mmbdsbmm@gmail.com,,,1,20
2777,Jonns21241412,Кирилл,Сергеева,0,2022-04-18 09:33:09.255134,sncbf@jeshi.moe41241142,,1.0,0,0
2778,Jonnsf,Даниил,Гончарова,1,2022-04-18 09:35:20.471254,jonnsf1@yandex.com,,,1,0
2779,Jonns132,Вероника,Константинов,0,2022-04-18 10:30:18.833606,sncbf@jeshi.moe132312312,,7.0,0,0
2780,Kbob,,,0,2022-04-18 11:00:28.692495,nsosaobbbnf@yandex.ru,,7.0,0,0
2781,Jonns412142,Маргарита,Старостин,0,2022-04-18 11:49:16.164619,sncbf@jeshi.moe142142142,,6.0,0,0
2783,Nsosab_Sbmmb,София,Воронцова,1,2022-04-18 13:15:15.927339,nsosaobbbnf@gmail.com,,,1,105
2784,TonaLbasn,Валерия,Дмитриев,1,2022-04-18 13:32:34.255239,jonnsf1@yandex.ru,,,1,0
2785,Jonns,Таисия,Киселев,1,2022-04-18 13:46:41.159393,sncbf@jeshi.moe,,,1,10
2786,писюляй,Мария,Беликов,1,2022-04-18 14:24:22.866618,nsosa@gmail.com,2785.0,,1,0
2787,jdo@,Ярослав,Горячева,1,2022-04-18 14:53:38.519925,nsosaon@gmail.com,,,1,0
152,mbfskdno,Варвара,Лосев,1,2021-11-22 15:50:53.713082,cbafbnbm.mbfsk@icloud.com,,,1,0
153,Bbxs,Виктория,Семенов,1,2021-11-22 16:26:27.112089,nsosabdsnax@gmail.com,,,1,25
154,osx89,Константин,Иванов,1,2021-11-22 16:27:30.925669,osx88@inbox.ru,,,1,20
155,AsfbxRbn,Филипп,Константинов,1,2021-11-22 16:29:01.804425,bxbnkbnbm.aan@gmail.com,,,1,0
156,naodosbo,Демид,Воронцова,1,2021-11-22 16:32:17.145455,b.f.ksn@ya.ru,63.0,,1,5
157,ofok0305,Георгий,Лосев,1,2021-11-22 16:36:51.632528,ofokans@gmail.com,35.0,,1,0
158,bnfxosxbabjsn,Виктория,Степанова,1,2021-11-22 18:41:21.217931,bnfxosxbabjsn@yandex.ru,,,1,25
159,Idfbxe4S,Даниил,Родионов,1,2021-11-23 01:30:43.280605,sdfbxebn4@gmail.com,,,1,0
160,bxaokoabxbjj,Максим,Фомин,0,2021-11-23 02:42:25.896092,bxaok_oabxbjj@ro.ru,,,0,0
161,Bbfxsom,Ульяна,Нечаева,1,2021-11-23 03:49:06.388457,fffd4@bk.ru,,,1,370
162,fbmbd,Дарья,Горячева,1,2021-11-23 03:50:26.726001,bdof.b.fbm@yandex.ru,,,1,10
163,fksaxss,Виктор,Баранова,1,2021-11-23 04:03:40.539510,fskbixbo@gmail.com,,,1,0
164,jdoxb,Ангелина,Гончарова,1,2021-11-23 06:19:39.020309,msabdsb_ixbabn@mail.ru,,,1,0
165,onoxasbno,Макар,Нечаева,1,2021-11-23 07:37:15.116519,axsnnbomns@gmail.com,,,1,50
166,ixbfseanabx,Артём,Ракова,1,2021-11-23 07:41:34.543958,bnfxbnixbfseanabx@alexanyan.tech,,,1,0
167,Pdbdoxs,,,0,2021-11-23 08:07:24.033331,bxaokob142001@mail.ru,,,0,0
168,Adbdoxs,Эмилия,Кузина,1,2021-11-23 08:12:11.232100,odskbnjboox@gmail.com,,,1,10
169,Ybsnacdbeodsaen,,,1,2021-11-23 08:35:24.162222,ioaxonob.mbdoxs82@gmail.com,,,1,0
170,k9709010,,,1,2021-11-23 08:55:28.564656,kbsnosossdsb@gmail.com,,,1,0
171,UxbabnBsxs,Ника,Полякова,1,2021-11-23 09:00:55.919204,jofbx-009@mail.ru,,,1,5
172,noxaseesb76,,,1,2021-11-23 09:42:32.596677,noxaseesb76@yandex.ru,,,1,150
174,Tskoobon,Аделина,Климов,1,2021-11-23 11:09:49.736860,askoobon@yandex.ru,,,1,0
175,Snobfbmb,,,1,2021-11-23 11:45:22.844979,f_nno@bk.ru,140.0,,1,90
176,fcoafbfsk,,,1,2021-11-23 12:19:38.034240,fcoafbfsk@mail.ru,,,1,0
177,ffdo3,Смирнов,Климов,1,2021-11-23 12:20:00.465962,ffdo3@mail.ru,,,1,0
178,Adsdbna,Ольга,Дмитриев,1,2021-11-23 12:20:06.641979,nibo52@yandex.ru,,,1,0
179,bdsnb,Серафим,Антонова,1,2021-11-23 12:21:29.799259,nseo.bdsnb28@mail.ru,,,1,0
180,nonbsbk661,Варвара,Алексеева,1,2021-11-23 12:25:46.874725,bkxbabsfnb@gmail.com,,,1,20
181,xbnnbmb,Артём,Нечаева,1,2021-11-23 12:29:14.691885,xbnnbmb.00@mail.ru,,,1,0
182,DsfodAxn,Евгения,Куликов,1,2021-11-23 12:29:52.785889,bxn_dbabenom@mail.ru,,,1,0
183,AdonbD,Анна,Климов,1,2021-11-23 12:30:24.790893,fba.87@mail.ru,,,1,0
184,Vbdonasn12345,Даниил,Филиппова,1,2021-11-23 12:31:25.068921,mbdonasnasxosn@gmail.com,,,1,0
185,xbdofb,Александр,Горелов,1,2021-11-23 12:35:18.153264,bbxsbcsnsnb@gmail.com,,10.0,1,0
186,knbabd,Егор,Мартынов,0,2021-11-23 12:41:16.939166,co.fksaxs.jxbdbm@gmail.ru,,,0,0
187,xobfdbm,,,1,2021-11-23 12:42:51.135337,xobfdbm@newul.ru,,,1,0
188,Voxb,,,1,2021-11-23 12:43:09.355841,mbionabko@gmail.com,,,1,0
189,bsnsis,Даниэль,Куликов,1,2021-11-23 12:44:48.227686,bsnsis1991@gmail.com,,,1,0
190,bxnonombxenssb,Дмитрий,Зорина,1,2021-11-23 12:45:26.584701,bxnon.ombxenssb@gmail.com,,,1,0
191,nbsfosdbncb5,Варвара,Артемова,0,2021-11-23 13:03:38.576985,nbsfosdbncb5@gmail.com,,,0,0
192,Adombnfxbab,Яна,Иван ,1,2021-11-23 13:22:03.133737,jofbnbm09@gmail.com,,,1,0
193,K01000010,Никита,Родионов,1,2021-11-23 13:25:10.877675,knnbcbfs234@gmail.com,,,1,0
194,TxsoCbboso,София,Полякова,1,2021-11-23 13:32:23.186274,bxaokbadbcdsn56@gmail.com,,,1,20
195,Smsnsab,Дарья,Антонов,1,2021-11-23 13:37:53.885234,nmsnsab@gmail.com,,,1,0
196,bxnona76,Андрей,Семенова,1,2021-11-23 13:40:50.829105,bxnona.xs@gmail.com,,,1,0
197,Vbbdcoxsa1,Фёдор,Тимофеева,1,2021-11-23 13:43:46.111456,xbcsnnobb@gmail.com,,,1,220
199,snnso,,,1,2021-11-23 15:11:06.866484,sombanc@gmail.com,,,2,5
200,ADff,,,1,2021-11-23 15:28:38.187075,b.b-f@bk.ru,,,1,0
201,DLonnsenonob,Платон,Лебедева,1,2021-11-23 15:32:39.463179,fdonnsenonob.xs@gmail.com,,,1,0
202,Emaonnb,Виктор,Баранов,1,2021-11-23 15:37:46.301761,Rbofonb180@gmail.com,200.0,,1,0
203,nsebmoxb,Анна,Федоров,1,2021-11-23 17:57:05.821937,Nsosnsb88@inbox.ru,,,1,0
204,aona0804,,,1,2021-11-23 18:22:59.358191,bnfxbn123@alexanyan.tech,,,1,0
205,Uxaonnnon,Кирилл,Алексеева,1,2021-11-23 18:48:44.089034,osd99@bk.ru,,,1,0
206,kbxb,,,1,2021-11-23 18:52:41.212506,a-nonffns@mail.ru,,10.0,1,0
207,oobaoxsnb2001,Валерия,Жукова,1,2021-11-23 19:01:06.413699,oba.oom@mail.ru,,,1,270
208,OmxCdbeo,Вероника,Родионов,1,2021-11-23 20:50:30.779882,ibmod15999@gmail.com,,,1,0
209,JsdsKxn,Даниил,Старостин,1,2021-11-23 21:14:08.300147,k1703260@edu.misis.ru,,,1,0
210,Cnsdf043,,,1,2021-11-23 21:26:50.729745,nabxkcxsnaox@e1.ru,,,1,0
212,BonibdbmIV,Дмитрий,Горячева,1,2021-11-24 05:47:07.793704,fconibdbmf@yandex.ru,,,1,0
213,kbxsk,,,1,2021-11-24 06:09:48.697399,koc39640@yandex.ru,,,1,0
214,Wdbni,,,1,2021-11-24 10:41:27.457756,ddbninn@gmail.com,105.0,,1,0
216,axsonod,Георгий,Петров,1,2021-11-24 15:32:47.640391,adsn874@mail.ru,,,1,0
217,fnoxonsnbkbxsnb,,,1,2021-11-24 16:05:45.959330,kbxsnbfnoxonsnb93@gmail.com,,1.0,1,0
218,fbxbnsn,Ангелина,Кулагин,0,2021-11-24 17:09:58.497080,xoixonnbx01@gmail.com,,1.0,0,0
219,Sbjssb,Михаил,Киселев,0,2021-11-24 17:11:49.080399,c.nbnj1994@gmail.com,,1.0,0,0
220,Nsobdbs78,София,Горелов,0,2021-11-24 17:25:31.184677,nsobdbs.nnobxscb@michelin.com,,1.0,0,0
221,Sbjssb1607,Евгения,Никитин,1,2021-11-24 18:07:58.535743,codbnbdb.nbjs@yandex.ru,,,1,15
222,bdonbksdenonob91,Никита,Константинов,1,2021-11-24 18:21:45.376706,bdonbksdenonob91@gmail.com,,1.0,1,0
223,nsosabS,Максим,Андрей,1,2021-11-24 18:29:52.513952,nsosabn1598@gmail.com,,,1,65
224,ksxbed6,,,1,2021-11-24 18:58:10.685225,bnnsosdsnb.08@gmail.com,,1.0,1,0
225,NsosabKsfbnnosn,,,1,2021-11-24 19:02:50.710975,k001xx13xsn@ya.ru,,1.0,1,55
226,bnfm,Елизавета,Климов,1,2021-11-24 19:46:53.710090,bo@ondv.ru,,1.0,1,0
227,bfsnaon,,,1,2021-11-24 23:51:06.917902,bfsnaon049@mail.ru,,1.0,1,0
228,jjf1310,Таисия,Мальцева,1,2021-11-25 06:04:59.443052,jjf1310@gmail.com,,1.0,1,0
229,csabmmm,Филипп,Киселев,1,2021-11-25 07:07:21.283029,csabm18@mail.ru,,1.0,1,10
230,Vsoabxsbco,Таисия,Киселев,1,2021-11-25 08:40:37.133302,msoabxsbcodssab@yandex.ru,,,1,0
231,nskbnfokbn,Степан,Греков,1,2021-11-25 09:17:49.974055,nskbnfokbn@mail.ru,,1.0,1,0
232,joksj0110,Кирилл,Фролова,0,2021-11-25 12:48:30.005257,joksj0110@yandex.ru,,,0,0
233,d0dxsf,Татьяна,Исаева,1,2021-11-25 13:15:41.511148,cbs.ibnfb97@gmail.com,,1.0,1,0
234,osaonoabaabb,Ярослав,Богданова,1,2021-11-25 16:18:46.630099,osaonoabaabbsno@gmail.com,,1.0,1,0
235,DskobAmfos,,,1,2021-11-25 16:20:59.928266,fskobbmfoom@gmail.com,,1.0,1,0
236,Snenoxcbobmb,Николай,Алексеева,1,2021-11-25 17:24:46.832266,Snenoxcbobmbfb@inbox.ru,,,1,0
237,enoionobomb1996,Даниэль,Куликов,1,2021-11-26 05:12:54.700738,enoionobomb1996@gmail.com,,,1,70
238,AnfxodKbnkbn,,,1,2021-11-26 11:06:40.309458,dsjodonnidbnoabjanofobfnibeo@gmail.com,,1.0,1,0
239,Rbkb66787,Карина,Никитин,1,2021-11-26 12:05:44.574206,idbabnbm-98@inbox.ru,,,2,10
240,GobxassBodsnnoss,Варвара,Семенова,1,2021-11-26 12:08:25.134028,fnbxso-codsnnos@mail.ru,,,1,5
241,sxsnb882,Кирилл,Константинов,1,2021-11-26 12:09:05.913664,sxsnb.f882@gmail.com,,,1,60
242,Дмитрий1,Филипп,Филатова,1,2021-11-26 12:20:07.857418,fskbnab8726@gmail.com,,,1,0
243,idssnnnob,Максим,Киселев,1,2021-11-26 13:25:16.710661,k.a.cbnsdsob@gmail.com,,1.0,1,0
244,Nseobd9d,,,1,2021-11-26 15:05:23.753448,nseoiba13@gmail.com,,,1,375
245,sdbsdso,Варвара,Тимофеев,1,2021-11-26 15:45:03.076196,sdbsdso@gmail.com,,,1,0
246,obdsasdb2007,Кирилл,Иванов,1,2021-11-26 16:13:45.487933,ebxnbaon2013@mail.ru,,,1,0
247,abccbdn95,Варвара,Тимофеев,1,2021-11-26 21:49:14.765508,abccbdn95@gmail.com,,,1,50
248,ssdsbmod,Виктория,Артемова,1,2021-11-27 04:39:13.343497,ssdsbmodsobnnobsb97@mail.ru,,,1,0
250,fbkfsxibsa,,,1,2021-11-27 07:14:39.207444,fbkfsxibsa@gmail.com,140.0,,1,0
251,nsnodnsofn,Виктор,Филиппова,1,2021-11-27 07:56:40.013186,nsnodnsofn@gmail.com,,,1,0
252,axonbaax,Глеб,Кузина,1,2021-11-27 10:58:24.827668,noxaosfnsxonosn@gmail.com,,1.0,1,5
253,bnnk,Виктория,Антонов,1,2021-11-27 13:07:35.106650,nbnkbsco@gmail.com,,1.0,1,0
254,ffedbdnjjo,Арсений,Архипов,1,2021-11-27 18:40:06.741464,idonnsobm03@mail.ru,,,1,10
255,ebxasnb,Георгий,Беляев,1,2021-11-27 19:37:33.292757,dnbsnobksob@gmail.com,,,1,0
256,soxaon,Карина,Андрей,1,2021-11-27 20:02:13.278896,nkbfjsfbd@gmail.com,,,1,0
257,SbnfKsna,,,1,2021-11-27 22:51:59.770698,kbxbaodbnn2012@mail.ru,,1.0,1,5
258,fofiio,,,1,2021-11-28 07:21:09.395849,ixbkbnmk@gmail.com,,1.0,1,5
259,nsnosna,Дарья,Богданова,0,2021-11-28 09:39:20.806963,cbnbnfb@mail.ru,,,0,0
260,EdonbKbf1974,Ульяна,Филиппова,1,2021-11-28 13:21:51.453868,odonbobf@mail.ru,,1.0,1,0
261,nnnsxbenoeo,Егор,Фадеева,1,2021-11-28 13:32:02.456714,nnnsxbenoeo@gmail.com,,,1,0
262,6nAosnAkAaAaA9,Андрей,Булатов,1,2021-11-28 15:44:18.410945,oaoxnsasnksdon@mail.ru,,,1,15
263,Bbxbnnbm,,,1,2021-11-28 17:00:44.671450,BbxbnnbmMsnnb@gmail.com,,1.0,1,0
264,jboodbasnoff,Николай,Гончарова,1,2021-11-28 19:38:11.183140,dbeon64955@xasems.com,,,1,0
265,jboodbasnof,Ангелина,Афанасьев,0,2021-11-29 07:49:18.530747,n9daij@blondemorkin.com,,1.0,0,0
266,bffoo,Дарья,Федоров,1,2021-11-29 08:32:24.855173,cdbbffbneox08@inbox.ru,,,1,0
267,Snooikbf,Даниил,Баранова,1,2021-11-29 08:46:20.144680,nnooikbf11@gmail.com,,,1,0
268,Mbnnb,Мирон,Тимофеева,0,2021-11-29 09:04:43.174761,kbnnb.xsbcenonob.04@gmail.com,,,0,0
269,jsdsiinsfbxbm,Платон,Миронова,1,2021-11-29 09:34:59.766951,jsdsiinsfbxbm@yandex.ru,,1.0,1,0
270,bnbdmbdab,Ева,Константинов,1,2021-11-29 11:36:51.588540,bnbdmbdab@mail.ru,,1.0,1,0
271,Oxxso,Глеб,Миронова,1,2021-11-29 12:26:49.528506,bxxso1331@gmail.com,,1.0,1,0
272,bxbnkbnsnbm,Дмитрий,Иван ,1,2021-11-29 12:59:35.732149,bxbnkbnsnbm@yandex.ru,,1.0,1,0
273,obmbdonob,Варвара,Воронцова,1,2021-11-29 13:31:51.755862,Cbbiox.1911@mail.ru,,1.0,1,0
274,obaasb,Степан,Гончарова,1,2021-11-29 15:02:26.498879,obnnbc@mail.com,,1.0,1,0
275,DokbnIT,Даниил,Киселев,1,2021-11-29 17:23:27.054816,obnabfbnnso14@gmail.com,,1.0,1,0
276,Sdbn1o,Георгий,Серова,1,2021-11-30 03:46:54.493777,9080106@gmail.com,,1.0,1,0
277,iskbnos2,Таисия,Степанова,1,2021-11-30 11:28:33.453778,iskbnos2@gmail.com,,,1,0
278,nnofo,Ангелина,Морозов,1,2021-11-30 16:13:38.745247,nsobdbs.cbxbmobm@gmail.com,,1.0,1,15
279,oma1971,,,1,2021-11-30 17:25:06.170361,om.abnsenom@yandex.ru,,1.0,1,60
280,aonibidomsn,Дмитрий,Горелов,1,2021-11-30 17:52:53.273874,79530088804@yandex.ru,,1.0,1,0
281,IxbnSsabx,Эмилия,Никитин,1,2021-11-30 23:28:56.542097,fbffcs@gmail.com,,,1,0
282,Dbnbnfxobnb,София,Филатова,1,2021-12-01 12:40:10.681236,fbn_bnfxobnb@mail.ru,,1.0,1,0
283,MsenbodZ,Фёдор,Маслова,1,2021-12-01 15:52:43.236671,fbdbasnksnb@gmail.com,,,1,0
285,LsaYbx,Дмитрий,Филимонов,1,2021-12-02 12:38:33.787821,Lsasbxx@gmail.com,,,1,0
286,bcfbx,Андрей,Фадеева,1,2021-12-02 12:48:06.757677,bcfffffbxxx@gmail.com,,1.0,1,0
287,Annbnbxb,София,Щербаков,1,2021-12-02 13:19:23.603351,nbxbjbnbmb@internet.ru,,1.0,1,0
288,isnoa,Михаил,Леонтьев,1,2021-12-02 13:21:01.448158,kbnabao@inntech-s.ru,,,1,0
289,jbxnbf,Никита,Васильев,1,2021-12-02 18:47:52.366565,jxbfb1985@gmail.com,,1.0,1,0
290,bbnbmsanosj,Михаил,Зорина,1,2021-12-02 22:48:15.747705,b.b.nbmsanosj@gmail.com,,,1,0
291,jbxnabx7n,Кирилл,Сухарева,1,2021-12-03 05:41:41.815101,nsxksonbkkof.nkbabsom@gmail.com,,,1,0
292,Adbnnbxb,Аделина,Яковлев,1,2021-12-03 06:13:35.141324,bdbn9356@gmail.com,,,1,0
293,Fofdso,Виктор,Бирюкова,1,2021-12-03 08:16:52.721070,nskcdox@yandex.ru,,,1,0
294,ababs,Максим,Соловьев,1,2021-12-03 10:03:49.285387,ababs.mdbf@gmail.com,,,1,0
296,A1oX,Макар,Смирнова,1,2021-12-03 11:43:59.582673,bdoonos.axbmnbm@mail.ru,,,1,0
297,Rssfbos,Романова,Антонов,1,2021-12-03 12:49:57.830231,xssfbos1204@gmail.com,,,1,0
298,Nseo0dbs13,,,1,2021-12-03 14:22:09.995836,xjo_13@mail.ru,,,1,0
299,ksonbsd,,,1,2021-12-03 14:58:21.579306,ksosnnnoxom@yandex.ru,,,1,20
300,BbxbnnCO,Даниил,Климов,1,2021-12-03 19:05:39.788357,FbxsfZ1999@yandex.ru,,1.0,1,0
301,abfsecsans,Ульяна,Беляев,1,2021-12-03 20:30:24.192449,abfsecsans@yandex.ru,,,1,0
302,xbsfoxxsn,,,1,2021-12-04 12:38:22.349752,xbsfox99@yandex.ru,,,1,0
303,obsbao92,,,1,2021-12-04 13:58:14.084702,nbxfbn78@gmail.com,,,1,0
304,kbmxse,Даниил,Галкин,1,2021-12-04 14:24:24.847415,kbmxse122@gmail.com,,1.0,1,0
305,Mjbsaf,Смирнов,Полякова,1,2021-12-04 20:40:44.061501,fbdba1982in@mail.ru,,,1,0
306,fonmox,,,1,2021-12-04 20:41:16.077837,fonsn.ascsen@gmail.com,,,1,0
307,GxbmsasTdbG,,,1,2021-12-05 14:33:27.405468,exsaoobm@gmail.com,,,1,0
308,fksjs,,,1,2021-12-05 15:20:27.497515,jsd.fksaxss@gmail.com,,1.0,1,0
309,noxkon,Валерия,Зорина,1,2021-12-05 16:17:40.804903,nbkssksdss@gmail.com,,,1,10
310,Tonabjdsb,Артём,Маслова,1,2021-12-05 16:41:41.110697,nsdbomb.dssb@gmail.com,,,1,0
311,dbosnbsd,,,1,2021-12-06 09:37:52.467995,dbosnbsd@gmail.com,,,1,0
312,Lbeosd,София,Лосев,1,2021-12-06 10:19:07.206058,ibaxbnn.bdofbnfx@gmail.com,,,1,0
313,kxkbkonasesn,Глеб,Морозов,1,2021-12-06 10:21:05.608190,mbmb.cbf53@gmail.com,,,1,0
314,fbdkbnf,,,1,2021-12-06 11:49:45.034972,_osxa@mail.ru,,,1,0
315,ajbcdo2,Вероника,Киселев,1,2021-12-06 13:30:44.815213,aokb.obsfnoanbm@gmail.com,,1.0,1,210
316,obxsn,Варвара,Дьяконова,1,2021-12-06 16:36:21.919079,obxsnmsab@yandex.ru,,1.0,1,5
317,axobk,Артём,Дементьев,0,2021-12-06 21:58:35.712227,axskbnosn@yandex.ru,,,0,0
318,швлвл,,,0,2021-12-08 04:38:24.211444,jnsnjcdj@hhffg.ggf,,,0,0
319,Hbxxs,Никита,Парамонова,1,2021-12-08 15:05:24.519328,jbnnnbnnbxxson@gmail.com,,,1,10
320,kbxsbxbxsb,,,1,2021-12-08 17:49:16.655476,xjonsfsn@mail.ru,,1.0,1,0
321,mbdnox,Виктория,Фадеева,1,2021-12-09 11:25:17.903173,mbdoxb-n-38@mail.ru,,,1,230
322,modbaba624,Алина,Лебедева,1,2021-12-10 10:28:04.694511,modbaba624@nuesond.com,,,1,0
323,Ybfonsb,,,1,2021-12-10 10:35:48.583320,oisbosnsnb@gmail.com,,,1,5
324,Ysosxsbn,Михаил,Воронцова,1,2021-12-10 11:21:26.610910,xbonskbmxbfksx@gmail.com,,,1,0
325,nbfnoa,Варвара,Авдеева,1,2021-12-10 11:22:47.766954,noxaoj.abxbnbm.2001@list.ru,,,1,0
326,IDso,,,1,2021-12-10 17:58:34.642574,nnbfsksddox+saxonsko@ya.ru,,,1,10
327,nbkcxoeba,Виктория,Миронова,0,2021-12-10 18:19:18.034384,ibmod.nsensdbm@gmail.com,,,0,0
328,anoonf333,Карина,Ефимов,1,2021-12-11 04:29:55.067354,sdsbioasenbm0@gmail.com,,,1,0
329,joWod,Платон,Родионов,1,2021-12-11 11:57:46.719027,noxamdbfjo@gmail.com,,,1,0
330,coonsdabnbmm,Марк,Архипов,1,2021-12-11 13:29:56.238422,nsdabncoo9899@gmail.com,,1.0,1,10
332,obobnba,Платон,Антонов,1,2021-12-13 05:27:30.451062,Posnaxo7@mail.ru,,,1,10
333,Sbmods03,Александра,Алексеева,1,2021-12-13 13:26:59.438288,nbmods.fbknsobm@yandex.ru,,,1,430
334,dbnb,Евгения,Маслова,1,2021-12-13 13:34:01.916094,Lbnb_nos@mail.ru,333.0,,1,0
335,abe1555,,,1,2021-12-13 14:08:03.178406,abe1555@gmail.com,,,1,0
336,bbbnksabnnb,Макар,Антонов,1,2021-12-13 16:49:59.314357,ksnabxbnns@gmail.com,,,2,50
337,1fbjjsn,София,Горелов,1,2021-12-14 07:03:49.015208,1fbjjsn@gmail.com,,,2,10
338,bsnoasnnos,Кирилл,Лосев,1,2021-12-15 09:59:04.366426,bsnoa.bdfssom@gmail.com,,,1,0
339,LssFoxfsnbnf,Елизавета,Захаров,0,2021-12-15 12:44:38.507870,nnskbjdbm.kbfsk@gmail.com,,,0,0
340,DMITE,,,1,2021-12-15 14:58:39.091951,kbamosenoxnbom21@gmail.com,,,1,0
341,bonbcsafsnbmb,Смирнов,Столяров,1,2021-12-16 10:22:28.175231,bonbcsafsnbmb@gmail.com,,,1,20
342,nsmbxbmnso1015,Елизавета,Тарасов,1,2021-12-16 11:42:08.753676,osisnn1033@gmail.com,,,1,30
343,fbonkoabm,,,1,2021-12-16 14:57:43.539307,f.bonkoabm@g.nsu.ru,,,1,0
344,xbnaodoo,Константин,Яковлев,1,2021-12-17 08:03:46.157389,ioaoxsnob@yandex.ru,,1.0,2,10
345,isdbadob,Валерия,Антонов,1,2021-12-17 08:13:05.622202,isdbadob2015@yandex.ru,,1.0,1,0
346,bn29,Даниил,Трифонова,1,2021-12-17 08:51:56.706370,bnfxod.xbnibibm@yandex.ru,,,1,0
347,MxRbn,Фёдор,Леонтьев,1,2021-12-17 10:21:14.868311,aoknsbobm403@gmail.com,,,1,0
348,mnnososn,Максим,Беликов,1,2021-12-17 11:15:52.681051,mnnososn@okko.tv,,1.0,1,0
349,dsdkba,Михаил,Нечаева,1,2021-12-18 06:13:51.887578,mkbobof@gmail.com,,,1,0
350,baabffsi,Варвара,Кулагин,1,2021-12-18 09:47:35.587714,m.ababobm@brandquad.ru,,,1,0
351,Hbbisonbbi,Ольга,Архипов,1,2021-12-18 19:55:43.728739,nbbisnbbi@mail.ru,,1.0,1,10
352,dbssnisanbn217,Максим,Леонтьев,1,2021-12-18 19:56:39.566556,fbobabxi01@yandex.ru,,1.0,1,0
353,Gooadoidof,Мирон,Мальцева,1,2021-12-18 21:38:17.279385,axondaecobbjffdiae@nvhrw.com,,1.0,1,70
354,nnbeoon,Елизавета,Петров,1,2021-12-18 21:45:16.553717,bdba.fao@gmail.com,,1.0,1,0
356,GsxsbII,Ника,Фомин,1,2021-12-20 05:51:14.541027,sbxbmbs2000@yandex.ru,,,1,30
357,Ssfbfjs228,Глеб,Смирнова,1,2021-12-20 08:41:17.029068,dokbn4so15@gmail.com,,,1,5
358,obnox,Дмитрий,Булатов,1,2021-12-20 10:44:45.706703,ooxbnnonsanb@yandex.ru,,1.0,1,0
359,bd33k501,Татьяна,Иван ,1,2021-12-20 10:47:07.074077,ookxsnnsbn@gmail.com,,1.0,1,0
360,OTONBAEVAKS,,,1,2021-12-20 12:16:29.498150,babncbombobfsdb@gmail.com,,1.0,1,0
361,Iakbn,,,1,2021-12-20 14:29:54.697777,mdbnonobnomb270@gmail.com,,1.0,1,0
362,AonkofD,Демид,Авдеева,1,2021-12-20 23:05:44.089736,bnkof_fbn@mail.ru,,,1,240
363,aobasn97,,,1,2021-12-21 10:17:20.759125,aobasn97@gmail.com,,,1,0
364,Kxbnf,Анна,Ермаков,1,2021-12-21 11:02:56.174118,oxbnf@list.ru,,,1,0
365,axscobmbm22,Михаил,Исаева,1,2021-12-21 11:05:13.764849,axscobmb.m@list.ru,,,1,0
366,Ynobobm7,,,1,2021-12-21 11:29:27.147441,bdkbn.9@mail.ru,,,1,0
367,sonjbs,Таисия,Афанасьев,1,2021-12-21 11:47:26.388095,sonjbs@gmail.com,,,1,25
368,iaodofnsnnosj,Михаил,Галкин,1,2021-12-21 12:07:08.395445,iaodofnsnnosj@hse.ru,,,1,0
369,anban,Ярослав,Артемова,1,2021-12-21 12:31:59.625506,skibeo@mail.ru,,,1,5
370,fbnsdbobisd,,,1,2021-12-21 12:54:16.537542,fbnsdbobisd@gmail.com,,,1,20
371,AdofKsxanomsen,Валентина,Дмитриев,1,2021-12-21 13:21:23.226043,obbdd1996@yandex.ru,,,1,50
372,Zbnx,София,Полякова,1,2021-12-21 16:20:22.612257,doccadbnn@yandex.ru,,,2,30
373,bfm0oba,Даниэль,Булатов,1,2021-12-21 17:28:01.441225,fmoxom-sbn@yandex.ru,364.0,,1,0
374,biinoe031,Валерия,Горшков,1,2021-12-21 17:30:34.958826,nbioxo9322@kuruapp.com,364.0,,1,0
375,isfxsm,Даниэль,Кузина,1,2021-12-21 17:58:34.602069,isfxsmsxas@vusra.com,364.0,,1,0
376,bkns,Варвара,Леонтьева,1,2021-12-21 18:06:08.963280,nksxnbmeob@yandex.ru,364.0,,1,10
377,fnf68,Василиса,Синицына,1,2021-12-21 18:42:07.337903,fnfbnbmbdofos25@yandex.ru,364.0,,1,30
378,Gasfod,Варвара,Беликов,1,2021-12-21 22:50:35.973781,aaaaaaasfod@gmail.com,,,1,0
379,Gsfxbmdso,Варвара,Антонов,1,2021-12-22 05:50:04.690072,bnfxos.oxbnnbobm@mail.ru,,,1,0
380,nonbsbk666,,,1,2021-12-22 08:58:50.132356,bkxbabsfnb@yandex.ru,,,1,0
381,VsabdssIbosnsn,Варвара,Антонов,1,2021-12-22 10:37:19.848287,msa.sbosnsn@gmail.com,,1.0,1,0
382,dbnfoxksn,Филипп,Кузина,1,2021-12-22 13:11:42.138845,IGORSNIGHTWISH@gmail.com,,,1,5
383,fbfbob71,Георгий,Федоров,1,2021-12-22 16:46:37.954638,fbfbob71@gmail.com,,,1,50
384,Gbkox,,,1,2021-12-22 16:47:06.333154,fbnsdb.abkoxbm@gmail.com,,,1,0
385,ksonoomn,,,1,2021-12-23 09:21:40.506673,obds4ss65@ya.ru,,,1,5
386,nnbkxbs,Валентина,Мальцева,1,2021-12-23 09:32:22.050743,nnbkxbs.sns@yandex.ru,,,1,5
387,jofoo,София,Тарасов,1,2021-12-23 10:37:47.295583,jofoo@yandex.ru,,,1,70
388,jbnoo,Александр,Иванов,1,2021-12-24 10:44:01.633859,FbfYbxbndbjj@gmail.com,,,1,10
389,Адиль,Арсений,Фадеева,1,2021-12-24 11:16:18.152945,fbxxsnkbfskoaa18@gmail.com,,,1,0
390,bbbdsamsnbm,Варвара,Ермаков,1,2021-12-24 13:18:30.999106,bbbdsamsnbm@yandex.ru,,,1,0
391,fsonbm,Елизавета,Семенов,1,2021-12-24 13:47:54.352123,s.fsonbm@yandex.ru,,1.0,1,0
392,bfnbobdbm,Ангелина,Кулагин,1,2021-12-24 13:52:50.081625,bfnbobdbm07@gmail.com,,,1,5
393,fbxa,Анна,Климов,1,2021-12-24 14:40:43.095702,cbfixbiox98@gmail.com,,,1,0
394,oojx,Никита,Дементьев,1,2021-12-24 16:06:57.838447,Snskbnbmnobsb.obxsnb@gmail.com,,,1,0
395,Fdbnnkob,Таисия,Дементьев,1,2021-12-24 16:28:20.146407,nf.nasdoo@yandex.ru,,,1,5
396,nnxoffox67,Максим,Фролова,1,2021-12-24 17:35:56.405091,noxss.obxi2@gmail.com,,,1,0
397,oak86,Анна,Беляев,1,2021-12-24 17:41:18.545867,oakjbxdxo@gmail.com,,,1,0
398,Adsnsoxb,Даниэль,Баранова,1,2021-12-24 18:15:38.759211,bdsnsoxb140@gmail.com,,,1,0
399,Rbkbnkkkk,Ульяна,Филимонов,1,2021-12-24 18:29:38.570539,nsnnonob.xbkbn@mail.ru,,,1,0
400,ff151202,Святослав,Афанасьев,0,2021-12-24 18:54:37.968185,fbfb.isisb.023@gmail.com,,,0,0
401,Adofb0217,Максим,Константинов,1,2021-12-24 19:27:58.491143,bdoonb_0217@mail.ru,,,1,0
402,AnfxodLbxs,Даниил,Горелов,1,2021-12-25 06:07:10.353914,bnfx_dbxs@mail.ru,,,1,0
403,Oioiaixsm,Варвара,Кузнецова,1,2021-12-25 14:56:50.452878,fnon-abmxsdbjj@mail.ru,,,1,0
404,jbood0bna,Степан,Старостин,1,2021-12-26 11:23:17.408584,dmbm.nasbib@ya.ru,,1.0,1,5
405,Сергей,Арсений,Артемова,1,2021-12-26 16:37:12.396477,n.noxaos.b@mail.ru,,,1,5
406,Rsnnbn02,Арсений,Старостин,1,2021-12-28 11:39:38.732386,Iaa2007-93@mail.ru,,,1,0
407,osnabnbnbf,Дарья,Демина,1,2021-12-28 16:59:04.161494,mdbf.nnsksdb.2014@mail.ru,,1.0,1,0
408,Rseb,Виктория,Устинова,1,2021-12-29 10:26:28.492988,kbnaoxixb280398@yandex.ru,,1.0,1,0
409,Idsbkbn,Глеб,Филатова,1,2021-12-29 16:32:15.958010,sdsbkbnfsxbm01@gmail.com,,,1,0
410,Msxbabmxsn,Кирилл,Кузнецова,1,2021-12-29 18:43:44.145399,idobnox-fbdnn-0m@icloud.com,,,1,45
411,oabxeo,София,Богданова,1,2021-12-30 07:24:19.703396,smo.oabx@yandex.ru,,1.0,1,10
412,oxskf1338,Даниил,Зорина,1,2021-12-30 11:34:00.164469,kx.kbonskobbb@mail.ru,,,1,0
413,Pbmodksnn,Александр,Воронцова,1,2021-12-30 11:56:12.884032,ibmod_ksnn@inbox.ru,,1.0,1,0
414,nbabdsbYsboskbmb,София,Ефимов,1,2022-01-01 13:24:15.143819,nbabdsb.i.sboskbmb@gmail.com,,1.0,1,0
415,43B69,Филипп,Беляев,1,2022-01-02 10:07:41.152425,eok4so05@yandex.ru,,,1,0
417,fnbmso,Вероника,Тимофеева,1,2022-01-02 14:29:29.611485,nodfon@yandex.ru,,,1,5
418,nooaocox,Даниэль,Богданова,1,2022-01-03 10:10:41.578200,nooaocox@outlook.com,,,2,65
419,Rbfksfso,Дарья,Захарова,1,2022-01-03 11:24:00.880449,xbfkso.ibibj@gmail.com,,,1,0
420,Task,Маргарита,Лебедева,1,2022-01-03 12:57:47.495540,cenbxmaskonb22@gmail.com,,,1,0
421,TbnaBssn,Виктория,Агафонов,1,2022-01-03 22:36:20.848300,nabn.obmxsasn@gmail.com,,,1,0
422,docjonson,Серафим,Захарова,1,2022-01-04 08:11:17.610841,docjonson2001@gmail.com,,1.0,1,5
424,Sbxbosd666,Вероника,Дементьев,0,2022-01-04 13:49:36.592825,naomon.fbski06@gmail.com,,,0,0
425,Okon4Dobf,,,1,2022-01-04 19:33:23.345299,nseobdonsn@gmail.com,,,1,0
426,Dxfx,Фёдор,Киселев,1,2022-01-05 09:49:58.388127,donnnbdbnncxof@gmail.com,,1.0,1,0
427,dbfbxomim4,Даниил,Леонтьева,0,2022-01-05 14:53:33.888660,ibmod.dbfbxom.0016@gmail.com,,,0,0
428,Jsjseo,Марк,Макаров,1,2022-01-05 16:45:50.860424,jsjseoabi@gmail.com,,,1,5
429,Snbdkbn2002,,,1,2022-01-05 19:09:42.928281,noxojb0220@gmail.com,,,1,0
430,Msxbedokbxomb,Виктория,Петров,0,2022-01-05 19:09:59.863347,kbobxbmbnbnabnsb1912@gmail.com,,,0,0
431,bkbasn,,,0,2022-01-05 19:10:15.151726,jbxaona45671@gmail.com,,,0,0
432,f1dab,,,1,2022-01-05 19:15:54.597598,fskbnoxbc@gmail.com,,,1,0
433,DJ1992,Таисия,Лосев,1,2022-01-05 21:34:43.976254,fsk-osfnoanbm@outlook.com,,,1,0
434,Adsb,Константин,Семенова,1,2022-01-06 12:31:41.257124,sbajbxbmbbk1994@gmail.com,,,1,35
435,nksonbsdbm,,,1,2022-01-06 13:21:59.297274,n.ksonbsdbm.nno@gmail.com,,,1,0
436,ssss,Валерия,Горячева,1,2022-01-06 13:23:10.305041,s-bcdbk@mail.ru,,,1,0
437,fbnnbcbdom,Артём,Афанасьев,1,2022-01-06 13:41:33.782698,fbnssd.nbc56@gmail.com,,,1,0
438,Snsinnn,Ангелина,Галкин,1,2022-01-07 09:11:11.492192,mbdoxssosixsbnbm@yandex.ru,,,1,5
439,mxfd,Валерия,Зорина,1,2022-01-07 17:33:43.435151,bbaskbnnonob1@gmail.com,,,1,0
440,Wbncxboon,Татьяна,Иванов,1,2022-01-07 20:04:34.121395,dbcbsxbjcdbbf@gmail.com,,,1,0
441,nbnsabxn,Елизавета,Парамонова,1,2022-01-08 10:25:55.027284,nbnsabxn@ya.ru,,1.0,1,0
442,Ksxsdd51,,,1,2022-01-08 12:45:28.812268,osx-m@bk.ru,,1.0,1,0
443,Bxsasn,Кирилл,Филиппова,1,2022-01-08 15:07:52.345100,osxsddconibdbm2000@gmail.com,,,1,0
444,Asob,Платон,Старостин,1,2022-01-09 07:50:15.362481,bsaoxsk.xbsomb23@gmail.com,,1.0,1,0
445,jonxfnnk,Дмитрий,Кулагин,1,2022-01-09 15:03:17.675164,jbonxbfsom97@mail.ru,,,1,0
446,kbdbno,,,1,2022-01-09 16:46:57.926768,ababobm-m@bk.ru,,1.0,1,30
447,Mbok,Андрей,Филиппова,1,2022-01-09 20:33:15.559020,mbxbnobm.kbonso@gmail.com,,,1,0
448,Lbidbn,,,1,2022-01-10 04:29:19.381381,abnaox.kbxso17@gmail.com,,,1,0
449,Lsinxbd,,,1,2022-01-10 08:43:40.871894,nkbsfjod229@gmail.com,219.0,,1,0
450,nbnasnn99,Глеб,Греков,1,2022-01-10 14:27:12.468510,nbnasnn99@gmail.com,,,1,65
451,xofidbno,Таисия,Устинова,1,2022-01-10 19:02:14.926370,mbnnbfnbdneb@mail.ru,,,1,0
452,fbnsssbd,Карина,Алексеева,1,2022-01-10 19:59:22.719998,fbnso99.05@mail.ru,,,1,0
453,Lsdasasb,Ольга,Леонтьева,1,2022-01-10 21:34:48.804588,0235663@mail.ru,,,1,0
454,nxsia,Валерия,Фролова,1,2022-01-10 23:40:17.907435,bxaokss3893@gmail.com,,,1,0
455,Kbm085,Романова,Маслова,1,2022-01-11 00:17:58.639952,ofbin.2001@mail.ru,,,1,0
456,Nbfbxenbn,София,Исаева,1,2022-01-11 08:09:32.885636,nbfbxenbn@gmail.com,,,1,45
457,abnbmsen,Максим,Сухарева,1,2022-01-11 10:26:19.613473,abnbmsen@yandex.ru,,,1,10
458,Kbnnabnasn,Даниил,Леонтьев,1,2022-01-11 11:40:19.993989,obnnabnasn.oscxbo@yandex.ru,,,1,0
459,AdofosT,Александра,Семенов,1,2022-01-11 13:53:39.516656,nobxsn757@gmail.com,,,1,5
460,c4ddox88,Виктор,Горшков,1,2022-01-11 14:02:01.954875,nbnfsa15enbnnod@gmail.com,,,1,0
461,Rbjbod,Артём,Антонов,1,2022-01-11 14:56:10.274551,bffxbj@gmail.com,,,1,0
462,nsabxsabns,,,1,2022-01-11 15:02:03.862301,nsabxsabns@mail.ru,,,1,0
463,ikbnbi,Виктория,Миронова,1,2022-01-11 16:06:46.986224,bnabiensso@gmail.com,,,1,5
464,monk,Татьяна,Киселев,1,2022-01-11 17:14:46.884964,monk_b@mail.ru,,,1,0
465,ibndokxbo88,Романова,Кузина,1,2022-01-11 17:46:21.232283,ibndokxbo88@gmail.com,,,1,0
466,Dksaxsxbnnom,,,1,2022-01-11 17:51:36.818912,Dksaxsxbnnom@mail.ru,,,1,0
467,onsibm03,,,1,2022-01-12 05:15:27.342625,onsibm.00_00@mail.ru,,,1,0
468,MsodRbm,Дмитрий,Куликов,1,2022-01-12 05:15:50.552810,Msodxbm@yandex.ru,,,1,0
469,ВышелПокурить2,,,1,2022-01-12 08:39:22.933038,nnfcoa@yandex.ru,,,1,0
470,Rbkbsf,Дмитрий,Жукова,1,2022-01-12 10:07:07.748790,xbkbbn.fbe@gmail.com,,,1,0
471,AkbfsnaDxobkox,Ольга,Степанова,1,2022-01-12 10:50:50.481478,nnnnosfox95@gmail.com,,,1,15
472,oooeso,Василиса,Тимофеев,1,2022-01-12 11:25:54.745949,ksnbnnob@mail.ru,,,2,10
473,Hosdxbmo,,,1,2022-01-12 11:33:19.869313,bnsnskbmmdbf.2002@yandex.ru,,,1,0
474,Светлана,Елизавета,Алексеева,1,2022-01-12 11:40:05.955598,nsmbxosnbnmoadbnb@mail.ru,,,1,0
475,Ssnasb,Ника,Сухарева,1,2022-01-12 11:44:27.043682,sb.aandad@mail.ru,,,1,0
476,kien,София,Филиппова,1,2022-01-12 13:08:05.391371,enoonbmb.nbnasb@yandex.ru,,,1,0
477,Nbnsbab,Александр,Петров,1,2022-01-12 13:15:07.800255,nbnasibmdbmob@gmail.com,,,1,0
478,nbsxbjj,Элина,Горшков,1,2022-01-12 13:41:37.849687,nbsxbjj@gmail.com,,,1,5
479,Dnjnjn,,,0,2022-01-12 14:52:45.337623,aodnsnkbfsk2@gmail.com,,,0,0
480,adocbo68,Максим,Алексеева,1,2022-01-12 16:33:00.574621,adocbo68@gmail.com,,,1,0
481,msbmmsb,Вероника,Бирюкова,1,2022-01-12 16:39:45.565010,xbsfs03122000@gmail.com,,,2,10
483,jdojdoooo,Виктор,Воронцова,0,2022-01-12 18:54:29.977183,ff@modal.ru,,,0,0
484,kbnbkbna,Ника,Авдеева,1,2022-01-12 18:55:47.954857,kbnbkbna@gmail.com,,,1,0
485,fksaxss1814,,,1,2022-01-12 20:28:55.265760,fokbnenso86@mail.ru,,,1,0
486,cjs1801,Дарья,Курочкин,1,2022-01-12 22:08:52.937210,cjs1801@mail.ru,,,1,0
487,sdfbx,,,1,2022-01-12 23:10:08.820875,sdfbxbobo@gmail.com,,,1,0
488,Ротст,,,0,2022-01-13 02:38:40.210724,of.oxkbnnosn@gmail.com,,,0,0
489,bekbxsn,Артём,Ракова,1,2022-01-13 07:46:52.715015,bek@mail.ru,,,1,0
490,Fnjnannj,Филипп,Леонтьев,0,2022-01-13 07:50:46.234122,fanjjna@mail.ru,,,0,0
491,Djnjjnjj,,,0,2022-01-13 08:00:19.697753,abdfjsnn@mail.ru,,,0,0
492,jscoxnod,Егор,Константинов,1,2022-01-13 08:13:44.655275,0583463@gmail.com,,,1,5
493,Cdonnbi,Елизавета,Баранова,1,2022-01-13 09:40:17.857417,osaoba.cdoba@gmail.com,,,1,0
494,OdfSbk228,,,1,2022-01-13 09:46:15.599010,ddskbnenso72@gmail.com,,,1,0
495,xobxanod,Валерия,Горшков,1,2022-01-13 09:47:14.594843,bxanod@list.ru,,,1,5
496,jbnn999,,,1,2022-01-13 11:19:21.115307,ocaaffsndjbjbfsbfd@kvhrs.com,,,1,60
497,Kbdksnsna,Михаил,Медведева,1,2022-01-13 11:53:55.837350,bjbjoxsaoe@gmail.com,,,1,0
498,Mbfsksdobn,Алиса,Демина,1,2022-01-13 11:57:21.395514,kbf.fbnnsom1998@mail.ru,,1.0,1,10
499,bsjbosn,Дарья,Васильев,1,2022-01-13 14:23:33.776380,bsjbosn@mail.ru,,,1,0
500,nsdjsx,Макар,Лебедева,1,2022-01-13 15:30:58.671140,nsdjsx1917@gmail.com,,,1,0
501,SYU1306,Степан,Фомин,1,2022-01-13 18:38:07.553865,nss1306@gmail.com,,,1,0
502,osdsossx,Ярослав,Климов,1,2022-01-13 18:38:20.259425,ebbdsobmnic@mail.ru,,,1,0
503,osxb607,Константин,Семенова,1,2022-01-13 21:32:59.078236,osxsdd.doneosn@gmail.com,,,1,0
504,Михаил,Яна,Баранова,0,2022-01-13 23:01:42.826599,abababjojojo@gmail.com,,,0,0
505,ВышелПокурить,,,1,2022-01-14 00:25:47.549556,nnfcoa@bk.ru,,,1,0
506,jxsabnsn,,,1,2022-01-14 05:37:16.982693,jxsabnsn@yandex.ru,,,1,0
507,kbnsb050905,,,1,2022-01-14 06:46:18.910912,kbnsb050905@yandex.ru,,,1,0
508,Fbfsabx,,,1,2022-01-14 08:14:48.727653,jbfsabx98@mail.ru,,,1,0
509,LbbSon,Филипп,Демина,1,2022-01-14 08:46:06.201239,o.n.dbcbenomb@mail.ru,,,1,0
510,enoiksno,Элина,Иван ,1,2022-01-14 09:21:08.963301,dbxo.bnfxod@gmail.com,,,1,5
511,VDfnbn,Никита,Маслова,1,2022-01-14 10:21:15.711677,fxsa987654321@mail.ru,,,1,0
512,BRDVKV,,,1,2022-01-14 11:55:21.244818,ixbkbnbns@yandex.ru,,,1,0
513,aaaaj,Элина,Богданова,0,2022-01-14 13:33:31.530961,ixsd.xsab05052006@gmail.com,,,0,0
514,DbksxBUn,Глеб,Антонова,1,2022-01-14 14:07:58.015506,nnbdoo2009_93@mail.ru,,,1,5
515,Sbsmbon,Маргарита,Константинов,1,2022-01-14 14:15:30.892505,aso11994@mail.ru,,,1,0
516,Abksnofbsos,Мария,Синицына,0,2022-01-14 14:38:08.894851,ksnnb.codsbobm98@gmail.com,,,0,0
517,DskonnsbnSHIR,Дарья,Кулагин,1,2022-01-14 14:42:09.985255,fcofskns@mail.ru,,,1,0
518,Ndsaoo,Константин,Артемова,0,2022-01-14 15:36:13.262835,ndsaoo1509@mail.ru,,,0,0
519,Afsxoabf,Даниил,Воронцова,1,2022-01-14 15:38:25.817549,ibnnboobnnnsn1990@gmail.com,,,1,0
520,Snoi1,Георгий,Маслова,1,2022-01-14 18:07:31.044842,Vonnbod@gmail.com,,,1,0
521,OosnR,Даниил,Беликов,1,2022-01-14 18:10:17.182439,xbabmbnsob@gmail.com,,,1,25
522,Lsnbbdoo,,,0,2022-01-14 21:15:23.271911,dsfb.fsomb.00.00@mail.ru,,,0,0
523,bsabjd,София,Лосев,1,2022-01-15 00:29:43.774527,odfbx.no1997@gmail.com,,,1,0
524,sanbnsn,Варвара,Бирюкова,1,2022-01-15 02:51:32.168895,sanbnsn2010@yandex.ru,,,1,0
525,Bbcbsob323,Варвара,Петров,1,2022-01-15 05:04:38.958883,444mbnok444@mail.ru,,,1,5
526,bfaxs,Евгения,Жукова,1,2022-01-15 06:06:24.124570,nisxsn.kf@gmail.com,,,1,0
527,Lsds7777,Николай,Курочкин,1,2022-01-15 06:30:34.013414,ask.abnbnbm2013@yandex.ru,,,1,0
528,Lbdbds,Святослав,Федоров,0,2022-01-15 06:32:52.669388,anbc.nbamsn@mail.ru,,,0,0
529,kbamosfsfsn17,,,1,2022-01-15 07:02:51.561505,fsfsn1705@mail.ru,,,1,0
530,dnbaomonsj,Андрей,Дьяконова,1,2022-01-15 07:09:00.871789,dnbaomonsj@gmail.com,,,1,0
531,9741o,Варвара,Кулагин,1,2022-01-15 07:20:59.872985,bnaxbibjj05@gmail.com,,,1,0
532,Emaonss2f,Никита,Антонов,1,2022-01-15 08:00:45.675759,jons.fonsnbm@ya.ru,,,1,20
533,abxfoom,Варвара,Иванов,1,2022-01-15 08:37:19.483782,abxfoom.kbn@yandex.ru,,,1,10
534,noxmso,,,1,2022-01-15 09:23:38.390431,fksaxasnod@gmail.com,,,1,0
535,bnnoaao2177,Элина,Старостин,1,2022-01-15 09:36:38.261228,bnnb.jbksdssb@mail.ru,,,1,5
536,SoxsbsnEso,,,1,2022-01-15 10:00:40.240033,osdsbnbm.ibmod@gmail.com,,,1,5
537,Gbdbnnb,Маргарита,Тимофеев,1,2022-01-15 10:01:09.040953,m3aix33@gmail.com,,,1,0
538,Sskk,,,0,2022-01-15 10:01:18.022635,moo@mail.ru,,,0,0
539,Fsdbxas,,,1,2022-01-15 10:02:33.217296,jsdbxas@gmail.com,,,1,0
540,DbmbnRbdbao,Степан,Воронцова,1,2022-01-15 10:29:04.552572,fbmbn.xbdbao@gmail.com,,,2,10
541,LsdsB,Александр,Галкин,1,2022-01-15 10:42:33.213397,dsdsbcbaxbomb335@gmail.com,,,1,0
542,Bdbnfs12,,,1,2022-01-15 11:19:01.823318,xbabx.osxbabx@mail.ru,,,1,0
543,Msnb,,,1,2022-01-15 13:54:43.706675,koab.kseb@mail.ru,,,1,0
544,jbxxbfoxs,Виктория,Сергеева,1,2022-01-15 14:08:54.001506,isoaxbm_nbnnb2014@mail.ru,,,1,0
545,Никитос,,,0,2022-01-15 15:53:13.740460,okbsd@email.ru,,,0,0
546,enoxmsen,Таисия,Богданова,1,2022-01-15 17:09:39.200826,om.enoxobmnoss@yandex.ru,,,1,0
547,kbbkss,Макар,Маслова,1,2022-01-15 17:11:04.287105,fb.abnenbxomnobsb@gmail.com,,,2,5
548,kbbks,Варвара,Куликов,0,2022-01-15 18:28:36.502713,fb.abnenbxomnobsb@gmail.ru,,,0,0
549,ksxbn2000,Андрей,Дмитриев,1,2022-01-15 18:32:42.450433,csaob.kn18@physics.msu.ru,,,1,0
550,Pxb100Gxsc04oo,Карина,Соловьев,0,2022-01-16 07:13:57.881927,kbknomsdsb@mail.ru,,,0,0
551,ooxo32,Демид,Артемова,1,2022-01-16 07:30:51.717493,snfbxoo@gmail.com,,1.0,1,0
552,Jbeobn991,Марк,Алексеева,1,2022-01-16 08:21:15.203570,nofodsbom99@mail.ru,,,1,0
832,Ronsbxs,,,1,2022-01-26 17:08:21.381869,xonsbxs7@gmail.com,,,1,0
553,RbknSbk,Элина,Захаров,1,2022-01-16 10:03:19.052764,xbkn.nbk@gmail.com,,,1,0
554,fsbkbnaodfVbfsk,Кирилл,Сухарева,1,2022-01-16 11:41:00.042656,fsbkbnaodfmbfsk@gmail.com,,,1,25
555,aam604,,,1,2022-01-16 14:35:42.580776,aam777@gmail.com,,,1,0
556,fsbkbnaodf,,,0,2022-01-16 15:25:40.376647,mbfskobxbmbnnosn2004@gmail.com,,1.0,0,0
557,GbdosnM,Валентина,Мальцева,1,2022-01-16 16:30:54.927455,abdosn.ksnbsd.11.06@yandex.ru,,1.0,1,10
558,ADbd,Макар,Власова,0,2022-01-16 17:12:10.838076,fx.abxbobnnob@gmail.com,,,0,0
559,EjskbmDV,,,0,2022-01-16 17:18:11.773468,97.ojskbm.fksaxss@gmail.com,,,0,0
560,Ybnnsnabko,Елизавета,Нечаева,1,2022-01-16 17:28:52.436947,sxnsn.ksenbod@gmail.com,,,1,0
561,Bdbna3x,Андрей,Исаева,1,2022-01-16 17:32:28.311612,nbnsb-osdonnbm@ya.ru,,,1,0
562,Сашаша,Аделина,Романов,1,2022-01-16 19:47:31.276110,askc1812@gmail.com,,,1,0
563,smbn12093,Глеб,Трифонова,1,2022-01-16 19:51:34.496598,dbnjbnbdfsox@gmail.com,,,1,0
564,Hbfbabx,,,1,2022-01-16 20:55:55.901482,obdsb.ibnbd@yandex.ru,,,1,0
565,DoksnAnabn,Артём,Горелов,1,2022-01-16 21:19:16.421375,foksn_bnabn@list.ru,,,1,20
566,Kbaonosbobasb,,,1,2022-01-17 03:53:57.626315,soobao.xsnb.ox@gmail.com,,1.0,1,0
567,kbassnnsn,Виктор,Серова,1,2022-01-17 04:38:03.273040,kasnnn@ya.ru,,,1,20
568,Dsksen,Романова,Ермилова,1,2022-01-17 06:12:27.618411,ibcba.fksaxs@yandex.ru,,1.0,1,5
569,Vdbfb,,,1,2022-01-17 06:13:28.519005,Vdbfdonb1805@mail.ru,,,1,0
570,abnbnon,,,1,2022-01-17 09:32:37.408200,abnbnon@bk.ru,,,2,5
571,Adoon08,Варвара,Куликов,1,2022-01-17 09:57:34.478941,asdcoxa0@mail.ru,,,1,0
572,kbxskbfnb88,Демид,Сергеева,1,2022-01-17 10:54:17.391161,kbxskbfnb88@gmail.com,,,1,0
573,bdofobf,София,Андрей,1,2022-01-17 14:17:15.375465,nnosoo@mail.ru,,,1,0
574,no3nbobkob8,Ангелина,Смирнова,1,2022-01-17 14:31:19.658621,no3nbobkob8@gmail.com,,,1,0
575,nscfbxo,Дарья,Мальцева,1,2022-01-17 15:35:46.279999,nscfbxo@inbox.ru,,,2,10
577,kka11,Александр,Афанасьев,1,2022-01-17 15:48:01.099627,k.a.konsabx@gmail.com,,,1,10
578,Sdbmodso,,,1,2022-01-17 16:50:33.246762,nmodso3@yandex.ru,,,1,0
579,Gsjbn,,,1,2022-01-17 18:03:09.144112,nbsobkkona@gmail.com,,,1,0
580,xbnasdo,,,1,2022-01-17 19:12:05.571112,xbnasndb.dsnonobm@mail.ru,,,1,210
581,Хуй4символа,Константин,Кузнецова,1,2022-01-17 19:26:13.849532,esjbns4024@shopxda.com,,,1,0
582,oabxskxs,Илья,Горячева,1,2022-01-17 20:59:14.154998,oaxso1998@gmail.com,,,1,5
583,Sbmenso,,,1,2022-01-17 21:11:46.367481,anoxsonnn@gmail.com,,,1,0
584,TnoWbdjHbxiox,,,1,2022-01-18 05:30:38.876353,sabx.abfsnbm.2000@mail.ru,,,1,0
585,37b4nnm,,,1,2022-01-18 06:46:30.443681,37b4nnm@vk.com,,,1,10
586,DCnoonsn,,,1,2022-01-18 08:09:17.885505,fksaxssenonsn@gmail.com,,,1,0
587,Dksaxs1mbnbm,Варвара,Антонов,1,2022-01-18 08:48:09.503601,Dksaxs1mbnbm@yandex.ru,,,1,0
588,ndnoxa,,,1,2022-01-18 10:24:53.574920,ndnoxa@mail.ru,,1.0,1,35
589,OdabKb,Евгения,Куликов,1,2022-01-18 11:03:58.839049,bomobxibmb@yandex.ru,,1.0,1,0
590,Ksxaona,Даниэль,Ефимов,1,2022-01-18 11:28:34.650555,fsobdsnosxsdd@gmail.com,,,1,0
591,fsobdsnosxsdd,,,1,2022-01-18 11:56:26.927638,fso.osx200010@gmail.com,,,1,5
592,BOOM,Ева,Сергеева,0,2022-01-18 12:35:35.967653,fsfob.bdofbnfx83@gmail.com,,,0,0
593,sxnsn,Дарья,Воронцова,1,2022-01-18 13:08:58.717314,sxnsnox@gmail.com,,,1,0
594,AccbnOFF,,,1,2022-01-18 13:15:38.824446,abjsj.bccbnbm@abb-bank.az,,,1,0
595,sfnioddo,Глеб,Сухарева,1,2022-01-18 14:27:45.204407,sfn-koabd@mail.ru,,,1,5
596,Kbna1959,Николай,Тимофеев,1,2022-01-18 14:56:40.353273,obna1959@list.ru,,,1,0
597,Kxsnasnb,Глеб,Иван ,1,2022-01-18 16:54:52.062895,oxsnasnbssfsnb2105@gmail.com,,,1,0
598,Gsxssob,Евгения,Куликов,1,2022-01-18 17:45:09.994834,f.n.fbdabm@yandex.ru,,,1,0
599,bcsnsabd,Варвара,Никитин,1,2022-01-18 17:51:07.099980,b.d.cosnbxbmsen@gmail.com,,,1,0
600,Pbxoab,,,1,2022-01-18 19:25:44.642411,kx.nnbdxbbf@mail.ru,,,1,0
601,DksaxssPbxaox,Максим,Зорина,1,2022-01-18 20:26:16.555610,fksaxss.ibxaox@mail.ru,,,1,0
602,xokoddb,Андрей,Воронцова,1,2022-01-18 20:35:55.234550,bfbkba.nbdskabxoom@gmail.com,,,1,5
603,Xbkn,Михаил,Афанасьев,1,2022-01-18 21:01:04.729122,xnokmm@gmail.com,,,1,0
604,mbmbna98,Глеб,Ефимов,1,2022-01-19 04:02:32.822251,mbmbna98@gmail.com,,,1,0
605,isabnsna,Максим,Нечаева,1,2022-01-19 04:18:33.786257,bbsbnb@mail.ru,,,1,0
606,Lsjona,,,1,2022-01-19 04:18:51.841409,mdbfkbxenonobnaobk@gmail.com,,,1,0
607,Safnsaos,Константин,Жукова,0,2022-01-19 05:59:14.559611,ojds322@gmail.com,,,0,0
608,xbabkbabxonsko,Никита,Морозов,1,2022-01-19 06:51:39.596585,xbkbnbfbmnsobm99@mail.ru,,,1,0
609,Bxbnoabibo,Эмилия,Иван ,1,2022-01-19 06:53:12.191485,ksxbnbb@bk.ru,,,1,0
610,ioiibisa,Валентина,Морозов,1,2022-01-19 07:00:43.706270,anoesaoesnnbkbncsn@gmail.com,,,1,0
611,fbssbsnos,Варвара,Алексеева,1,2022-01-19 07:46:58.255980,fbssbsnos@yandex.ru,,,2,185
612,Axaok1606,Даниил,Беликов,1,2022-01-19 09:02:43.204390,bxaok131606@yandex.ru,,,1,0
613,asnsk14,Валерия,Климов,1,2022-01-19 10:02:31.573171,asnsk14@yandex.ru,,,1,0
614,abxiofb,,,1,2022-01-19 11:05:52.242071,xsbcbjj.fksaxsj@yandex.ru,,,1,5
616,bddkbf,Арсений,Иванов,1,2022-01-19 12:26:16.459883,bddkbf@yandex.ru,,,1,0
617,sdfsnfbmsfbm,Варвара,Леонова,1,2022-01-19 14:16:37.501062,sdfsnfbmsfbm@ya.ru,,,1,0
618,axs631871,София,Алексеева,1,2022-01-19 14:16:58.053272,axs631871@yandex.ru,,,1,0
619,axsksdsbxfb,Илья,Мальцева,1,2022-01-19 14:45:14.409873,baffjsnn@gmail.com,605.0,,1,20
620,ibxbmbf15,Валерия,Фролова,1,2022-01-19 14:46:06.892865,ibxbmbf15@yandex.ru,605.0,,1,0
621,xofnnabn,Карина,Антонова,1,2022-01-19 15:09:13.851939,xofnnabn@yandex.ru,,,1,0
622,konnsjbn,Ольга,Захаров,1,2022-01-19 15:10:36.886614,konnsjbn@bk.ru,,,1,15
1328,nsasnbi,,,1,2022-02-10 20:58:05.716399,nsasnbi@ya.ru,,,1,0
623,ebbkeboo,София,Мальцева,1,2022-01-19 17:18:56.565325,bcodobm99@mail.ru,,,1,0
624,Mbon2615,Анна,Андрей,1,2022-01-20 03:13:15.246847,ksxbobsom993@gmail.com,,,1,0
625,jsnnaxbsdobesdb,Александра,Мартынов,1,2022-01-20 03:20:07.587830,jsnnaxbsd.obesdb@gmail.com,,,1,0
626,nmsbaob,Ольга,Баранов,1,2022-01-20 05:05:27.325547,nfsc@ukr.net,,,1,0
627,Sbdoknx,,,1,2022-01-20 05:19:33.803580,dsbisnasn.sdsb@gmail.com,,,1,0
628,Vbdsb21,,,0,2022-01-20 05:24:17.478162,jbxnba1956axbj@gmail.com,,,0,0
629,jsf11,Ярослав,Столяров,1,2022-01-20 06:09:58.008336,jsf55@bk.ru,605.0,,1,0
630,ifn002,Филипп,Смирнова,0,2022-01-20 06:25:03.259839,fbnsd.isba@mail.tu,,,0,0
631,Dfjj,Максим,Петров,0,2022-01-20 08:39:27.991362,jfaana@mail.ru,605.0,,0,0
633,ksdba,Варвара,Романов,1,2022-01-20 09:49:23.032051,bxsnbosdisdsbsnon@yandex.ru,605.0,,1,35
634,MbxbaLOTR,Карина,Филимонов,1,2022-01-20 09:51:08.885895,kbxbabcfxbnkbnbm@yandex.ru,,,1,5
635,xjf1,Александр,Старостин,1,2022-01-20 10:02:32.770266,xsjf01@gmail.com,,,1,5
636,aoxnasfona,Артём,Дмитриева,1,2022-01-20 11:55:43.731048,aobdenoxsn@gmail.com,605.0,,1,0
637,nmoabn6,Ангелина,Константинов,1,2022-01-20 12:34:03.122063,nmoabn6@yandex.ru,,,1,40
638,SjsbffsoJboox,Алина,Антонова,1,2022-01-20 14:19:39.479703,dbb451_57@mail.ru,,,1,5
639,fnb1,Дарья,Тимофеев,1,2022-01-20 14:48:35.361869,nfnxbobm@yandex.ru,,,1,15
640,sbkedbdn,,,1,2022-01-20 15:15:56.599746,xofinbnabknbnnb@gmail.com,,,1,0
641,nnsnnoxsnfb,,,1,2022-01-20 15:22:01.884186,nnsnnoxsn@mail.ru,,,1,0
642,Snaojbnf,,,1,2022-01-20 16:36:38.227074,fbnsdb.naoibnbm.99@mail.ru,,,1,0
643,Gbenb,Валерия,Власова,1,2022-01-20 17:00:33.859343,odonnnooxbc@gmail.com,,,1,0
644,Mbnsosn,Алиса,Столяров,1,2022-01-20 17:57:51.337659,obasb.asxkbnonob.97@mail.ru,,,1,0
645,Y4R1K,Николай,Горелов,1,2022-01-20 19:54:49.080497,fjfjfj.fjfj.1985@mail.ru,,,1,0
646,Rcd10,Алиса,Антонов,1,2022-01-20 20:45:20.059612,xcd10@mail.ru,,,1,0
632,CbfoMbnoos,София,Лебедева,1,2022-01-20 09:26:57.259029,nbadofnomb77@gmail.com,,,1,0
647,bonsnsb,Михаил,Петров,1,2022-01-20 23:45:25.749280,dbibdbdb@yandex.ru,,,1,0
648,Bsfnbo,Кирилл,Захарова,1,2022-01-21 02:54:13.988767,Bsfnbo@ya.ru,,,1,0
649,kbnebdfsna,Варвара,Старостин,1,2022-01-21 07:47:50.004411,jbxasnb949@mail.ru,,,2,15
650,Adbnnb,,,1,2022-01-21 08:30:33.349656,bosnbnfxb70@gmail.com,,,1,0
651,bobxfnonob,Смирнов,Исаева,1,2022-01-21 08:39:27.688485,bbobxfnonob@gmail.com,,,1,10
652,xofkbn,Святослав,Богданова,1,2022-01-21 08:45:12.404434,fesxom@mail.ru,,,1,0
653,doaobmbb,Валерия,Яковлев,1,2022-01-21 08:47:05.131057,doaobmbb@mail.ru,,,1,0
654,Emb96,Виктор,Кузина,1,2022-01-21 10:19:41.038195,omb96@mail.ru,,,1,0
655,Dbnssd,Ярослав,Захарова,0,2022-01-21 11:59:41.799756,osfnoanbm.fbnssd94@gmail.com,,,0,0
656,VRsn,Глеб,Ермаков,1,2022-01-21 13:30:35.022165,xonb.axonb@yandex.ru,,1.0,1,0
657,Vbdab,Дарья,Макаров,1,2022-01-21 13:52:06.002657,mbdabmsa15@mail.ru,,,1,0
658,Nbabdsb,,,1,2022-01-21 14:42:55.267907,nsbx.sbxobsb@mail.ru,,,1,0
659,Sabxoe99,Даниил,Медведева,1,2022-01-21 15:29:14.625278,nabxoe99@gmail.com,,,1,0
660,fbnsdbaxbmobm,Михаил,Гончарова,1,2022-01-21 15:29:59.953959,sancoban@gmail.com,,,1,0
661,xbsf33x,Алиса,Кузина,1,2022-01-21 16:28:29.289884,xbsf33x@gmail.com,,,1,0
662,EfabxAdokbnbm,Алиса,Воронцова,1,2022-01-21 16:58:32.110236,ofabx.bdokbnbm@gmail.com,,,1,0
663,Mbxibnen,Ульяна,Семенова,1,2022-01-21 17:31:53.918257,kbxffsscb.93@gmail.com,,,1,0
664,Anbnabnssbob,Ника,Иванов,1,2022-01-21 18:15:19.004689,bnbnbn1bnb@yandex.ru,,,1,0
665,Yjnjsjb,Кирилл,Кузина,1,2022-01-21 18:38:43.083162,nbabnnbobxonnobmb@gmail.com,,,1,0
666,Sesbdd,,,1,2022-01-21 19:46:40.328745,nesbdd1992@gmail.com,,,1,0
667,nmdbaxb,Вероника,Кузнецова,1,2022-01-21 21:33:51.460976,nmdbaxb@yandex.ru,,,1,0
668,EWEQWE2,,,1,2022-01-21 22:36:18.106739,o.bdonnnsobm@mail.ru,,,1,0
669,bnnnn,Александр,Дементьев,0,2022-01-21 23:35:10.047483,bnoenob24122006@gmail.com,,,0,0
670,Nsosabndbm,Варвара,Фомин,1,2022-01-21 23:53:46.329554,nsosabobosxnsobm@gmail.com,,,1,0
671,Nnbkbonmbdbmb,,,0,2022-01-22 03:50:35.950847,n.nbkbonmbdbmb-snjb@yandex.ru,,,0,0
672,Ksxsdd111,Вероника,Андрей,0,2022-01-22 03:53:37.164897,osxssdd@mail.com,,,0,0
673,Tdban,Мирон,Яковлев,1,2022-01-22 05:47:52.963301,820.357@gmail.com,,1.0,1,0
674,Cmoab4444,Анна,Смирнова,1,2022-01-22 07:06:34.047353,emoab78.18@mail.ru,,,1,0
675,Vbxsbmbnssobmb,Фёдор,Горелов,0,2022-01-22 07:27:12.500103,mbxmbxbmbnssobmb@gmail.com,,,0,0
676,Adfbdd,,,1,2022-01-22 07:31:52.950236,bdfbdddd@mail.ru,,,1,0
677,kbfksnbdsnnsn,,,0,2022-01-22 07:48:50.679346,kbfsk.ksnbdsnnsn@gmail.com,,,0,0
678,Ssdmonaxbm,Ника,Столяров,1,2022-01-22 07:58:16.363226,oosfno@mail.ru,,,1,0
679,asksx0450,Валентина,Баранов,1,2022-01-22 08:03:30.028259,asksx0450@gmail.com,,,1,0
680,Ssdmoxnbcdo567,Варвара,Горячева,0,2022-01-22 09:00:28.999957,oksd.ossscbm.00@mail.ru,,,0,0
681,ANALsase,Филипп,Семенов,0,2022-01-22 10:59:01.176604,ossscbm.oksd@yandex.ru,,,0,0
682,Kbdfbn,Кирилл,Леонтьева,0,2022-01-22 11:27:38.594962,foksnso2013@mail.ru,,,0,0
683,sxsnbxse2009,Ярослав,Антонов,1,2022-01-22 11:28:07.734408,sxsnbxse2009@yandex.ru,,,1,170
684,xnobxenox,София,Баранов,1,2022-01-22 13:24:13.267193,x-nobxenox@yandex.ru,,,1,0
685,nocbxsnnom,,,0,2022-01-22 14:42:47.860102,nsosabcbxsnnomo@gmail.com,,,0,0
686,obassabmb,Константин,Нечаева,1,2022-01-22 14:50:03.404963,osobassabmb@gmail.com,,,1,0
687,abibdM,Ева,Баранова,1,2022-01-22 14:50:45.684608,obfi@narod.ru,,,1,0
688,kbxkba,Валентина,Филиппова,1,2022-01-22 15:07:42.807911,nsxobmbkbxsnb@yandex.ru,,,1,0
689,bdosdbobmb,Таисия,Гончарова,1,2022-01-22 15:55:34.757717,bdosdbobmb@yandex.ru,,,1,0
690,nbnnb50948,Варвара,Мальцева,1,2022-01-22 16:05:54.821317,nbnnb50948@yandex.ru,,,1,0
691,jbnaska,Даниил,Андрей,1,2022-01-22 16:34:53.517780,jbnaska@gmail.com,,,1,5
693,csajdbiib,Варвара,Воронцова,0,2022-01-22 17:10:09.782333,ensnenbib@mail.ru,,,0,0
694,DksaxssRs,Андрей,Макаров,1,2022-01-22 17:15:09.369813,fjkbnjf@gmail.com,,,1,15
696,Rsmoxkbxsn,Глеб,Беликов,1,2022-01-22 17:16:01.241485,smbn27jsds@yandex.ru,,,1,0
697,soxsnob,Таисия,Иван ,1,2022-01-22 18:43:41.333361,kbnobdomb.ss@gmail.com,,,1,0
698,Hssd,,,1,2022-01-22 18:54:07.970747,fnkoon@gmail.com,,,1,0
700,Moabddnbkkox,Максим,Антонов,1,2022-01-22 19:31:51.668731,koabdd_nbkkox@bk.ru,,,1,0
701,jdfejffofjjfd,Элина,Демина,1,2022-01-22 19:48:09.828246,abobonofbcsa@gmail.com,,,1,0
702,Sbnnbabxbnnbmb,,,1,2022-01-22 20:32:26.485245,bdsbnnabx99@mail.ru,,,1,0
703,kjnsosab,Ева,Антонов,1,2022-01-22 21:18:32.666029,kjnsosab@gmail.com,,,1,0
704,aonaaona2,,,1,2022-01-22 21:19:25.071293,fbmsf.nbko@mail.ru,,,1,0
705,aona,,,0,2022-01-22 21:38:33.515447,aona@test.com,,,0,0
706,aona0504,,,1,2022-01-22 21:56:02.647858,aona2@test.com,,,0,0
707,Rbkbndofobm,,,1,2022-01-22 22:31:24.255825,xbkbndofobm@icloud.com,,,1,0
708,Dbxsb1998,Варвара,Сухарева,1,2022-01-22 23:09:11.731204,fbnnonob.01.02.1998@gmail.com,,,1,0
709,Pbskbnsb,Вероника,Андрей,1,2022-01-23 05:09:54.782434,nbnabkbxsb@neo-rage.ru,,,1,0
710,VPbnasonbm,Степан,Ефимов,1,2022-01-23 06:58:59.805061,foksabf1896@gmail.com,,,1,0
711,Nbab1994,,,1,2022-01-23 07:50:18.871398,nbabdjb.ioasnbdb@yandex.ru,,,1,0
712,ffe1337,,,1,2022-01-23 10:12:12.556440,f3nsn.xscbobm@yandex.ru,,,1,0
713,Dnbnnonob,Таисия,Петров,1,2022-01-23 11:59:37.796299,fnbnnonob@gmail.com,,,1,5
714,asdnsnb,Мирон,Медведева,0,2022-01-23 12:22:05.430242,asdnsnob08@rambler.ru,,,0,0
715,objabf,Кирилл,Фомин,0,2022-01-23 12:27:01.397571,jdbksnadbeob@gmail.com,,,0,0
716,bdsbksx,,,1,2022-01-23 12:36:01.451178,ksxbnnbmb.bdsb@inbox.ru,,,1,20
717,Таха,,,1,2022-01-23 12:42:03.763308,nbabdsbna1991@mail.ru,,,1,0
718,Pmfnscxsnb,Варвара,Яковлев,1,2022-01-23 13:30:43.898906,Pmfnscxsnb@yandex.ru,,,1,0
719,Fsxn,Арсений,Трифонова,1,2022-01-23 14:03:27.055528,jxoofo81@mail.ru,,,1,0
720,Afffs,,,1,2022-01-23 14:07:19.396482,bfffs008@mail.ru,,,1,0
721,Hfjfjfonbnb,Георгий,Антонов,1,2022-01-23 14:15:06.299093,fbdokb3860@wodeda.com,,,1,20
722,xbnnmoabss,,,1,2022-01-23 14:29:09.095828,xbnfmoabss94@gmail.com,,,1,0
723,abibdob,Глеб,Нечаева,1,2022-01-23 16:28:43.628414,abibdob999@gmail.com,,,1,0
724,nmbdo,Константин,Яковлев,1,2022-01-23 16:30:36.410395,nmbdo@yandex.ru,,,1,0
725,Acxbkbmsenmsabds,Артём,Семенова,1,2022-01-23 16:41:10.142846,bcxbkbmsen1997@yandex.ru,,,1,0
726,mcnejjxdn,Фёдор,Леонтьев,1,2022-01-23 16:47:01.456992,mcnejjxdnnaojojfjk@nthrl.com,,,1,15
727,DksaxsZn,Анна,Лебедева,1,2022-01-23 16:49:29.880493,oxxbxjbsnf@gmail.com,,,1,0
728,Ksxfbn,Дарья,Семенов,1,2022-01-23 16:59:23.667703,osxfbn.abbf@gmail.com,,,1,0
729,MbksaSsx,,,1,2022-01-23 19:55:43.028061,kbksa183@icloud.com,,,1,15
730,obasb,Георгий,Щербаков,1,2022-01-23 21:21:26.369952,obasob.xs96@gmail.com,,,1,0
731,Odnsnns,Михаил,Воронцова,1,2022-01-23 22:13:51.061867,bdnsnns@yandex.ru,,,1,0
732,bnbajox,Даниил,Кулагин,0,2022-01-24 03:43:20.117969,ixb-bnabn@bk.ru,,,0,0
733,asaoba,,,1,2022-01-24 05:47:44.968474,Kbabasa@gmail.com,,,1,0
734,noosfc,Константин,Тимофеева,1,2022-01-24 06:15:26.658871,noosfc@gmail.com,,,1,75
735,aoffxban,Дарья,Исаева,1,2022-01-24 07:10:24.013120,fbmsfonob-obxbdsnb@mail.ru,,,1,0
736,Ksxssnsn93,,,1,2022-01-24 07:50:38.052535,Ksxssnsnbxaok93@mail.ru,,1.0,1,0
737,Hbdcox,Виктор,Архипов,1,2022-01-24 07:55:27.527027,md.obx_bd@mail.ru,,,1,0
738,naoibndonnsobm,Валентина,Нечаева,1,2022-01-24 07:57:18.799998,naoibn.donnsobm@gmail.com,,,1,0
740,Dbxsb,Филипп,Горелов,1,2022-01-24 09:13:16.174990,nsobdonob_fbxsb@mail.ru,,,1,0
741,msms,Степан,Никитин,1,2022-01-24 09:29:25.463338,msobjbsxs@yahoo.com,,,1,0
742,mbdoa228,,,1,2022-01-24 10:02:57.746054,bosdbmfksaxssn@gmail.com,,,1,0
743,Jnnnn,Вероника,Васильев,0,2022-01-24 10:30:04.990115,jfjnn@jdn.4jr,,,0,0
744,Lsds,Серафим,Устинова,1,2022-01-24 10:43:11.441212,xoakbxooa90@gmail.com,,,1,0
745,kxaonssn248,Андрей,Горячева,1,2022-01-24 11:24:46.209437,kxaonssn248@gmail.com,,,1,0
746,nbnasbibn97,Дмитрий,Фадеева,1,2022-01-24 12:29:41.461857,nbnasbibn97@gmail.com,,,1,0
747,jsnadsoojbeo,Смирнов,Горячева,1,2022-01-24 12:40:29.150291,ibismfksa@gmail.com,,,1,10
748,smbbdfjssx,Эмилия,Иван ,1,2022-01-24 12:57:52.572026,smbbdfjssx@gmail.com,,,1,0
749,obnkbnbjsmo,Фёдор,Захарова,1,2022-01-24 13:56:58.671422,b5-obnkbn@yandex.ru,,,1,0
750,Pbdds,София,Артемова,1,2022-01-24 14:04:59.395624,i_b_d_s_n@icloud.com,,,1,0
751,Ппрннн,Фёдор,Антонов,0,2022-01-24 14:59:53.052625,anaf@n.com,,,0,0
752,kbnnaoxnjd2,Виктория,Ермилова,1,2022-01-24 15:37:22.116349,moxonsobdofos@gmail.com,,,1,0
753,Gbmx,Глеб,Сергеева,1,2022-01-24 15:46:11.255225,abmxsdomfoskm@rambler.ru,,,2,15
754,mdbfdonnbo,Смирнов,Мальцева,1,2022-01-24 15:53:24.381430,obaoma94@gmail.com,,,1,0
755,Kbonjfjfj,,,0,2022-01-24 15:54:41.109067,nxjfono@gmsil.com,,,0,0
756,nnboobii2022,Варвара,Миронова,0,2022-01-24 16:00:36.421251,nnboobii2022@gmail.com,,,0,0
757,bcbxonbabmb,Фёдор,Степанова,0,2022-01-24 16:35:34.802904,modmoacdbnfo81@gmail.com,,,0,0
758,bnaodsnb1,,,1,2022-01-24 17:20:17.335901,nnsdbmb-bnaodsnb@mail.ru,,,1,0
759,Saoodxba,,,0,2022-01-24 17:30:35.586176,bxon2002@mail.ru,,,0,0
760,Mbanoaoo,Мирон,Афанасьев,1,2022-01-24 17:51:51.105971,kbnnskb2584@gmail.com,,,1,0
761,Vsobabxssb0902,Филипп,Афанасьев,1,2022-01-24 17:54:08.443651,idoanombmsob0902@mail.ru,,,1,0
762,Vsoabxssb0902,Серафим,Романов,0,2022-01-24 17:55:18.723766,idoanombmsjb0902@mail.ru,,,0,0
763,naxbdcoxxs131201,Варвара,Захарова,1,2022-01-24 18:04:10.219063,190103340@stu.sdu.edu.kz,,,1,0
764,Anbnabesb27,,,1,2022-01-24 18:09:01.116838,bnbnabesb2712@mail.ru,,,1,0
765,Adbnbnsnb,,,1,2022-01-24 18:09:37.458602,b.dbnbnsnb@mail.ru,,,1,0
766,Bbeokbn,Максим,Кузнецова,1,2022-01-24 19:07:18.950785,sdsn-KOVALEV@yandex.ru,,,1,5
767,kbxab,Варвара,Антонов,1,2022-01-24 19:16:29.714819,xsabk93@mail.ru,,,1,0
768,NIKIab2207,,,1,2022-01-24 19:23:54.071745,nso.nnnsxobdnos2015@mail.ru,,,1,0
769,Ajsbkbxsn,Даниил,Беляев,1,2022-01-24 19:38:04.532899,dofbcbdnbn2@gmail.com,,,1,0
770,nbidbob,Андрей,Алексеева,1,2022-01-24 20:09:43.694257,nbidbob@gmail.com,208.0,,1,10
771,Rsfbdj,Романова,Тарасов,1,2022-01-24 21:04:25.612050,xbdfsasn.jb@gmail.com,,,1,0
772,bnsobdbomnos,Кирилл,Гончарова,1,2022-01-24 21:05:02.277131,bnsobdbomnos@gmail.com,,,1,0
773,Kbbiox,Максим,Афанасьев,1,2022-01-24 21:11:09.914032,aonnsnsna1995@mail.ru,,,1,0
774,Kcfm,,,1,2022-01-24 21:11:42.373713,ocfm.nic@gmail.com,,,1,0
775,mbfnbsd,,,1,2022-01-24 21:49:22.442851,mbf-nbsd@yandex.ru,,,1,0
777,bncsob1,Анна,Ермаков,1,2022-01-25 05:04:43.544111,askbdabs@gmail.com,,,1,0
778,SnnenbsA,Анна,Парамонова,0,2022-01-25 06:52:33.887783,bjbnb.ossdbx@gmail.com,,,0,0
779,Rbdx,Фёдор,Беляев,0,2022-01-25 07:10:17.627029,x1.jd@bk.ru,,,0,0
780,fonodokbn,Серафим,Романов,0,2022-01-25 07:50:51.815833,fbnssbx.sxbfcbsom99@gmail.com,,,0,0
781,ofbno,Глеб,Бирюкова,1,2022-01-25 07:59:59.254460,bncxso@mail.ru,,,1,0
782,nkmbdoxs,Михаил,Демина,1,2022-01-25 08:16:45.422530,nk.mbdoxs@gmail.com,,,2,15
783,nbcjssfb,Варвара,Иван ,0,2022-01-25 08:40:35.442888,nbcjssffb@gmail.com,,,0,0
784,Vbfbndsm,,,1,2022-01-25 08:43:38.873409,Bbabdbmmj@ya.ru,,,1,0
785,fojbnenob,Дарья,Фомин,1,2022-01-25 09:29:44.087752,jdoxasjxobo@mail.ru,,,1,10
786,Bodsf,Артём,Авдеева,1,2022-01-25 10:37:54.138389,dnsao9871@gmail.com,,,1,30
787,Zsob,Виктор,Романов,1,2022-01-25 10:50:05.029774,smbn.oxsmbobn@gmail.com,,,1,0
788,ososnnosn,,,1,2022-01-25 11:04:46.054457,edokona@mail.ru,,,1,0
789,abjbodb,Валерия,Константинов,1,2022-01-25 13:26:57.943019,oban.abobomb@gmail.com,,,1,0
790,fbxb,Анна,Нечаева,1,2022-01-25 13:43:58.201382,bnbnabnssaenocbabx@yandex.ru,,1.0,1,0
791,nbnbnb,Александр,Богданова,1,2022-01-25 13:49:11.652299,onfsb5@yandex.ru,,,1,0
792,basfom,Даниил,Антонов,1,2022-01-25 15:24:11.886758,bdoonos.asfom@gmail.com,,,1,0
793,bfksn566,,,0,2022-01-25 15:24:47.663053,abnsojso@yandex.ru,,,0,0
794,confbxfso,,,1,2022-01-25 15:31:18.473312,mfbxfso@gmail.com,,,1,5
795,KsfsbRo,Филипп,Щербаков,1,2022-01-25 15:50:46.553169,Ybasfsb97@gmail.com,,,1,0
796,sxbsabxomnb,Никита,Трифонова,1,2022-01-25 16:08:18.173853,cof.mscbxb@icloud.com,,,1,0
797,007dbxbn,Андрей,Климов,1,2022-01-25 16:18:14.970842,007dbxbn@gmail.com,,,1,0
798,Anbnbnso217,Элина,Афанасьев,1,2022-01-25 16:23:39.955896,mdbfsksx.nsoo.1999@gmail.com,,,1,0
799,Lsscbbbbcbb,Ярослав,Захарова,1,2022-01-25 16:41:38.470729,Lsscbcbassobmb@yandex.ru,,,1,0
800,bobnfxbaonob,Варвара,Курочкин,1,2022-01-25 17:02:56.239608,idbasnsk-asxd@mail.ru,,,1,0
801,Inaxso9,Александра,Антонов,1,2022-01-25 17:42:34.342205,SIS2011@inbox.ru,,,1,0
802,fokbnsfe,Татьяна,Петров,1,2022-01-25 18:18:31.446432,fokbnsfe@gmail.com,,,1,0
803,Jsjxb,Таисия,Сухарева,1,2022-01-25 18:41:48.678084,jsisnoomsen@gmail.com,,,1,0
804,Pbdsbnsnb,София,Лосев,1,2022-01-25 18:47:20.129881,ak_bdofoomb@mail.ru,,,1,0
805,bxaokmbnnnom,Таисия,Семенова,0,2022-01-25 18:49:46.989055,bxaokmbnnnom@yandex.ru,,,0,0
806,Aaba,Арсений,Климов,1,2022-01-25 19:13:12.102012,10bxcsfbm@mail.ru,,,1,0
807,bdkon,София,Фролова,1,2022-01-25 19:56:42.617209,bdkonabxcbao@outlook.com,,,1,0
808,AJICA,Полина,Баранова,1,2022-01-25 20:07:27.376414,sebom888@gmail.com,,,1,0
809,Dbxso,,,1,2022-01-25 21:16:24.419962,fbxombdo.13@gmail.com,,,1,0
810,bcnabsnox,Дарья,Трифонова,1,2022-01-25 22:58:02.042330,bdofcna@mail.ru,,,1,0
811,ask4so117,Василиса,Петров,1,2022-01-26 00:26:29.026290,askbjoj.xsbcbm.07@gmail.com,,,1,0
812,cbdsnsn,,,1,2022-01-26 04:25:25.325456,cbdsnsn@mail.ru,,,1,0
813,mabnabnbmnoss,,,1,2022-01-26 06:45:18.464608,abnabnbmnoss@gmail.com,,,1,0
814,Vbn82s,,,1,2022-01-26 07:19:13.395647,mbn82smbnbmn@gmail.com,,,1,0
815,Iabx2022,Ника,Петров,1,2022-01-26 07:44:30.496116,odsnabn_c1@mail.ru,,,1,15
816,Ronbnsao,Андрей,Щербаков,0,2022-01-26 08:49:49.948193,fx16051995@ya.ru,,,0,0
817,AnabnVodfsn,София,Семенова,1,2022-01-26 08:58:54.254938,bnabn.modfsn@gmail.com,,,1,5
818,oise,Михаил,Баранов,1,2022-01-26 10:22:25.323120,ibfsasm.bb@yandex.ru,,,1,10
819,nbnas,Эмилия,Миронова,0,2022-01-26 10:25:54.443989,nbnasb61093@mail.ru,,,0,0
820,Sbdds,Виктор,Баранов,1,2022-01-26 11:23:30.528415,abksdsb@mail.ru,,,1,0
821,fenibxanosox,Глеб,Фадеева,1,2022-01-26 11:30:55.889559,fenibxanosox@gmail.com,,,1,0
822,Snodonnb,Татьяна,Филатова,1,2022-01-26 11:40:57.518757,ob.csnobmb@gmail.com,,,1,0
823,mbbmxn,Полина,Киселев,1,2022-01-26 12:49:29.335425,mbbmxn@gmail.com,,,1,5
824,Iabx,,,1,2022-01-26 12:58:24.268235,sabxs2006@gmail.com,,,1,0
825,Kxssnob,,,0,2022-01-26 13:13:16.193605,oxssnob@mail.ru,,,0,0
826,omnso,Марк,Горелов,0,2022-01-26 13:19:30.252228,nonaoo95@mail.ru,,,0,0
827,Pdbnasfbn,Эмилия,Андрей,1,2022-01-26 13:34:11.190216,idbnasfbn@mail.ru,,,1,0
828,KIndbk,Карина,Семенов,1,2022-01-26 13:59:50.680957,sndbkooxabm@gmail.com,,,1,0
829,Ixenabi,Фёдор,Андрей,0,2022-01-26 14:07:40.551846,sxb.ebbd20@gmail.com,,,0,0
830,LsfbMG,Глеб,Маслова,1,2022-01-26 15:02:07.093426,dsfb.ka@yandex.ru,,,1,50
831,MxZbbk,Романова,Власова,1,2022-01-26 15:50:08.502938,kx.fbbk.bxno@gmail.com,,,1,0
833,KbaoGxx,Андрей,Петров,1,2022-01-26 18:18:32.904349,oobaoxsnb.nxsnabdomb86@gmail.com,,,1,0
834,LonbVbxmbxb,Святослав,Соловьев,1,2022-01-26 19:25:07.403162,ksnndon8787@mail.ru,,,1,0
835,Ponabnb2513,Александр,Романов,1,2022-01-26 19:48:58.039622,ionabnb@ya.ru,,,1,0
836,dbkb13,Марк,Леонова,1,2022-01-26 21:32:49.404537,dbkb13@yandex.ru,,,1,330
837,Nsxn09,Ульяна,Иванов,0,2022-01-26 21:34:18.347826,nsxnba.bcos@gmail.com,,,0,0
838,fsabk123,,,1,2022-01-26 21:43:30.967547,kbxssob-kbasf@mail.ru,,,1,5
839,Bsffabb3,Платон,Зорина,1,2022-01-26 23:23:19.574636,csffabb3@gmail.com,,1.0,1,0
840,bffbdbad,Ника,Мартынов,1,2022-01-27 04:41:56.778465,fbxo_odbsfb12022002@mail.ru,,,1,0
841,jdbfbxom,Виктор,Галкин,1,2022-01-27 04:43:52.899195,j.k.dbfbxom@gmail.com,,,1,0
842,Sdbmb,Маргарита,Нечаева,0,2022-01-27 04:57:01.183622,sboscbm.ndbmb@gmail.com,,,0,0
843,190103463f,Виктория,Трифонова,1,2022-01-27 07:17:19.633765,190103463@stu.sdu.edu.kz,,,1,0
844,xdnjx,Андрей,Трифонова,1,2022-01-27 07:54:14.757741,jsoxxsdoo@gmail.com,,,1,0
845,cbenobxsbjj,Константин,Леонова,1,2022-01-27 09:15:21.002716,cbenobxsbm.ibmdbfbx@gmail.com,,,1,0
846,sbobm123,,,1,2022-01-27 09:34:30.073951,isdsabnbm.m@gmail.com,,,1,0
847,sbobm,,,0,2022-01-27 10:07:14.086225,isdsabnbm.m@gmail.ru,,,0,0
2586,fbn101,,,1,2022-04-02 19:13:00.026228,fbneofbxsb.101@gmail.com,,,1,5
695,Anfsfk,,,1,2022-01-22 17:15:24.733872,bnfs.f97@yandex.ru,,,1,0
699,Dksaxsdbibansobm,,,1,2022-01-22 19:16:25.505877,Dksaxsdbibansobm1996@mail.ru,,,1,0
848,OdsbOxdso,София,Антонов,1,2022-01-27 10:28:14.537568,bdsb-bxdso@mail.ru,,,1,0
849,bdof2022,Полина,Горячева,1,2022-01-27 10:38:39.176577,aodeb@sibmail.ru,,,1,0
850,Fbdno,Виктор,Тимофеев,0,2022-01-27 10:39:18.757565,jonjjjfjbjnj@mail.ru,,,0,0
851,Mbxs,Варвара,Галкин,1,2022-01-27 11:30:45.424748,kbnnonob_knk@mail.ru,,,1,5
852,Rsnnbn,Василиса,Курочкин,0,2022-01-27 11:36:04.826734,snkbnbm-xsnnbn@mail.ru,,,0,0
853,nkbxaf88,,,1,2022-01-27 12:18:23.818059,nkbxaf88@yandex.ru,,,1,0
854,dbxjj,Виктория,Серова,1,2022-01-27 12:45:34.217380,dbxjj1604@gmail.com,,,1,0
855,RbsdOS,Дарья,Петров,1,2022-01-27 13:39:23.540055,nbdskfsbnbm.xa@gmail.com,,,1,0
856,Sbmmsnb,,,1,2022-01-27 13:56:20.470095,nbmmsnb.kbxsnb@gmail.com,,,1,0
857,TonaIT,Ярослав,Родионов,0,2022-01-27 15:03:21.339431,aonasa@mail.ru,852.0,,0,0
858,coofbaonbn,Александр,Ермилова,1,2022-01-27 15:05:37.396850,abnnsobmcoofbaonbn@gmail.com,,,1,0
859,Kbsnbas,Даниэль,Парамонова,1,2022-01-27 15:56:54.220463,bsofb@yandex.ru,,,1,0
860,Vbnsdbo,,,1,2022-01-27 16:45:13.588144,mbnsdboc@gmail.com,,,1,0
861,KbaxsnDsnom,Анна,Старостин,1,2022-01-27 17:02:21.313603,o4axsnfsnom@yandex.ru,,1.0,1,0
862,Enba0027,Смирнов,Дмитриев,0,2022-01-27 17:15:47.410088,onba0027@gmail.com,,,0,0
863,Eob014,Варвара,Греков,1,2022-01-27 17:35:27.191073,cbosabm.oxcbd@gmail.com,,,1,0
864,Snoaboo,Кирилл,Кузина,1,2022-01-27 19:01:35.815476,obxssb.kbxooasna@yandex.ru,,,1,0
865,axbnnbjksdsjo,Дарья,Сухарева,0,2022-01-27 19:13:58.276606,axbnnbjksdsjo@gmail.com,,,0,0
866,jona995,Алина,Устинова,1,2022-01-27 19:28:11.652375,obnasb.nonsasen@yandex.ru,,,1,0
867,Aobnns,,,1,2022-01-27 20:03:54.759536,axenjo@gmail.com,,,1,0
869,Mbxsesb624,Евгения,Зорина,1,2022-01-27 22:50:02.757145,kbxsesb624@gmail.com,,,1,10
870,AnfxosZnfbnbm,,,1,2022-01-28 01:20:08.301205,bnfxosfnfbnbm99@gmail.com,,,1,0
871,kbnoomb,,,1,2022-01-28 03:35:41.608783,kbnoomb-2012@mail.ru,,,1,0
872,msdbeb,,,1,2022-01-28 05:21:07.248820,bn.nioxbnnos@gmail.com,,,1,0
873,sdfbxob,Демид,Баранова,1,2022-01-28 06:52:27.834194,kbxnsosd@gmail.com,,,1,0
874,Sdbasxseo,,,1,2022-01-28 07:39:14.658819,naoibnbabnofbm@mail.ru,,,1,50
875,GMsaxbobm86,София,Баранов,1,2022-01-28 07:58:11.165339,ksaxbeobm.axsabxsj@yandex.ru,,,1,0
876,AdofTbx,Арсений,Воронцова,1,2022-01-28 09:08:41.421818,abxbnbm999nbnsbeo@gmail.com,,,1,0
877,kkenso,,,1,2022-01-28 09:14:33.664349,bnfxod.dbnom@mail.ru,,,1,0
878,Xeon,Ангелина,Медведева,1,2022-01-28 09:58:04.549757,feonsn@gmail.com,,,1,5
879,Ansbax,Валерия,Парамонова,1,2022-01-28 10:03:04.191047,bnsb.axsnnbomb2015@yandex.ru,852.0,,1,0
880,ambsfoffsxbo,Вероника,Полякова,1,2022-01-28 10:30:20.134819,bdd666d@gmail.com,,,1,0
881,VseosR,Дарья,Щербаков,1,2022-01-28 11:45:45.674990,mseosxsn@mail.ru,,,1,0
882,Abbb11111,Виктория,Антонов,1,2022-01-28 11:46:07.266961,nsndbmb.bdofbnfxb@mail.ru,,,1,0
883,jodsfibxbisb,София,Климов,1,2022-01-28 11:47:10.960295,jodsf.ibxbisb@gmail.com,,,1,5
884,dsnff27,,,1,2022-01-28 11:51:14.760177,dsnff27@gmail.com,,,1,0
885,smbn1978,Карина,Старостин,1,2022-01-28 11:56:32.565980,Imbn1978_04@mail.ru,,,1,0
886,osxbssxsen,Варвара,Антонов,1,2022-01-28 12:07:34.713770,osxbssxsen@gmail.com,,,1,0
887,xsccbn,,,1,2022-01-28 12:25:54.088025,xsccbnsnanonbsx@mail.ru,,,1,0
888,Mbxsko,Глеб,Миронова,1,2022-01-28 12:34:10.089940,ibnsasmofonibsx@gmail.com,,,1,0
889,nsonbm,Валерия,Петров,1,2022-01-28 12:44:51.133545,nsonbmsnn@gmail.com,,,1,0
890,Yabxensnabasn,Платон,Власова,1,2022-01-28 12:55:33.443081,sabxensnabasn@mail.ru,,,1,0
891,fbnssdo,Алиса,Ермилова,1,2022-01-28 12:56:49.226691,osaoibm.boabs@gmail.com,,,1,0
892,o4oonbn,,,1,2022-01-28 13:02:43.539072,nbnnsdob@gmail.com,,,1,0
893,nsosxoi,,,1,2022-01-28 13:12:30.865956,xoixsneom2011@mail.ru,,,1,0
894,ksbaxokanom,,,1,2022-01-28 13:12:37.760046,k.sbaxokanom@yandex.ru,,,1,0
895,nbxambn,Филипп,Ефимова,1,2022-01-28 13:21:21.788052,nbxambn@yandex.ru,,,1,0
896,Tnkx,,,1,2022-01-28 13:31:59.607364,asnbksxbdb.abdsb2014@yandex.ru,,,1,0
897,obobmsenkm,Даниэль,Старостин,1,2022-01-28 14:03:14.509877,kbxsbnnb.obobmsen@gmail.com,,,1,0
898,Mmfn,Артём,Галкин,1,2022-01-28 14:19:43.848323,sxbnass.ebbd@yandex.ru,,,1,0
899,bdof0007,Варвара,Беликов,1,2022-01-28 14:58:30.385047,bcs_csxdbobm@mail.ru,,,1,0
900,Adsbnob1,Александр,Богданова,1,2022-01-28 15:30:54.562577,ibibmb.b45@gmail.com,,,1,0
901,Tsxso441,Варвара,Булатов,1,2022-01-28 16:28:16.279152,Tsxso441@gmail.com,,,1,10
903,Rfoa,,,1,2022-01-28 16:53:43.154145,f89652859430@yandex.ru,,,1,0
904,dnejo,Ангелина,Ракова,1,2022-01-28 18:20:24.847585,bdoonosi2002@gmail.com,,,1,5
905,Idsb,Даниил,Киселев,0,2022-01-28 18:43:10.442866,kbs.eb@mail.ru,,,0,0
906,kbnnbkbnnb25,Ольга,Захаров,1,2022-01-28 19:29:47.943501,kbnnbkbnnb25@bk.ru,852.0,,1,0
907,Fbf97xsn,,,1,2022-01-28 19:48:33.407348,jbf97xsn@yandex.ru,,,1,0
908,fsfocso,Ульяна,Полякова,0,2022-01-28 19:56:37.707473,fsfodonncso@gmail.com,,,0,0
909,aonasxdibxbk,Николай,Тарасов,0,2022-01-28 20:01:15.972627,aonabmsen@mail.ru,,,0,0
910,DbxsbYsmonob,Глеб,Филимонов,1,2022-01-28 21:40:54.233505,smonb-96@mail.ru,,,1,0
911,Sbcoddsxsddsbn,Даниил,Леонтьев,0,2022-01-28 21:42:28.010450,obdabnnom.0295@gmail.com,,,0,0
912,Vjodb,,,1,2022-01-28 21:54:20.291292,ibdoa_kbxo@mail.ru,,,1,0
739,Dknnbabdsom,Варвара,Хохлова,1,2022-01-24 09:07:17.795941,fknnbabdsom@gmail.com,,,1,10
913,Dskbn,Никита,Константинов,0,2022-01-28 21:58:19.652605,nibxab-2009@mail.ru,,,0,0
914,Gbbcdon,Василиса,Лебедева,1,2022-01-28 23:03:24.752322,b7bxk@yandex.ru,,,1,0
915,docdsfbxfxs,Таисия,Мальцева,1,2022-01-29 06:00:14.908034,docdsfbxfxs@hotmail.com,,,1,10
916,nann,Таисия,Зорина,1,2022-01-29 06:00:30.747106,n.asnon@bk.ru,,,1,0
917,Axaoook,Анна,Афанасьев,1,2022-01-29 06:33:35.882618,Axab-dbd@yandex.ru,,,1,0
918,axokdsn020,Илья,Морозов,1,2022-01-29 06:50:25.584778,mbmb_koaod777@mail.ru,,,1,0
919,axokdsn0204,Василиса,Парамонова,0,2022-01-29 08:05:45.776790,mbmb_koaod7777@mail.ru,,,0,0
920,nsxnn,,,1,2022-01-29 08:34:18.673034,csffbsfobnkbnb@gmail.com,,,1,15
921,bnbdsnanna,,,1,2022-01-29 08:58:42.236375,bnbdsna.nna@gmail.com,,,1,0
922,4cdsnn,,,1,2022-01-29 09:39:42.858574,4cdsnn@mail.ru,,,1,0
923,XTxosnX,,,1,2022-01-29 09:39:53.633671,aoxsbom1583@gmail.com,,,1,0
924,Pbfdonnssba,,,0,2022-01-29 09:53:33.077010,ibfdofnssba@yandex.ru,,,0,0
925,Anbxebnse,Демид,Морозов,1,2022-01-29 11:06:01.275705,nnbxsojj_nbkbxb@mail.ru,,7.0,1,0
926,LsbisnbEA,Варвара,Маслова,1,2022-01-29 11:31:24.202175,odsfbmoab0503@gmail.com,,,1,0
929,mbfsksnn,Яна,Захарова,1,2022-01-29 12:47:55.036408,bsibmm@gmail.com,,,1,300
930,Анна1230987,Кирилл,Зорина,1,2022-01-29 12:53:00.229573,bnnsnnob_xsfnbmb99@mail.ru,,,1,15
931,Rbfsbn0d,Дмитрий,Иванов,1,2022-01-29 13:02:57.523352,Rbfs0nbd@yandex.ru,,,1,65
932,Rbfs0nbd,,,0,2022-01-29 13:11:15.128370,Rbfs0nbd@yndex.ru,,,0,0
933,Sdoa,Дарья,Константинов,1,2022-01-29 13:22:33.566031,ndoadbnob@gmail.com,,,1,0
934,Odab30,,,1,2022-01-29 13:23:28.265853,Odsb081991@yandex.ru,,,1,0
935,Adoon,Мария,Фролова,1,2022-01-29 13:36:16.536191,kbxfb.b@gmail.com,,,1,0
936,Wbnnsdomn,Анна,Богданова,1,2022-01-29 13:44:01.451966,nasfonaibfnsfns@gmail.com,,,1,0
937,ebmon1313,,,1,2022-01-29 14:19:20.830409,axbcsaodnbdbfsdnsobm@gmail.com,,,1,0
938,jdkjnnna,Анна,Антонова,1,2022-01-29 14:30:40.486340,fbsabmbxbbjsnb1@yandex.ru,,,1,0
939,fksabxa,,,1,2022-01-29 15:00:59.673881,fksabxa@gmail.com,,,1,5
940,PdbsWsanDon4so,Вероника,Антонов,1,2022-01-29 15:08:50.848379,modsenobfonsn34@gmail.com,,,1,120
941,saxonskosnox,,,1,2022-01-29 15:54:47.649240,knbcsbnsn@gmail.com,,,1,0
942,nbacbf,Евгения,Старостин,1,2022-01-29 16:40:09.040914,nba.nb.cbf@yandex.ru,,,1,0
943,Mbnfox,,,1,2022-01-29 17:17:49.369721,kbnfox_39@mail.ru,,,1,0
944,nebob,Константин,Климов,1,2022-01-29 17:40:00.699212,bnebob@gmail.com,,,1,0
945,Lsnnob,Фёдор,Галкин,1,2022-01-29 17:52:41.399969,sxb.nodsn@mail.ru,,,1,0
946,Mbbnxbeo,Никита,Леонтьева,1,2022-01-29 18:04:23.872244,dbxo@nrevyakin.ru,,1.0,1,0
947,Unfkoab,Александр,Семенова,1,2022-01-29 18:31:26.856690,snfkoab@mail.ru,,1.0,1,0
948,bdofosk,Аделина,Константинов,1,2022-01-29 18:40:21.617007,bdofosk6@outlook.com,,,1,0
949,VsnabSV30,Николай,Афанасьев,1,2022-01-29 19:28:59.289637,mdbnbm-o@yandex.ru,,,1,0
950,Fjjj,Мария,Константинов,1,2022-01-29 21:15:13.164777,abbfnabbdasxd88@gmail.com,,,1,0
951,Ysxb02,Анна,Демина,1,2022-01-29 22:11:07.472442,ssxbnb5863@gmail.com,,,1,0
952,Mbxasnnonsb,,,0,2022-01-30 06:48:15.746847,kbxasnnonsb.kbesk@gmail.com,,,0,0
953,bdoaabxssn,Максим,Баранова,1,2022-01-30 07:17:16.564170,bdoaa-ff@mail.ru,,,1,50
954,Sosddnof,Александр,Миронова,1,2022-01-30 08:50:26.579206,nosddnof.nn@gmail.com,,,1,0
955,Adcb,Даниил,Климов,1,2022-01-30 09:06:31.216037,b23101997@mail.ru,,,1,0
956,xsfs,Егор,Мальцева,1,2022-01-30 09:17:38.226540,nsmxsobm@mail.ru,,,1,0
957,Ybxnaosn,Арсений,Дементьев,1,2022-01-30 09:47:43.964943,axbnfoonabx12@mail.ru,,,1,5
958,asdonb,,,1,2022-01-30 11:13:12.856276,asdonb76@mail.ru,,,1,0
959,DxbiDbabcbno,,,0,2022-01-30 11:33:26.435368,bdcsnb_noksbnbmb1999@mail.ru,,,0,0
960,sbnbm,Никита,Родионов,0,2022-01-30 12:32:46.689926,sbnbm-bdofos84@yandex.ru,,,0,0
961,adbinnb,Святослав,Полякова,1,2022-01-30 12:35:30.203819,adbinnb@gmail.com,,,1,0
962,bdofenoabom,Глеб,Дьяконова,1,2022-01-30 12:47:02.531430,bdof.enoabom@gmail.com,,,1,0
963,xbkbnnnomenonob,,,1,2022-01-30 12:49:54.597736,xbkbn.nnomenonob@gmail.com,,,1,0
964,bbbb1,Николай,Антонов,0,2022-01-30 12:52:09.586444,b@a.tv,,,0,0
966,Isxss,Глеб,Воронцова,0,2022-01-30 13:43:52.636882,b89031169369@mail.ru,,,0,0
967,ffff,Глеб,Горелов,1,2022-01-30 13:44:19.526323,sdsnnb.oscbnbm@gmail.com,,,1,10
968,nix1aof,Андрей,Яковлев,1,2022-01-30 14:05:49.941612,nix1aofbjjsesbd@gmail.com,,,1,0
969,PbmodF,Ольга,Мальцева,1,2022-01-30 14:55:50.496486,foxso05@gmail.com,,,1,5
970,Soxaaaaaa,Дарья,Фадеева,1,2022-01-30 15:55:29.100457,noxa66811@ya.ru,,,1,0
971,Exfns,Глеб,Лосев,1,2022-01-30 15:56:56.169148,oxfns.osdonnbm@yandex.ru,,,1,50
972,osaono,София,Гончарова,1,2022-01-30 15:56:57.616883,omacsobxsn@mail.ru,,,1,0
973,mdbfdsj,Алиса,Ермаков,1,2022-01-30 16:23:18.067610,mdbf.dsjsxonob@gmail.com,,,1,0
974,onsosnnsn,Валентина,Гончарова,1,2022-01-30 17:04:24.694441,ofs@knikishin.ru,,,1,110
975,ababxabomb,Михаил,Устинова,1,2022-01-30 17:43:11.860440,a.b.abxabomb@gmail.com,,,1,0
976,Ssdoneox,София,Воронцова,1,2022-01-30 18:26:14.900583,bddfnofa@gmail.com,,,1,0
977,Tcsnn,Никита,Кузина,1,2022-01-30 18:50:26.146824,omaons.csnnbi@gmail.com,,,1,0
978,nmoafbdk,Ольга,Антонов,1,2022-01-30 19:08:27.512693,nmoafbdk@mail.ru,,,1,0
979,dsfsnbkbxs,Даниил,Сергеева,1,2022-01-30 19:29:40.258282,dsfsnbkbxs@gmail.com,,,1,0
776,sdssbconnbnbm,Мария,Климов,1,2022-01-24 21:56:10.344673,sdssbconnbnbm@gmail.com,,,1,0
980,Lbboon15,,,1,2022-01-30 19:52:35.229143,aokb-nsiox-kbn@yandex.ru,,,1,5
981,OdoonbnfxS,Андрей,Дмитриев,0,2022-01-30 19:56:03.378155,nbsnsfs96@gmail.com,,,0,0
982,febkmso2020,Михаил,Захарова,1,2022-01-30 21:37:35.454255,mso-kodnsobm2001@mail.ru,,,1,5
983,cbxsf,Максим,Мальцева,1,2022-01-30 21:45:15.679124,abdbmoomsen@outlook.com,,,2,10
984,DksaxsjK,Максим,Захарова,1,2022-01-31 00:03:54.044033,jbko7bn@gmail.com,,,1,0
985,Enoxasfoxa1,Виктор,Макаров,1,2022-01-31 06:46:49.605466,Eedsinox703@gmail.com,,,1,0
986,Enoxasfoxa,,,0,2022-01-31 06:53:18.916723,Eedsinox702@gmail.com,,,0,0
987,Wojnojb,Никита,Синицына,1,2022-01-31 08:14:27.365999,dojnojb@gmail.com,,,1,0
988,Jnnjjjj,,,0,2022-01-31 08:43:40.552524,fbm.10@mail.ru,,,0,0
989,22fnfn,Виктор,Трифонова,0,2022-01-31 10:23:42.271979,nnnjf@mail.ru,,,0,0
990,kkjbonbm,Романова,Архипов,1,2022-01-31 11:22:04.205863,kk-jbonbm@yandex.ru,,,1,20
991,sabxnsk1,,,1,2022-01-31 11:29:35.626399,sabxnsk35@gmail.com,,,1,0
992,GLEF1X,Филипп,Серова,1,2022-01-31 11:51:55.491417,adocabx567@gmail.com,,,1,0
993,Ysxss,,,1,2022-01-31 12:14:48.561058,YsxssMBbsob@gmail.com,,,1,95
994,Nbanonnesonasna,Ева,Филиппова,0,2022-01-31 12:21:53.424255,nbnoeoadbsbs@gmail.com,,,0,0
995,fxoa601,Дарья,Дмитриева,1,2022-01-31 12:53:09.265024,fxoabn20000@gmail.com,,,1,0
996,Adbssibmb,,,1,2022-01-31 13:51:14.688521,bdbssibmb@yandex.ru,,,1,0
997,nbkxsn10,,,1,2022-01-31 14:24:59.424515,nbkxsn_xbkbn@rambler.ru,,,1,0
998,Ixonnbcs,Илья,Захаров,1,2022-01-31 14:58:50.972163,nsnfs.nsf@gmail.com,,,1,0
999,K41sinb,Платон,Фролова,1,2022-01-31 16:07:39.728512,obxbnfbddso@gmail.com,,,1,0
1000,Nbnob88,Анна,Антонов,1,2022-01-31 16:29:39.882207,nbnasenb.88@gmail.com,,,1,0
1001,aodoabx,Кирилл,Афанасьев,1,2022-01-31 16:31:04.584517,amn-nsc@yandex.ru,,,1,20
1002,Eebnaox3,,,1,2022-01-31 16:32:09.105056,Eebnaox3@gmail.com,,,1,50
1003,obaxsn23,София,Никитин,1,2022-01-31 16:39:00.790097,dbmobaso23@gmail.com,,,1,25
1004,jbxmox,Глеб,Ермаков,1,2022-01-31 17:14:31.260775,sbidsnm@gmail.com,,,1,15
1005,jbm19,Максим,Константинов,1,2022-01-31 17:33:40.488956,bdofbnfxsnb19892@gmail.com,,,1,0
1006,Pd4sH4xf,Марк,Ефимова,1,2022-01-31 17:34:25.779601,abxbfon-bjjdsno@mail.ru,,,1,10
1007,1234b,Арсений,Лебедева,0,2022-01-31 17:34:30.080371,123@123.ru,,,0,0
1008,bnnsen,Андрей,Федоров,1,2022-01-31 18:14:29.139463,bnnsenoon@gmail.com,,,1,0
1009,mdbfobfdbm,Ника,Воронцова,1,2022-01-31 18:15:42.929836,obfdbm2001mdbf@mail.ru,,,1,0
1010,Ysnbksx,,,1,2022-01-31 18:53:30.745700,ksxbmb47@gmail.com,,,1,15
1011,fbxsbb,Макар,Иван ,1,2022-01-31 19:07:06.613099,fbxsbb@yandex.ru,,,1,5
1012,oosaodom,Александра,Ефимов,1,2022-01-31 19:31:30.599215,o.osaodom@mail.ru,,,1,0
1013,Gxsffds,Михаил,Петров,0,2022-01-31 19:55:09.226281,axsffds261@gmail.com,,,0,0
1014,Vbdsamsnbm,,,1,2022-01-31 20:35:51.587438,mbdsamsnbm@natalibolgar.com,,,1,0
1015,bdfcbsss,,,1,2022-01-31 20:50:35.031363,bdfcbs.ss@yandex.ru,,,1,40
1016,dsxse,,,1,2022-01-31 21:35:27.803875,obnnabnasn.oxbom@gmail.com,,,1,0
1017,esaxsn,София,Бирюкова,1,2022-02-01 01:21:04.797177,esaxsn@live.ru,,,1,70
1018,Pmbosnnbxo,Полина,Устинова,0,2022-02-01 04:34:59.767953,i.mbosnnbxo@gmail.com,,,0,0
1019,joioe27518,Алина,Петров,1,2022-02-01 05:34:28.722112,joioe27518@submic.com,,,1,40
1020,kbnbfnb,Никита,Филимонов,1,2022-02-01 07:53:43.025139,kn.ksnbsacbnbmb@gmail.com,,,1,0
1021,xbfso,София,Дьяконова,1,2022-02-01 08:07:23.701502,xbfso_doc@mail.ru,,,1,15
1022,bfnfbnb,Кирилл,Семенова,1,2022-02-01 08:09:27.915681,bfnfibnanoxb@gmail.com,,,1,0
1023,Gsdsb86,Варвара,Климов,1,2022-02-01 08:28:35.530768,bdns-ib@yandex.ru,,,1,0
1025,MbxssbIx,,,1,2022-02-01 09:15:22.316162,kbnnb.sxbfbmb@yandex.ru,,,1,5
1026,xbdsnb,Виктор,Беликов,1,2022-02-01 09:21:18.216657,xbs-bdsnb@mail.ru,,,1,0
1027,obfffs,Варвара,Морозов,1,2022-02-01 09:31:20.199964,obfffs@gmail.com,,,1,0
1028,obasbibnbkoxb,Валерия,Ефимова,1,2022-02-01 09:39:13.921447,o.b.20032013@mail.ru,,,1,0
1029,eeff,,,1,2022-02-01 10:24:15.655693,esfebddox@gmail.com,,,1,0
1030,k40sn,Андрей,Галкин,1,2022-02-01 11:26:58.649446,kbxo.40sn@gmail.com,,,1,0
1031,Rsnosss,София,Иванов,1,2022-02-01 11:29:43.022394,9114883578@mail.ru,,,1,0
1032,fxCbao,Вероника,Леонтьев,1,2022-02-01 11:44:51.105082,koxofnsn@gmail.com,,,1,0
1033,Pbffsb,Андрей,Ракова,1,2022-02-01 12:48:52.841241,ibffsb@bk.ru,,,1,0
1034,dknsnffjb,Кирилл,Лебедева,1,2022-02-01 13:23:40.355603,dknsnffjb@gmail.com,,,1,0
1035,kmnkm,Полина,Федоров,1,2022-02-01 13:33:10.263961,bnbx.jia@gmail.com,,,1,0
1036,Ssxsis,Вероника,Курочкин,1,2022-02-01 13:40:54.022249,xofdbabn@inbox.ru,,,1,0
1037,Snasf,Михаил,Лосев,1,2022-02-01 14:11:21.598303,kbnsb.osk@mail.ru,,,1,5
1038,Vbmoaab,Валерия,Ермилова,1,2022-02-01 14:27:25.782808,mobmsfsn@yandex.ru,,,1,0
1039,Pbenbibenb,София,Ефимов,1,2022-02-01 14:42:46.550222,Pbenbfnodo@gmail.com,,,1,5
1040,badoom,Анна,Галкин,1,2022-02-01 14:52:31.808328,badoom.bfba@gmail.com,,,1,0
1041,Wbaoxkodbnbmbb,Платон,Антонов,1,2022-02-01 14:56:25.177740,bnbnbn30009@gmail.com,,,1,0
1042,bfodabdsbonkoabm,Артём,Константинов,1,2022-02-01 15:17:14.091093,bfod.abdsbonkoabm@akbars.ru,,,1,170
1043,osaons505,Мирон,Киселев,1,2022-02-01 15:28:39.577749,nsansobm.osaons@gmail.com,,,1,5
1044,Kojsx740,Святослав,Беляев,1,2022-02-01 16:55:43.914829,xbdf333@mail.ru,,,1,0
1045,Anoenob,,,1,2022-02-01 17:09:03.330084,bdbasod321@mail.ru,,,1,0
1046,Adonb2022,Виктория,Константинов,1,2022-02-01 17:31:30.143015,b_KabBP2@mail.ru,,,1,0
1047,Sbnsobbbb,Кирилл,Воронцова,1,2022-02-01 18:01:47.168251,nbnb-1996@mail.ru,,,1,0
1048,Taaa,,,0,2022-02-01 18:40:14.542082,aaffffmm@gmail.com,,,0,0
1049,Cbsmbbn,,,1,2022-02-01 19:06:49.536316,Cbsmbbn@ya.ru,,,1,10
1050,nsosabndsi,Георгий,Морозов,1,2022-02-01 21:02:59.874177,nsosabonsabdsc@gmail.com,,1.0,1,0
1051,odsnos,Алиса,Тимофеева,1,2022-02-01 22:23:52.238518,odsnos.xbm@gmail.com,,,1,0
1052,Nbxan,Яна,Никитин,1,2022-02-01 22:25:08.164665,nsnbnnom97@gmail.com,,,1,0
1053,Pbdsnbfbmx,Карина,Зорина,0,2022-02-01 22:26:43.635422,Pbdsnbfbmx2002@mail.ru,,,0,0
1054,nsnbsobnn,Виктория,Греков,1,2022-02-02 00:44:21.389857,nsnbnnom97@yandex.ru,,,1,5
1055,Bbxsdbm,Михаил,Горшков,1,2022-02-02 05:29:53.065414,bnfxoscbxsdbm@gmail.com,,,1,0
1056,fibabxodbm,Яна,Воронцова,0,2022-02-02 07:15:24.650706,fibabxodbm@gmail.com,,,0,0
1057,DbnnbDbnnb,,,1,2022-02-02 07:21:40.932083,fbnnb.fbsn24@gmail.com,,,1,0
1058,fsjbf,Константин,Леонова,1,2022-02-02 08:43:38.155552,fsjbf.xs@gmail.com,,,1,0
1059,Jbdoa,Виктор,Тарасов,1,2022-02-02 09:22:57.143950,jbdoabon@gmail.com,,,1,0
1060,Kbenokbfff,Святослав,Антонов,1,2022-02-02 09:23:50.270752,obenokbfbm1@mail.ru,,,1,10
1061,bxasbknb,,,1,2022-02-02 09:59:59.121462,79200307999@yandex.ru,,,1,0
1062,Kooo,,,1,2022-02-02 10:14:31.032101,ano005005@gmail.com,,,1,0
1063,Nsoosabdf,Фёдор,Семенов,1,2022-02-02 10:45:18.024585,abdasbom@physics.msu.ru,,,1,0
1064,dbnbaen,,,1,2022-02-02 10:57:56.097138,aenbcbnbs.na@gmail.com,,,1,15
1065,kafmf,Ника,Никитин,1,2022-02-02 11:47:35.920304,babjbnbm.aobxas@gmail.com,,,1,0
1066,Vbxbcsnnoo,,,1,2022-02-02 12:34:30.449601,ano_fbeabx@list.ru,,,1,0
1067,naonnnox,Александр,Старостин,1,2022-02-02 14:10:34.197123,naonnbm1992@gmail.com,,,1,0
1068,ebdfedbsfabdf,Виктор,Тимофеев,1,2022-02-02 14:35:47.846334,x.sxbfcbonasn.dbxo@yandex.ru,,,1,20
1069,nabeo6666,,,1,2022-02-02 14:43:43.514054,nabeo6666@yandex.ru,,,1,5
1070,nboo92,,,1,2022-02-02 15:02:13.631397,nboon_1_9_9_2@mail.ru,,,1,0
1072,Fxba,Вероника,Греков,1,2022-02-02 17:48:20.503119,kenoxonobm2@yandex.ru,,,1,5
1073,OdoaYbnfof,,,1,2022-02-02 17:50:20.832063,b.fnbxonbm@yandex.ru,,,1,0
1074,kbxboscb,,,1,2022-02-02 18:24:09.413208,4015555@gmail.com,,10.0,1,0
1075,AnbnabnsbZff,Алиса,Гончарова,1,2022-02-02 19:04:54.961897,Znbxonbmb.nbnabnsb@mail.ru,,,1,0
1076,SbsdSaobdox,,,1,2022-02-02 19:31:21.747389,bdoonbnfx96@bk.ru,,1.0,1,0
1077,AdofZsksn,Варвара,Баранов,1,2022-02-02 20:58:54.644671,ioaxsbnnsnnbnnb@mail.ru,,,1,0
1079,DkBsaaox,Александр,Петров,1,2022-02-03 00:55:17.062579,fskb.enonnbobd@yandex.ru,,,1,0
1080,bnbabdsn,Филипп,Тимофеев,1,2022-02-03 04:59:24.658704,bnbabdsn@inbox.ru,,,1,10
1081,Vbxfnom,София,Фролова,1,2022-02-03 06:11:47.546566,cjbxns666@yandex.ru,,,1,0
1082,Ifod,,,1,2022-02-03 06:55:56.560065,sfodsb@list.ru,,,1,0
1083,Lsfb,Евгения,Зорина,1,2022-02-03 08:20:39.368540,Edsfbmoab-bnfxoomnb16@yandex.ru,,,1,0
1084,Bbxcbn,,,1,2022-02-03 09:40:06.012522,jfbcxbfsn@gmail.com,,,1,0
1085,2708PbnoxbaOV69,Серафим,Антонов,1,2022-02-03 09:47:29.190631,kx.1969bdoa@yandex.ru,,,1,0
1086,Cbdsjbxnsb63,Вероника,Зорина,1,2022-02-03 10:12:50.589219,ebdsjbxnsb@arbital.ru,,,1,0
1087,sksbaas,Мария,Кулагин,1,2022-02-03 10:26:41.852874,snbabmsdsb@gmail.com,,,1,5
1088,asn21,Виктория,Полякова,0,2022-02-03 11:07:03.245600,abnsb.nbfksabmb@mail.ru,,,0,0
1089,bibibi322,Алина,Ракова,1,2022-02-03 11:41:40.385990,mefjaff@mail.ru,,,1,0
1090,Addb,Маргарита,Макаров,1,2022-02-03 13:14:15.500493,bddb838@bk.ru,,1.0,1,0
1091,Annbnbxbj,Смирнов,Хохлова,1,2022-02-03 13:22:45.109056,bnnbnbxbinbnbmb@gmail.com,,,1,0
1093,Saoxobnobf,Таисия,Морозов,1,2022-02-03 14:17:19.346498,kbnbonbm-bdoa@yandex.ru,,10.0,1,240
1094,enonab,Даниил,Ермаков,1,2022-02-03 15:11:02.652508,enonab.cbnn@yandex.ru,,,1,10
1095,ibibfoe,Таисия,Леонова,1,2022-02-03 15:39:05.439065,jbxabd2@ya.ru,,,1,0
1096,Vbxiof,Дарья,Трифонова,1,2022-02-03 17:36:10.884038,mbxiof37@gmail.com,,,1,0
1097,adoadoadoadoaod,Валентина,Васильев,1,2022-02-03 18:25:58.892498,csfjssesjmdoisfjjk@nvhrw.com,,,1,0
1098,ababdm,Ольга,Исаева,1,2022-02-03 18:26:54.422578,ababdm@yandex.ru,,,1,55
1099,jbdbabm,Елизавета,Андрей,1,2022-02-03 19:50:52.487820,onoa@yandex.ru,,,1,0
1100,o209ob,,,1,2022-02-03 21:03:35.382039,o209ob@gmail.com,,,1,0
1101,nxbkbm,,,1,2022-02-03 21:17:15.866621,axsonxbkbm@gmail.com,,,1,0
1102,fonxb,,,1,2022-02-03 22:12:34.133631,fonxbfm@mail.ru,,,1,5
1103,Nbmso,Даниил,Макаров,1,2022-02-04 06:29:24.443321,nbmso-kbonsk-77@mail.ru,,,1,0
1104,Vbd166,Романова,Куликов,1,2022-02-04 07:05:24.676042,obxbdombmbdoxssb16693@yandex.ru,,,1,0
1105,MsxbedoAdseo,Варвара,Константинов,1,2022-02-04 09:29:40.885863,ksxbedo-bdseo1609@yandex.ru,,,1,0
1106,monoxa,Мария,Иванов,0,2022-02-04 10:17:47.709173,monoxa1@gmail.com,,,0,0
1107,omaons7,,,1,2022-02-04 11:26:14.368919,jbns.onbdsonbom@gmail.com,,1.0,1,15
1108,bdonbon,Даниэль,Ефимов,1,2022-02-04 12:50:37.990344,bdonbon2013@mail.ru,,,1,0
1109,xbnoba,,,1,2022-02-04 12:51:48.576195,b.ionnenonsso@gmail.com,,,1,15
1110,iodkonof,Алиса,Агафонов,1,2022-02-04 13:38:34.215664,iodkonof@gmail.com,,,1,0
1111,cmnxo,Варвара,Устинова,1,2022-02-04 15:20:58.816737,bbninfbddicaksdsoj@bvhrk.com,,,1,30
1112,asbano,Андрей,Сухарева,1,2022-02-04 15:32:17.622034,cnfadcixebn9@mail.ru,,,1,20
1114,Шаукат,Анна,Беликов,1,2022-02-04 17:00:05.393897,nnbsoba.bjj@mail.ru,,,1,0
1115,fbno4oj,,,1,2022-02-04 17:07:37.962684,fbnfsfnf@gmail.com,,,1,10
1116,kbff,Даниил,Степанова,0,2022-02-04 17:57:34.313052,kbonsk.csnso@gmail.com,,,0,0
1118,axbnnkbnn1,Варвара,Яковлев,1,2022-02-04 18:19:16.944180,1k80mxcfj4@bestparadize.com,,,1,0
1119,Toki1423,,,1,2022-02-04 19:09:53.938227,bobksfbn14@gmail.com,,,1,0
1120,axbnnkbnn,,,0,2022-02-04 19:38:31.603340,dabnnbbdnfdjmbifox@bvhrk.com,,,0,0
1121,m131m,Варвара,Иван ,1,2022-02-04 20:52:01.298116,jnjnjn87@mail.ru,,,1,5
1122,bnbcfsa,Варвара,Зорина,1,2022-02-04 21:27:52.434288,bdoffaxbsi@gmail.com,,,1,0
1123,ononb,Валерия,Романов,1,2022-02-04 22:24:47.347166,bnesonafobn@yandex.ru,,,1,5
1124,nioxbno,,,1,2022-02-05 02:06:24.100049,nisxfb.dxo@gmail.com,,,1,60
1125,abnb,София,Филиппова,0,2022-02-05 04:34:11.143157,nisxfbb.dxo@gmail.com,,,0,0
1126,mibdonenso,Фёдор,Полякова,1,2022-02-05 05:50:18.567686,ibdonnenso2505@gmail.com,,,1,5
1127,noxasonsb,,,1,2022-02-05 06:27:13.518323,bnfxos.noxasonsb@gmail.com,,,1,10
1128,LbnbKx,Анна,Семенов,1,2022-02-05 07:00:28.704019,nmoadbnb_o.89@mail.ru,,,1,390
1129,bdnm2015,Вероника,Антонов,1,2022-02-05 08:15:50.008414,bdnm2015@yandex.ru,,,1,0
1130,oxsiabnsnb,Анна,Беляев,1,2022-02-05 08:34:41.770452,kbsco_abnsb@mail.ru,,,1,105
1131,Tas1s,Ярослав,Лебедева,1,2022-02-05 08:59:11.637922,ibmod.fsbxfsan@yandex.ru,,,1,0
1132,nombdbxf,Аделина,Иванов,1,2022-02-05 09:22:16.375824,aonbfsj@gmail.com,,,1,0
1133,snbksx,Александр,Синицына,1,2022-02-05 09:23:19.633607,snso.ksxs@gmail.com,,,1,0
1134,RsnabkGsf,Виктория,Старостин,1,2022-02-05 09:26:06.553643,xsnabkasf@gmail.com,,,1,0
1136,fsocbdcon,,,0,2022-02-05 09:35:03.545940,fso_cbdcon@mail.ru,,,0,0
1137,Emaa,Элина,Артемова,1,2022-02-05 09:50:12.230655,fscxooooo@gmail.com,,,2,65
1138,bnbonob,,,1,2022-02-05 10:42:50.003746,bnbonob78@gmail.com,,,1,0
1139,bxaso,Макар,Булатов,1,2022-02-05 12:42:43.330511,biaok1297@gmail.com,,,1,0
1140,nsnaok64,Марк,Галкин,0,2022-02-05 12:44:10.972993,dbnfbncsn03@mail.com,,1.0,0,0
1141,asnnonaa,Романова,Захарова,1,2022-02-05 13:18:53.738849,fsfonobomaonss8@gmail.com,,,1,0
1142,Pskcb,Валентина,Синицына,1,2022-02-05 13:28:16.385768,iskcb.bxonsionobm@bk.ru,,,1,0
1143,Imomsmsmjm,,,0,2022-02-05 13:34:29.608535,msesesesm@mail.ru,,,0,0
1144,bddsxsfbk,Варвара,Ефимова,1,2022-02-05 13:38:52.980062,axsn1844bxsns@gmail.com,,,1,5
1145,a291919,Ангелина,Кулагин,1,2022-02-05 14:06:45.408518,a291919@ya.ru,,,1,10
1146,aonod,Артём,Антонов,1,2022-02-05 14:18:05.684818,aonod@bk.ru,,,1,0
1147,bmbanbxob,Кирилл,Сергеева,1,2022-02-05 14:23:45.211422,bmbanbxob@gmail.com,,,1,0
1148,bmofnom,Аделина,Ефимов,1,2022-02-05 14:28:41.412293,mofnom@gmail.com,,,1,30
1149,jbsabnfx,Варвара,Хохлова,1,2022-02-05 15:10:55.767525,cbxa-69@mail.ru,,,1,10
1150,noaoscox,Кирилл,Беляев,1,2022-02-05 15:22:41.019769,noaoscox@gmail.com,,,1,5
1151,Dodbsa,Егор,Антонова,1,2022-02-05 16:04:22.213123,jsfjsf000@gmail.com,,,1,0
1152,jxsoeona,,,1,2022-02-05 17:18:06.142158,jxsoeona@gmail.com,,,1,0
1153,Lonb,Андрей,Медведева,1,2022-02-05 17:39:51.297748,Lonb3332002@mail.ru,,,1,0
1154,nbmobmkb,Валерия,Петров,1,2022-02-05 18:30:41.828107,jdf2kbfsk@gmail.com,,,1,5
1155,i4odbisn,Варвара,Дмитриев,1,2022-02-05 18:41:06.640677,i4odbisn@gmail.com,,,1,0
1156,Odaosb,Глеб,Щербаков,1,2022-02-05 18:42:18.506626,ebnna13@yandex.ru,,,1,15
1157,bnnomnoss,,,1,2022-02-05 19:16:18.617558,bdoonos.bnnomnoss@gmail.com,,,1,0
1158,kbnaoxixb,Виктория,Тимофеев,1,2022-02-05 19:30:23.277663,o_in@mail.ru,,,1,0
1159,fcbxfoxn,Марк,Морозов,1,2022-02-05 19:51:23.794808,fcbxfoxn@yandex.ru,,,1,0
1160,xof8905,Элина,Леонтьев,1,2022-02-05 21:26:55.241544,xof8905@mail.ru,,,1,20
1161,КотикВася,Платон,Воронцова,1,2022-02-05 22:02:51.335812,mdbfbaosnnosn@vk.com,,,1,5
1162,onna,Николай,Воронцова,1,2022-02-05 22:34:50.360484,onn.abdso@gmail.com,,,1,10
1163,Dxosen,Вероника,Тимофеева,1,2022-02-06 06:50:33.059106,bnfxos.nsn@gmail.com,,,1,0
1164,asxsbn2,Ева,Мальцева,0,2022-02-06 07:05:32.732625,9312758720@mail.ru,,,0,0
1165,Yomnonss,Глеб,Тимофеева,1,2022-02-06 10:47:49.931340,nbfmbxns.omaonss.50@gmail.com,,,1,0
1166,asxsbn,Марк,Зорина,1,2022-02-06 11:27:33.806397,9a340df3ons5@mail.ru,,,1,10
1167,iasafbdbno,Валерия,Греков,1,2022-02-06 11:35:22.896059,iasafbdbno@yandex.ru,,,1,0
1168,Odbns,Глеб,Архипов,1,2022-02-06 11:37:20.545732,bdobbnsneomb@mail.ru,,,1,0
1169,GxoonMofmof,Елизавета,Константинов,1,2022-02-06 11:40:22.104945,axoon-kofmof@yandex.ru,,,1,15
1170,jbaaj08,Виктория,Константинов,1,2022-02-06 12:32:55.572156,jbaaj08@gmail.com,,,1,5
1171,asabVbdaox,Николай,Горшков,1,2022-02-06 12:37:33.915293,4fxm@mail.ru,,,1,0
1172,Mxbobcoe,,,1,2022-02-06 12:49:51.650095,adoc.abmxsdonob@gmail.com,,,1,20
1173,bonsfsnob,Константин,Петров,1,2022-02-06 14:25:28.803301,abon.nnsno@gmail.com,,,1,10
1174,aonbxsb,Алина,Леонова,1,2022-02-06 14:47:46.503313,aonbxsb@list.ru,,,1,200
1175,nskbnb2949,Ника,Зорина,1,2022-02-06 15:13:41.329603,nskbnb2949@goonby.com,,,1,20
1176,mbfokob,Александра,Трифонова,0,2022-02-06 17:04:19.201968,mbfokobfom@gmail.com,,,0,0
1177,Sofnnonj,,,0,2022-02-06 17:13:30.495632,dbfjoon@google.com,,,0,0
1178,kinibmod,,,1,2022-02-06 18:22:50.447250,kin_ibmod@mail.ru,,1.0,1,15
1179,bdonnoxk,Вероника,Федоров,1,2022-02-06 18:32:57.817403,bdonnoxk1@yandex.ru,,,1,0
1180,Djxfn,Александра,Беликов,1,2022-02-06 19:23:14.037121,fjxbsfon@gmail.com,,,1,0
1181,cbfofbs,Илья,Захарова,0,2022-02-06 19:39:07.561235,bdsnb.cbfofbs@gmail.com,,,0,0
1182,nsioxabns,Артём,Мальцева,1,2022-02-06 19:42:26.858576,obadoab3@gmail.com,,,1,0
1183,AGxbensbmb,Ника,Авдеева,1,2022-02-06 20:03:22.714845,b.axbensbmb@gmail.com,,,1,0
1184,bom666,Виктория,Парамонова,1,2022-02-06 20:34:18.881365,kx_ksxbao@vk.com,,,1,0
1185,febdf,Даниил,Ракова,1,2022-02-06 21:51:47.050877,nbko32325@mail.ru,,,1,0
1186,Sbnsfko,Константин,Иванов,1,2022-02-06 21:55:26.774664,cbafbnbmb_02@mail.ru,,,1,0
1187,kbdoaosn,Варвара,Родионов,1,2022-02-06 23:07:04.484916,kbdoaosn@gmail.com,,,1,0
868,moxb123,,,1,2022-01-27 20:17:03.993866,mm_dsjo@mail.ru,,,1,0
1189,Sbnnsixbf,,,1,2022-02-07 03:22:37.160614,Sbnnsixbf@gmail.com,,,1,5
1190,dnsi,Кирилл,Захаров,1,2022-02-07 04:50:49.602134,oxsnnom-bb@narod.ru,,,1,0
1191,sbnebxino,Мирон,Воронцова,1,2022-02-07 04:51:43.251495,sbnebxino@yahoo.com,,,1,5
1193,nbfbnb9305,Максим,Хохлова,1,2022-02-07 05:07:46.833939,nbfbnb9305@goonby.com,,,1,0
1194,Sbfoxas,Константин,Горшков,1,2022-02-07 05:59:36.388992,nbfoxas2011@gmail.com,,,1,0
1195,ZabxEscbm,Вероника,Фомин,1,2022-02-07 06:15:34.938093,ibibnbkbxb@gmail.com,,,1,0
1196,abdsnbmbdsa,Глеб,Греков,1,2022-02-07 06:32:01.713090,abdsnb.mbdsa90@yandex.ru,,,1,0
1197,ibnnbsd,Ярослав,Миронова,1,2022-02-07 07:24:16.824929,ibnnbsd@mail.ru,,,1,0
1198,bnnbdbxo23,Фёдор,Мартынов,1,2022-02-07 08:52:59.374515,bnnb_dbxo23@bk.ru,,,1,0
1199,Ann89,,,1,2022-02-07 09:30:51.989003,bnnmbonsabmb@yandex.ru,,,1,5
1200,bcnonnbx,Кирилл,Щербаков,1,2022-02-07 11:58:40.620056,bcnonnbx@gmail.com,,,1,5
1201,bnfxosobbno,,,1,2022-02-07 12:09:50.400295,bnfxosob.bno.adb@gmail.com,,,1,5
1204,jdoodj1,Степан,Устинова,1,2022-02-07 14:05:09.205458,nodsob1611@petloca.com,,,1,10
1205,foxomsbnosn,Михаил,Бирюкова,1,2022-02-07 14:09:39.474124,axoojbxona@tut.by,,,1,20
1206,Wbdj,София,Устинова,0,2022-02-07 15:38:50.761101,Dksaxsjj.Pbiobm.Dom@gmail.com,,,0,0
1207,ndibnfb,,,1,2022-02-07 15:42:20.855786,ci.ibnnoomsen@gmail.com,,,1,0
1208,Msxfbfff,Михаил,Власова,1,2022-02-07 15:49:10.178144,b-kbfbom@yandex.ru,,,1,0
1209,bnfxoosn,Анна,Константинов,1,2022-02-07 16:34:44.195964,bnfxoosn@mail.ru,,,1,0
1210,BsasVsas,Кирилл,Филатова,1,2022-02-07 16:50:07.496413,okbsdjbxdbxo.fn@gmail.com,,,1,0
1211,snffs,Ярослав,Тимофеева,1,2022-02-07 17:04:08.307932,jsabjj@gmail.com,,,1,10
1212,msab,Даниил,Климов,1,2022-02-07 17:17:20.321723,i.b.mbdobm@yandex.ru,,,1,5
1213,nodsbxosn,Михаил,Филимонов,1,2022-02-07 17:36:53.832584,dbxf-bj-iobeo@yandex.ru,,,1,0
1214,WnsaoKO,Виктор,Жукова,1,2022-02-07 18:09:51.539000,obcsxsdsenom@gmail.com,,,1,0
1215,AifseTibTox,Андрей,Филатова,1,2022-02-07 18:27:35.505478,bifseaibaox@gmail.com,,,1,25
1216,kbfnd2o,Елизавета,Бирюкова,1,2022-02-07 18:29:15.401033,kbfnd2o@gmail.com,,,1,0
1217,scno001,Платон,Леонтьев,1,2022-02-07 18:39:12.528684,kbos.bdssom@yandex.ru,,1.0,1,0
1219,bnfx,,,1,2022-02-07 19:43:44.836575,bnfxos.obxbdom@hotmail.com,,,1,0
1220,oodoxob,Ангелина,Макаров,1,2022-02-07 19:54:55.646091,doxb.nsnobxbfbmb@yandex.ru,,,2,30
1221,Mbexbeebbn,Никита,Дмитриева,1,2022-02-07 20:58:13.798360,sdsbonba@mail.ru,,,1,20
1222,Bbafbn2033,,,1,2022-02-07 21:30:05.656074,mbxdfnsnjb@gmail.com,,,1,5
1223,abbnnojj,,,1,2022-02-07 21:58:17.744744,abbnnojj@yandex.ru,,,1,0
1224,sfnsdso,Ульяна,Хохлова,1,2022-02-07 21:58:31.714938,sfnsdso@gmail.com,,,1,0
1225,Bbfbdbkonas,,,0,2022-02-07 22:02:43.951546,obkcsxbmfb@gmail.com,,,0,0
1226,jxoodobxnox,Виктор,Лосев,1,2022-02-07 22:56:19.775256,nabnsndbm.anbidom@gmail.com,,,1,30
1227,obnbnsx,,,1,2022-02-08 00:09:08.399643,obnbnsx@gmail.com,,,1,15
1228,kbafba,,,1,2022-02-08 01:28:51.231215,joobodoxsn@mail.ru,,,1,15
1229,kfodonosn,,,1,2022-02-08 02:40:07.806184,kfodonosn@mail.ru,,,1,0
1230,fbxenasdo,Валерия,Горячева,1,2022-02-08 04:15:08.054183,fbxenasdo@mail.ru,,,1,5
1231,bonx,Никита,Гончарова,1,2022-02-08 05:49:05.490925,noexoa2797@mail.ru,,,1,0
1232,bnaanfa,Анна,Баранов,0,2022-02-08 06:30:22.338142,bbbbnfabnaa@agasgas.as,,,0,0
1233,ofioxa,Филипп,Щербаков,1,2022-02-08 06:47:34.175054,ofioxa@fastmail.com,,,1,45
1234,ibob,Кирилл,Власова,1,2022-02-08 06:58:03.616683,j11254@gmail.com,,,1,35
1235,nioeos,Филипп,Булатов,1,2022-02-08 08:26:17.502424,kbaajbxona100@gmail.com,,,1,0
1236,foksaod,Платон,Климов,1,2022-02-08 09:42:27.566718,xoa.saxonsko@demitel.ru,,,1,0
1237,nmfbmabx,Филипп,Антонов,1,2022-02-08 09:55:45.890314,noxa11.04@mail.ru,,,1,40
1238,MxNVK,,,1,2022-02-08 10:35:20.364607,n.obdsannss@mail.ru,,,1,15
1239,nnomb,Артём,Семенов,1,2022-02-08 10:35:41.503888,fbnsdnnomenonob123456@gmail.com,,,1,30
1240,msabdss,Дарья,Бирюкова,1,2022-02-08 10:36:58.235638,nmx3408@gmail.com,,,1,0
1241,DxMfs,Даниил,Дьяконова,0,2022-02-08 11:06:59.653405,kfs@ua.fm,,,0,0
1242,kbndoo,,,1,2022-02-08 11:12:55.917359,kbndoo@mail.ru,,,1,20
1243,omaonosf,Ника,Воронцова,1,2022-02-08 12:45:17.095353,osfsnbm.fom@yandex.ru,,,1,0
1244,Tbnsb,Артём,Нечаева,1,2022-02-08 13:07:03.165373,jsxkbnan@yandex.ru,,,1,0
1245,noob99,Макар,Ефимов,0,2022-02-08 13:26:59.508954,obnaxbm.noxaos@gmail.com,,,0,0
1246,dxfsenox,Варвара,Никитин,0,2022-02-08 13:41:34.982877,dxfsenox@gmail.com,,,0,0
1247,fbksnkoc,Александр,Зорина,1,2022-02-08 14:17:21.688152,fbksnkoc@ya.ru,,,1,5
1250,oxonfodom,Никита,Филиппова,1,2022-02-08 16:42:15.650715,a.oxonfodom@yandex.ru,,,2,30
1251,MsooSnenox,,,1,2022-02-08 17:33:53.752981,ksonbsd.nnenoxcbobm.kbsd@gmail.com,,,1,0
1252,Dbokbn5,,,1,2022-02-08 17:54:52.101087,D-k-5@yandex.by,,,1,0
1253,dcssdfox,,,1,2022-02-08 20:16:36.878160,obonsa.cssdfox@gmail.com,,,1,0
1254,Ybiibs,Филипп,Мальцева,1,2022-02-08 20:18:15.294986,bdoncoxbnnos@gmail.com,,,1,30
1255,nabxnc,Андрей,Никитин,1,2022-02-08 20:20:16.215990,nabxnc@mail.ru,,,1,5
1256,noebfox,Алина,Морозов,1,2022-02-08 21:21:39.663054,noebfox@gmail.com,,,1,0
1257,fmbnn,Варвара,Климов,0,2022-02-08 21:26:52.348523,ascbxmbxab@mail.ru,,,0,0
1258,ibmdssnenso,Михаил,Булатов,1,2022-02-08 23:05:12.792233,ibmdssnenso.obnnabnasn@gmail.com,,,1,20
1259,jsffscsff,Варвара,Леонтьева,1,2022-02-09 05:06:18.235412,268n2afi@bk.ru,,,1,0
1260,MbnfbxsnKbao,,,1,2022-02-09 05:17:15.484532,oxssobmbobasb@gmail.com,,,2,5
928,kbnnbjsnj,Виктор,Тарасов,1,2022-01-29 12:10:10.775507,kbnnbjsnj@ya.ru,,,1,0
1261,msenn,Виктория,Васильев,1,2022-02-09 05:21:07.685938,bnsf.sba@gmail.com,,,1,0
1262,fsnnsfbneo,,,1,2022-02-09 06:47:00.484477,fsfbn@me.com,,,1,0
1263,Odab57,Даниил,Кузина,1,2022-02-09 07:44:26.221940,bdab_nsccbaosnb@mail.ru,,,1,0
1264,ImbnVoxonbmnoss,Глеб,Дмитриев,1,2022-02-09 08:01:06.772408,smbnmoxonbmnoss@yandex.ru,,,1,0
1265,fooicdbeo,Виктор,Антонов,1,2022-02-09 09:19:56.254691,bnfxodnbxsdno@gmail.com,,,1,0
1266,sb5bn,Глеб,Ракова,1,2022-02-09 10:44:28.092989,sbisnkb@gmail.com,,,1,15
1268,fomsdsnnx,Дарья,Старостин,1,2022-02-09 11:20:13.993282,saxonsko@ukraine.im,,,1,15
1269,Pbnbfsx,Вероника,Жукова,1,2022-02-09 11:26:50.671959,ibnbfsx658@bepureme.com,,,1,15
1270,fbmdoa42,Дмитрий,Демина,1,2022-02-09 11:41:01.869716,nmofbmab@yandex.ru,,,1,5
1271,okbn,Карина,Ермаков,1,2022-02-09 11:41:05.805180,ofs@k-man.pro,,,1,0
1274,aoxfbsobs,Дарья,Баранов,1,2022-02-09 12:34:14.667390,ix.oma@ya.ru,,,1,0
1276,Snbooxob,Глеб,Климов,1,2022-02-09 14:16:17.763982,dsscbm.abkcbmanomb@gmail.com,,,1,0
1278,cbxbfosnb,Никита,Афанасьев,1,2022-02-09 14:17:42.955532,kbxsnb.cbxbfosnb@gmail.com,,,1,5
1279,abfofbn156,,,1,2022-02-09 15:12:00.399295,abfofbn156@diolang.com,,,1,0
1280,mdn72123,Ева,Хохлова,0,2022-02-09 15:52:10.897738,mdn72123@qopow.com,,,0,0
1281,fas67395,,,0,2022-02-09 16:53:13.410478,fas67395@mzico.com,,,0,0
1282,bnaoxaxsn,,,1,2022-02-09 16:53:16.456236,bnaoxaxsn@gmail.com,,,1,0
1283,konnnsobm81,Варвара,Архипов,1,2022-02-09 18:02:56.844514,konnnsobm81@gmail.com,,,1,15
1284,nbbdms,Валентина,Фадеева,1,2022-02-09 18:40:58.504357,b.nbdbmobm@gmail.com,,,1,15
1285,Vbdoxso3,Максим,Сухарева,1,2022-02-09 18:53:40.885342,mbdoxsb300902@mail.ru,,,1,0
1286,jsfof,Максим,Бирюкова,1,2022-02-09 20:01:20.849809,ebabn68212@alfaceti.com,,,1,0
1287,cfb82,Татьяна,Филимонов,1,2022-02-09 20:06:58.611421,cfb82@mail.ru,,,1,0
1288,axoabxs,Максим,Горшков,1,2022-02-09 21:13:19.933257,axoabxsam@gmail.com,,,1,0
1289,ksexbcob,Полина,Иван ,1,2022-02-09 21:51:58.609265,ksexbcob@mail.ru,1288.0,,1,0
1290,Cnsen,Валерия,Беляев,1,2022-02-09 22:12:14.490817,obxbaensonbnasb@mail.ru,,,1,5
1291,dsmoksxsn,,,1,2022-02-09 23:08:35.462129,mnsfbmk@gmail.com,,,1,270
1292,Sbkbxbfb,Маргарита,Макаров,1,2022-02-10 01:39:02.389453,nbkbxbfb@mail.ru,,,1,215
1293,noxaosmbdobm,Филипп,Нечаева,1,2022-02-10 02:01:51.870309,noxaos.mbdobm85@ya.ru,,,2,130
1294,dsfonoods,Таисия,Смирнова,1,2022-02-10 06:52:25.759030,okabxsbsnbmb@gmail.com,,1.0,1,30
1295,SsxKbxaox,Платон,Агафонов,0,2022-02-10 07:03:40.197759,bnabn.kbassnb@gmail.com,,,0,0
1296,Tskcbsasfnsnbm,Михаил,Булатов,0,2022-02-10 07:33:57.601524,ask.cbsasfnsnbm@gmail.com,,,0,0
1298,nbenbo78,Елизавета,Курочкин,1,2022-02-10 09:13:57.189301,bcfs.kbjnsf2018@yandex.ru,,,1,0
1299,fsfsfbfb,Варвара,Греков,1,2022-02-10 09:14:57.283251,fbnnb01osfbx22@gmail.com,,,1,0
1300,Anf543,Валентина,Авдеева,1,2022-02-10 09:23:07.409638,dbxsabn966@gmail.com,,,1,0
1302,Dobdooa,София,Миронова,1,2022-02-10 11:05:12.930344,1@maksd.ru,,,1,0
1303,MbsTb,Ника,Булатов,1,2022-02-10 11:23:23.132521,ososnnosn.em@gmail.com,,,1,0
1304,fbaam,Ника,Семенова,1,2022-02-10 12:00:37.378988,fbxsbaam@gmail.com,,,1,0
1306,nseobы,,,0,2022-02-10 12:31:48.641824,nseo.bnsibm.91@yandex.ru,,,0,0
1307,Gbsdbxf3,Виктор,Антонов,1,2022-02-10 12:35:25.564488,asnobx2321@mail.ru,,,1,0
1308,Saseob,Романова,Степанова,1,2022-02-10 13:08:20.853002,naseob@bk.ru,,,1,0
1309,FIVo04,,,1,2022-02-10 13:18:56.017286,smbn.b.jxbdbm@gmail.com,,,1,0
1310,fcbsobnfbio,Варвара,Соловьев,1,2022-02-10 14:03:19.146072,fcbsob@novapulsar.com,,,1,0
1311,RofOno,Александра,Степанова,1,2022-02-10 14:40:25.218698,nbcbbndsoo@gmail.com,,,1,0
1312,Zsxcbnasxa,,,1,2022-02-10 15:32:17.137618,fsxcbna@gmail.com,,,1,0
1313,Nsosab15,,,1,2022-02-10 16:29:31.833716,i0di0a@inbox.ru,,,1,0
1314,Gdbxsnbdo,Виктор,Беликов,0,2022-02-10 16:30:40.054957,adbxsnbdo@mail.ru,,,0,0
1315,Nsnxbo,Ангелина,Дмитриева,1,2022-02-10 17:00:06.169773,nsnxbo@vk.com,,,1,0
1316,Mnsxobm,Вероника,Синицына,1,2022-02-10 17:32:19.439227,ksixbcokbsd@gmail.com,,,1,0
1317,ofbnenonob,,,0,2022-02-10 17:46:38.487457,osxsddobnasd@gmail.com,,,0,0
1318,Рррр,Валерия,Сергеева,0,2022-02-10 17:48:39.196322,fsfd@yandex.ru,,,0,0
1319,Sabx0m,Ника,Филиппова,0,2022-02-10 17:50:56.576655,xksfbkcoo@gmail.com,,,0,0
1320,odnsobk,Максим,Леонова,1,2022-02-10 17:51:06.255777,odnsobk87@gmail.com,,,1,0
1321,EobAoo,Артём,Филатова,0,2022-02-10 18:13:02.848843,oob888boo@gmail.com,,,0,0
1322,Cbsjox,Платон,Фролова,1,2022-02-10 19:00:45.432772,onbdois@gmail.com,,,1,0
1323,Dbmdon,Таисия,Кузина,1,2022-02-10 19:01:00.499683,nbkoaskon_noxo@mail.ru,,,1,0
1324,RsndbnKbxibm,Александр,Мальцева,1,2022-02-10 19:15:36.458334,xsn482007@yandex.ru,,,2,15
1325,scsnsm,Мирон,Петров,0,2022-02-10 19:18:54.769625,scsnsm@yandex.ru,,,0,0
1326,MsnTse,Илья,Демина,1,2022-02-10 19:46:03.948625,kn.dbfs.xbsn@mail.ru,,,1,0
1327,mdbfsdon,Виктория,Антонов,1,2022-02-10 19:56:56.441129,ibdbn67@yandex.ru,,,1,10
1329,abcsabc,,,1,2022-02-10 21:54:25.234754,abcsabc@mail.ru,,,1,0
1330,ixbnoxisno,Варвара,Петров,1,2022-02-10 21:54:59.190310,ixbnoxisno13@rambler.ru,,,1,0
1331,fnk0,София,Тимофеева,1,2022-02-10 22:13:28.728463,fnk0@protonmail.com,,,2,60
1332,mmmsoabx,Платон,Семенова,1,2022-02-10 23:03:47.392233,asabxsnacbf@mail.ru,,,1,0
1333,Алексей,Кирилл,Филатова,1,2022-02-11 05:01:28.831231,xbnfbk_skcb@mail.ru,,,1,15
965,xbkob228axso,,,1,2022-01-30 13:38:03.672286,bnskonnnso3xb@gmail.com,,,1,0
1334,ebfoebfoks1,Платон,Медведева,0,2022-02-11 05:11:42.239652,ebfoebfoks1@yandex.ru,,,0,0
1335,SbkEd,Андрей,Ермаков,1,2022-02-11 05:29:15.116531,EdobnSbk@gmail.com,,,1,0
1336,SbkE,Александр,Жукова,0,2022-02-11 06:27:07.035509,nbfbxbcsfbinsn@gmail.com,,,0,0
1337,Kxsas,Полина,Дьяконова,1,2022-02-11 08:01:11.795096,oxsnosnn97@mail.ru,,,1,0
1338,NGbnen,Андрей,Киселев,0,2022-02-11 08:30:26.211880,abnen.nbfsno@gmail.com,,,0,0
1339,kbnab44,Никита,Захаров,1,2022-02-11 08:37:32.627934,osmnensnbm.osaons@yandex.ru,,,1,10
1340,Fbxonba,,,1,2022-02-11 09:20:57.204845,jbxso.fbsfbm@gmail.com,,,1,0
1341,oisnn,Даниэль,Агафонов,1,2022-02-11 09:53:09.381437,oisnn_1992@mail.ru,,,1,0
1342,onbxn,Даниэль,Богданова,1,2022-02-11 09:57:04.757011,onbxnbonbom.cm@ya.ru,,,2,90
1343,modd,Даниэль,Столяров,1,2022-02-11 10:05:34.821618,modd.csxssobjjb@gmail.com,,,1,0
1344,axbdsi,Ольга,Климов,1,2022-02-11 10:30:35.671167,ksnbsdbm_97@bk.ru,,,1,0
1345,Mbxsnb0212,,,1,2022-02-11 10:30:46.235479,kxniaxo@rambler.ru,,,1,0
1346,SibeoSibxodo22,,,1,2022-02-11 10:56:56.504663,mbnsdonobnm22@yandex.ru,,,1,10
1347,Mbxsnb1202,Дмитрий,Баранова,0,2022-02-11 11:26:32.790745,kxnixao@rambler.ru,,,0,0
1348,fbabNsnjb,Константин,Сухарева,1,2022-02-11 11:57:59.755383,sb.snjbifb@yandex.ru,,,1,0
1349,sdskbm,Вероника,Булатов,1,2022-02-11 11:58:33.826963,sdskbmno@ya.ru,,,1,25
1350,Knons22,,,1,2022-02-11 12:14:14.650042,odbfs221@gmail.com,,,1,0
1351,onbnbn,Дмитрий,Баранов,1,2022-02-11 12:37:43.783716,onbnbnbmaskox@mail.ru,,,1,0
1352,Mfen,Демид,Соловьев,1,2022-02-11 12:56:24.906571,kbfensjj@ya.ru,,,1,0
1353,asxfkbn,Анна,Власова,1,2022-02-11 13:14:40.601508,991877@mail.ru,,,1,0
1354,kbfskbaona,Никита,Демина,1,2022-02-11 13:17:21.448129,bnfxbn1111@alexanyan.tech,,,1,475
1355,csfbom,,,1,2022-02-11 13:30:54.795114,jcsfbom@gmail.com,,,1,0
1356,Qdoxas2,,,1,2022-02-11 13:32:40.029694,kbbfdojcsk@gmail.com,,,1,0
1357,snaoxonan,,,1,2022-02-11 13:35:10.736117,dobnsfbn@rambler.ru,,,1,30
1358,aaxonfnoaaox,Виктория,Сергеева,0,2022-02-11 14:12:13.002406,odb4obm.99@gmail.com,,,0,0
1359,bxsnoka,Ангелина,Сухарева,1,2022-02-11 14:53:02.316464,bxassx0350@yandex.ru,,,1,0
1360,cbos,Серафим,Захарова,1,2022-02-11 15:12:23.844266,cbosononcoobm@gmail.com,,10.0,1,0
1361,asaxb14,Маргарита,Авдеева,1,2022-02-11 16:26:55.713244,2517bb@mail.ru,,,1,0
1362,KoiLox,,,1,2022-02-11 16:48:19.314099,ooidox007@mail.ru,,,1,0
1363,ANASTASIYAAUCH,Варвара,Родионов,1,2022-02-11 16:50:24.342027,ANASTASIYAAUCH@yandex.ru,,,1,0
1364,bxoosb,Романова,Федоров,1,2022-02-11 17:01:42.531864,kbxsnb-dmonbo@mail.ru,,,1,0
1365,asaxabdnabs,Максим,Сергеева,1,2022-02-11 17:03:47.727722,abdnabs.s.k@yandex.ru,,,1,10
1366,babnmbx,Михаил,Степанова,1,2022-02-11 17:10:33.023203,m.cbxsaosn@gmail.com,,,1,0
1367,Mbab,,,1,2022-02-11 18:15:14.509698,abnjbcbsn@yandex.ru,,,1,0
1368,ksonbsdnbdfbaosn,,,1,2022-02-11 18:26:05.405908,ksenbod.nbdfbaosn@gmail.com,,,1,0
1369,jxbn14221422,Варвара,Серова,1,2022-02-11 18:27:29.895434,jxbnobmjsxb@gmail.com,,,1,0
1370,Ysdssbknk,Марк,Греков,1,2022-02-11 19:06:09.433290,nksxnbmbsk@list.ru,,,1,0
1371,ZdbsBbodbn,Святослав,Ефимова,1,2022-02-11 19:15:55.360323,7babk7@mail.ru,,,1,0
1372,Gsfbd,Ника,Гончарова,0,2022-02-11 19:40:02.232693,asfbd.fbsnsdsnb@gmail.com,,,0,0
1373,sodknm,София,Парамонова,1,2022-02-11 21:42:32.508391,obdkbnbm.s@gmail.com,,,1,0
1374,fnss,Евгения,Беликов,0,2022-02-11 22:40:51.985980,fns.oxo@gmail.com,,,0,0
1375,bnsoosob,Евгения,Родионов,1,2022-02-11 23:17:17.316868,bnsoosob@yandex.ru,,,1,0
1376,oenocdbobm,Варвара,Васильев,1,2022-02-12 05:31:24.392404,o.enocdbobm@gmail.com,,,1,0
1377,Anfxosnmsba,Эмилия,Антонов,1,2022-02-12 06:28:55.144607,aonannbis@gmail.com,,,1,0
1378,ababd,Демид,Тимофеев,1,2022-02-12 06:36:09.109638,bdofksnbmsx2004@gmail.com,,,1,0
1379,bxnonkon,Глеб,Трифонова,1,2022-02-12 08:05:26.533050,bxnonkon@ya.ru,,,1,35
1380,ixomsnb,,,1,2022-02-12 08:24:21.224212,i.m.xomsnb@mail.ru,,,1,0
1381,sm6394,Василиса,Мальцева,1,2022-02-12 09:16:23.955175,s.mbxbcom@yahoo.com,1361.0,,1,0
1382,Aaoo,Эмилия,Кулагин,1,2022-02-12 09:25:35.824293,bxa_nibeo@rambler.ru,,,1,0
1383,ncsobm,,,1,2022-02-12 09:33:30.059627,nn.csobjj@gmail.com,,,1,0
1384,bbnodm,,,1,2022-02-12 09:52:28.054520,bnnbnsob1476@gmail.com,,,1,0
1385,Msfbsjsb,Кирилл,Леонтьев,1,2022-02-12 10:05:36.352850,ksfbsjsb@yandex.ru,,,1,0
1386,fskbnnsfbxbm,Анна,Галкин,1,2022-02-12 10:54:11.700882,fskobnsfbxbd@gmail.com,,,2,5
1387,NseoHsffon,Даниэль,Фролова,1,2022-02-12 10:55:48.744286,noosen2000@bk.ru,,,1,0
1388,obmbdom1722,Даниил,Петров,1,2022-02-12 11:54:56.474495,obmbdom1722@yandex.ru,,,1,0
1389,KH9I3c1,Виктор,Столяров,1,2022-02-12 12:47:13.806960,msabdsjmbnonobm@mail.ru,,,1,0
1390,jdbnndsana1011,Маргарита,Медведева,1,2022-02-12 12:51:47.229003,jdbnndsana1011@yahoo.com,,,1,5
1391,AdoonVsxb,Демид,Демина,1,2022-02-12 13:05:32.014964,123bdd@newmail.ru,,,1,0
1392,Tbknasmo,Глеб,Трифонова,1,2022-02-12 13:42:10.474908,abknasmon98@gmail.com,,,1,0
1393,jonsfasbxf,Варвара,Тимофеева,1,2022-02-12 13:53:34.731943,cbbk-93@ya.ru,,,1,0
1394,imoxbjoom,Ева,Ефимова,1,2022-02-12 13:58:12.692930,im.oxbjoom@gmail.com,,,1,15
1395,nknfsbobnbm,,,1,2022-02-12 14:21:00.222550,nknfsbobnbm@gmail.com,,,1,0
1396,nbjsbnok,Алина,Лосев,1,2022-02-12 14:31:11.198101,nbjsb_nokonbmb@mail.ru,,,1,0
1397,Poaxsnb,,,1,2022-02-12 15:02:33.868510,bn-26@tut.by,,,1,5
1398,OdoaZnbxonbm,София,Филиппова,1,2022-02-12 15:19:57.886313,ZnbxonbmOdoa@gmail.com,,,1,95
1399,BNso2001,Филипп,Миронова,1,2022-02-12 15:28:51.301823,Bsonbnbm.nso@mail.ru,,1.0,1,0
1400,anxa2,,,1,2022-02-12 15:43:25.452989,nic7822@outlook.com,,,1,5
1401,msoabx,Филипп,Булатов,1,2022-02-12 16:02:32.815544,msoabx_ksx@list.ru,,,1,0
1402,o0dscx1,Константин,Маслова,1,2022-02-12 16:33:49.681029,snnbobm.b.ssx@gmail.com,,,1,0
1403,4o120jin,Фёдор,Семенова,1,2022-02-12 16:35:33.370309,xosobnbm@yandex.ru,,,1,0
1404,AGxsffbm,Фёдор,Беляев,1,2022-02-12 17:21:01.362821,bnabdbasf@gmail.com,,,1,0
1405,sndbkob,Вероника,Сухарева,1,2022-02-12 17:26:11.603317,sndbk.bnbnobjbom@gmail.com,,,1,0
1406,2nsosasnbdofbnfx,Алина,Серова,1,2022-02-12 17:27:53.227282,2nsosasnbdofbnfx2@gmail.com,,,1,0
1407,mbx70,Максим,Фадеева,1,2022-02-12 17:29:39.008995,mbxbfsbnbm70@gmail.com,1404.0,,1,0
1408,LbdLsanasna,Анна,Мальцева,1,2022-02-12 17:29:53.669564,nebbcsnc@mail.ru,,,1,0
1409,mbnnnn,Артём,Горшков,0,2022-02-12 17:30:41.216496,anodski@mail.ru,,,0,0
1410,bdksnbx,,,1,2022-02-12 18:51:40.551021,bdksnbx@gmail.com,,,1,30
1411,Sbxoin,Яна,Лосев,1,2022-02-12 19:13:22.697042,onbnnskbxs@gmail.com,,,2,60
1412,Dxodbdj,Серафим,Леонтьев,1,2022-02-12 19:14:11.280582,anonabxxbmox96@gmail.com,,,1,0
1413,adockson,Елизавета,Яковлев,1,2022-02-12 19:18:14.319480,ak.ksonbsdbm@gmail.com,,,1,25
1414,adockson2,Виктория,Жукова,1,2022-02-12 20:10:26.513296,ak.ksonbsdbm2@gmail.com,,,1,30
1415,fbxsbenskbxsnb,Смирнов,Сергеева,1,2022-02-12 23:03:37.491704,fbxsb.enskbxsnb@akbars.ru,,,1,45
1416,nibna634,,,0,2022-02-13 05:45:58.569418,fonsnob.xomb@gmail.com,,,0,0
1417,bdofos,Варвара,Курочкин,1,2022-02-13 06:20:27.701718,nbobdbm.bdofos89@gmail.com,,,1,0
1419,msabksn1312,Варвара,Горячева,0,2022-02-13 09:42:07.283159,msabksn20021312@gmail.com,,,0,0
1420,sbkbxsnbsnko,Глеб,Баранова,1,2022-02-13 11:23:14.212246,skf93@mail.ru,,,1,0
1421,kbxsbososxsob,Варвара,Ермилова,1,2022-02-13 12:09:46.772067,kbxsbososxsob@gmail.com,,,1,0
1422,jxbkbkoxsob,Вероника,Фролова,1,2022-02-13 12:29:13.919289,jxbkbkoxsob@yandex.ru,,,1,0
1423,DonsBs,Елизавета,Морозов,1,2022-02-13 12:41:52.060746,foncsfob@gmail.com,,1.0,1,0
1424,foisfo4825,Варвара,Старостин,1,2022-02-13 13:06:59.263165,foisfo4825@diolang.com,,,1,0
1425,anm33,Вероника,Романов,0,2022-02-13 13:10:10.763374,mbnsdsombabnsb99@gmail.com,,,0,0
1426,sbkabns,Андрей,Филиппова,1,2022-02-13 13:20:51.222726,cscdso67897@gmail.com,,,1,0
1427,Fnofnfc,,,0,2022-02-13 13:22:18.802318,bcefjfo@gmail.com,,,0,0
1428,kbfskonoxnbn,,,1,2022-02-13 13:29:15.157584,kbfskonoxnbn@gmail.com,,,1,0
1429,ibdfbmbaod85925,Анна,Алексеева,1,2022-02-13 13:29:33.055281,foeos000@gmail.com,,,1,0
1430,dbasn4642,Татьяна,Климов,0,2022-02-13 13:37:52.920884,ibenab@gmail.com,,,0,0
1431,dfbe,Глеб,Соловьев,1,2022-02-13 13:40:51.078316,kbonsabms33@gmail.com,,,1,0
1432,Lbasnb,Анна,Греков,1,2022-02-13 13:55:36.113572,bdsb.fno@mail.ru,,,1,0
1433,nbascbabx666,Валентина,Соловьев,1,2022-02-13 14:04:00.140149,abjbxbmkbf@yandex.ru,,,1,0
1434,VmmMkk,,,1,2022-02-13 14:14:17.180721,mbnsdsnbosxno@icloud.com,,,1,0
1435,anxa,Вероника,Мальцева,1,2022-02-13 14:14:27.223474,anxa5679@outlook.com,,,1,0
1436,bfkbnidsa,Анна,Макаров,0,2022-02-13 14:17:18.789852,axseosna.ksf@gmail.com,,,0,0
1437,Rbksd,Святослав,Ефимова,1,2022-02-13 14:20:39.530727,xbksdsb_nbsdbmnb@mail.ru,,,1,0
1438,bcxscbm2,Демид,Фомин,1,2022-02-13 14:26:15.158205,bcxscbjj@yandex.ru,,,1,0
1439,JbnoSnbonbmb,Никита,Маслова,1,2022-02-13 14:34:05.074735,jbno.nnbonbmb@gmail.com,,,1,0
1440,PIA88,,,1,2022-02-13 14:39:16.707297,isb88@vk.com,1424.0,,1,0
1441,odkb,Филипп,Лосев,1,2022-02-13 14:40:00.738849,obcbomb-bdsbnb@mail.ru,1424.0,,1,0
1442,Jbnbn,Андрей,Леонтьев,1,2022-02-13 14:42:29.212137,snnboonas.ibnoxbabm@yandex.ru,1424.0,,1,0
1443,mxokask,Мария,Родионов,1,2022-02-13 14:57:43.501027,mxokask@yandex.ru,,,1,0
1444,Nbnasbo,Даниил,Константинов,1,2022-02-13 15:06:20.967105,Anbnabnsb.codsbobmb1@yandex.ru,,,1,0
1445,bdsnnoxxbonskbm,Ярослав,Ефимов,1,2022-02-13 15:06:44.296855,xbonskbmbdsnnox@mail.ru,,,1,0
1446,INFINITn,Елизавета,Устинова,1,2022-02-13 15:57:02.561484,snjsnsann@gmail.com,,,1,0
1447,Rbcoxa,Кирилл,Галкин,0,2022-02-13 16:16:49.012367,xbcso.49253069@gmail.com,,,0,0
1448,NodAnfxos,,,1,2022-02-13 17:36:30.675657,ibnfxos92@yandex.ru,,,1,0
1450,Rbbobnxbbf,Святослав,Семенова,1,2022-02-13 18:39:43.749718,di18bnds@gmail.com,,,1,0
1451,nabns96,,,1,2022-02-13 19:51:46.082206,bn230496@gmail.com,,,1,0
1452,nabns23,,,0,2022-02-13 20:00:18.090646,bn230496@mail.ru,,,0,0
1453,aombxa1401,,,1,2022-02-13 20:04:57.190430,aombxa1401@yandex.ru,,,1,0
1454,Lonosn,Артём,Греков,1,2022-02-13 20:23:33.828507,bnodo18@list.ru,,,1,0
1455,abfssob,,,1,2022-02-13 20:37:17.663509,abnonbdkon27@gmail.com,,,1,0
1456,Fjjfff,,,1,2022-02-13 20:51:58.433475,fskbn777isnamsn@yandex.ru,,,1,0
1457,nisi,Смирнов,Лосев,1,2022-02-13 21:31:13.617617,isisnnomb.n@gmail.com,,,1,0
1458,bmnso,Варвара,Родионов,1,2022-02-13 22:17:43.039179,bm_n@bk.ru,,,1,0
1459,Cxobaof4,,,1,2022-02-13 22:48:52.480364,fnsdsbobmb.nbabdso@gmail.com,,,1,10
1460,Adodo,Виктор,Фролова,1,2022-02-14 00:14:56.660842,isns2isns@gmail.com,,,1,0
1461,kbxbdf,,,1,2022-02-14 05:38:31.073953,kbf38479@gmail.com,,,1,0
1462,sbnfofcx,,,1,2022-02-14 06:19:43.430705,sbn.cxbano@gmail.com,,,1,0
1463,fbnaobx,Андрей,Кузнецова,1,2022-02-14 07:01:52.610861,nokonsndbd@yandex.ru,,,1,0
1464,akbn145,Евгения,Морозов,1,2022-02-14 07:03:28.126287,bnoxabkbnbm@mail.ru,,,1,0
1465,ons3nb,,,1,2022-02-14 07:13:28.431509,ons3nb@gmail.com,,,1,0
1466,ajnf,Дарья,Захаров,1,2022-02-14 07:36:13.898633,axsabxsjn.ioxoe@gmail.com,,,1,0
1467,Cbnjsesbsn,Филипп,Кузнецова,1,2022-02-14 07:51:09.648846,jbcbxs07@yandex.ru,,,1,10
1468,af37,Дарья,Никитин,1,2022-02-14 08:05:50.749406,xkbxfbx@inbox.ru,,,1,0
1469,bcxscbm,Кирилл,Сухарева,1,2022-02-14 08:34:39.753081,bcxscbm@yandex.ru,,,1,10
1470,Imbn,Валерия,Галкин,1,2022-02-14 09:33:31.322436,smbn-fbcbxbm@mail.ru,,,1,0
1471,jonas14,Максим,Никитин,1,2022-02-14 09:51:06.229272,Fonaaosd1406@gmail.com,,,1,0
1472,MsnMsn,,,1,2022-02-14 10:18:05.127770,anoconaksnksnomox@gmail.com,,,1,0
1473,ndbee,Ульяна,Горшков,1,2022-02-14 11:08:07.636231,mbmb.xbom.2000@mail.ru,,,1,0
1474,Tbkbenbnns,Филипп,Булатов,1,2022-02-14 11:17:52.741607,abxbksn637@gmail.com,,,1,0
1475,Eobaoxsnb,,,1,2022-02-14 11:49:08.673107,obasbk55.96@mail.ru,,,1,0
1476,fbnod,Ника,Жукова,1,2022-02-14 12:38:00.034905,fbn_od@rambler.ru,,,1,10
1477,nbfsn,Анна,Антонов,1,2022-02-14 12:39:14.807366,nisisnnomb@ya.ru,,,1,105
1478,snjd,Мирон,Петров,1,2022-02-14 12:54:52.699237,snjdsao18@gmail.com,,,1,0
1479,Hbkbn,Василиса,Беляев,1,2022-02-14 13:11:32.134912,jsna2006@bk.ru,,,1,0
1480,AsdbnbbbK1,Николай,Петров,1,2022-02-14 13:18:27.825830,bsdbnb00@yandex.ru,,,1,0
1481,bfbab,Марк,Федоров,1,2022-02-14 13:56:15.483417,bdoa.bmfbdbm@gmail.com,,,1,55
1482,fjskcbxs,Алиса,Воронцова,1,2022-02-14 15:01:12.106940,oxsak6007@gmail.com,1424.0,,1,0
1483,Rbffnbc,Татьяна,Степанова,1,2022-02-14 15:02:16.408419,bnmbnnos2008@mail.ru,,2.0,1,0
1484,Ysxs,,,1,2022-02-14 15:37:49.681944,s.onbonxsbobmm@gmail.com,,,1,0
1485,Dsfbxso,Таисия,Авдеева,1,2022-02-14 15:45:03.387440,Dsfbxso@yandex.ru,,,1,0
1486,jbkdsf07,Аделина,Нечаева,1,2022-02-14 16:01:06.981271,jbkdsf07@mail.ru,,,1,0
1487,Obbbbiijfxsnj,Варвара,Тимофеева,0,2022-02-14 16:01:49.902560,sdbmoenoononbksendbds@gmail.com,,,0,0
1488,GbdbmbanosN,Даниэль,Петров,1,2022-02-14 16:22:05.959114,obdbnbabdbd2002@gmail.com,,,1,0
1489,ckj1,Ангелина,Жукова,0,2022-02-14 19:19:55.709410,bnabfb985@gmail.com,,,0,0
1490,AnbkbdBbxcbxsnob,Константин,Яковлев,1,2022-02-14 19:30:47.626363,fonsjb2670@balaket.com,,,1,0
1491,Vsabnobmb,Маргарита,Баранов,1,2022-02-14 19:32:05.575081,msabnobmb@gmail.com,,,1,0
1492,Zkojob,Дмитрий,Романов,1,2022-02-14 19:45:06.794374,bdd.bnbfens@yandex.ru,,,1,0
1493,Ifsnbnss,Степан,Горячева,0,2022-02-14 19:51:04.330548,sfsnbnss@govno.com,,,0,0
1494,Sdbmsbnb,Александр,Сухарева,1,2022-02-14 20:07:34.861780,asxsnnosn-o@mail.ru,,,1,0
1495,aona1102,Варвара,Антонова,1,2022-02-14 20:09:36.157977,bnfxbn@alexanyan.tech1402,,,1,0
1496,Lox4so,Артём,Константинов,1,2022-02-14 20:36:19.759509,mbdmbdnbn@gmail.com,1424.0,,1,0
1497,fnsxnmdoms,,,1,2022-02-14 21:04:24.317917,fnsxnmdoms@mail.ru,,,1,0
1498,Jbnb,Серафим,Семенов,1,2022-02-14 21:09:58.711464,jbnb33587kbnbobmb@gmail.com,,,1,0
1499,sdsb60,Дмитрий,Баранов,0,2022-02-14 21:48:26.497276,sdsbonoonof@yandex.ru,,,0,0
1500,Sbm2bfsn,,,1,2022-02-15 01:16:25.412463,nbm2bfsn@gmail.com,,,1,0
1501,Kxbn666666,Валерия,Леонтьева,1,2022-02-15 01:45:30.598952,oxbn666666@yandex.ru,,,1,0
1502,Usoma,,,1,2022-02-15 01:47:25.185936,omaonsb1ss@gmail.com,,,1,0
1503,Ksk0n0,Полина,Афанасьев,1,2022-02-15 05:05:23.926878,codsbmnossmsabdso@inbox.ru,,,1,0
1504,fskbns485,Даниил,Исаева,1,2022-02-15 05:20:04.161708,fskbns485@bk.ru,,,1,0
1505,mmobxonomb,,,1,2022-02-15 05:21:04.141421,mmobxonomb@yandex.ru,,,1,0
1506,xonn01,Татьяна,Горшков,1,2022-02-15 05:24:23.757985,xonnoansobm_bxaok_n@mail.ru,,,1,0
1507,Txbsbn,Максим,Антонов,1,2022-02-15 06:31:03.318835,axbsbnfbx@gmail.com,,,1,0
1508,Pbdsnbbb,Андрей,Алексеева,1,2022-02-15 06:40:13.661347,ibdsnb_jbxasnbabmb@mail.ru,,,1,0
1509,nbasnsboss,Виктория,Гончарова,1,2022-02-15 07:08:11.507405,nbabcs2000@gmail.com,,,1,0
1510,bxasdkbnbmb,Егор,Гончарова,1,2022-02-15 08:11:21.937921,asdkbnbmbbdssb@yandex.ru,,,1,0
1511,Msnsk,Серафим,Архипов,1,2022-02-15 08:11:38.902145,ksnskbnnsdso23@gmail.com,,,1,0
1512,abanbx,Мария,Власова,1,2022-02-15 08:14:50.740445,abanbx2010@yandex.ru,,,1,0
1513,Tbnsb11,Варвара,Киселев,1,2022-02-15 09:57:16.323441,naxooixoddb@gmail.com,1424.0,,1,0
1514,Unxobd11,Максим,Константинов,1,2022-02-15 10:30:14.925113,snxobd.1328@gmail.com,,,1,0
1515,fsdbxbfaf,Валерия,Нечаева,1,2022-02-15 10:53:18.596485,fsdbxbfaf@gmail.com,,,1,0
1516,Sbjsn,София,Климов,1,2022-02-15 11:38:04.983574,Sbnsobfon@mail.ru,,,1,0
1517,T10000,Дарья,Петров,1,2022-02-15 12:27:40.621341,dofb-nasfona88@rambler.ru,,,1,0
1518,snsdsbx,,,1,2022-02-15 12:27:53.516368,snsdsbx@gmail.com,,,1,0
1519,abdsbnfox,Ника,Семенова,1,2022-02-15 13:01:08.703295,cbafbnbmbdofbnfx1996@gmail.com,,,1,0
1520,Losxcs,Ярослав,Фадеева,1,2022-02-15 13:41:24.275475,a@6664.ru,,,1,0
1521,Vbfsbnn,,,0,2022-02-15 14:31:45.280007,jsdsionob.mbf@gmail.com,,,0,0
1522,bnbn1,Артём,Ефимов,0,2022-02-15 15:21:02.094118,bb.ansi.nasfs@gmail.com,,,0,0
1523,omb1996,,,1,2022-02-15 15:51:00.233367,omb.d1996@yandex.ru,,,1,0
1524,OonbnbD,Дарья,Дьяконова,1,2022-02-15 15:52:53.133177,foksbnbon9@gmail.com,,,1,0
1525,Pdkbxs,Варвара,Федоров,1,2022-02-15 17:07:00.241732,id-kbxs99@yandex.ru,,,1,0
1526,aonabee,,,1,2022-02-15 18:25:18.547467,mbxsbodnnsnb@gmail.com,,,1,0
1527,585bdjkbsd,Виктория,Мартынов,1,2022-02-15 19:16:47.784275,585bdj@mail.ru,,,1,0
1528,Игорь,Варвара,Лебедева,1,2022-02-15 19:57:50.381365,abnenbxbmsam@mail.ru,,,1,0
1529,mbksjo62,Михаил,Авдеева,1,2022-02-15 21:12:29.707081,mbksjo6241@diolang.com,438.0,,1,0
1530,Rsncbkj,Филипп,Филиппова,1,2022-02-15 21:15:13.629474,nkbf-dbxo@mail.ru,,,1,0
1531,cbnn555777,,,1,2022-02-15 21:16:11.657923,cbnn555777@mail.ru,,,1,0
1532,Adsob,Михаил,Филатова,0,2022-02-15 21:16:55.826227,bdsob965@gmail.com,,,0,0
1533,PoaxSmbdbm,Маргарита,Филимонов,1,2022-02-15 21:53:53.750068,nib3003@mail.ru,,,1,0
1534,kofms,Алиса,Греков,1,2022-02-15 22:39:01.512302,ae-nibxa@yandex.ru,,,1,0
1535,Donfod,Георгий,Васильев,1,2022-02-16 01:01:08.552526,fonsn3091@mail.ru,,,1,0
1078,xcdnnonbo,София,Макаров,1,2022-02-02 21:13:03.293949,xcdnnonbo@mail.ru,,,1,0
1536,Eoibdb,Евгения,Столяров,1,2022-02-16 05:55:22.863333,o.k.ibdbmsnosnb@mail.ru,,,1,0
1537,ooncoxfnsobmb,Степан,Демина,1,2022-02-16 07:24:58.895940,ooncoxfnsobmb@yandex.ru,,,1,0
1538,bnob252001,Андрей,Андрей,1,2022-02-16 08:38:33.446306,bnob252001@mail.ru,,,1,0
1539,dbkbnaoxTsaBs,София,Васильев,1,2022-02-16 09:00:53.455131,dbkbnaox@tut.by,,,1,0
1540,Pxsmoa,Николай,Демина,0,2022-02-16 10:02:31.140084,aona133467@mail.ru,,,0,0
1541,endbom,Варвара,Кулагин,1,2022-02-16 10:08:21.527685,isosdsnb94@gmail.com,,,1,0
1542,dsisnR,,,1,2022-02-16 10:15:59.002097,edbsk.noebnf@gmail.com,,,1,0
1543,EmsdPsxbao,Никита,Фадеева,1,2022-02-16 10:42:16.931445,bnnnaosn99@mail.ru,,,1,0
1544,RbkbnTxsnnsn,Серафим,Богданова,1,2022-02-16 11:43:30.084669,xbkbn.ax@mail.ru,,,1,305
1545,bnodsk123,Смирнов,Афанасьев,0,2022-02-16 12:34:50.863019,bnbabdss0521@gmail.com,,,0,0
1546,Skbbos,Ангелина,Захарова,1,2022-02-16 12:37:25.697457,m.s.obmbdomb@gmail.com,,1.0,1,0
1547,nsjbf21819,Анна,Серова,1,2022-02-16 13:13:05.984125,nsjbf21819@chinamkm.com,,,1,0
1548,nsns13,Андрей,Иванов,1,2022-02-16 13:42:08.324137,bxaokobnn1234@icloud.com,,,1,0
1549,Ond1no,Дмитрий,Воронцова,1,2022-02-16 14:37:00.755213,kmf_99@mail.ru,,,1,0
1550,Inambx,Дарья,Воронцова,1,2022-02-16 14:39:42.753058,sabx.smbnonob.2015@list.ru,,,2,20
1551,AfbkBbxbn,Татьяна,Баранов,1,2022-02-16 14:53:45.402299,bdonnsobm0550@yandex.ru,,,1,0
1552,enoeonn,Георгий,Сергеева,1,2022-02-16 14:59:38.739779,nobxandseosj@gmail.com,,,1,10
1553,Afbnsenomb,Демид,Захарова,1,2022-02-16 15:04:40.782941,b.fbnsenomb@mail.ru,,,1,0
1554,nsxfb,Демид,Исаева,1,2022-02-16 15:08:32.394452,nsxfbsdoaoononcoo@gmail.com,,,1,0
1555,DsnaobnMbnaox,Ольга,Зорина,1,2022-02-16 15:26:20.969050,fbnns_fbxob@inbox.ru,,,1,0
1556,Kdknnobsb,,,0,2022-02-16 16:08:43.789509,bmobdbkonnobsb@gmail.com,,,0,0
1557,csnaox1542,Варвара,Тарасов,1,2022-02-16 16:09:57.893955,csnaox1542@gmail.com,,,1,0
1558,knsbsf,Арсений,Лебедева,1,2022-02-16 16:11:24.676091,kn.oxsnas1017@mail.ru,,,1,0
1559,kosasbmsnb,Мирон,Семенов,1,2022-02-16 16:20:11.775752,kbxsosa99@gmail.com,,,1,0
1560,Hfnfnonf,Артём,Мальцева,0,2022-02-16 16:22:03.360888,doodbs.nnsodfn.0f@icloud.com,,,0,0
1561,Костаплдвдв,Николай,Трифонова,0,2022-02-16 16:22:32.813491,nexscon.ibnaon-0e@icloud.com,,,0,0
1562,Анна,Варвара,Филиппова,1,2022-02-16 16:25:57.849954,bnnbibiob89@yandex.ru,,,1,0
1563,Rsndsf,,,1,2022-02-16 16:32:26.710965,nsnnobxsndbn1@gmail.com,,,1,0
1564,Tnbnoamn1,,,0,2022-02-16 16:40:35.583390,nsfooseoobs@mail.ru,1439.0,,0,0
1565,89279029188eb,Платон,Фролова,0,2022-02-16 16:55:44.940829,nsfooseo@mail.ru,,,0,0
1566,ОльгаКоптяева,Ангелина,Кузнецова,1,2022-02-16 17:35:22.529900,bdabobiasbomb2015@gmail.com,,,1,0
1567,Dsbbbb,,,1,2022-02-16 18:02:55.714317,fsbnossnnob@gmail.com,,,1,0
1568,Adofbnfxb,Кирилл,Серова,1,2022-02-16 18:14:20.114434,csfsbomb_2000@mail.ru,,,1,35
1571,aonssx,Варвара,Дмитриева,0,2022-02-16 18:46:27.404356,aonss_xbfenonob@mail.ru,,,0,0
1572,Soxjb,,,1,2022-02-16 18:59:53.177966,noxjb26@mail.ru,,,1,0
1573,Jsjs,Алиса,Артемова,1,2022-02-16 19:08:49.807985,jsds_xo@mail.ru,,,1,0
1574,Hoeojs,Анна,Агафонов,1,2022-02-16 19:17:19.138159,akbsd08@yandex.ru,,,1,0
1575,Sdoib228,Арсений,Щербаков,1,2022-02-16 19:18:18.677261,ndoionob.k@mail.ru,,,1,0
1576,obkoxxox,Алиса,Петров,1,2022-02-16 19:28:48.156192,obkoxxox@yandex.ru,,,1,0
1577,naBsffb,Вероника,Степанова,1,2022-02-16 19:52:22.018386,n.m.asxsb@gmail.com,,,1,10
1578,fffabom,Яна,Галкин,1,2022-02-16 20:16:32.379285,fffabom15@gmail.com,,,1,0
1579,aona0902,Марк,Иванов,1,2022-02-16 20:21:05.306476,bnfxbn1102@alexanyan.tech,,,1,0
1580,Wbonon,,,1,2022-02-16 21:16:12.089913,dbon1337@gmail.com,,,1,20
1581,bdbf,Александр,Семенова,1,2022-02-16 22:17:29.407306,bdbf@mail.ru,,,1,0
1582,Mbjn1004,,,1,2022-02-17 00:04:44.092167,nnbkbn1004@ya.ru,,,1,10
1583,oxbsnnbnn1,Артём,Бирюкова,1,2022-02-17 00:54:54.291888,oxbsnbnssab@yandex.ru,,,1,0
1584,Djbnnsnsana,Филипп,Семенова,1,2022-02-17 00:59:52.702875,sdsb67kbnaoxs@gmail.com,,,1,0
1585,xnknfm,Илья,Фомин,1,2022-02-17 01:49:51.726474,bxkbnbsfbmb@gmail.com,,,1,0
1586,saxonsko_bfksn,Фёдор,Столяров,1,2022-02-17 01:54:05.562895,bfksn@itresume.ru,,,0,65
1587,nsobdbsmbabn,Ника,Щербаков,1,2022-02-17 02:00:28.788466,nsobdbsmbabn@gmail.com,,,1,0
1588,Scxssonbnbm,Аделина,Исаева,1,2022-02-17 03:14:29.501080,bjonbnnobnibk@gmail.com,,,1,0
1589,Rosnkbx,Варвара,Ефимов,1,2022-02-17 03:25:49.594515,fno-axsc@mail.ru,,,1,0
1590,nsk1oxxbx,Ольга,Дьяконова,1,2022-02-17 03:58:58.397312,xok.osfsnbm@gmail.com,,,1,0
1591,abasfbns,,,1,2022-02-17 04:13:28.446721,fbnsnso-12@mail.ru,,,1,0
1592,abxissn,Анна,Сергеева,1,2022-02-17 04:38:03.643822,abxisssn@gmail.com,,,1,5
1593,Rsndsn7,Элина,Агафонов,1,2022-02-17 04:38:17.501549,xsnd.no2013@yandex.ru,,,1,0
1594,Hodon,Валерия,Алексеева,1,2022-02-17 04:40:18.617992,onnoxokoa88@gmail.com,,,1,0
1595,AnfxoonobA,Максим,Авдеева,1,2022-02-17 04:48:28.808928,bsb.bnfxos@yandex.ru,,,1,30
1596,An3jdb,Дмитрий,Никитин,1,2022-02-17 04:52:31.203804,nexobkbb65536@gmail.com,,,1,0
1597,Ksfxsbmanom69,,,1,2022-02-17 04:57:54.130356,osfxsbmanom69@gmail.com,,,1,0
1598,kbsnfskb,Дарья,Трифонова,1,2022-02-17 04:59:20.550893,kbsnfskb@gmail.com,,,1,0
1599,Axaokcbnnb,Вероника,Трифонова,1,2022-02-17 05:04:15.520259,isdbxaok1999@mail.ru,,,1,0
1600,n5ax310o,,,1,2022-02-17 05:09:15.680438,n5ax310o@gmail.com,,,1,0
1117,nbjbx,Михаил,Трифонова,1,2022-02-04 17:58:08.283180,nbjbx@inbox.ru,,,1,0
1601,Bbafbn,Андрей,Агафонов,1,2022-02-17 05:16:21.068386,ixbmfb.cbafbn@gmail.com,,,1,0
1602,Anbnabnssb,Максим,Хохлова,1,2022-02-17 05:42:36.017173,nbnabnjb83@mail.ru,,,1,0
1603,Ybxd,Михаил,Архипов,1,2022-02-17 05:59:31.474443,obksnnos.s@mail.ru,,,1,0
1604,adbnnfbkcso,,,1,2022-02-17 06:03:09.686455,noxsiob2020@gmail.com,,,1,0
1605,Oddn,Виктор,Миронова,0,2022-02-17 06:04:42.232672,kbxkodbfso93@gmail.com,,,0,0
1606,Xnsfannnn,,,1,2022-02-17 06:08:08.370948,dfn56724@boofx.com,,,1,0
1607,Gdocbnab37,Даниил,Климов,1,2022-02-17 06:18:51.727119,Gdocbnab37@yandex.ru,,,1,0
1608,nn00,Ника,Трифонова,0,2022-02-17 06:20:50.382596,ssdsb_xscbnob@rambler.ru,,,0,0
1609,kbonskbdxbkb,Даниэль,Агафонов,1,2022-02-17 06:38:16.593218,kbonskbd.xbkb2012@gmail.com,,,1,0
1610,Fsaxbs,,,0,2022-02-17 06:50:44.392984,codbfobxbmbdofos@gmail.com,,,0,0
1611,Bodob55,,,1,2022-02-17 06:54:00.563928,nbnb-codob@mail.ru,,,1,0
1612,kodnbjj,Анна,Леонтьева,1,2022-02-17 06:59:06.642018,kodnsobm.smbn@bk.ru,,,1,0
1613,bdsnnob,София,Столяров,0,2022-02-17 06:59:39.432880,nseo.bds.2003@mail.ru,,,0,0
1614,Vdbfsksx,,,1,2022-02-17 07:10:33.271136,mdbfsksxnsxxbm@gmail.com,,,1,0
1615,fbsnomosn,Варвара,Исаева,1,2022-02-17 07:20:28.794420,fbsnom100@gmail.com,,,1,0
1616,fofb88,Кирилл,Климов,1,2022-02-17 07:22:10.580578,fofb1710@gmail.com,,,1,0
1617,f89017037097,,,1,2022-02-17 07:23:59.808766,D89017037097@gmail.com,,,1,15
1618,Логин1234567890,Кирилл,Артемова,1,2022-02-17 07:27:40.238169,bnbobnasobmb614@gmail.com,,,1,0
1619,Логин123,Ника,Нечаева,0,2022-02-17 07:33:13.987680,ni0834139@gmail.com,,,0,0
1620,Pnbosnb,Дмитрий,Мальцева,1,2022-02-17 07:45:30.469179,obasb.obaoxsnb2011@mail.ru,,,1,0
1621,ibibmnn,Валерия,Воронцова,1,2022-02-17 07:47:37.712823,ibibmnn@pfmretire.com,,,1,0
1622,NSsi,София,Зорина,1,2022-02-17 08:02:49.674424,nbnasbnsi152@gmail.com,,,1,0
1623,coddbjj,Яна,Константинов,1,2022-02-17 08:15:18.538469,dnsaonkc@mail.ru,,,1,0
1624,sabxox03,Глеб,Леонова,1,2022-02-17 08:18:37.406116,aabxso03@gmail.com,,,1,0
1626,Ifsfnso,Валентина,Устинова,1,2022-02-17 08:25:18.434497,sfsfnsoin@gmail.com,,,1,0
1627,Ололо,Эмилия,Петров,1,2022-02-17 08:26:13.980409,ssxbnbmb.dsfb@yandex.ru,,,1,0
1628,AddbKbdfbomb,Платон,Сергеева,1,2022-02-17 08:40:04.549408,obdfbomb.b@mail.ru,,,1,0
1629,fns2nb,,,1,2022-02-17 08:42:02.245322,nibxakon2099@gmail.com,,,1,0
1630,mdbnosnb98,Артём,Фомин,1,2022-02-17 09:11:34.821552,mdbnosnb98@bk.ru,,,1,0
1631,bdbd,Филипп,Захаров,1,2022-02-17 09:18:29.163237,bdffonaodbmb@gmail.com,,,1,0
1632,fkdm,Смирнов,Константинов,1,2022-02-17 09:37:16.897080,jdbon-105@yandex.ru,,,1,25
1633,Zbcbmnb,Варвара,Иван ,1,2022-02-17 09:39:05.760578,nibk@ifrom.space,,,1,0
1634,QWERTY12345,,,1,2022-02-17 09:41:59.368758,asebjbd712@host1s.com,,,1,0
1635,axoasnnob,,,1,2022-02-17 09:50:11.069007,mbfnonsnb.bnbnabnssb@gmail.com,,,1,0
1636,Msxb,Евгения,Леонова,1,2022-02-17 09:58:47.094712,ksxbaxbeo888@gmail.com,,,1,0
1637,fksasd,,,1,2022-02-17 10:03:53.288193,fks.asdsbom@gmail.com,,,1,0
1638,Rbnbnbn,,,1,2022-02-17 10:05:25.008462,fbaonkosnaox@gmail.com,,,1,0
1639,nseonbda,Ульяна,Климов,1,2022-02-17 10:10:40.114930,nseonbda@mail.ru,,,1,10
1640,Innb,Виктория,Зорина,1,2022-02-17 10:15:13.709759,snnb_ksn@mail.ru,,,1,0
1641,kbnbnbmkbf,Артём,Семенова,1,2022-02-17 10:18:33.317417,kbnbnbmkbf@gmail.com,,,1,0
1642,bdofconbsa,Варвара,Демина,1,2022-02-17 10:21:02.873501,Adof.conbsa@ya.ru,,,1,0
1643,sndbk09,Даниил,Жукова,0,2022-02-17 10:21:43.068636,fbeabxfbxssn006@gmail.com,,,0,0
1644,sndbk,Кирилл,Никитин,0,2022-02-17 10:21:55.724712,kxsndbk4so888@gmail.com,,,0,0
1646,Hsnoskb,Фёдор,Петров,1,2022-02-17 10:33:02.685487,embs2705@yandex.ru,,,1,0
1647,dsaadonabx04,Ярослав,Иванов,1,2022-02-17 11:09:10.700234,dsaadonabx04@yandex.ru,,,1,0
1648,kbxsfnom,,,1,2022-02-17 11:09:14.390844,79020504959@mail.ru,,,1,0
1649,Fboxkbn123,,,1,2022-02-17 11:10:40.582772,Fboxkbn1@ya.ru,,,1,0
1650,onofsdbomxsnba,Виктор,Яковлев,1,2022-02-17 11:16:33.233338,onofsdbom.xsnba@yandex.ru,,,1,0
1651,joxkssk,София,Фомин,1,2022-02-17 11:57:59.134140,joxkssk@yandex.ru,,,2,15
1652,Mbscodbaox1,Александра,Никитин,0,2022-02-17 12:13:47.561578,nsombn184@gmail.com,,,0,0
1653,Cnoksna21,Романова,Захарова,1,2022-02-17 12:24:25.279526,enoksna_21@mail.ru,,,1,10
1654,Sdbnnox,Анна,Леонтьева,1,2022-02-17 12:34:03.552225,Sdbnnox2@mail.ru,,,1,0
1655,cabbk,,,1,2022-02-17 12:42:07.144340,coosndbkbkbxbm@gmail.com,,,1,0
1656,obaf94,,,1,2022-02-17 12:55:43.653280,obaf94@gmail.com,,,1,30
1658,smbnn,Кирилл,Афанасьев,1,2022-02-17 12:59:56.391633,fbsdb09@mail.ru,,,1,0
1659,Nsosabksnbobm1,,,1,2022-02-17 13:12:41.668235,ksnbobmnseo@mail.ru,,,1,10
1660,Aansosoa,,,1,2022-02-17 13:16:55.548357,nsoo00187@gmail.com,,,1,0
1661,nbdfsk,Даниэль,Филиппова,1,2022-02-17 13:18:55.944149,fksaxssnbdsnbm@gmail.com,,,1,0
1662,KOTT3,,,1,2022-02-17 13:32:20.902169,2087024@gmail.com,,,1,0
1663,Lssnbn,Варвара,Воронцова,1,2022-02-17 13:35:03.685301,dsson@bk.ru,,,1,0
1664,xodds,Георгий,Воронцова,1,2022-02-17 13:45:59.842035,fskbcodbm2006@gmail.com,,,1,0
1665,cosnaxonfs1,,,1,2022-02-17 14:23:45.057424,oabx.kbobxsonsn@gmail.com,,,1,0
1666,cosnaxonfs,Варвара,Семенов,0,2022-02-17 14:31:34.812986,snjb@beintrendy.com,,,0,0
1667,Msooonso,Виктория,Макаров,1,2022-02-17 14:33:59.823756,ksoo.onso@mail.ru,,,1,0
1668,Jbxxs,Анна,Киселев,1,2022-02-17 14:35:14.929216,noxasn.sdsb18@gmail.com,,,1,0
1669,nbkbmoxb,,,1,2022-02-17 14:37:22.123889,nbkb-moxb@yandex.ru,,,1,0
1670,Tsnabnas,Дарья,Смирнова,1,2022-02-17 15:13:07.362158,asnabnofs@gmail.com,,,1,0
1671,obnasb99,Валерия,Дементьев,1,2022-02-17 15:39:06.420061,obac_99@mail.ru,,,1,0
1672,nbdssddsnbnabn,Смирнов,Соловьев,1,2022-02-17 15:51:22.976061,nbdssddsnbnabn@gmail.com,,,1,10
1673,jsnaabkobxaso,Даниэль,Макаров,1,2022-02-17 16:16:36.083722,jsnaabkobxaso1@gmail.com,,,1,0
1674,msasb9091,,,0,2022-02-17 16:26:55.142699,mbe7bx@ya.ru,,,0,0
1675,Tbobkbo,,,1,2022-02-17 16:39:40.255710,kbn9101@mail.ru,,,1,5
1676,cxbfso123456789,Анна,Горшков,1,2022-02-17 16:45:50.082112,bfbnenso30061997@yandex.ru,,,1,0
1677,Anebdab,Глеб,Фомин,1,2022-02-17 16:53:20.036738,sxsnboxbsnos@icloud.com,,,1,0
1678,nnxsfa1,,,1,2022-02-17 16:57:39.304829,iddddobnbnads@icloud.com,,,1,0
1679,nnxsfa,Аделина,Климов,0,2022-02-17 17:15:10.312013,iddddobnbnads@icolud.com,,,0,0
1680,bkbdonsnn,Максим,Лебедева,1,2022-02-17 17:16:38.250183,nbccba.bkbd@gmail.com,,,1,0
1681,bmoxcbonkm,,,1,2022-02-17 17:22:06.200371,bmoxcbn_kbonsk@mail.ru,,,1,0
1682,cxfokn,,,1,2022-02-17 17:33:37.263357,fsdoibm.bnabn@gmail.com,,,1,20
1683,bdababfsnbmb,Маргарита,Куликов,1,2022-02-17 17:54:12.599264,bdab-abfsnbmb2009@yandex.ru,,,1,0
1684,sxaonf,Александр,Степанова,1,2022-02-17 18:00:55.237391,sxaonf@vk.com,,,1,0
1685,fskb359,,,1,2022-02-17 18:20:10.595644,fskbo64@mail.ru,,,2,20
1686,Lonb88,Даниэль,Устинова,1,2022-02-17 18:24:17.474155,ndbdonamon@gmail.com,,,1,0
1687,bnooasn,,,1,2022-02-17 18:26:06.715032,bnoasn3012@gmail.com,,,1,0
1688,Sjssxxod,Виктория,Греков,1,2022-02-17 18:48:36.040619,coddbonbnniox@gmail.com,,,1,0
1689,LssbGZ,Ярослав,Булатов,1,2022-02-17 19:02:27.754854,dxfbosxbmb@mail.ru,,,1,10
1690,Injsnsas,Фёдор,Горячева,1,2022-02-17 19:15:12.881328,bfksn@creator-spb.ru,,,1,0
1691,Hnnn8ao,Даниил,Антонов,1,2022-02-17 19:17:04.611373,nnn8ao@gmail.com,,,1,0
1692,Lbddsibi,,,1,2022-02-17 19:17:09.803448,fosnbdbmbnb@mail.ru,,,1,0
1693,fonbd1997,Михаил,Филатова,1,2022-02-17 19:32:13.253195,nbdbmomfonsn183@gmail.com,,,1,110
1694,bdjssbcbsxbnnomb,Виктория,Филимонов,1,2022-02-17 19:36:36.155870,bdjssbcbsxbnnomb@gmail.com,,,1,20
1695,RbomnossPV,Карина,Константинов,1,2022-02-17 19:37:29.444147,asknbnaso@gmail.com,,,1,10
1696,Anfxod08,Варвара,Иванов,1,2022-02-17 19:40:09.242223,nnbkbnn-akn2@rambler.ru,,,1,0
1697,PVZ4,,,1,2022-02-17 20:01:51.856533,ibmdbmkbobx744@gmail.com,,,1,65
1698,Tm89,Артём,Мальцева,1,2022-02-17 20:52:16.013675,am89@yandex.ru,,,1,0
1699,Bxbsn555,Макар,Сухарева,0,2022-02-17 20:59:14.012317,fmo111995@mail.ru,,,0,0
1700,cdaom,Полина,Столяров,1,2022-02-17 21:57:28.565208,csdabobmbodd@yandex.ru,,,1,15
1701,TbxbnFsdd,Макар,Мальцева,1,2022-02-17 22:09:24.476179,biidosnjb20@yandex.ru,,,1,0
1702,ZPV1,Таисия,Беликов,0,2022-02-18 01:59:32.536729,ifbdbabjob@gmail.com,,,0,0
1703,Bsosnbkm1112,Максим,Трифонова,0,2022-02-18 04:18:30.539769,csosnbkm1112@mail.ru,,,0,0
1704,dsdsbbksxbmb,Артём,Романов,1,2022-02-18 05:09:33.486237,dsdsbbksxbmb@list.ru,,,1,0
1705,kbfjbdebbn,,,1,2022-02-18 05:12:27.077461,kbf-jbdebbn@mail.ru,,,1,5
1707,Vsa26,Филипп,Иван ,1,2022-02-18 06:31:10.732546,nsfbxbdsabds@mail.ru,,,1,0
1708,abnsb07,Ева,Петров,1,2022-02-18 07:37:50.115410,aoxfb2006@list.ru,,,1,0
1709,Mbxabmnm,Аделина,Булатов,1,2022-02-18 07:43:24.145446,kbxab.moxnbmb@mail.ru,,1.0,1,0
1710,Sda4,Артём,Ракова,1,2022-02-18 07:44:32.700089,nbdabf@me.com,,,1,0
1711,noko4ob83,Даниэль,Захаров,1,2022-02-18 07:53:18.202355,axono.94@mail.ru,,,1,0
1712,Kxsnaon1699,,,1,2022-02-18 08:10:42.162123,oxsnaon1699@mail.ru,,,1,0
1713,bdoffomkofsb,Варвара,Беликов,1,2022-02-18 08:12:25.557115,bdoffomkofsb@gmail.com,,,1,0
1714,mbnsdsomnoss,Варвара,Фролова,1,2022-02-18 08:16:47.878454,s_mbnsdsomnoss@mail.ru,,,1,65
1715,GbxnnonsnNsobdbs,Серафим,Смирнова,1,2022-02-18 08:29:56.547971,obdsb.abxnnonsn.2002@gmail.com,,,1,0
1716,bf6803884,Никита,Климов,1,2022-02-18 09:11:59.088549,bf6803884@yandex.ru,,,1,0
1717,Axaoksb082003,Марк,Полякова,0,2022-02-18 09:17:10.494979,nabxbmbsabmbib@mail.ru,,,0,0
1718,Axaoksb08,,,0,2022-02-18 09:20:40.982663,nabxbmbsabmbi@mail.ru,,,0,0
1719,Nbfbx,Варвара,Климов,1,2022-02-18 09:24:23.504133,fskb.nbfbxonob510@gmail.com,,,1,0
1720,Jjjseajcm,Константин,Романов,1,2022-02-18 10:18:31.709108,asbdbf@mail.ru,,,1,0
1721,xonnbaodcbbna,,,1,2022-02-18 10:39:21.965367,fbcbdbasnfbnsd2002@gmail.com,,,1,0
1722,nbnasbxsn,Михаил,Агафонов,1,2022-02-18 11:02:26.324903,nbnasbxsn007@gmail.com,,,1,0
1724,aknso,Варвара,Филиппова,1,2022-02-18 11:23:06.880595,mbdoxb.nsfbmb.2003@mail.ru,,,1,0
1725,Hbxfox,Глеб,Маслова,1,2022-02-18 11:37:33.346762,Ybobcbeo@yandex.ru,,,1,0
1726,Hbxf,Ева,Булатов,0,2022-02-18 11:59:20.064324,Ybob-cbeo@yandex.ru,,,0,0
1727,Dskb314,Валентина,Беляев,1,2022-02-18 12:11:36.141880,fskbkonsbsdonob@gmail.com,,,1,130
1728,Adofbnfox,Дарья,Ефимов,1,2022-02-18 12:22:00.328477,nbnoo_b@mail.ru,,,1,0
1729,NsosabSk,Вероника,Жукова,1,2022-02-18 12:32:54.357404,nkbaxsbom96@yandex.ru,,,1,0
1730,Edsfbcoan,Михаил,Леонтьева,1,2022-02-18 12:56:44.449762,dsff97@mail.ru,,,1,0
1731,Vsinon,Ангелина,Захаров,1,2022-02-18 13:09:53.768604,n.nokonoan2001@mail.ru,,,1,0
1732,Sossebc,,,1,2022-02-18 13:14:38.955096,nossebc671@porjoton.com,,,1,5
1733,mnfbnsdenonob,Михаил,Захаров,1,2022-02-18 13:40:32.477512,mnfbnsdenonob@gmail.com,,,1,0
1734,Kbkonnobmb8989,Максим,Дмитриев,1,2022-02-18 14:03:52.963680,obkonnobmb8989@gmail.com,,,1,0
1735,fxboof,Варвара,Родионов,1,2022-02-18 14:19:40.930273,fxboof@gmail.com,,,1,0
1736,kbaa133,,,0,2022-02-18 15:00:16.038672,oonnbdsmbnbm@gmail.com,,,0,0
1737,kbaanod,,,1,2022-02-18 15:29:48.972931,kbaanodcdbeoabbd@gmail.com,,,1,0
1738,Donsnabxo,Евгения,Исаева,1,2022-02-18 15:59:31.090850,doxbobdkbabxeomb2@gmail.com,,,1,5
1739,nbnasksnbomb,Анна,Романов,1,2022-02-18 16:38:56.482644,nbnas_ksnbomb@mail.ru,,,1,0
1192,nsneff,Никита,Лебедева,1,2022-02-07 04:53:29.124329,nnsneff@gmail.com,,,1,5
1740,Mbxfoebs1,Кирилл,Дементьев,1,2022-02-18 16:53:12.276338,nbxbom.f@yandex.ru,,,1,5
1741,nonj,Даниэль,Иванов,1,2022-02-18 17:10:53.276697,osibsnsnbmnj@gmail.com,,,1,0
1742,Vbnfson,,,1,2022-02-18 17:16:13.318111,fbanoisdbm2014@mail.ru,,,1,0
1743,ns18,Таисия,Курочкин,1,2022-02-18 17:48:46.756130,nbnasbsmbnbmb.18.09.02@mail.ru,,,1,0
1744,TbasbnbBbxsnbmb,,,1,2022-02-18 17:58:47.177929,abnsbcbxsnbmb01@mail.ru,,1.0,1,240
1745,xbk0obdb,София,Филимонов,1,2022-02-18 19:04:22.367903,xbk0obdb@gmail.com,,,1,0
1746,xbfsbnb,Филипп,Ефимов,0,2022-02-18 19:08:03.866984,n.xbfsbnonob@gmail.com,,,0,0
1747,fbnsonox,Валерия,Фролова,1,2022-02-18 19:54:48.641288,fbnsonox@mail.ru,,,1,0
1748,Moxbib,,,1,2022-02-18 21:01:39.447438,odosf@bk.ru,,,1,0
1749,mbmb2idbmb,,,0,2022-02-18 21:57:14.447679,ddombmbneso@gmail.com,,,0,0
1750,Iosask,Валерия,Иван ,1,2022-02-18 22:23:10.761432,Iosask@gmail.com,,,1,0
1751,jbxnofbdb,,,1,2022-02-19 07:16:43.779141,k.asobdb@gmail.com,,,1,55
1752,odonsnbbi,Аделина,Афанасьев,1,2022-02-19 07:43:49.256994,odonsnb1706@gmail.com,,,1,0
1753,smbxbnofnnos,София,Кузнецова,1,2022-02-19 08:11:31.287354,smbxbnofnnos@gmail.com,,,1,0
1754,Exkbobm717,,,1,2022-02-19 09:04:29.554685,oxkbobm111@mail.ru,,,1,0
1755,xbcbas,Даниил,Семенова,0,2022-02-19 09:50:38.305160,xbcbas1@yandex.ru,,,0,0
1756,obkonsoob,Ника,Морозов,1,2022-02-19 10:02:21.368602,obkonsoob@gmail.com,,,1,0
1757,Roib,Степан,Афанасьев,1,2022-02-19 11:59:30.151169,asksx4oaaa@mail.ru,,,1,10
1758,Amsabdb,Платон,Щербаков,1,2022-02-19 12:34:07.217775,mbnsdnbsb_ooo@inbox.ru,,,1,0
1759,Adsnscx,Варвара,Иванов,0,2022-02-19 13:13:53.926648,bdsnscx30@gmail.com,,,0,0
1760,bjsxjsx,Даниил,Лебедева,1,2022-02-19 13:45:51.198952,jsxjsxkoj@gmail.com,,,1,0
1761,nnksxnbmmb,,,1,2022-02-19 13:53:07.722224,nksxnbmb_jsdsb2001@mail.ru,,,1,0
1762,Knsna,Никита,Антонов,1,2022-02-19 14:28:35.860974,nbnbonsna@gmail.com,1439.0,,1,0
1763,Adofoo,,,1,2022-02-19 14:41:35.910529,bdofobxbmsns66@gmail.com,,,1,0
1764,Lbdnna,Филипп,Константинов,1,2022-02-19 14:43:26.235565,dbdnna5559220@gmail.com,1439.0,,1,0
1765,Dojjox,Смирнов,Леонтьева,1,2022-02-19 14:54:05.887684,ajsnncsxaox@gmail.com,,,1,0
1766,GobxaoM,Демид,Гончарова,0,2022-02-19 15:07:10.355524,aobxaokbabxsn@gmail.com,,,0,0
1767,fsnenadm,Максим,Медведева,1,2022-02-19 15:57:48.517536,fnenoabdomb@gmail.com,,,1,0
1768,AsKsns,Алина,Кузина,1,2022-02-19 16:25:24.773974,bxoosnnos@gmail.com,,,1,0
1769,Mbnaox,Ольга,Федоров,1,2022-02-19 16:34:14.127162,dbioxbx125@mxclip.com,,,1,0
1770,Msonbdom,Валерия,Трифонова,0,2022-02-19 17:50:20.211844,nbsd_biido@nail.ru,,,0,0
1771,Nsns,Михаил,Нечаева,1,2022-02-19 18:09:36.266190,nsnsan88@gmail.com,,,1,0
1772,VKVK,Валерия,Антонов,1,2022-02-19 19:46:15.317092,konnbaoaboxsensnsn@yandex.ru,,,1,0
1773,bnsxoaboo,Маргарита,Столяров,1,2022-02-19 19:58:32.074215,obaoibm94@gmail.com,,,1,25
1774,fbxoobdbs,Ника,Петров,0,2022-02-19 20:00:40.941928,kbxnkbs10@gmail.com,,,0,0
1776,Tona111123,Варвара,Романов,1,2022-02-19 21:48:02.443879,fbebjbs340@afarek.com,,,1,0
1777,bdofkksnf,,,1,2022-02-19 22:24:43.095431,bdofkksnf@gmail.com,,,1,15
1778,Adonosnb,Василиса,Старостин,1,2022-02-20 03:58:31.560383,nbnas_1991@inbox.ru,,,1,0
1779,obnasb9933,Фёдор,Беликов,0,2022-02-20 05:20:49.572626,obacn@mail.ru,,,0,0
1780,fsm3,Николай,Смирнова,1,2022-02-20 06:18:04.777865,fsm-3@mail.ru,,,1,0
1781,RbfsbnbmbNbnasb,Даниил,Лосев,1,2022-02-20 07:18:06.043473,xbfsbnbmbb.nbnasb2008@gmail.com,,,1,0
1782,Doksdbxsn,Даниил,Богданова,0,2022-02-20 08:02:48.443679,nsbkxbsfo@gmail.com,,,0,0
1783,Nbnasb,,,0,2022-02-20 09:22:37.487314,nbnasbasco9@gmail.com,,,0,0
1784,GIVANOV,,,1,2022-02-20 09:35:34.434024,osna981998@gmail.com,,,1,185
1785,Nbxbd,Анна,Беляев,1,2022-02-20 10:04:02.718572,oscsnbm.nsosab72@gmail.com,1783.0,,1,0
1786,dbdjosdd3,,,1,2022-02-20 10:14:38.591961,kodnsobmmbf@yandex.ru,,,1,0
1787,Ysdsb,Варвара,Кузина,1,2022-02-20 10:15:55.909614,ssf.obfdbmb@yandex.ru,,,1,0
1788,Voxnoxe,София,Петров,1,2022-02-20 12:28:39.937999,Vbxobenomo@gmail.com,,,1,0
1789,bdsnno,Никита,Дементьев,1,2022-02-20 12:46:44.291490,bdsnno.fo@gmail.com,,,1,0
1790,Bbbkcbbk1991,Виктор,Филатова,1,2022-02-20 12:53:10.920213,mdbfsndbm.obixbdbm@gmail.com,,,1,0
1791,xdsnosnbm,Алина,Ракова,1,2022-02-20 13:22:51.690144,dsnosnbm.xbkb@yandex.ru,,,1,10
1792,NsoodSabno,Степан,Фомин,1,2022-02-20 13:56:56.300935,nsos96_@mail.ru,,,1,0
1793,Cnoofoo,,,1,2022-02-20 14:32:18.036653,k.cbcsxbm@gmail.com,,,1,0
1794,Icsobm,Дмитрий,Захарова,1,2022-02-20 14:43:43.762516,fsbnsn.scsobm@gmail.com,,,1,0
1795,Nbfcbf,Ярослав,Сергеева,1,2022-02-20 14:50:51.778749,jxbnasdsb@mail.ru,,1.0,1,0
1796,abs63036,,,1,2022-02-20 15:41:05.321287,abs63036@uooos.com,,,1,0
1797,bnskbab,Кирилл,Родионов,1,2022-02-20 16:13:12.266021,msasbbnskbab@gmail.com,,,1,0
1799,Amxs,Яна,Ефимова,1,2022-02-20 16:51:56.665903,9119958461@mail.ru,,,1,0
1800,dsnfdbmo,Виктория,Греков,1,2022-02-20 16:57:58.996972,obxsnob@mail2000.ru,,,1,5
1801,Dnsaj,,,0,2022-02-20 17:09:26.636789,moxfon.xsnosnsob@gmail.com,,,0,0
1802,Sjf008,Фёдор,Булатов,1,2022-02-20 18:10:58.669652,njf008@mail.ru,,,1,5
1803,Txsoxbno,София,Соловьев,1,2022-02-20 19:12:00.537150,axsoxbno007@gmail.com,,,1,0
1804,Kbk67,Фёдор,Серова,1,2022-02-20 19:21:36.353998,bcj2011@mail.ru,,,1,25
1805,Edsjbn,Ева,Захарова,1,2022-02-20 19:29:28.226031,onxbkanbm1992@gmail.com,,,1,10
1806,nbnbenoa,Константин,Курочкин,1,2022-02-20 21:02:53.738561,nbnn1mbf@yandex.ru,,,1,0
1218,ooaabs,,,1,2022-02-07 19:23:26.215114,ooaabs@mail.ru,,,1,5
1807,Vsoabxssbobobn,Евгения,Родионов,1,2022-02-20 21:03:18.915289,msoabxssb_obobn@mail.ru,,,1,0
1808,fxomonasn,Андрей,Петров,1,2022-02-20 21:41:51.783236,abxba2@mail.ru,,,1,0
2161,bbjk,Илья,Иван ,1,2022-03-03 19:41:33.865225,bb.jk@bk.ru,,,1,120
1809,Kbaoonbc,Николай,Никитин,1,2022-02-20 22:43:57.622572,isosnabnn@mail.ru,,,1,0
1810,Csaxo,,,0,2022-02-20 22:52:13.839404,bxbkbnb33@gmail.com,,,0,0
1811,fksaxs96,,,1,2022-02-21 00:16:50.713614,mbdenbxb950@gmail.com,,,1,0
1812,MBxbnfb,Вероника,Леонова,1,2022-02-21 03:36:16.884829,kbibfbjjn@gmail.com,,,1,0
1813,kcdonnebnm,Максим,Филиппова,1,2022-02-21 04:43:03.968174,abnnbn.dsobn@yandex.ru,,,1,5
1814,AAA4,Даниэль,Андрей,1,2022-02-21 04:46:21.658933,jsd-48@yandex.ru,,,1,0
1815,Nsosab,,,1,2022-02-21 05:40:17.443096,nsosab.k977@gmail.com,,,1,0
1816,Anbosjbos,Кирилл,Столяров,1,2022-02-21 06:27:52.023416,asksxebk@yandex.ru,,,1,0
1817,RbnasndbmNaskbm,Мария,Антонов,1,2022-02-21 07:06:28.357620,xbnasndbm.nbaskbm@ya.ru,,,1,0
1818,Hosobao,,,0,2022-02-21 07:20:10.737097,Kxsmbnnosnboobaoxsnb@yandex.ru,,,0,0
1819,Pnsdds,Валентина,Семенова,1,2022-02-21 07:40:05.602534,bxnoxas@yandex.ru,,,1,15
1820,mdbfdonb,,,1,2022-02-21 07:49:13.872416,mdbfdonb.bnisdbabmb@yandex.ru,,,1,0
1821,Ocnsfsbn,,,1,2022-02-21 07:53:08.554512,xoobeasmo13@gmail.com,,,1,0
1822,Hxsnabddso,Валентина,Семенова,1,2022-02-21 07:58:12.214197,5696903@gmail.com,,,1,200
1823,isxbnnbobf,Елизавета,Демина,1,2022-02-21 08:03:25.774064,ndbmnbm.msabdss1@gmail.com,,,1,0
1824,Lbnosabm,Андрей,Климов,1,2022-02-21 08:18:41.830761,dbnosabm-f@list.ru,,,1,0
1826,Vdbfsksxaxonebm,Никита,Хохлова,1,2022-02-21 08:49:50.114513,Vdbfsksxaxonebm@gmail.com,,,1,0
1827,Tsssbi,Вероника,Климов,1,2022-02-21 08:50:10.920905,bis86422@qopow.com,,,1,5
1828,Zonfs,Михаил,Алексеева,1,2022-02-21 08:51:24.451351,fbsdbidbsn@gmail.com,,,1,0
1829,Tsssao,Михаил,Климов,0,2022-02-21 08:55:04.286784,noxansskoj@thvc.jytff,,,0,0
1830,bdjfm,Степан,Мальцева,1,2022-02-21 10:29:35.185229,bdjfm17@gmail.com,,,1,0
1831,Sodona,Андрей,Ермилова,1,2022-02-21 10:31:18.580134,nodona@mail.ru,,,1,0
1832,fbxsbxsbf,Вероника,Степанова,1,2022-02-21 10:46:35.067484,sb.fxsbfbnbmb@yandex.ru,,,1,0
1833,enxsnasnosbo,Кирилл,Петров,0,2022-02-21 10:50:26.672354,enxsnasno.omfboskbmb@gmail.com,1424.0,,0,0
1834,ixbjbn,Филипп,Ефимова,1,2022-02-21 12:03:56.949107,ibid2016@yandex.ru,,,1,0
1835,nbnbonbms,,,0,2022-02-21 13:25:22.868505,mbmbnnmbs4od@gmail.com,,,0,0
1836,kin2009,Вероника,Греков,1,2022-02-21 13:37:02.014739,kin2009@yandex.ru,,,1,0
1837,In0oo,Елизавета,Щербаков,1,2022-02-21 15:03:53.743584,dofsbnfx@gmail.com,,,1,0
1838,Edbobkbn,Варвара,Тарасов,1,2022-02-21 15:30:17.886905,ibnbkbxom.2378@gmail.com,,,1,0
1839,osxoombx,Варвара,Медведева,1,2022-02-21 15:38:31.533317,osxoombxo97@mail.ru,,,1,0
1840,isbnobm10,,,1,2022-02-21 16:21:11.611730,isbnobm10@mail.ru,,,1,0
1841,odsfbxsen1,,,1,2022-02-21 16:37:36.973384,nbnnb23032000@mail.ru,,,1,0
1842,ffmbnjssnnox,Александра,Курочкин,1,2022-02-21 16:50:56.847482,bnabns.kbnbobm@gmail.com,,,1,0
1843,fsfjb,Валерия,Семенова,1,2022-02-21 18:16:59.069375,nbddbdexbdn359@gmail.com,,,1,0
1844,NodnabxVsabdss,Валентина,Дьяконова,1,2022-02-21 18:48:21.848689,ibnnb15dba333@mail.ru,,,1,0
1845,Unxobd,Святослав,Миронова,1,2022-02-21 19:01:46.549573,snxobd.1329@gmail.com,,,1,0
1846,csnfbnbab,,,1,2022-02-21 19:06:22.073791,csnfbnbab@mail.ru,,,1,0
1847,knbnnnsobm,Ника,Бирюкова,0,2022-02-21 20:06:36.065228,kbfsk.nbnnnsobm@gmail.com,,,0,0
1848,nbdbmombkbxsbb,Полина,Ракова,1,2022-02-21 20:09:25.466340,nbdbmombkbxsbb@yandex.ru,,,1,0
1849,mdbfbnaox,Елизавета,Киселев,1,2022-02-21 20:09:45.244020,m.abxabjj@yandex.ru,,,1,0
1850,Kbnasokb,Даниил,Ермаков,1,2022-02-22 04:56:18.995674,obnkbx@bk.ru,,,1,0
1851,bbonbnbm,Виктор,Сухарева,1,2022-02-22 07:12:25.466471,bbonbnbm@gmail.com,,,1,0
1852,Mbfnb,Даниил,Ермаков,1,2022-02-22 07:14:44.326253,aoakbnbm.dsxso@yandex.ru,,,1,0
1853,Lbnadbxfn,Ольга,Иван ,1,2022-02-22 07:27:09.765644,dbnadbxfn@yandex.ru,,,1,0
1854,isensoo,Александр,Климов,1,2022-02-22 07:56:18.982019,is4oob@gmail.com,,,1,15
1855,Dxbabnjbanox,Никита,Алексеева,1,2022-02-22 08:07:02.709573,Anfxos18651@gmail.com,,,1,0
1856,Odoa,,,1,2022-02-22 08:36:14.211276,cax_ba_noa@mail.ru,,,1,0
1857,ebebkk,,,1,2022-02-22 08:36:28.462842,ebebnsakkod@gmail.com,,,1,0
1858,fmoxomdbf,Эмилия,Мальцева,1,2022-02-22 11:06:15.620259,fm3x3m.mdbf@yandex.ru,,,1,0
1859,ANDY,Варвара,Степанова,1,2022-02-22 11:42:03.028668,obnabmbnseonob@gmail.com,,,1,5
1860,Bodosnb,Артём,Булатов,1,2022-02-22 11:47:03.856140,codosnb.xs@gmail.com,,,1,0
1861,Tsksx,Демид,Горшков,1,2022-02-22 11:50:02.158491,abcsabm.asksx@gmail.com,,,1,0
1862,Ysxsob,Михаил,Кулагин,1,2022-02-22 12:15:38.265869,xoeeb.doddbn@gmail.com,,,1,0
1863,POZHARSKIY,,,0,2022-02-22 13:03:36.918252,ibjbx2917@gmail.com,,1.0,0,0
1864,Kbnsob,,,1,2022-02-22 14:12:55.599400,sakbx.obnsob@gmail.com,,,1,5
1865,Qdoxass,Виктория,Степанова,0,2022-02-22 14:28:25.172764,Qdoxass@mail.ru,,,0,0
1866,Nsosabnabxen,Платон,Медведева,1,2022-02-22 14:46:43.164320,nabxsnbnsosab@gmail.com,,,1,0
1867,Hannfbb,,,1,2022-02-22 14:50:18.925309,osxsddmbnob@mail.ru,,,1,0
1868,Hannfb,Валерия,Сергеева,0,2022-02-22 14:53:59.758257,nannfb@gmail.com,,,0,0
1869,Wsn4onaox,Виктор,Антонов,1,2022-02-22 14:58:58.409603,fskb1bxn@gmail.com,,,1,0
1870,bnsbb,Степан,Хохлова,1,2022-02-22 15:01:55.689979,bnsb310798@gmail.com,,,1,15
1871,nofbss,,,1,2022-02-22 15:29:34.952987,cxbnobmnoss_bdof@list.ru,,,1,0
1872,Vbdsfbs,,,1,2022-02-22 15:36:41.861382,mbdsfbsixbkbco@gmail.com,,,1,0
1267,ksdb,,,1,2022-02-09 11:08:36.621588,ksdb.a.nscnex@gmail.com,,,1,5
1873,fbxsbosdeobmb,Виктория,Леонтьев,1,2022-02-22 15:38:59.473313,fbxsb.osdeobmb@yandex.ru,,,1,0
1874,Nbao,Максим,Синицына,0,2022-02-22 15:56:21.652141,Nbaofsdsn@gmail.com,,,0,0
1875,Dsk555,Макар,Семенов,0,2022-02-22 17:12:28.185964,obxbdsbmfksaxs@gmail.com,,,0,0
1876,jsdsbnbmbanbsb,Кирилл,Воронцова,1,2022-02-22 17:24:50.896355,jsdsbnbmbanbsb@gmail.com,,,1,0
1877,Fsdsns,,,1,2022-02-22 17:56:58.306408,ombnbabm@yandex.ru,,,1,5
1878,Koobmnos,Ника,Климов,1,2022-02-22 18:04:01.977666,xsnadoceo@gmail.com,,,1,0
1879,Fofbnaoi,Андрей,Галкин,0,2022-02-22 18:55:14.908835,jofbnaoi529@gmail.com,,,0,0
1880,MsbZsk,Дмитрий,Дьяконова,1,2022-02-22 18:57:47.441869,Mbnnb578@yandex.ru,,,1,65
1881,Xxsna,,,1,2022-02-22 20:38:44.485156,fxsnasdob@gmail.com,,,1,0
1882,kodbnsoDobf,Таисия,Фролова,1,2022-02-22 21:23:37.233181,kodbnso.fobf@gmail.com,,,1,0
1883,MsnnbRs,Виктор,Воронцова,1,2022-02-22 21:24:41.717860,xsfomsenksnnb@gmail.com,,,1,0
1884,Lbdbnsa48,,,1,2022-02-22 21:51:05.913672,dobdsscsbosn@gmail.com,,,1,0
1885,LonsbSennosfox,,,1,2022-02-22 22:46:26.450543,donsbabdsnnobsb@gmail.com,,,1,0
1886,MxDomodbiox,,,1,2022-02-23 03:26:06.277863,kbfbj81206@yks247.com,,,1,0
1887,Jobn2442,Варвара,Родионов,1,2022-02-23 04:08:16.336943,osdabnnbmof@gmail.com,,,1,0
1888,mnnbxbonkbabm,,,1,2022-02-23 04:25:12.815349,mnnbxbonkbabm@gmail.com,,,1,105
1889,bcbcsn2291,Николай,Захарова,1,2022-02-23 05:44:55.692717,ibnnbxso@mail.ru,,,1,0
1890,Vbdxban,Александр,Фомин,1,2022-02-23 05:45:55.731755,ebixbd87@gmail.com,,,1,0
1891,Sibnaoxnbo,Михаил,Баранов,1,2022-02-23 06:39:41.676322,nnsxbibnaoxnbo+saxonsko@gmail.com,,,1,0
1894,LbasnRonsko,Максим,Медведева,1,2022-02-23 08:16:50.697034,fbnooba@yandex.ru,,,1,0
1895,bxamdbn123,Никита,Баранова,1,2022-02-23 08:19:27.788884,bxamdbn123@yandex.ru,,,1,0
1896,Mbxskbobxbmb11,Арсений,Курочкин,1,2022-02-23 08:22:09.420716,kbxs_ko_11@mail.ru,,,1,0
1897,Митка,Илья,Исаева,1,2022-02-23 08:22:55.463886,xsfnonobs@yandex.ru,,1.0,1,0
1898,dbnnodbi,София,Горячева,1,2022-02-23 08:24:08.716580,ksjjjob@mail.ru,,,1,0
1899,IdsbSndbk,Даниил,Баранова,1,2022-02-23 08:27:53.544953,sdsbnndbk32@gmail.com,,,1,0
1900,Sbnnb,Валерия,Демина,1,2022-02-23 08:34:00.280631,nbnnb_cbxksnb@mail.ru,,,1,265
1901,bxnonsenocsnnom,Елизавета,Булатов,1,2022-02-23 09:05:00.175162,bxnons.enocsnnom@gmail.com,,,1,5
1903,bjfox,,,1,2022-02-23 10:26:22.240782,menssosn06@mail.ru,,,1,0
1904,Kbdofbnf,Эмилия,Маслова,1,2022-02-23 11:01:19.683574,cskbxssdssb@gmail.com,,,1,0
1905,osfnoanbmbf4,Виктор,Устинова,1,2022-02-23 11:52:52.133508,osfnoanbmbf4@yandex.ru,,,1,5
1906,abdnfomsd,София,Тарасов,1,2022-02-23 11:57:16.175882,abdnfomsd55@gmail.com,,,1,0
1907,Ixsnb,Кирилл,Мартынов,1,2022-02-23 11:59:41.877654,fobf.xonesox@yandex.com,,,1,0
1908,nabdoox2393,,,1,2022-02-23 12:02:19.666176,smaoxkbnbm@yandex.ru,,,1,0
1909,osnodsb,Николай,Маслова,1,2022-02-23 12:10:02.041618,osnodom7788@gmail.com,,,1,0
1910,Tonaox34xsn,,,1,2022-02-23 12:39:51.771587,bmabkbxbfbm@gmail.com,,,1,0
1911,nsomo,Эмилия,Сухарева,1,2022-02-23 13:06:51.583182,babanoibdoxbj4@gmail.com,,,1,15
1912,ixbaxbkkox,Вероника,Ефимова,1,2022-02-23 14:55:27.331088,osfsnbmbxasx13@gmail.com,,,1,0
1913,Mbxboosb,Мирон,Серова,1,2022-02-23 16:02:56.333870,kbxboosb@mail.ru,,,1,0
1914,xksn,,,1,2022-02-23 16:04:54.683254,xbmksnn@gmail.com,,,1,50
1915,fsbksaxs,Александр,Петров,1,2022-02-23 16:30:29.301776,donod@bk.ru,,,1,0
1916,dnojx,,,1,2022-02-23 18:16:33.258897,dsnojx9@gmail.com,,,1,0
1917,Ysdssb,Даниэль,Баранов,1,2022-02-23 19:12:12.194344,fofnsnbjsds@gmail.com,,,1,0
1918,Txsdds,,,1,2022-02-23 19:33:41.317581,km-mdbnonob@yandex.ru,,,1,0
1919,xbba,София,Иванов,1,2022-02-23 21:14:21.252871,aaasnox@gmail.com,,,1,5
1920,fkoxaonbm,София,Алексеева,1,2022-02-23 21:15:03.743974,koxaonbmfbnssd@gmail.com,,,2,20
1921,Gskod,Глеб,Лебедева,1,2022-02-23 23:32:03.169912,nbxasdf@mail.ru,,,1,15
1922,bdsnbnofnsnoan,Артём,Леонтьева,1,2022-02-24 03:14:22.034262,bdsnob123451_99@mail.ru,,,1,5
1923,Qdoxas,София,Устинова,1,2022-02-24 09:10:09.454497,cjf21323@zwoho.com,,,1,10
1924,Qdobnfffe,,,0,2022-02-24 09:35:32.539272,12335567@dfggh.com,221.0,,0,0
1925,bdofbe12,Ангелина,Богданова,1,2022-02-24 11:52:23.742595,nsccbxc9@gmail.com,,,1,55
1926,Unoxj,Варвара,Степанова,1,2022-02-24 12:53:24.169416,000-bnbnsk@mail.ru,,,1,0
1927,Idsnso,Варвара,Столяров,1,2022-02-24 14:12:51.803025,sdsn1483@outlook.com,,,1,0
1928,nsomonoxb,Валерия,Степанова,1,2022-02-24 15:52:37.262682,nso_monoxb@mail.ru,,,1,0
1929,АйсановаЮлия,Кирилл,Морозов,1,2022-02-24 16:09:20.828424,bdof23.1985@yandex.ru,,,1,0
1930,mosbc85808,,,1,2022-02-24 17:48:16.782811,mosbc85808@icesilo.com,,,1,0
1931,obnscbbk,Никита,Трифонова,1,2022-02-24 18:05:20.595226,sbxb_99_99@bk.ru,,,1,5
1932,Lonbmbnsbnnsnb,Анна,Фролова,1,2022-02-24 18:27:10.626357,donbmbnsbnnsnb@gmail.com,,,1,0
1933,Mbfskcxsnonanbm,,,1,2022-02-24 18:56:44.128952,cxsnonanbmki@gmail.com,,,1,0
1934,kdsx1986,Виктор,Мальцева,1,2022-02-24 19:41:44.542122,ksdsjosnxobd@mail.ru,,,1,0
1935,aboxb,,,1,2022-02-24 20:00:22.590039,aboxbjoomb@gmail.com,,,1,15
1936,ko13869,Михаил,Иванов,1,2022-02-24 20:56:42.514232,ko13869o@yandex.ru,,,1,0
1937,Mbxsnb,Никита,Ермилова,1,2022-02-24 21:00:25.284176,bxnsieomb.kbxsnb@gmail.com,,,1,10
1939,Lsbxbod,Ульяна,Хохлова,0,2022-02-24 21:25:15.081582,02042016sn@gmail.com,,,0,0
1940,Mkbnnb,,,0,2022-02-24 22:17:36.145441,kfkf@yandex.ru,,,0,0
1941,csbnba,Романова,Константинов,1,2022-02-25 04:37:39.249308,csbnba@yandex.ru,,,1,0
1301,fonsn2495,,,1,2022-02-10 09:45:45.535445,osfnoanbm.fonsn2495@yandex.ru,,,1,0
1305,nseobn,,,0,2022-02-10 12:04:19.621773,nsebkno@rambler.ru,,,0,0
1942,sdnbffsbfsom,,,1,2022-02-25 05:58:53.693326,sdnbffsbfsom@gmail.com,,,1,0
1943,CbiabsnX,,,1,2022-02-25 05:59:32.922699,moxbnsebojskbmb@gmail.com,,10.0,1,15
1944,PbmodGbdbnbf,Андрей,Беликов,1,2022-02-25 06:57:13.027684,ibmod.msn97@mail.ru,,,1,20
1945,Wbnfoxxb,Кирилл,Синицына,1,2022-02-25 09:52:34.120089,bdsb.moxnnnsnsnb@gmail.com,,,1,0
1946,nmmokb,Алиса,Филатова,1,2022-02-25 10:36:43.559529,nmmokb@ya.ru,,,1,0
1947,Msdsb,,,1,2022-02-25 11:31:40.398652,fbfffk@mail.ru,,,1,0
1948,jsoonbjcbaabk,Элина,Дмитриева,1,2022-02-25 11:46:56.068583,asnosnb95@gmail.com,,,1,0
1950,Tnoxxobn,Михаил,Леонтьев,1,2022-02-25 12:15:35.680777,bnfxod.bfoabm@mail.ru,,,1,0
1951,ksbnbofbmbb,,,1,2022-02-25 12:17:29.909461,ksbnbofbmbb@gmail.com,,,1,0
1952,Innabbx,,,1,2022-02-25 13:12:02.428932,nbabksnnsnsnb@gmail.com,,,1,5
1953,Fbdoon721,,,1,2022-02-25 14:37:50.057772,jbdoon721@gmail.com,,,1,0
1954,Zm74,Артём,Алексеева,1,2022-02-25 14:50:29.531540,m.fbsaxbom1@g.nsu.ru,,,1,0
1955,EdmsnJc,,,1,2022-02-25 15:39:19.511931,odmsn21007@mail.ru,,,1,0
1956,dbm7513,,,1,2022-02-25 15:56:16.283772,dbm7513@mail.ru,,,1,5
1957,ebdfnjsxod,Валерия,Курочкин,1,2022-02-25 16:22:51.178076,ebdfnjsxod@rambler.ru,,,1,0
1958,bxenbkbs,Ольга,Тарасов,1,2022-02-25 16:48:04.683437,bnsb255786@gmail.com,,,1,0
1959,Anfxodnbkbxbm1,Михаил,Антонов,1,2022-02-25 17:00:28.898521,bnfxodnbkbxbm@yandex.ru,,,1,0
1960,sdsbnsdsbn,София,Беликов,1,2022-02-25 17:09:11.590379,omaonsb@agamova.ru,,,1,0
1961,jfc39943,,,1,2022-02-25 17:13:00.462231,jfc39943@boofx.com,,,1,0
1962,csdaskbn,Даниил,Климов,1,2022-02-25 17:21:00.015417,csdaskbn@mail.ru,,,1,0
1963,Kbaodnseobmb,Никита,Гончарова,1,2022-02-25 17:24:32.276821,o0aodnseo0mb@yandex.ru,,,1,5
1965,Sakbnoos,Кирилл,Бирюкова,1,2022-02-25 17:44:09.506373,fodssomb1@gmail.com,,,1,0
1966,oob888boo,Александра,Медведева,1,2022-02-25 18:03:27.955677,e.j.0@mail.ru,,,1,10
1967,Oddbi,,,1,2022-02-25 18:04:24.519644,b.dbisn91@gmail.com,,,1,0
1968,Vsmbodnnomb,Артём,Горелов,1,2022-02-25 18:07:39.816093,nnomenonob.bd7@gmail.com,,,1,0
1969,Mbibaso007,Даниил,Сухарева,1,2022-02-25 18:14:10.901300,kbibaso007@mail.ru,,,1,0
1970,bobbd7,,,1,2022-02-25 18:14:41.428136,bobbdsb111@gmail.com,,,1,0
1971,jsdsbjbfeba,Даниил,Щербаков,1,2022-02-25 18:33:12.290535,axsnaobibans@gmail.com,,,1,0
1972,fm355,Константин,Тарасов,1,2022-02-25 18:37:44.873474,fm355@rambler.ru,,,1,0
1973,IddbxsbnbmbOI,Анна,Иван ,1,2022-02-25 18:46:52.760702,bdonsb.sddbxsbnbmb@akbars.ru,,,1,40
1974,anbddooox,Виктория,Мартынов,1,2022-02-25 18:48:36.678448,osx730@yandex.ru,,,1,0
1975,Smoaidbnoa,,,1,2022-02-25 19:09:01.926311,axsjso2497@gmail.com,,,1,0
1976,Kbinnabo,Варвара,Греков,1,2022-02-25 19:20:59.511390,Kbinnasobn@yandex.ru,,,1,0
1977,Sbdbmnobsb,,,1,2022-02-25 19:31:31.558790,Mbfbk-nbdbdneobsb@yandex.ru,,,1,0
1978,Soxabdononoxab,Артём,Петров,1,2022-02-25 19:32:13.026347,noxabdononoxab@mail.ru,,,1,15
1980,Bxonoox,София,Ефимова,1,2022-02-25 19:49:20.245182,bnfxosibdosn2001@gmail.com,,,1,10
1981,jbnnsbobxkso,Артём,Киселев,1,2022-02-25 20:14:30.813783,coxxsonbofod@gmail.com,,,1,0
1982,cxbbfnbxis9,Даниил,Медведева,1,2022-02-25 20:39:07.473679,sdsboxbn9@mail.ru,,,1,125
1983,Umodob,София,Макаров,1,2022-02-25 20:41:46.408394,nonbnnom.a@mail.ru,,,1,35
1984,Odkofm,,,1,2022-02-25 21:09:15.797299,bcsfbnbmb@yandex.ru,,,1,0
1987,Knsnnb,Валерия,Сергеева,1,2022-02-26 00:14:54.202723,ons_94@mail.ru,,,1,0
1988,Gdocosd,Ангелина,Климов,1,2022-02-26 00:28:10.279726,adocosdsnnbm@yandex.ru,,,1,30
1989,Aiocb,Платон,Авдеева,1,2022-02-26 05:54:15.974031,kbfskjbxa228@mail.ru,,,1,0
1990,Rooanbb,Ольга,Семенов,1,2022-02-26 06:23:40.804690,xooanbb11@gmail.com,,,1,0
1991,adsonbosbn,Александр,Куликов,1,2022-02-26 07:26:43.586454,adonebfo@gmail.com,,,1,10
1992,TbiHbeooaa,Ева,Соловьев,1,2022-02-26 07:28:39.250913,b180xb@gmail.com,,,1,0
1993,Bdbfooo,Макар,Греков,1,2022-02-26 07:45:38.114933,xbkbn.ibfnbxnbm@yandex.ru,,,1,0
1994,Bdbfo,,,0,2022-02-26 08:14:13.140321,xbkbn.ibfnbxnbmf@gmail.com,,,0,0
1995,ksnnb,Глеб,Гончарова,1,2022-02-26 08:38:05.699052,ksnnbisxenbnon@gmail.com,,,1,365
1996,bibi,Михаил,Смирнова,1,2022-02-26 08:43:47.097290,ibmdbm.on@sch2121.ru,,,1,10
1997,Bonakbn,София,Воронцова,1,2022-02-26 09:11:33.372568,conakbn-2018@mail.ru,,,1,0
1998,sbnoibkns,Демид,Щербаков,1,2022-02-26 09:19:45.379073,nbxf1o9871@gmail.com,,,1,0
1999,mbdnox,Даниэль,Дементьев,1,2022-02-26 10:53:05.936548,mbdnox47@gmail.com,,,1,10
2000,Fjjjfox,Дмитрий,Фадеева,0,2022-02-26 10:59:17.805786,enosfs120605@gmail.com,,,0,0
2001,LonOo,,,1,2022-02-26 11:23:45.251685,ook-em@yandex.ru,,,1,5
2002,Nbnx,Даниэль,Лебедева,0,2022-02-26 12:01:00.733343,bnnb1@gmail.com,,,0,0
2003,nodbdsnb,Степан,Исаева,1,2022-02-26 12:16:51.368024,bnsob.jsd@yandex.ru,,,1,0
2004,Rbsnb,София,Семенова,1,2022-02-26 13:11:26.582668,bnsnnsnb.xm@gmail.com,,,1,0
2005,ixbaxbkfbn,,,1,2022-02-26 13:30:33.381859,nsoxbkbfbn@mail.ru,,,1,30
2006,Kbna,Серафим,Петров,1,2022-02-26 13:30:37.087524,obnaso1806@gmail.com,,,1,0
2007,bdofbnso,Серафим,Афанасьев,1,2022-02-26 14:04:13.104873,bdofbnso86@bk.ru,,,1,0
2008,Aexbnn116,Варвара,Куликов,1,2022-02-26 14:25:37.130042,bexbnndsn@mail.ru,,,1,0
2009,Anfxosko20,,,1,2022-02-26 14:38:05.661902,bjbnsn.bnfxos.idsn@icloud.com,,,1,10
2010,nodab,Степан,Дмитриев,0,2022-02-26 15:03:49.381422,nodaboxbnsnb@gmail.com,,,0,0
2011,jbebbnnso,,,1,2022-02-26 15:12:18.580050,bdcsbxsf@bk.ru,,,1,0
2012,Gonomsomo,,,1,2022-02-26 17:11:45.254403,jbno_obon@mail.ru,,,1,5
2013,fskbxsdbm1,Елизавета,Горячева,1,2022-02-26 18:19:07.219233,fskbxsdbm@mail.ru,,,2,25
2014,AdoonbnfxSsdbnbm,Никита,Захарова,1,2022-02-26 19:07:24.592887,nbnnb.nsdbnbm@yandex.ru,,,1,0
2015,aoajski,Алиса,Горелов,1,2022-02-26 19:41:22.354687,aoajski0@gmail.com,,,1,0
2016,Dbxsbm,Илья,Щербаков,1,2022-02-26 20:02:39.233247,fbddbmob@yandex.ru,,,1,0
2017,osaonoobnfxbasom,,,1,2022-02-26 20:30:48.400716,osaono.obnfxbasom09@gmail.com,,,1,0
2018,TsLTsbxb,,,1,2022-02-26 21:55:15.728654,oabxoxbmenonob602@gmail.com,,,1,0
2019,ibmdsnom,,,1,2022-02-26 22:13:53.556835,ibmod.dsnom@internet.ru,,,2,85
2020,b11c61,Максим,Васильев,1,2022-02-26 22:16:59.381695,nsxbm.obna.ebk@gmail.com,,,1,0
2021,bnmsxa,Николай,Кулагин,1,2022-02-26 22:38:52.843164,bnmsxa@gmail.com,,,1,0
2022,Snsnn,Маргарита,Столяров,1,2022-02-26 22:51:46.033947,fksa.nsjfsn2014@yandex.ru,,,1,0
2023,Fonsf,Ярослав,Серова,1,2022-02-27 01:00:56.085490,jonson0719@mail.ru,,,1,0
2024,annfbibf,Даниил,Киселев,1,2022-02-27 06:09:28.534612,ann-fbibf@mail.ru,,,1,0
2025,axsnnb,София,Дементьев,1,2022-02-27 06:44:33.290602,axsnnomnobsb86@mail.ru,,,1,0
2026,Pbdsnbk,Михаил,Фомин,0,2022-02-27 08:23:56.629815,ibdsnmsn@mail.ru,,,0,0
2027,Ecbcb,Андрей,Греков,1,2022-02-27 08:30:04.254194,sdsb4nibk@gmail.com,,,1,0
2028,cbabkbfbm97,Ярослав,Сергеева,1,2022-02-27 08:36:05.464643,cbabkbfbm97@mail.ru,,,1,0
2029,DbaaoxON,Александр,Петров,1,2022-02-27 09:30:41.204377,foksxononnbn@yandex.ru,,,1,0
2030,fbaaox,Георгий,Мартынов,0,2022-02-27 10:00:02.353319,foaaoxbbnn@gmail.com,,,0,0
2031,Doksxononn,Элина,Леонова,0,2022-02-27 10:56:22.546371,foksxononnbn@gmail.com,,,0,0
2032,Kbosn,Макар,Макаров,0,2022-02-27 11:31:27.629972,obosn.i.b@gmail.com,,,0,0
2033,TdsTds,Мирон,Яковлев,1,2022-02-27 12:04:25.198003,adsnodojdd@gmail.com,,,1,35
2034,nbnsfobdebfox,Глеб,Алексеева,1,2022-02-27 12:16:37.851552,bdofosob1121@gmail.com,,,1,0
2035,nasinn,Глеб,Воронцова,1,2022-02-27 12:35:47.962971,nasinndmsm@gmail.com,,,1,0
2037,LonbVbnn,Таисия,Баранова,0,2022-02-27 13:42:42.643636,donnsomoxao@gmail.com,,,0,0
2038,nbdmo,Варвара,Галкин,1,2022-02-27 13:57:18.418143,oobaoxsnb_jdni@mail.ru,,,1,50
2039,Aoasnkbbn,,,0,2022-02-27 14:53:24.084136,boasnkbbn@yandex.ru,,,0,0
2040,Ixsn,Валерия,Киселев,0,2022-02-27 14:55:08.955887,sobxonobmb01@gmail.com,,,0,0
2041,fsbdsmox,Георгий,Тимофеев,1,2022-02-27 15:20:12.428931,dbkcoxa.isxsabn_0e@icloud.com,,,1,0
2042,sRsbob,Серафим,Агафонов,1,2022-02-27 15:23:53.214085,sxsbob@gmail.com,,,1,0
2043,Rsxsnb01,Таисия,Полякова,1,2022-02-27 15:38:42.763363,xoasnb-10-01-2001@mail.ru,,,1,0
2044,Регина,Даниэль,Горелов,1,2022-02-27 15:39:06.349980,xnnbosxbmb@umschool.ru,,,1,170
2045,Александрстрок,,,0,2022-02-27 17:04:49.770612,Adoonbnfxnaxbobm1@gmail.com,,,0,0
2046,onbdbibmmm,Ангелина,Гончарова,1,2022-02-27 17:11:53.479668,onbdbibm.mm@yandex.ru,,,1,0
2047,Pbnfsjoi,,,1,2022-02-27 17:14:02.634399,fskbji93@gmail.com,,,1,0
2048,dsansb,Дарья,Филимонов,1,2022-02-27 18:44:00.542201,dsansbbb@yandex.ru,,,1,0
2049,Ksx8876,Ника,Богданова,1,2022-02-27 18:49:32.282108,osxsdd.odsnnosn@gmail.com,,,1,0
2050,Bsosnbkm,,,0,2022-02-27 18:51:17.785384,csosnbkm1112@gmail.com,,,0,0
2051,Annabnfa,Мария,Алексеева,1,2022-02-27 19:03:52.771044,bnaxbnbks13@mail.ru,,,1,0
2052,dba111,,,1,2022-02-27 19:13:45.176854,b.n.bmnsbnnsobmb@gmail.com,,,1,0
2053,Kbksdbm31,Артём,Нечаева,1,2022-02-27 19:29:16.020593,KbksdbmKS@mail.ru,,,1,0
2054,Knonsb993,Даниил,Алексеева,1,2022-02-27 19:33:09.873411,ononenso535@mail.ru,,,1,0
2055,Esannb,Святослав,Булатов,1,2022-02-27 20:51:38.402131,j-osannb@yandex.ru,,,1,0
2056,mbnsdonobisa,Платон,Иванов,1,2022-02-27 21:04:22.232369,mbnsdonob_isa@mail.ru,,,1,0
2057,Hbxdoo,Николай,Фролова,1,2022-02-28 05:24:05.132756,jboo228dbd@gmail.com,,,1,0
2058,Odbdb,,,1,2022-02-28 05:41:14.235636,jbsssb6056@icesilo.com,,,1,25
2059,ioaxnsosasn,София,Фролова,0,2022-02-28 05:53:32.704867,nsosabcdmeo@gmail.com,,,0,0
2060,joaoomsen,,,1,2022-02-28 08:28:18.308754,d.joaoomsen@gmail.com,,,1,0
2062,Vbdoxbnomoxksnf,Александр,Беляев,1,2022-02-28 10:28:13.926679,mbdoxss-oxssobjj@yandex.ru,,,1,0
2063,Ysos,Дарья,Ефимова,0,2022-02-28 10:36:32.566975,ssosabobnbdb@gmail.com,,,0,0
2064,ssxbn69202,Георгий,Ефимова,1,2022-02-28 11:13:06.228932,ssxbn69202@altcen.com,,,1,0
2065,Nbaob,Святослав,Тимофеева,0,2022-02-28 11:21:47.663519,1eabxbna@mail.ru,,,0,0
2066,fbdfxsfo,Кирилл,Старостин,1,2022-02-28 12:29:00.479193,fbdsfnnbsb_abdsb@mail.ru,,,1,0
2067,dob13j,Елизавета,Кузнецова,1,2022-02-28 13:16:14.489624,coxofosndom@bk.ru,,,1,10
2068,nabnsndbmb,Варвара,Филимонов,1,2022-02-28 13:38:43.206031,kofsdb_bcdbkabab@mail.ru,,,1,0
2069,dobodsk123,,,0,2022-02-28 13:46:05.240720,dsobnsf2003@yandex.ru,,,0,0
2070,dobodsk,Серафим,Кулагин,0,2022-02-28 13:48:13.298145,dsobnsf2003@mail.ru,,,0,0
2071,Tfiooa,Даниил,Антонов,1,2022-02-28 14:55:04.472702,snnbnosdbm.csa@gmail.com,,,1,5
2072,snoxnbko1,Кирилл,Климов,1,2022-02-28 17:15:12.513198,bdofos.codobm@gmail.com,,,1,10
2073,MsooBon,Елизавета,Васильев,1,2022-02-28 17:45:38.539857,k.conobm93@gmail.com,,,1,5
2074,mxofnMso,Валерия,Захарова,1,2022-02-28 18:02:05.705902,ksjbodsbn.mxoj1999@gmail.com,,,1,0
2075,kbbnbkbbnab,,,1,2022-02-28 19:23:10.683628,kbbnbkbbnab@mail.ru,,,1,10
2076,sdsn313,Яна,Греков,1,2022-02-28 21:02:12.787352,sdsbdbmo313@gmail.com,,,1,0
2077,kxnbijsxo,,,1,2022-02-28 21:04:28.905315,kx.nbijsxo@yandex.ru,,,1,5
2078,mbnood1en,Даниэль,Греков,1,2022-02-28 21:20:01.042923,ioasnbm_bdoonos@mail.ru,,,1,0
2079,Don4o3,Смирнов,Агафонов,1,2022-03-01 04:23:57.430421,fon.fdba2000@gmail.com,,,1,5
2080,as06i981,,,1,2022-03-01 05:58:18.855986,as060981@gmail.com,,,1,0
2081,fofocxb,Елизавета,Греков,1,2022-03-01 07:06:13.186815,fofocxb@list.ru,,,1,30
2082,Udsob,,,1,2022-03-01 08:37:36.856965,obnnbnsnb93@mail.ru,,,1,0
2083,dsnaba,,,0,2022-03-01 08:50:13.214533,fonodj@gmail.com,,,0,0
2084,doxbmsioxb,,,1,2022-03-01 08:56:41.134118,ixsnasnnobsbmbdoxsb@gmail.com,,,1,0
2085,HsPF,,,1,2022-03-01 09:17:06.304653,mdbfsndbm.xsfbobjj@gmail.com,,,1,0
2086,beb4jsn,Максим,Климов,1,2022-03-01 09:50:38.524754,bebnasdo.k.f@protonmail.com,,,1,10
2087,bmd1582,Николай,Алексеева,1,2022-03-01 10:05:43.586529,bmd1582@mail.ru,,,1,0
2088,nsobaab,Андрей,Греков,1,2022-03-01 12:07:16.351528,bksxbnbm88@yandex.ru,,,1,70
2089,Kbnamd,Максим,Бирюкова,1,2022-03-01 12:33:12.930827,oxbsbnnoxfom@gmail.com,,,1,0
2090,Pbdsnb,Вероника,Исаева,1,2022-03-01 17:04:19.128934,cbxsnbmb_ibdsnb@list.ru,,,1,10
2091,kbffxsk,,,1,2022-03-01 17:08:52.011809,dbmfxsk@gmail.com,,,1,145
2092,Lbnnsasfo,,,1,2022-03-01 17:31:16.536881,abdfs1997@mail.ru,,,1,35
2093,dbasn,Эмилия,Тимофеев,1,2022-03-01 18:01:43.271960,biidon1n1007@gmail.com,,,1,0
2094,Msbosnn1002,Варвара,Смирнова,1,2022-03-01 19:39:48.299703,dbndof-nscoxsbn-kb@yandex.ru,,,1,0
2095,bfsxbxbonbbn,Варвара,Антонова,1,2022-03-01 21:04:22.012437,mnsobm.fbnsb@mail.ru,,,1,0
2096,Tbnsen,Ольга,Кулагин,1,2022-03-01 21:18:10.964751,abasfsnoomsen@gmail.com,,,1,0
2097,Ksnabjnsana,Кирилл,Серова,1,2022-03-01 22:15:11.251832,ibxkbnm333@gmail.com,,,1,5
2099,SbxoPdnf,Даниил,Ефимов,1,2022-03-02 02:57:51.847659,isnnonsnbo0@gmail.com,,,1,0
2104,moxsabxsn,Татьяна,Дьяконова,1,2022-03-02 06:51:42.448876,moxsabxsn@gmail.com,,,1,10
2105,Ksxj,,,1,2022-03-02 08:21:28.896739,osj2228@mail.ru,,,1,0
2106,Gdoc,Даниил,Захарова,1,2022-03-02 09:54:08.087528,nnsnabm.adoc@gmail.com,,,1,0
2107,jana,Даниэль,Леонова,1,2022-03-02 12:06:03.427050,xsccsnnbnbnb@gmail.com,,,1,0
2108,Kmbdsnbnfox,Варвара,Беляев,1,2022-03-02 12:15:05.162204,ombdsnbnfox@gmail.com,,,1,0
2109,Emoxsebadbnnbdsn,София,Константинов,1,2022-03-02 12:26:41.749736,bdoon.bononbm.95@mail.ru,,,1,0
2110,kbfskobmk,София,Никитин,1,2022-03-02 12:28:15.443366,kbfskkonenbnosn@yandex.ru,,,1,0
2111,kbfsjox,Ника,Климов,1,2022-03-02 12:42:40.215544,kbfsjox1234@yandex.ru,,,1,0
2112,Rsnba,Полина,Лосев,1,2022-03-02 12:42:55.074135,bxsjsddsn.xsnba98@mail.ru,,,1,0
2113,bdosfxsnb,Артём,Фролова,1,2022-03-02 13:11:02.863221,5786251@mail.ru,,,1,0
2114,xbfsnbxa52,Яна,Воронцова,1,2022-03-02 13:28:08.109990,xbfsnbxa52@gmail.com,,,1,20
2115,IofoksD,Демид,Куликов,1,2022-03-02 14:17:27.790110,msoabxconfxso@mail.ru,,,2,10
2116,Cnseo,Варвара,Киселев,1,2022-03-02 14:28:08.964314,abfanookioxbx@gmail.com,,,1,0
2117,xofbom878787,,,1,2022-03-02 14:43:12.336490,xofbom.k@rambler.ru,,,1,0
2118,msenbjx,Алина,Иван ,1,2022-03-02 15:01:02.854182,domnone@mail.ru,,,1,0
2119,Юрий,Даниэль,Ефимов,1,2022-03-02 15:03:12.932109,s@lipovskij.ru,,,1,0
2120,TskAsk,Александра,Иван ,1,2022-03-02 15:04:44.614883,asksx_bsk@mail.ru,,,1,10
2121,PbdsnbAmbobfb,Максим,Константинов,1,2022-03-02 15:31:32.388181,bxonbmb250203@mail.ru,,,1,0
2122,MbxsnbSn,Даниил,Макаров,1,2022-03-02 15:36:12.599568,cbxxbesfb-kf@mail.ru,,,1,0
2123,Loannsn,,,1,2022-03-02 16:00:06.608070,osddfskfsk@gmail.com,,,1,5
2124,Fsdsn30,,,1,2022-03-02 17:33:12.726064,jsdsn30303@gmail.com,,,1,0
2125,ffbxbmbksx7,,,1,2022-03-02 17:46:22.639130,kbxs.nnsnscoobmb@mail.ru,,,1,0
2126,isabfsbcdb,Валентина,Демина,1,2022-03-02 18:11:48.643167,kbxasn.ksxbennso@gmail.com,,,1,10
2127,dsobkbasnf,Никита,Столяров,1,2022-03-02 19:07:15.570050,dsobkbasnf@yandex.ru,,,1,0
2128,bnnb1603,Демид,Константинов,1,2022-03-02 19:36:49.061947,bnnb20081603@gmail.com,,,1,0
2129,Nsobdsob,,,1,2022-03-02 20:11:26.213419,cbfjbxnibk444@rambler.ru,,,1,0
2130,Joxoo,,,1,2022-03-02 20:39:52.635715,axos1588@gmail.com,,,1,0
2131,Dskbnsab,София,Мартынов,1,2022-03-02 21:11:54.523258,nnsmbos2006@gmail.com,,,1,0
2132,Konn,Никита,Демина,1,2022-03-02 21:24:50.855709,oobaoxsnb.nbkbnnsnb@yandex.ru,,,1,5
2134,bdsxb,Егор,Парамонова,1,2022-03-02 21:37:33.653272,dssfso58@gmail.com,,,1,0
2135,anmoonnoabnbmb,Варвара,Лебедева,1,2022-03-02 22:09:04.238050,moonnb-codob@mail.ru,,,1,0
2136,Sbsxof,Кирилл,Миронова,1,2022-03-03 05:16:08.753507,s.o.dboasbnbm@gmail.com,,,1,0
2137,Rbcnnx,Михаил,Синицына,1,2022-03-03 05:48:10.940173,ofanbxof@gmail.com,,,1,0
2138,Rsndbn96,Ангелина,Полякова,1,2022-03-03 06:20:50.254678,nbkbfasdbm98@gmail.com,,,1,0
2139,Rsndbn,Варвара,Васильев,1,2022-03-03 06:39:51.947277,xsndbn@gmail.com,,,1,0
2140,Vfkbsd,,,1,2022-03-03 08:15:20.556134,mfkbsd@yandex.ru,,,1,0
2141,onbnfxso,Ульяна,Яковлев,1,2022-03-03 09:32:55.632414,onbnfxso@gmail.com,,,1,0
2143,kbfsobmk,Виктор,Климов,1,2022-03-03 10:30:04.282444,kbfsobmk@gmail.com,,,1,0
2144,Kxsfbxsn,Максим,Смирнова,1,2022-03-03 10:45:34.399089,abdsb.bnnsdsn@yandex.ru,,1.0,1,25
2145,Nsxoksxo,Татьяна,Родионов,1,2022-03-03 11:52:35.920299,fobannasdo@ya.ru,,,1,0
2146,Lbff007,Романова,Исаева,1,2022-03-03 11:53:37.166696,oabx.xbkbnbmsn@yandex.ru,,,1,0
2148,nibna322,Ника,Антонов,1,2022-03-03 11:59:07.193696,anojsxnaaxbj@gmail.com,,,1,0
2149,x3ksab,,,1,2022-03-03 12:03:53.717701,xoksab2105@gmail.com,,,1,0
2150,bas1402,Марк,Булатов,1,2022-03-03 12:38:48.265500,bas73@mail.ru,,,1,0
2151,Nbnns19193847,Полина,Сухарева,1,2022-03-03 12:48:06.770986,snbbbbbxsssss@gmail.com,,,1,0
2152,Nbnns,,,1,2022-03-03 13:02:43.491129,snbbbbbxsssss@yandex.ru,,,1,0
2153,oojon,,,1,2022-03-03 14:04:34.446367,jsxn_sdn@mail.ru,,,1,10
2154,Jnonkos,Артём,Соловьев,1,2022-03-03 15:42:59.843762,n3nk3sbn0mb@mail.ru,,,1,0
1449,mnoxam,Андрей,Кузина,1,2022-02-13 18:06:54.897444,dobfnonn@mail.ru,,,1,0
2155,nsxfbsdoa,Александра,Зорина,1,2022-03-03 15:43:03.840907,oodsdb3@gmail.com,,,1,0
2156,Анфисик,Варвара,Родионов,1,2022-03-03 15:51:12.619656,jsnb.obanbs@mail.ru,,,1,0
2157,Анфиса,Никита,Романов,1,2022-03-03 17:42:31.012701,jsnb.obanbj@mail.ru,,,1,0
2158,Dsnb,Андрей,Ермаков,1,2022-03-03 17:45:18.468421,nofbsenob.isno@gmail.com,,,1,0
2159,So777,София,Соловьев,1,2022-03-03 17:45:18.661169,fo_131@mail.ru,,,1,0
2160,IdsbTxbjskbm,Виктория,Сергеева,1,2022-03-03 18:21:21.184961,sdsb-kssa@yandex.ru,,,1,0
2162,mdofonomm,Романова,Кузнецова,1,2022-03-03 22:13:40.745585,onbjsssadsooabnnobo@gmail.com,,,1,0
2163,mseabxdof,Даниэль,Галкин,1,2022-03-03 22:16:33.684850,dofon3d@gmail.com,,,1,0
2164,Ikebnansab,Глеб,Дементьев,1,2022-03-04 02:14:20.157137,snebansabcsnsnonnsne@gmail.com,1908.0,,1,0
2165,bxakbxsb,,,1,2022-03-04 04:21:16.939860,bxa_kbxsb@mail.ru,,,1,5
2166,Roasnb,Варвара,Горшков,1,2022-03-04 05:06:02.592641,ababxosfs@gmail.com,,,1,0
2167,nnbxes1b,Елизавета,Семенов,1,2022-03-04 06:48:35.197493,xbebbnisno@gmail.com,,,1,0
2168,Lsdbmbfs,Александра,Кузина,1,2022-03-04 06:52:19.775103,ods1994@yandex.ru,,,1,0
2169,kxMbkcx,,,1,2022-03-04 07:46:07.423753,abjaass@yandex.ru,,,1,0
2170,koan210,,,1,2022-03-04 07:49:18.235415,koan210@gmail.com,2008.0,,1,0
2171,Sba163,Валерия,Антонов,1,2022-03-04 08:17:20.880281,nba163@mail.ru,,,1,0
2172,Mbndbmon,Евгения,Киселев,1,2022-03-04 09:06:40.155511,xsdodd.jbnn@gmail.com,,,1,0
2173,Ksan78,,,1,2022-03-04 09:51:59.392300,aoxbnskbmb.oobaoxsnb.fom@gmail.com,,,1,0
2174,лазарь,Валерия,Воронцова,1,2022-03-04 10:02:04.136281,dokbnbesfse@mail.ru,,,1,0
2175,соломон,София,Исаева,1,2022-03-04 10:09:55.610574,dokbnbesfs@mail.ru,,,1,0
2176,КатяЮ,Алина,Трифонова,1,2022-03-04 10:10:51.060169,ssonbmb.oobaoxsnb@gmail.com,,,1,0
2177,boonos94,Кирилл,Сергеева,1,2022-03-04 10:24:33.927596,boonos94@gmail.com,,,2,10
2178,MxEabxob,Карина,Афанасьев,1,2022-03-04 10:32:46.755742,cbacba93o@gmail.com,,,2,35
2179,nobmsxbs,Ника,Фомин,1,2022-03-04 10:45:00.314050,nobms97@yandex.ru,,,1,0
2180,asfxb,,,1,2022-03-04 10:57:13.496033,nksxnbmb.bnob@gmail.com,,,1,0
2181,AdsnbHsd,София,Леонтьев,1,2022-03-04 11:51:31.594297,asdbdsnbk@gmail.com,,,1,0
2182,AdseoHsd,,,1,2022-03-04 12:06:42.627829,asdbddsnbk@gmail.com,,,1,0
2183,osddox228,Даниэль,Горелов,1,2022-03-04 12:12:01.442508,jbxb535535@gmail.com,,,1,0
2184,nTbdofse,Варвара,Баранов,1,2022-03-04 13:14:56.044690,nabdofsen@mail.ru,,,1,0
2185,OdabPbmdse,Макар,Кузнецова,1,2022-03-04 13:20:16.252319,kbxbf06@rambler.ru,,,1,85
2186,dojsbnaaxs,Романова,Власова,1,2022-03-04 14:21:33.793862,do.jsbna.axs.bjjsesbd@gmail.com,,10.0,1,0
2187,Алина,Варвара,Ермаков,1,2022-03-04 14:50:50.823175,bdsbnbsbkbdbmb@yandex.ru,1424.0,,1,0
2188,ffbxbmb2009,,,1,2022-03-04 16:24:37.893036,ffbxbmb2009@yandex.ru,,,1,0
2189,Pnbx1nb,Кирилл,Ермаков,1,2022-03-04 16:41:52.601076,sobksbasn@gmail.com,,,1,0
2190,Vbdoxs0770,Варвара,Яковлев,1,2022-03-04 17:48:34.479700,m.fscbnnos@gmail.com,,,2,5
2191,noasdbx,,,1,2022-03-04 19:35:10.603631,nbnobddbm@gmail.com,,,1,0
2192,nosdb,,,1,2022-03-04 20:28:02.284223,fnsobdofon@gmail.com,,,1,45
2193,mbnjosn,Даниил,Климов,1,2022-03-04 21:12:11.499161,nbnbjad@mail.ru,,,1,0
2194,onssnsb,Степан,Зорина,1,2022-03-04 21:43:34.011715,ooaononsb892@gmail.com,,,1,0
2195,bebnasdo,Дарья,Синицына,1,2022-03-04 23:05:19.042507,bebnasdo.k.f@gmail.com,,,1,0
2196,Cnoeo11007,Демид,Синицына,1,2022-03-04 23:07:42.022692,xbkb.enooxsasn7@mail.ru,,,1,0
2197,BbabnVbd,,,1,2022-03-05 05:29:27.552371,ndbnn_enoi@mail.ru,,,1,0
2198,fbnbnbnbxbmb,Дмитрий,Антонова,1,2022-03-05 08:05:50.240923,k.fbnbxxbmb@mail.ru,,,1,0
2199,beebxfnko,,,1,2022-03-05 09:17:49.170458,beebxfn.ko@yandex.ru,,,1,0
2200,jdbaao,,,1,2022-03-05 12:23:39.939458,nsoabx@inbox.ru,,,2,30
2201,obxakbn247,Вероника,Сергеева,1,2022-03-05 13:55:36.118655,obxakbn247@yandex.ru,,1.0,1,0
2202,nnoofs1,Таисия,Фомин,1,2022-03-05 17:52:28.412342,bnfxoss.ixbobionob@gmail.com,,,1,0
2203,Gsdkbnbmbdsdb,Варвара,Галкин,1,2022-03-05 18:51:04.334053,asdkbnbmbdf@mail.ru,,,1,0
2204,mbncoxfn,Анна,Тимофеев,1,2022-03-06 07:14:34.600550,coxofnnbm1990@gmail.com,,,1,0
2205,Gdocsaen95,Ольга,Воронцова,1,2022-03-06 12:46:03.166224,adoc.xsksbnanom@icloud.com,,,1,0
2206,asabxsnbm,,,1,2022-03-06 16:18:21.944529,bnsnfi2017@gmail.com,,,1,160
2207,mnbdbmasabxsn,,,1,2022-03-06 22:09:37.295358,mndbmasabxsn@gmail.com,,,1,0
2208,Zbfbx,Ника,Парамонова,1,2022-03-06 22:10:21.828061,89206903953@yandex.ru,,,1,0
2209,InjsnsasDskbn,Платон,Баранова,1,2022-03-07 14:26:35.806705,fskb31120251@gmail.com,,,1,0
2210,Anfxos,Глеб,Жукова,1,2022-03-07 14:52:34.789740,bnfxossdsbnbm@gmail.com,,,1,10
2211,Zbonbomb,Даниил,Афанасьев,1,2022-03-08 08:29:19.693755,ssdoenobbb@yandex.ru,,,1,365
2212,fsx9n,Варвара,Щербаков,1,2022-03-08 10:06:24.502401,cbcxbmn8@yandex.ru,,,1,0
2213,Ansosdb,Александра,Греков,1,2022-03-08 11:27:01.527614,bnsosdb@yandex.ru,,,1,0
2214,Rbkbnn,Виктория,Курочкин,1,2022-03-08 14:34:47.785501,odbansn2010@mail.ru,,,1,0
2215,Msnsexs,Таисия,Афанасьев,1,2022-03-08 17:33:59.818784,askbaxooob@gmail.com,,,1,0
2216,Moxbnbmsnnnb,Аделина,Демина,0,2022-03-08 21:22:09.696729,koxbnbmsnb7@gmail.com,,,0,0
2217,EabxDIY39,Варвара,Власова,1,2022-03-09 06:45:52.492650,jbdebn539@gmail.com,,,1,5
2218,misnabo,,,1,2022-03-09 09:42:00.068970,m.isnabo@mail.ru,,,1,15
2219,MsnbsdMbnosn,Ярослав,Филиппова,1,2022-03-09 12:55:49.165205,kmkbnosn@gmail.com,,,2,55
2220,Kbasab,Константин,Воронцова,1,2022-03-09 15:14:27.675608,obakbssbob@gmail.com,,,1,15
2221,mbxonnsb,Платон,Маслова,1,2022-03-09 17:45:04.243848,mbxonnsb2008@yandex.ru,,,1,0
2222,ons483,Варвара,Климов,1,2022-03-09 19:18:20.257341,ons483@yandex.ru,,1.0,2,30
2223,Hssm,Глеб,Серова,1,2022-03-09 20:01:46.051568,bcjbm19@gmail.com,,,1,25
2224,jdox,Варвара,Константинов,1,2022-03-10 00:37:54.468396,abdbmdsbc.kbfsk@yandex.ru,,,1,0
2225,bnnbdbnosn,Романова,Трифонова,1,2022-03-10 03:57:54.166525,bxks19911826@gmail.com,,,1,150
2226,kEx13,Святослав,Иванов,1,2022-03-10 06:32:17.863400,bnabn_kbobxbm_01@bk.ru,,,1,10
2227,HbdbOdb,Михаил,Маслова,1,2022-03-10 07:35:15.304621,bdsbibsd01@yandex.ru,,,1,0
2228,kbnabnbkbxaf,Демид,Иван ,1,2022-03-10 08:27:44.670625,kkbxafsnxobd@gmail.com,,,1,15
2229,fmxa,,,1,2022-03-10 08:46:36.291232,fskobdon01@gmail.com,,,1,0
2230,ckkja,Варвара,Маслова,1,2022-03-10 08:50:59.342319,booo.o.o@yandex.ru,,,1,20
2231,kbxsjbadsn,,,1,2022-03-10 08:53:22.701984,kbxsjb.adsnnnonob@rambler.ru,,,1,0
2232,Kosxb,Марк,Фролова,1,2022-03-10 09:09:56.116329,oosxbobnskbmb@gmail.com,,,1,0
2233,fbxsb17,Глеб,Дьяконова,1,2022-03-10 09:35:06.019477,obmb17fb@mail.ru,,,1,65
2234,Cbnojbxjbc12,Михаил,Антонов,1,2022-03-10 09:55:50.842156,mnoixbnab000@mail.ru,,,1,0
2235,Booadoofb,Ангелина,Беляев,1,2022-03-10 12:56:27.103089,cooadoofb@mail.ru,,,1,0
2236,Dbnao,Арсений,Галкин,1,2022-03-10 14:09:42.827403,fon1am2@mail.ru,,,1,5
2237,xbabsf,,,1,2022-03-10 16:06:17.688896,xbabsf@gmail.com,,,1,15
2238,oidbsox,Аделина,Старостин,1,2022-03-10 17:31:37.134643,nnsdsn.osx@yandex.ru,,,1,10
2239,jbxokbbn,Степан,Тарасов,1,2022-03-10 18:53:11.125188,jbxokbbn@mail.ru,,,1,0
2240,sxsnbasnomb,,,1,2022-03-10 19:26:09.683972,sxono2002asnomb@yandex.ru,,,1,0
2241,nsxbnbssos,Вероника,Греков,1,2022-03-10 21:04:57.506856,nsxbnbssos@mail.ru,,,1,0
2242,enoeokbsd1,Максим,Горшков,0,2022-03-10 21:09:43.119186,enb@ggmail.ru,,,0,0
2243,SbmmbTona,Николай,Антонова,1,2022-03-11 06:44:25.786748,Sbmmbaona1@gmail.com,,,1,0
2244,Баджурак,Татьяна,Семенов,1,2022-03-11 08:11:40.666077,Bbfjsxbo@gmail.com,,,1,245
2245,oxsnas,Яна,Воронцова,1,2022-03-11 08:45:59.866633,oxsnasnob-jbxkb@yandex.ru,,,1,0
2246,fnbfnsdsxso,Варвара,Смирнова,1,2022-03-11 10:05:18.550986,o.n.fnfbnbm@gmail.com,,,1,25
2247,bnnb15,Михаил,Леонтьев,1,2022-03-11 11:08:02.476784,bnnb15@rambler.ru,,,1,145
2248,osx1303,Арсений,Киселев,1,2022-03-11 11:45:28.736250,osx_1303@mail.ru,,,1,25
2250,bcbcb,Варвара,Тимофеев,1,2022-03-13 18:09:25.255533,fskb.sbobmdom.98@gmail.com,,,1,10
2251,osaaofo,Виктория,Куликов,1,2022-03-13 18:20:00.666631,osaaofo@gmail.com,,,1,90
2252,aobxao123,Егор,Власова,1,2022-03-13 18:22:05.367803,aobxao_dbcbnbm@mail.ru,,,1,120
2253,Tbsdn777,Елизавета,Климов,1,2022-03-13 19:13:26.745895,777kbsdn777@mail.ru,,,1,0
2254,donbixbm,Артём,Хохлова,1,2022-03-13 20:50:46.779312,o_ixbmosnb@mail.ru,,,1,0
2255,Jsjjj,Глеб,Антонов,1,2022-03-13 21:03:56.641009,j_nnmbdomb@mail.ru,,,1,0
2256,Adasnasxbfcbom,,,1,2022-03-13 21:54:13.499189,Adasnasxbfcbom@gmail.com,,,1,0
2257,AdasnAdasn1880,Элина,Тарасов,0,2022-03-14 06:09:44.201725,Adasnasxbfcbom@gamil.com,,,0,0
2258,AdasnAdasn313,Элина,Тарасов,0,2022-03-14 10:29:36.948989,Adasnasxbfcbom@gamil.com,,,0,0
2259,Nbnnb0682,София,Фролова,1,2022-03-14 10:38:02.600729,nbnnb.f82@mail.ru,,,1,0
2260,obdsb9708,Святослав,Антонова,1,2022-03-14 10:58:48.630110,nsnaok1997@gmail.com,,,1,0
2261,Vsoabxssb,Демид,Антонова,1,2022-03-14 11:22:08.596249,msob.252@mail.ru,,,1,15
2262,Qsseo625,Михаил,Киселев,1,2022-03-14 12:30:23.199997,jsseo625@yandex.ru,,,1,0
2263,Sdbadixsn,София,Васильев,1,2022-03-14 12:46:21.795582,ndbadixsn@gmail.com,,,1,190
2264,abxnnsnkbsd,,,1,2022-03-14 13:06:56.794643,abxnnsnkbsd@gmail.com,,,1,0
2265,osac2,Татьяна,Степанова,1,2022-03-14 13:14:24.660112,osac@yandex.ru,,,1,75
2266,Fbfen437,Алиса,Трифонова,1,2022-03-14 14:41:56.331520,jbfen437@gmail.com,,,1,0
2267,AdoonbnfxbP,,,1,2022-03-14 17:04:33.025028,bdo.mbd.ibf@gmail.com,,,1,320
2268,aaasnox,Валерия,Артемова,1,2022-03-14 18:28:34.199292,Adofos-Lbasnbm-Lsoon-Tb-Tona@so-this-email-domain-is-63-characters-long-for-testing-purposes.ru,,,1,0
2269,nnfk,Филипп,Гончарова,1,2022-03-14 19:22:45.763718,nn.fk@mail.ru,,,1,85
2270,skkkob,Ника,Зорина,1,2022-03-14 21:14:12.049459,nbdooxn_ebxcod_0n@icloud.com,2262.0,,1,0
2271,Onb22,Даниил,Жукова,1,2022-03-15 00:17:04.960591,bnsibmbjodonb@gmail.com,,,1,0
2272,aoxbnnb,Серафим,Фадеева,1,2022-03-15 05:02:08.769351,aoxonnenonobbnnb@yandex.ru,2271.0,,1,0
2273,ksxcoo,Алиса,Кузнецова,1,2022-03-15 07:58:19.570831,k.sxcoo@yandex.ru,,,1,5
2274,jsdssb754,Аделина,Сергеева,1,2022-03-15 08:11:05.987768,jsdssb754@gmail.com,,,1,130
2275,NodYsxbo,Романова,Леонова,1,2022-03-15 08:38:01.610629,nod-ssxbo@yandex.ru,,,1,5
2277,Wosnn,Георгий,Миронова,1,2022-03-15 09:36:45.596181,fbmsfbmbdofm@mail.ru,,,1,220
2278,nso0039,Валерия,Афанасьев,1,2022-03-15 09:46:10.899667,ibn0039@mail.ru,,,1,0
2279,Ansaox,Варвара,Греков,1,2022-03-15 11:05:01.686501,akbjos@list.ru,,,1,5
2280,Ksfobobm,Кирилл,Курочкин,1,2022-03-15 12:11:10.114138,smbn.bsxn@mail.ru,,,1,15
2281,nbnabnsbf,Марк,Дмитриева,1,2022-03-15 14:06:16.612836,nbnasb.fbcodomb99@mail.ru,,,1,0
2282,ssdsbnjofsebasbn,Александр,Степанова,1,2022-03-15 14:10:26.891329,dobnasombssdsb@mail.ru,,,1,790
2283,dofsn99900,Мария,Баранова,1,2022-03-15 14:11:27.829071,dofsn99900@icloud.com,,,1,0
2284,bdonsox,Виктор,Баранов,1,2022-03-15 14:16:32.302100,bdonsox@yandex.ru,,,1,50
2285,kbfsk7,Степан,Никитин,1,2022-03-15 14:24:18.417270,kbfsk_7@mail.ru,,,1,40
2286,Kbsfbx,Серафим,Антонова,1,2022-03-15 14:47:20.894483,dsjms1337@gmail.com,,,1,0
2287,xcssf,Андрей,Серова,1,2022-03-15 15:15:11.550912,xcssf@yandex.ru,,,1,0
2288,Addox,Ангелина,Баранова,1,2022-03-15 15:47:10.867234,cdbeoofoddosnn7@gmail.com,,,1,65
2289,Bocxb,Даниил,Богданова,1,2022-03-15 15:55:18.684394,onbabmsenb1@gmail.com,,,1,5
2290,VsaKsf,София,Трифонова,1,2022-03-15 16:18:39.236266,abfbVK@hotmail.com,,,1,20
2291,Ksxsdd22,,,1,2022-03-15 16:20:39.608216,osxsddxsfoom@mail.ru,,,1,0
2292,nobmsebn,Константин,Булатов,1,2022-03-15 16:24:06.521721,nobmb90@gmail.com,2291.0,,1,0
2293,nsosabxoj1,,,0,2022-03-15 17:03:49.247704,kbsd@mail1.ru,,,0,0
2294,aona150112,Евгения,Макаров,0,2022-03-15 17:26:40.616789,aona15012@mail.ru,,,0,0
2295,aona15011,Михаил,Иванов,0,2022-03-15 18:22:38.034854,aona1501@mail.ru,,,0,0
2296,Abbb,Никита,Беликов,1,2022-03-15 19:05:48.411537,osndoo.j3@densebpoqq.com,,,1,15
2297,aona1501,,,0,2022-03-15 20:30:09.755445,aona1501@test.ru,,,0,0
2298,Mbonsk379,Ника,Петров,1,2022-03-15 20:52:49.056267,kbonsk379@yandex.ru,,,1,0
2299,Mbxob4ibddb,Марк,Дмитриева,1,2022-03-15 21:35:15.678087,bxaok12589@mail.ru,,,1,30
2300,bnnobmbd,Алиса,Антонов,1,2022-03-15 21:52:47.636831,bnob006@mail.ru,,,1,0
2301,Zsabk,Василиса,Булатов,0,2022-03-15 21:53:11.149003,kbasfkbxsb@gmail.com,,,0,0
2302,dbxobnaxbibm,Варвара,Нечаева,1,2022-03-16 06:45:15.385302,dbxobnaxbibm@mail.ru,,,1,0
2303,Pbaxsesbn,,,1,2022-03-16 07:46:42.670014,ibaxsesbnjsmo@gmail.com,,,1,0
2304,fskonnsbn4,Артём,Степанова,1,2022-03-16 07:47:58.852113,ansodbmbdnsobmb@inbox.ru,,,1,5
2305,Nbabnnb,Мирон,Ефимова,1,2022-03-16 07:49:52.138761,bnfxoomb2002.2015@gmail.com,,,1,0
2306,bdoa21,Никита,Петров,1,2022-03-16 07:50:51.267753,nioeaox21xsn@gmail.com,,,1,15
2307,Rbsfon,Артём,Исаева,1,2022-03-16 09:30:44.373272,abs-xsn.2015@yandex.ru,,,1,0
2308,bdofo97,Глеб,Захарова,1,2022-03-16 10:03:52.093692,obidsn.e@mail.ru,,,1,5
2309,bxabnb17,Даниил,Алексеева,1,2022-03-16 11:03:55.965862,dsfksdb170500@gmail.com,,,1,0
2310,abxbxbnb,Кирилл,Ермаков,1,2022-03-16 11:08:29.819053,nbsasdsnfxbnsn@gmail.com,,,1,5
2311,Doxnas,София,Гончарова,1,2022-03-16 11:09:06.404181,nm200466@gmail.com,,,1,0
2312,bbxsb,Полина,Щербаков,1,2022-03-16 11:22:51.631198,bbxsb.bbxsb@gmail.com,,,1,25
2313,DdbsnoWbxf,,,1,2022-03-16 12:22:35.452215,nobnsbn15@gmail.com,,,1,15
2314,Nbnnmsddo,Святослав,Беляев,1,2022-03-16 13:20:55.051553,ibfksben@yandex.ru,,,1,0
2315,Nbnnmsddo109,Ярослав,Константинов,1,2022-03-16 13:58:25.102346,soxsn.fksaxss@gmail.com,,,1,0
2316,sknsosasn95,,,1,2022-03-16 17:15:55.853250,sknsosasn95@gmail.com,,,1,0
2317,DbnsCbdf,Дарья,Нечаева,1,2022-03-16 17:42:28.552439,fbnssd.omfboskbm2000@yandex.ru,,,1,0
2318,abffbkbmo,,,1,2022-03-16 17:43:33.918618,abffbkbmo@gmail.com,,,1,155
2319,foksf58000,Дарья,Ефимова,1,2022-03-16 17:45:38.479647,foksf58000@yandex.ru,,,1,0
2320,mc77,,,1,2022-03-16 18:53:41.158223,m.cbxsnbm197738@gmail.com,,,1,0
2321,abnnb583,Дарья,Куликов,1,2022-03-16 19:21:02.706158,abnnb583@gmail.com,2295.0,,1,0
2322,Ksffm,Александр,Леонтьев,1,2022-03-16 20:25:59.126983,osffm@mail.ru,,,1,40
2323,Hbkosn,,,1,2022-03-16 21:38:40.116977,smbnodbibm2000@yandex.ru,,,1,0
2324,FbeoFbeo,Андрей,Никитин,1,2022-03-16 23:11:17.819743,abeabixba@gmail.com,1424.0,,1,185
2325,oddb,Глеб,Булатов,1,2022-03-17 04:43:55.990842,snjbnoas@gmail.com,,,1,10
2326,DonsnKnbjsfbm,София,Горелов,1,2022-03-17 05:11:32.531001,Donsndbk.Knbjsfbm@yandex.ru,,,1,0
2327,Wbdbnf,,,1,2022-03-17 06:05:52.415631,mbdbf8383@yandex.ru,,,1,0
2328,osxsddbiobxskbm,Валерия,Щербаков,1,2022-03-17 06:47:54.750468,oosxobd95@gmail.com,,,1,0
2329,scbnbn,Эмилия,Беликов,1,2022-03-17 08:55:31.288986,nsfbxbmsmbn01998@gmail.com,,,1,0
2330,Ksnd,,,1,2022-03-17 09:35:02.734512,ksnsn.bxak@yandex.ru,,,1,0
2331,xbkbnbmoma,Георгий,Антонов,1,2022-03-17 10:02:49.648103,fnonsb.xbkbnbm@gmail.com,2268.0,,1,185
2332,ksnenb210434,Максим,Макаров,1,2022-03-17 10:49:00.110275,nbnksn197@mail.ru,,,1,0
2333,Lscbm,Филипп,Никитин,1,2022-03-17 10:58:47.348753,dscb.obfdbmsen@mail.ru,,,1,15
2334,Dbns,Александра,Старостин,1,2022-03-17 11:06:43.803471,bn.bn.fbnsdbmb@gmail.com,,,1,0
2335,Rbkbsn92,,,1,2022-03-17 11:28:15.726728,jbababx@mail.ru,,,1,85
2336,Zbnaofsoon,Варвара,Столяров,1,2022-03-17 12:31:04.181758,xnnkbnbm@gmail.com,,,1,0
2337,okodon,,,1,2022-03-17 12:36:26.405828,okodon@mail.ru,,,1,50
2338,EiseMfK666,Георгий,Демина,1,2022-03-17 14:42:54.913327,nbaoexod.mbnaxsobm2016@gmail.com,,,1,0
2339,EiseMfK,,,1,2022-03-17 17:07:09.785195,nbaoexod.mbnaxsobm2014@yandex.ru,,,1,295
2340,Effs,,,1,2022-03-17 21:33:26.123279,of.osd13@yandex.ru,,,1,0
2341,boonos,Никита,Смирнова,1,2022-03-18 01:38:47.729781,boobos94@gmail.com,,,1,0
2342,jcjbf,Святослав,Дементьев,1,2022-03-18 02:38:36.539382,kbfsk.obdbfnsobm@yandex.ru,,,1,0
2343,Emjodf,Ева,Захарова,1,2022-03-18 06:10:57.976356,om_jodf@mail.ru,,,1,85
2344,nseooxn443,Андрей,Синицына,1,2022-03-18 09:18:17.260158,exobaosbs@yandex.ru,,,1,0
2345,Dskk2002,Ника,Исаева,1,2022-03-18 09:41:19.498239,fksaxs.kbobxosn@gmail.com,,,1,10
2346,xsffsioben,Глеб,Жукова,1,2022-03-18 09:55:46.902054,ksosxsnosn@gmail.com,,,1,10
2347,jbsa22,Егор,Смирнова,1,2022-03-18 10:18:47.388292,obxbom.jbsa@rambler.ru,,,1,10
2348,ioxnso,,,1,2022-03-18 10:19:10.401615,ioxnsobkbn@mail.ru,,,1,0
2349,Imbnnsobmbfbxsb,,,1,2022-03-18 10:22:04.163242,smbnnsobmb.fbxsb@gmail.com,,,1,15
2350,oxsask,,,1,2022-03-18 10:34:45.050282,asksx.oxsmonob2020@gmail.com,,,1,0
2351,TOXAfsxnom,Степан,Тимофеев,1,2022-03-18 10:37:08.876390,TOXAfsxnom@yandex.ru,,,1,45
2352,bbaskbsosn,Александр,Богданова,1,2022-03-18 11:35:27.697262,bdofbnfxaskbsosn@gmail.com,,,1,20
2353,bdofaskbobm,Никита,Ермилова,1,2022-03-18 13:03:54.688021,bdofaskbobjj94@gmail.com,,10.0,1,25
2354,cbxbmsoа,,,1,2022-03-18 13:59:13.446822,cbxbmso.m.b5@mail.ru,,,1,5
2363,o4xsn,Вероника,Кулагин,1,2022-03-18 23:51:20.856577,bxaokibmod-aoxoonbms@mail.ru,,,2,10
2364,Psanbnsna,Карина,Горшков,1,2022-03-19 04:17:02.864913,fsnnboox@yandex.ru,,,1,5
2365,osaono3711,Виктория,Нечаева,1,2022-03-19 07:13:27.868265,osaono3711@yandex.ru,,,1,0
2366,jneocb,,,1,2022-03-19 07:45:33.814183,Idsb@sapronov.net,,,1,0
2367,bcbdfooa,,,1,2022-03-19 08:17:58.670863,mbfsknbkcbxnoson@mail.ru,,,1,0
2368,moaxen,Андрей,Мартынов,1,2022-03-19 11:06:23.779976,doaxen@gmail.com,,,1,0
2369,mnon4,,,1,2022-03-19 14:13:54.798955,nbosxsddbm63@yandex.ru,,,1,0
2370,fbibdob7,Платон,Тарасов,1,2022-03-19 15:43:42.112300,abdbanoxnic@mail.ru,,,1,0
2371,nbacbfebfo,Даниэль,Столяров,1,2022-03-19 16:15:15.734757,Ambnsdsom.xj@gmail.com,,,1,0
2372,SoxaoLobn,,,1,2022-03-19 16:24:20.760496,a605413@gmail.com,,,1,10
2373,osdocsbob,Таисия,Хохлова,1,2022-03-19 16:50:18.338731,mbdobnnobsb.mseob@yandex.ru,,,1,0
2374,enxsnnjbniox,,,1,2022-03-19 17:27:53.927642,1bdof.noxa.dbfbxom@gmail.com,,,1,0
2375,Юлия,Валерия,Фролова,1,2022-03-19 20:29:19.782433,naxodb.ssdb@yandex.ru,,,1,0
2376,mdbnaoddo,Даниил,Антонов,1,2022-03-19 21:09:24.511989,mdbnbmbabasbnb17.05@gmail.com,,,1,15
2377,ksnabjsn,Варвара,Архипов,1,2022-03-19 21:35:12.733635,sbxbndbmnnso@gmail.com,,,1,0
2378,Dbxsb99,Демид,Смирнова,1,2022-03-19 22:53:55.822417,fbxsb.csfsobmb@mail.ru,,,1,0
2379,YbosnnomDbnsdb,,,1,2022-03-19 23:09:00.622963,sbosnnomfbnsdb@gmail.com,,,1,0
2380,osxbcxnbmb,Михаил,Леонтьева,1,2022-03-20 06:24:45.662653,osxbbcbxbnbmba@gmail.com,,,1,0
2381,bdixsban,Арсений,Булатов,1,2022-03-20 06:56:10.417367,bdixsban@li.ru,,,2,15
2382,sdsnonob63,Ангелина,Антонов,1,2022-03-20 07:27:59.698330,sdsnonob63@gmail.com,,,2,10
2383,Oioan,Таисия,Климов,1,2022-03-20 09:05:24.586449,nidobn95@mail.ru,,,1,25
2384,bdof13iobxeo,Анна,Мартынов,1,2022-03-20 09:22:14.738928,bdf13kson@gmail.com,,,1,0
2385,dsosnsonomaonsb,Дарья,Антонов,1,2022-03-20 10:14:35.728145,dsosnson99.99@mail.ru,,,1,0
2386,BdbeoJbeo,Никита,Филимонов,1,2022-03-20 10:39:13.400935,noxaoan.obnskbm@yandex.ru,,,1,5
2387,GdsnnosonVbocbxn,Артём,Филатова,1,2022-03-20 10:47:25.315981,GdsnnosonVK@akbars.ru,,,1,65
2393,Noosfb,,,1,2022-03-20 14:03:36.656545,Noosfb0888@gmail.com,,,1,0
2394,bdoffbds,Николай,Фролова,1,2022-03-20 14:25:56.202631,fbxabbdof@yandex.ru,,,1,0
2395,nseobnsibm,Андрей,Климов,1,2022-03-20 15:25:21.370840,nseo.bnsibm.91@gmail.com,,,3,5
2396,axbnnss2011,,,1,2022-03-20 17:26:00.290907,axbnnss2011@mail.ru,,,1,0
2397,osxbodn,Варвара,Столяров,1,2022-03-20 17:29:18.901177,obksdd007007@gmail.com,,,1,0
2399,jbenoacdsf,Валерия,Тимофеева,1,2022-03-20 18:03:56.560748,nbdfsoxdbba@gmail.com,,,1,0
2400,aoxabmosn,,,1,2022-03-20 19:40:27.087215,bononbmb.n.1301@gmail.com,,,1,0
2401,nobxsnnob11,,,1,2022-03-20 20:16:55.187951,nmsfoxnobsbon@gmail.com,,,1,5
2402,noddbdbxdf,,,1,2022-03-20 20:19:15.984402,sexbii85@mail.ru,,,1,0
2403,aonad,Василиса,Ефимова,0,2022-03-20 21:22:16.026771,aona@mail.ru,,7.0,0,0
2404,aona12,Дмитрий,Дьяконова,0,2022-03-20 22:13:51.572162,aona@test.ru,,,0,0
2405,Hbnsbnbm21,Полина,Зорина,1,2022-03-21 01:03:13.935735,obksdnbnbnbm1601@gmail.com,,,1,0
2406,Bonbnxs,Святослав,Тимофеева,1,2022-03-21 01:23:09.790256,noobd.noobd@gmail.com,,,2,35
2407,xsndbndbxsn,Анна,Парамонова,1,2022-03-21 06:04:22.989076,xsndbn.dbxsn@akbars.ru,,,1,10
2408,Ybxbn,Валерия,Леонтьев,1,2022-03-21 07:04:34.367345,sbx.noen@yandex.ru,,,1,0
2409,Gsabmba,Никита,Семенов,1,2022-03-21 08:37:19.815154,bnfxosob995@gmail.com,,,1,0
2410,sbnomofnn,Артём,Захарова,1,2022-03-21 09:01:15.738248,sbnomofnnobdnso@gmail.com,,,1,0
2411,Надежда,Валентина,Климов,1,2022-03-21 09:15:02.937181,nbfofnfb.ixbosfsnb@akbars.ru,,,1,245
2412,ZoomBsn,Ярослав,Захаров,1,2022-03-21 09:21:24.219522,sbfoom03@mail.ru,,,2,70
2413,noxa4891,Аделина,Филиппова,1,2022-03-21 09:31:25.028468,noxa4891@yandex.ru,,,1,0
2414,DbsbnbT,Валерия,Зорина,1,2022-03-21 11:30:01.837555,fbsbnb.adoncbsomb@gmail.com,,,1,0
2417,dsdsbY,Виктория,Романов,1,2022-03-21 13:07:41.312314,dsdssb.sbabjbxbmb@akbars.ru,,,1,240
2418,njssxodd,,,1,2022-03-21 13:13:24.655986,dosdb99@mail.ru,,,1,0
2419,EobaoxsnbZnb,,,1,2022-03-21 13:29:13.306428,Eobaoxsnb.Znbxbmb@interfax.ru,,,1,0
2420,MxSksan,Алиса,Власова,1,2022-03-21 13:40:37.668165,fbeona708@yandex.ru,,,1,85
2421,askoxxxxx,Виктория,Семенова,1,2022-03-21 14:00:02.742067,askks.oad.coban@gmail.com,,,1,5
2422,KbasbBxbfnob,Елизавета,Константинов,1,2022-03-21 14:27:22.934753,obaoxsnbcx5922@gmail.com,,,1,235
2423,xbfsbnoxbmenonob,Артём,Леонтьев,1,2022-03-21 15:15:14.876565,xbfsbnssos652@gmail.com,,,1,0
2424,kbbnnbx,Мирон,Авдеева,1,2022-03-21 15:21:11.128044,kbbnnbx@live.ru,,,1,0
2425,ffnbnsfbobm99,,,1,2022-03-21 17:52:56.700555,ffnbnsfbobm99@gmail.com,,,1,0
2426,DsbnsnUksfskbm,Дмитрий,Семенов,1,2022-03-21 18:22:37.590631,Dsksfskbm@gmail.com,,,1,80
2427,nsfmbxbnbm,Даниил,Беликов,1,2022-03-21 18:55:36.306124,nsfmbxbnbm@gmail.com,,,1,0
2428,Vbxsba7,Максим,Беляев,1,2022-03-21 19:02:15.500786,kbsnosonob.noxassn@gmail.com,,,1,0
2429,DbfF,Мирон,Сухарева,1,2022-03-21 19:39:19.646212,nombxanbm@phystech.edu,,,1,15
2430,obxbnso,Демид,Захарова,1,2022-03-21 19:42:08.041956,nnsddoxbdoa@gmail.com,,,1,20
2431,abxm56,Виктория,Тарасов,1,2022-03-21 20:13:04.372281,abxm56@fexbox.ru,,,1,0
2432,Kbnas,Андрей,Трифонова,1,2022-03-21 21:18:18.576529,abxobna2001@mail.ru,,,1,0
2435,VbddoxbFTM,Филипп,Власова,1,2022-03-21 23:54:58.462228,nbafbebm@mail.ru,,,1,5
2436,obnadona,Филипп,Захаров,1,2022-03-22 00:15:59.519794,nibsn94@mail.ru,,,1,5
2437,Lof771,,,1,2022-03-22 02:12:44.024436,Adeno771@yandex.ru,,,1,0
2438,Mbjsn116,Даниил,Мартынов,1,2022-03-22 02:53:34.690350,sm00@list.ru,,,1,0
2439,kbakbaxoa,Виктория,Иван ,1,2022-03-22 03:24:01.926056,kbakbaxoa@gmail.com,,,1,0
1569,bsfbx11,София,Парамонова,1,2022-02-16 18:24:51.504463,bsfbxob17@yandex.ru,,,1,0
1570,omadsn,,,1,2022-02-16 18:28:17.180911,omadsn@yandex.ru,,,1,0
2440,mnxofosn,Максим,Васильев,1,2022-03-22 06:27:36.637370,mnxofosn01@gmail.com,,,1,0
2441,bcsabsabcs,София,Степанова,1,2022-03-22 06:37:24.704611,ebsnoisebfb@gmail.com,,,1,0
2442,Dmbno,Татьяна,Петров,1,2022-03-22 06:50:02.512204,51423fm@gmail.com,,,1,180
2443,abnaox,Виктор,Филиппова,1,2022-03-22 08:16:42.065070,snaoxnoabm.xs@gmail.com,,,1,0
2444,JOKKEU,Даниил,Леонтьева,1,2022-03-22 08:57:08.813304,osxsb.bdonnsn1@mail.ru,,,1,0
2445,m646,,,1,2022-03-22 10:25:56.391351,f646f@mail.ru,,,1,0
2446,koxjbnbeom,Филипп,Леонтьева,1,2022-03-22 10:42:16.798224,koxjbnbeom87@mail.ru,,,1,0
2447,jbfbxon,София,Семенова,1,2022-03-22 11:36:58.820228,jbfbxon@gmail.com,,,1,30
2448,KnsGsxsnbmsen8,,,1,2022-03-22 11:59:05.985349,fonssb.obfdbmnobsb@yandex.by,,,1,0
2449,Loksnxs,Егор,Семенов,1,2022-03-22 12:32:53.849281,kbxbkbons7@gmail.com,,,1,0
2450,Loksn,,,1,2022-03-22 13:55:25.887399,kbxbkbons10@gmail.com,,,1,0
2451,dbnnbaonasa,,,1,2022-03-22 14:03:30.439676,nboojbf816@videour.com,,,1,15
2452,bdcodsbobm,Варвара,Синицына,1,2022-03-22 14:07:40.948590,bdof-codsbobm97@mail.ru,,,1,110
2453,Ixcsn,Кирилл,Семенов,1,2022-03-22 15:53:59.445873,dbd.dbisn@yandex.ru,,,1,0
2454,nksxnbmbnks7,Константин,Хохлова,1,2022-03-22 16:12:58.320693,nksxnbmbnks7@gmail.com,,,1,0
2455,RbVb1992,Элина,Морозов,1,2022-03-22 18:57:49.492848,xb.mb.1992@gmail.com,,,1,5
2456,Hbndbnf2112,Варвара,Ракова,1,2022-03-23 07:45:18.742047,fksnbxnsj@gmail.com,,,1,0
2457,Rsn27,Илья,Филимонов,1,2022-03-23 08:02:05.218492,xbfksx-1996f@mail.ru,,,1,0
2458,PscdssnPscdsebdb,Кирилл,Хохлова,1,2022-03-23 10:15:55.603860,xsnabkksfsibm@gmail.com,,,1,0
2459,abnsombfsdcbx,,,1,2022-03-23 11:14:17.921242,abnsomb.fsdcbx@gmail.com,,,1,0
2460,Dsdsbabnenso,Кирилл,Столяров,1,2022-03-23 11:34:52.092128,abnsomb.fsdcbx@mail.ru,,,1,0
2461,noxaseesb,Дарья,Киселев,1,2022-03-23 13:10:34.784816,noxaseesb2007@mail.ru,,,1,15
2462,nfnsjnc,Анна,Миронова,1,2022-03-23 14:21:35.585028,nfnsjnc@gmail.com,,,1,0
2463,obdsbfsibo,,,1,2022-03-23 15:50:11.796984,obdsbfsibo@mail.ru,,,1,0
2464,csaensib65,Макар,Тарасов,1,2022-03-23 18:56:53.269326,csaensib@yandex.ru,,,1,0
2465,sdsbkbn,,,1,2022-03-23 23:19:27.650308,sdsbkbkbsd@gmail.com,,,1,15
2466,bfabo,Максим,Кулагин,1,2022-03-24 08:33:29.982210,kbfonaaenbsobdnos@gmail.com,,,1,10
2467,kbxobmbnabn,Мирон,Захаров,1,2022-03-24 08:44:31.284409,kbxobm_bnabn2001@mail.ru,,,1,0
2468,AnfsHsfo,,,1,2022-03-24 12:00:37.500149,bnfsnsfonfn@gmail.com,,,1,0
2469,HosnbWbs,Ольга,Мартынов,1,2022-03-24 13:38:33.249835,fsnsnabnsom@gmail.com,,,1,30
2470,bdoonsbxon,,,1,2022-03-24 16:06:28.930730,bdoonsbxon.of@gmail.com,221.0,,2,50
2471,soxbnsobmb,Святослав,Филимонов,1,2022-03-24 16:13:19.566463,oss75@yandex.ru,221.0,,1,0
2472,Adonb,,,1,2022-03-24 22:10:28.365800,b23095b-sbnosnb@yandex.ru,,,1,0
2473,ШтауберЕ27,Артём,Бирюкова,1,2022-03-24 22:25:50.163976,msoabxs2006@mail.ru,1424.0,,1,20
2474,xsonbdsobm,Виктория,Антонова,1,2022-03-25 08:18:31.928742,xonbdsobm911@gmail.com,,,1,120
2475,Knbdsobmxs,,,1,2022-03-25 08:21:37.300183,onbdsobmxs@akbars.ru,,,1,0
2476,Dbnnoma,Вероника,Баранова,1,2022-03-25 09:53:17.736318,xbfsbn2002@gmail.com,,,1,0
2477,FbasX,,,1,2022-03-25 10:08:59.113655,kbonfskb0515@gmail.com,,,1,15
2478,edbiedbiedbsf,Егор,Агафонов,1,2022-03-25 12:43:23.871779,edbiedbiedbsf@ya.ru,,,1,0
2479,TskBbosna1,,,1,2022-03-25 13:38:37.097684,a.nmsxsn@bk.ru,,,1,0
2480,RbkbnGsdsbom,,,1,2022-03-25 20:20:59.276811,xseosjbxoaa4@gmail.com,,,1,0
2481,xbkbabkofbm99,Эмилия,Филатова,1,2022-03-25 20:30:37.801421,bxxbabna.fonioxbfb@yandex.ru,,,1,0
2482,xbkbabkofbm,,,1,2022-03-26 08:12:01.105909,bxxbabna.fonioxbfb99@yandex.ru,,,1,0
2484,AnabnKbxskbm,Валерия,Лосев,1,2022-03-26 08:48:20.109354,obxskbm3266@yandex.ru,,,1,0
2485,SFEfsebasbn,Романова,Федоров,1,2022-03-26 10:54:58.351122,Sbjbxkbkbfbmksnsffsn@gmail.com,,,1,130
2486,Anabn19RT,Михаил,Антонов,1,2022-03-26 13:05:28.028084,bnabn.axbnnsn26@gmail.com,,,1,35
2487,Gbxfon,Смирнов,Фомин,1,2022-03-26 15:59:49.717540,obxfsn.abkon@gmail.com,,,1,0
2488,Moxdsn911,Василиса,Соловьев,1,2022-03-26 16:02:13.360747,bdofssn.bab@gmail.com,,,1,5
2489,Vdbf,Даниил,Иванов,1,2022-03-26 18:22:23.568978,mdbfsndbm.ascbn@gmail.com,2486.0,,1,0
2490,Sabnsndbm,Валентина,Петров,1,2022-03-26 20:04:52.089184,nabnsndbmsmbnbm55@gmail.com,,,1,0
2491,smksonbsdbm,Александр,Тимофеев,1,2022-03-26 22:23:31.090212,smk@yandex.ru,,,1,670
2492,nodabbf27,Никита,Сухарева,1,2022-03-27 07:58:14.036867,nodabbf27@gmail.com,,,1,0
2493,Adsnb098,,,1,2022-03-27 08:12:04.486507,kodbaxbn-1@yandex.ru,,,1,0
2494,sanbnas,Смирнов,Трифонова,1,2022-03-27 08:13:03.669560,osxbmnbn@yandex.ru,,,1,5
2495,nb0nsseoo,Варвара,Мартынов,1,2022-03-27 09:19:51.659754,nbdodsnbdsn@yandex.ru,2397.0,,1,0
2496,koddbkbn,,,1,2022-03-27 12:13:27.997116,koddbkbn@rambler.ru,,,1,30
2497,ioaxbmsenosaono,София,Федоров,1,2022-03-27 13:29:05.637319,ioaxbmsen.osaono@gmail.com,,,1,0
2498,fokb,Алиса,Хохлова,1,2022-03-27 14:18:46.799655,edsonan@itresume.ru,,,1,0
2499,Rbknb777,,,1,2022-03-27 14:23:19.283855,exbfsibnaon777@gmail.com,,7.0,1,0
2500,sfbnsdsn,Филипп,Антонова,1,2022-03-27 14:58:08.337986,sfbnsdsn78@gmail.com,,,1,0
2501,fbnob1521,Валерия,Дьяконова,1,2022-03-27 15:00:58.035539,msi.fbnob1521@mail.ru,,,1,0
2502,Hodab13,Алиса,Тимофеева,1,2022-03-27 15:57:07.022743,bdab@helga.perm.ru,,,1,0
2503,sbosibmb,Элина,Ермаков,1,2022-03-27 18:34:43.675874,oxsnnabdsnb@mail.ru,,,1,240
2504,HoddsnnRbeebn,Мирон,Миронова,1,2022-03-27 20:12:18.055679,xjbfbnbmoabx@mail.ru,,,1,0
2505,RbkbabmZsdjsobx,,,1,2022-03-27 21:20:44.641628,xbkbabmm@gmail.com,,,1,0
2506,dsksoxo,Никита,Романов,1,2022-03-28 06:30:25.889877,dsksoxo860@gmail.com,,,1,30
2507,obnsbensaeno,Кирилл,Иван ,1,2022-03-28 07:36:17.106737,osn7466@gmail.com,,,1,20
2508,AdofSabno,Максим,Бирюкова,1,2022-03-28 07:57:30.951342,nbnnbibmdbmsen131@gmail.com,,,1,0
2509,kbobxxоjj,Ника,Антонов,1,2022-03-28 10:59:57.775573,kbobxx-bjj@yandex.ru,,,1,0
2510,nodib,Даниил,Антонов,1,2022-03-28 11:23:29.191170,bnnbenoxoioxsbik@gmail.com,,,1,0
2511,Lbkox,София,Воронцова,1,2022-03-28 19:03:05.569621,jsdbn_don.0912@mail.ru,,,1,15
2512,Dsnbkb1946,,,1,2022-03-28 19:25:12.904784,nbxk.nbxkbn@yandex.ru,,1.0,1,0
2513,nsxksonbkoabm,Варвара,Артемова,1,2022-03-29 10:31:22.652978,sdfbx.nsx@outlook.com,,,1,95
2514,BRUNIREND,Андрей,Семенов,1,2022-03-29 11:23:23.872214,cxsnsxonf@yandex.ru,,,1,35
2515,enseabn,Варвара,Тимофеева,1,2022-03-29 21:05:54.296957,enseabn12@gmail.com,,,1,15
2516,fbxsb,,,1,2022-03-29 23:03:53.904115,fbnnob859@gmail.com,,,1,5
2517,Ильнар,Варвара,Тарасов,1,2022-03-30 08:06:45.644712,sdnbx1980@mail.ru,,,1,240
2518,bmabs773,Артём,Степанова,1,2022-03-30 10:53:22.990121,bmabs773@gmail.com,,,1,5
2519,bdof007,Варвара,Курочкин,1,2022-03-30 12:25:10.574543,bsnbosn@gmail.com,,,1,0
2520,Ksxsdd,Георгий,Архипов,1,2022-03-30 17:23:29.410839,nsioxenodf@gmail.com,,,1,0
2521,onsananff,Илья,Беляев,1,2022-03-30 18:24:35.438787,abxmbn53@yandex.ru,,,1,0
2522,Pbnskbn4so,,,1,2022-03-30 21:17:00.969928,naojbnso89@yandex.ru,,,1,70
2523,ibdksnbn,Анна,Баранов,1,2022-03-30 21:28:48.184984,bfbxooo@mail.ru,,,1,5
2524,Vdbfsnbn,Елизавета,Греков,1,2022-03-31 05:03:51.528713,mdbf.nbnsobmsen@mail.ru,,10.0,1,0
2525,Dbnsn,Карина,Петров,1,2022-03-31 08:37:46.013067,fbnaoxmbd@mail.ru,,,1,0
2526,Sbkn,Виктор,Семенов,1,2022-03-31 09:36:12.430401,sabxnsdbm@mail.ru,,,1,5
2527,babk64,Михаил,Ермаков,1,2022-03-31 11:13:03.117433,Sebxis101@yandex.ru,,,1,0
2528,babk,Николай,Артемова,1,2022-03-31 12:24:44.003207,csaox210@yandex.ru,,,1,0
2529,nabes17,Дарья,Авдеева,1,2022-03-31 12:34:10.022070,bn.sbxbnnonob@yandex.ru,,,1,240
2530,Ybnfoon,Мирон,Парамонова,1,2022-03-31 15:04:07.263031,xbkbnbmdom@gmail.com,,1.0,1,5
2531,nseodbf,,,1,2022-03-31 15:36:53.797216,obm.ixbo@gmail.com,,4.0,1,5
2532,msoboxbnnbdb2005,,,1,2022-03-31 15:37:55.426871,msob.oxbnnbdb@mail.ru,,4.0,1,0
2533,PbnjsdbmSV,Александра,Щербаков,1,2022-03-31 15:39:01.329229,nokon.ibnjsdbm@akbars.ru,,,1,35
2534,naonssno,,,1,2022-03-31 15:42:28.439618,axsnom-nsoo@yandex.ru,,4.0,1,10
2535,noad,Артём,Васильев,1,2022-03-31 15:43:14.636807,noadoeaof@rambler.ru,,4.0,1,0
2536,nsxj,Андрей,Семенов,1,2022-03-31 15:46:58.396476,sdssn.bion@gmail.com,,,1,5
2537,fbifbxbi,,,1,2022-03-31 15:47:14.364115,fbifbxbi@yandex.ru,,4.0,2,30
2538,HbdobAn,Александр,Баранов,1,2022-03-31 15:49:28.262100,nbfsnb.mbn9089@gmail.com,,4.0,1,0
2539,bdoonocod,,,1,2022-03-31 15:50:02.499327,bdoonbnfocod@gmail.com,,4.0,1,10
2540,AoskbmDksaxss,Глеб,Булатов,1,2022-03-31 15:52:26.284063,objjosf92@gmail.com,,4.0,1,0
2541,snedonabxo,Фёдор,Константинов,1,2022-03-31 15:54:01.678097,nabxo_m@mail.ru,,4.0,1,0
2542,Gbndsb,Артём,Леонова,1,2022-03-31 15:57:04.828469,oxbnbmsn.fbnsdb@yandex.ru,,4.0,1,105
2543,DbbkoxCbfox,,,1,2022-03-31 16:00:33.366734,fbbkoxebfox@gmail.com,,4.0,1,15
2544,fbdasnod,Яна,Захарова,1,2022-03-31 16:03:09.007097,omaonss.fbdasn@akbars.ru,,4.0,1,255
2545,an0xn,Валентина,Степанова,1,2022-03-31 16:11:38.076199,11_ob@rambler.ru,,4.0,1,0
2546,EmaonsbDok,Евгения,Старостин,1,2022-03-31 16:33:48.424349,aonsb31-01@yandex.ru,,,1,215
2547,bosxabnbmb,Даниил,Семенова,1,2022-03-31 16:36:50.645340,bosxabnbmb130199@mail.ru,,4.0,1,170
2548,Fbmbxsao1878,Артём,Семенов,1,2022-03-31 16:38:57.710281,Tsjn95@yandex.ru,,4.0,2,25
2549,fbxsbnsdabnbmb,София,Филатова,1,2022-03-31 16:49:02.076720,2974755@gmail.com,,4.0,1,10
2550,nnsdcbf,Ева,Трифонова,1,2022-03-31 17:01:09.230346,nnsdcbf@gmail.com,,4.0,1,0
2551,nbk1,Александр,Лосев,1,2022-03-31 17:06:09.977081,bfba.abddsbkbm@akbars.ru,,4.0,1,195
2552,bdoxsnbobmb,Николай,Никитин,1,2022-03-31 17:19:37.571987,bdoxsnbobmb@mail.ru,,4.0,1,0
2553,RbcoxaSbksaosn,Анна,Кулагин,1,2022-03-31 17:28:51.889165,nbksaeosn2010@yandex.ru,,4.0,1,20
2554,bxfbn,Варвара,Устинова,1,2022-03-31 18:06:33.131090,sdnbx@akbars.ru,,4.0,1,240
2555,Voxskskbxs,Эмилия,Васильев,1,2022-03-31 18:14:21.395074,kbxsb.obabnoan@gmail.com,,4.0,1,45
2556,bdabxbfsnb,,,1,2022-03-31 18:15:02.464057,nabbdaxb@mail.ru,,4.0,1,0
2557,Asfbx,Даниил,Киселев,1,2022-03-31 18:19:25.588586,bsfbx.fbkbdsom@akbarsdigital.ru,,4.0,1,230
2558,Knonsb,Варвара,Ефимов,1,2022-03-31 18:29:02.338303,on_osnodomb-12@mail.ru,,4.0,1,805
2564,Ksfxsbmanomb,Макар,Филиппова,1,2022-03-31 20:43:52.030488,nsioxobabdsnb@mail.ru,,4.0,1,320
2566,bocbafbnbmb,,,1,2022-04-01 05:01:22.660553,cbafbnbmb.b.o@outlook.com,,,1,5
2567,EmaSod,,,1,2022-04-01 06:19:13.744547,nsnsoisnsomadbf@mail.ru,,4.0,1,5
2568,odob90,Михаил,Дмитриева,1,2022-04-01 06:59:22.187845,odob90@inbox.ru,,4.0,1,50
2570,VbfskLP,Таисия,Столяров,1,2022-04-01 09:19:52.324746,mbfsk_dbbisn@mail.ru,,4.0,1,80
2572,smoaab123,Даниил,Иванов,1,2022-04-01 11:28:55.588845,sm_snbm@mail.ru,,,1,0
2573,smoaab,Даниил,Архипов,1,2022-04-01 12:21:14.140846,smoaab@akbars.ru,,,1,0
2575,Lssfksdb88,Макар,Артемова,1,2022-04-01 13:26:37.526961,dsfb.e@mail.ru,,4.0,1,395
2582,nmnbmsanoss,Андрей,Парамонова,1,2022-04-02 16:37:13.717393,nmnbmsanoss@icloud.com,,,2,5
2583,Pos89,Макар,Климов,1,2022-04-02 16:39:58.996848,ios89@mail.ru,,,1,0
1645,ABCfbsn,,,1,2022-02-17 10:25:55.072688,jbsab@mail.ru,,,1,0
2584,obdbcenbnnosj,Даниэль,Макаров,1,2022-04-02 16:55:31.943666,fbnssd.oxbnnbm@akbars.ru,,,1,105
2585,DsdsbxbK,Платон,Баранов,1,2022-04-02 17:41:53.579615,nbfsd@bk.ru,,,1,10
2587,Axnkbxonfs,София,Жукова,1,2022-04-03 03:15:50.286097,dbcfbmb.nbnasb@mail.ru,,,1,0
2588,SbjsbRs,Андрей,Горелов,1,2022-04-03 08:02:59.996170,xsfbmnobsb.nbjsb@yandex.ru,,,1,20
2589,CMEXOTPOH,Вероника,Мартынов,1,2022-04-03 08:12:09.862805,xsj.jbsfbm@gmail.com,,,1,230
2590,Edsfb,Александр,Киселев,1,2022-04-03 08:19:17.645606,xbjbod9142@gmail.com,,,1,240
2591,nmoabonb,,,1,2022-04-03 13:19:47.395218,nmoadbnb.onbanoomsen@gmail.com,,4.0,1,15
2592,ksnnkbn,Ева,Сергеева,1,2022-04-03 17:43:01.206754,nooxncbx@gmail.com,,,2,25
2593,fbnn,,,1,2022-04-03 18:51:02.490274,fbnsdenonob.nb@gmail.com,,,1,120
2594,DHsaxso,Анна,Галкин,1,2022-04-04 02:24:51.208037,jbna.n.idbna31@gmail.com,,,1,5
2595,Rif01,Виктория,Устинова,1,2022-04-04 06:51:51.906615,xif01@mail.ru,,,1,110
2596,Bbbdcb96,,,1,2022-04-04 10:09:08.492990,osnanbnakbnaox@gmail.com,,,1,0
2597,SoxabZD,,,1,2022-04-04 13:12:17.540311,noxabff@yandex.ru,,,1,0
2598,dbdb1,,,1,2022-04-04 15:19:40.991943,edsona1n@itresume.ru,,1.0,1,0
2599,Fbxson,Андрей,Тимофеев,1,2022-04-04 18:36:33.198009,fbfbcbom.ja@gmail.com,,1.0,1,0
2600,nbabdsbk,,,1,2022-04-04 18:44:53.647686,kboxsnnsnb_1999@mail.ru,,,1,320
2601,nsosabksxsn,Георгий,Алексеева,1,2022-04-04 22:52:51.552009,nsosabksxsn@yandex.ru,,1.0,1,0
2602,MTxbkn,Илья,Фролова,1,2022-04-05 00:19:12.189292,ndsja.06@mail.ru,,4.0,1,20
2604,Ansnnbn,Варвара,Синицына,1,2022-04-05 04:06:33.782246,konb-nb@yandex.ru,,1.0,1,100
2605,nokonenonob,Александра,Демина,1,2022-04-05 04:52:38.349616,Sokonenonob_bb@mail.ru,,,1,5
2606,Tbnsb,Даниил,Антонов,1,2022-04-05 06:18:55.379001,abnsb.nbcbdomb.f7@gmail.com,,,1,0
2607,bnnbnsfbxbmboo,Даниэль,Щербаков,1,2022-04-05 07:51:23.288527,bnnbnsfbxbmboo@gmail.com,,,1,250
2608,nscsxosnf,Вероника,Романов,1,2022-04-05 09:36:50.496400,nscsxosnf@gmail.com,,,1,0
2609,AdofBbddon,София,Леонтьева,1,2022-04-05 11:36:22.039060,bdooncbddon95@gmail.com,,,1,85
2610,Sbasx,Святослав,Куликов,1,2022-04-05 11:42:03.518800,nbasxcf@mail.ru,,,1,0
2611,Aksxfbosxbm,,,1,2022-04-05 11:49:39.742574,778275@gmail.com,1424.0,,2,80
2615,Anabn1993,Варвара,Макаров,1,2022-04-05 12:22:18.489248,bnabn_ibxkonbm@outlook.com,2611.0,,1,245
2616,docnnbeoo,,,1,2022-04-05 14:01:51.726251,docnnbeoo@yandex.ru,,,1,55
2617,noab174,Марк,Константинов,1,2022-04-05 15:17:00.090732,Ssonsnsnn.n@gmail.com,,,1,0
2618,oaaibdox,Полина,Бирюкова,1,2022-04-05 15:55:55.083258,oaasdsom@yandex.ru,2546.0,,1,0
2620,dsamnsbm,,,1,2022-03-02 21:24:50.855709,odfbbkfbbk@gmail.com,,1.0,1,130
2621,nscsxsxb,Артём,Васильев,1,2022-02-13 13:06:59.263165,nscsx-sxb@yandex.ru,,1.0,1,0
2622,AdofRbfsb,Андрей,Тимофеева,1,2022-04-05 16:54:00.076551,bdoonbnfx.odsfbx@mail.ru,,,1,5
2623,VASn,Валентина,Антонов,1,2022-04-05 18:59:12.098123,VASn-80@yandex.ru,,4.0,1,0
2625,Tmnoaxs,Кирилл,Фомин,1,2022-04-05 19:57:45.835080,amnoaxs@gmail.com,,,1,5
2626,obnso,Филипп,Тимофеева,1,2022-04-05 20:50:38.025113,obnsenob138@mail.ru,,4.0,1,85
2627,bmbd84,,,1,2022-04-05 22:21:43.589616,bmbd84@list.ru,,,1,265
2628,MbxsnsbMbxo,Виктория,Морозов,1,2022-04-06 04:46:59.732194,cbxbkbnnb@gmail.com,,1.0,1,0
2629,NsosabEMI,Кирилл,Филимонов,1,2022-04-06 07:29:00.940765,nsosab.bnsnaxbabm@gmail.com,,,1,0
2631,Eabx2,Михаил,Андрей,0,2022-04-06 08:23:26.137197,nxbcxss+2@gmail.com,,6.0,0,0
2634,fskonen,Полина,Лосев,1,2022-04-06 09:09:12.190687,fskonen@mail.ru,,6.0,1,0
2636,bosfnoanbmb13,,,1,2022-04-06 09:35:57.547889,bo97@list.ru,,,1,0
2637,osbnfs,Виктория,Богданова,0,2022-04-06 10:11:27.775814,bo79@list.ru,,6.0,0,0
2641,mdbfdon,,,1,2022-04-06 13:17:42.528403,mdbfdonjso98@yandex.ru,,6.0,1,0
2642,snoxTona,Даниил,Мальцева,1,2022-04-06 13:52:52.498419,dsna2107@list.ru,,,1,5
2643,VsoabxGdsnnbo,Даниэль,Кулагин,1,2022-04-06 16:18:07.797468,m.ss.adsnnbo@tmn2.etagi.com,,1.0,1,20
2644,bnfxojds,Михаил,Столяров,1,2022-04-06 16:52:34.907920,ksonsn.bm.1997@gmail.com,,,1,0
2645,Pbdof,Ника,Столяров,1,2022-04-06 17:28:23.651712,ibdofkofsb@ukr.net,,,1,5
2646,jofbx,Даниэль,Антонов,1,2022-04-06 17:28:44.263866,jofbx.ksnsenom@gmail.com,,6.0,2,5
2647,nedbxoaa,София,Константинов,1,2022-04-06 17:34:01.064344,bdseoxa412@gmail.com,,,2,5
2648,obo666asn,Виктория,Горячева,1,2022-04-07 02:48:13.043341,do.msoabxs@gmail.com,,,2,40
2649,bsmbnbm2006,Святослав,Ермаков,1,2022-04-07 10:33:19.841108,bnfxodsmbnbm2006@gmail.com,,,1,0
2650,4os3oi13,Константин,Афанасьев,1,2022-04-07 18:43:49.844492,4os3oi13@mail.ru,2649.0,,1,0
2651,KnsnbkbmRRb,Егор,Фадеева,1,2022-04-08 10:00:06.970738,xbnsk.xbksdomsen@gmail.com,,1.0,1,0
2652,k0xin,Алина,Гончарова,1,2022-04-08 11:15:27.315462,d2f@yandex.ru,,,1,20
2653,aona71,Валерия,Баранова,1,2022-04-08 13:01:57.672241,nsaxsnb71@mail.ru,,,1,40
2654,Adof,Михаил,Кузина,1,2022-04-08 16:43:17.733081,bnbnobmnos@gmail.com,,,1,5
2655,AdofosM01,,,1,2022-04-08 17:18:47.855909,AdofosM01@yandex.ru,,,1,0
2656,NVSksxnbmb,Василиса,Власова,1,2022-04-08 17:50:45.057056,nksxnbmb-nbfofnfb.md@ya.ru,,,2,45
2657,nsnbnbmon,Николай,Дмитриева,1,2022-04-08 17:53:20.925493,nsnbnbmon@gmail.com,,,2,190
2658,Axaokaxsnom,Аделина,Горелов,1,2022-04-08 19:17:54.959015,bxaokaxsnsbm90@gmail.com,,,1,0
2659,ifbnssd,Дарья,Романов,1,2022-04-08 20:06:58.281430,ifbnssd136@gmail.com,,,1,0
2661,ZoxaSS,Даниил,Петров,1,2022-04-09 13:11:54.468522,nox-bn@mail.ru,,7.0,1,5
2662,Kbknbkbdbenob,,,1,2022-04-10 16:45:14.148556,nasisfnbbi@gmail.com,,,1,10
2663,cbaxbofk,Никита,Парамонова,1,2022-04-10 17:10:33.555820,cbaxbofk@mail.ru,,,1,5
2664,Ifbobm,Элина,Петров,1,2022-04-10 17:45:00.646544,sfbobm_sdsb@bk.ru,,,1,0
2665,nbcoddsbx,Варвара,Кузина,1,2022-04-10 17:50:43.516320,7952239@gmail.com,,,1,0
2666,Kbfsxomioax,Виктория,Баранова,1,2022-04-10 18:54:59.236022,iobfsxom61@gmail.com,,,1,0
2667,mbkibxodbd,Василиса,Беляев,1,2022-04-10 21:55:33.319830,oabxnnsosn@gmail.com,852.0,,1,0
2668,nofaojba,Александр,Мартынов,1,2022-04-10 21:59:00.065734,osdsobmsm.nic@yandex.ru,852.0,,2,10
2669,ibnaox2004,,,1,2022-04-11 00:45:21.789433,ibnaox2004@gmail.com,,4.0,1,0
2670,xcbasxbm82,София,Маслова,1,2022-04-11 06:01:16.569061,xcbasxbm82@yandex.ru,,,1,105
2671,bdoansfbkbm,Валерия,Лосев,1,2022-04-11 07:52:47.571116,bd.nsfbkbm@yandex.ru,,,2,55
2672,Adkbf55,Никита,Архипов,1,2022-04-11 09:10:17.916466,bdkbf55@inbox.ru,,,1,0
2673,bfbxbmmsa1,Никита,Петров,1,2022-04-11 10:19:00.340669,xonoxmn@inbox.ru,,,1,0
2674,nbdjebdbk,Никита,Баранова,1,2022-04-11 10:40:53.355964,mfk.nnodn@gmail.com,,,1,145
2675,nioxkn,Кирилл,Антонов,1,2022-04-11 11:09:38.957298,4sabnbfb@gmail.com,,,1,120
2676,nsosabxoj,Элина,Горшков,1,2022-04-11 12:20:54.202732,bnfxbn@alexanyan.tech112,,4.0,0,120
2677,aonaxoj4,,,1,2022-04-11 15:26:18.252828,bnfxbn@alexanyan.tech19,,1.0,1,0
2678,aonaxoj3,Ника,Сергеева,1,2022-04-11 17:20:16.600123,bnfxbn@alexanyan.tech18,,6.0,1,0
2679,aonaxoj2,,,1,2022-04-11 17:26:16.363744,bnfxbn@alexanyan.tech17,,,1,0
2680,aonaxoj,Александр,Филатова,0,2022-04-11 18:49:09.990898,bnfxbn@alexanyan.tech16,,,0,0
2681,nso801,Глеб,Леонтьева,1,2022-04-11 19:27:40.033975,nso-801@yandex.ru,,,1,0
2682,obobnidsen,,,1,2022-04-12 09:09:34.545301,ob.bsdbmb@yandex.ru,,,1,0
2683,Emaonss,Максим,Бирюкова,1,2022-04-12 09:58:39.627095,Akkbxbo1977@yandex.ru,,1.0,1,0
2684,sLLbxfx,,,1,2022-04-12 10:01:45.222720,dbxfx7638@gmail.com,,,1,5
2685,DkHbeo,Виктория,Антонов,1,2022-04-12 13:42:03.740590,Dksaxsnbxsobm@yandex.ru,,,1,0
2686,ensdsnfb,Дарья,Лосев,1,2022-04-12 14:13:53.382731,somnonss.ensdsnfb@gmail.com,,1.0,1,10
2687,bdab,,,1,2022-04-12 17:46:19.302782,dbfsnnos@lenta.ru,,,1,105
2688,Adoonbcfodnsx1,Александр,Архипов,1,2022-04-13 06:53:04.162855,b.bbcfodnsx@mail.ru,,,1,0
2689,bdffbn,Вероника,Щербаков,1,2022-04-13 08:08:01.206586,bdffbn@list.ru,,,1,0
2690,cbxbcbnbm,,,1,2022-04-13 08:13:29.124511,cbxbcbnbmim95@gmail.com,,,1,0
2691,cbassb,Вероника,Иван ,1,2022-04-13 08:29:38.170890,kbebao102@gmail.com,,,1,0
2692,Ssobmoabx,,,1,2022-04-13 12:19:14.595970,oabx.nsobm14@gmail.com,,8.0,1,15
2693,b001nn,Маргарита,Леонтьев,1,2022-04-13 13:52:23.308589,b.n.n.1992@bk.ru,,,1,5
2694,dodoenon,Илья,Леонтьев,1,2022-04-13 14:25:42.614954,f-kon1234@list.ru,,,2,20
2695,noxj,София,Филимонов,1,2022-04-13 17:08:46.412709,noxj.iscdse@gmail.com,,6.0,1,10
2696,Rbsdoaao,Кирилл,Ермилова,1,2022-04-13 17:24:51.709400,aobxjojoj@gmail.com,,,1,0
2697,bnabd7,Виктор,Макаров,1,2022-04-13 18:37:06.741727,babdonnoson@yandex.ru,,1.0,1,0
2702,ibmod,Василиса,Архипов,1,2022-04-14 07:52:57.565446,ibmod.dn@yandex.ru,,7.0,1,0
2703,kedbebdnbna,Никита,Филатова,1,2022-04-14 07:56:10.111386,anbkbnnsoan@gmail.com,,7.0,1,0
2704,bkoadsen,София,Столяров,0,2022-04-14 08:02:27.310101,koadsen@bk.ru,,7.0,0,0
2705,koadsen,Даниэль,Тимофеева,1,2022-04-14 08:02:31.900909,bkoadsen@gmail.com,,7.0,1,30
2706,Soxaos2711fffsff,,,1,2022-04-14 08:03:53.289791,nsxnos271192@gmail.com,,7.0,1,0
2707,Axaok,Елизавета,Курочкин,1,2022-04-14 08:05:53.380296,nabnbmbm.bxaok@gmail.com,,7.0,1,0
2708,fbdbbdo,Романова,Ермилова,1,2022-04-14 08:17:48.078647,bdoonos.fbdbabxom@gmail.com,,7.0,1,10
2709,abbffbs,Романова,Баранов,1,2022-04-14 08:20:46.091682,abbffbsokbsd@gmail.com,,7.0,1,0
2710,fsnbfbn88,Максим,Греков,1,2022-04-14 08:26:22.474487,fsnbfbn88@mail.ru,,7.0,2,30
2712,nbanbeno,Элина,Андрей,1,2022-04-14 08:40:15.598203,b_enonbm@rambler.ru,,7.0,1,100
2713,Tbnbs,,,1,2022-04-14 09:00:32.356909,fkos.fkoom.1986@mail.ru,,7.0,1,0
2714,bfksn,,,1,2022-04-14 09:17:33.157846,fsxbcscbom@protonmail.com,,7.0,1,0
2715,omaonaxbabn,,,1,2022-04-14 09:22:40.959504,omaonaxbabn@gmail.com,,7.0,1,10
2716,Addb875,Кирилл,Фомин,1,2022-04-14 09:33:55.848758,bddb875@mail.ru,,,1,0
2717,DbxoLbxsbn,Ярослав,Миронова,1,2022-04-14 11:44:04.021519,Lbdiboonn@mail.ru,,7.0,1,20
2718,Axaok99,Татьяна,Антонов,1,2022-04-14 12:03:47.648464,caokb1999@yandex.ru,,7.0,1,0
2719,Fbksnskb,Виктория,Зорина,1,2022-04-14 12:29:31.697593,jbksnskb@yandex.ru,,7.0,1,10
2720,Soxacbc86,Маргарита,Андрей,1,2022-04-14 13:51:20.669194,n.cbcsbo12@gmail.com,,,1,0
2721,noxacbc,,,0,2022-04-14 17:41:26.128131,n.cbcsbo12@gmail.con,,7.0,0,0
2722,MbnnbSsfbxosnb,Максим,Родионов,1,2022-04-14 17:54:24.611694,kbnenb.nbkbxsnb@yandex.ru,,7.0,1,25
2723,FONAKOVALEKSANDR,Даниил,Дементьев,1,2022-04-14 17:56:07.675955,jbn72-86@mail.ru,,7.0,1,20
2724,kbbfb,,,1,2022-04-14 18:18:42.401297,k-b-f-07@yandex.ru,,,1,0
2725,kbnesnsbnoe,Михаил,Богданова,1,2022-04-14 18:23:53.806034,bxannoxoib@gmail.com,,4.0,1,35
2726,AnabnG,,,1,2022-04-14 18:33:38.428090,sdbabna@yandex.ru,,7.0,1,5
2727,Bocx,Филипп,Ефимова,1,2022-04-14 19:05:46.924250,smbn.kbdsnsn@mail.ru,,,1,5
2728,fmf21,,,1,2022-04-14 19:06:57.918552,f_fnbcsn@mail.ru,,6.0,1,50
2729,fbmsf,Илья,Родионов,1,2022-04-14 21:16:59.041445,fbmsf.ioxbm60@gmail.com,,,1,0
2730,fsoaoxbns,,,1,2022-04-15 05:41:43.508742,fsoaoxbns@mail.ru,,,1,0
2731,Nbfsn,,,1,2022-04-15 08:26:41.262194,cbon.nsi@yandex.ru,,,1,90
2733,Lonsf,Фёдор,Ракова,1,2022-04-15 09:48:06.574002,odonb.fxsfnsnsnb@gmail.com,,7.0,2,105
2734,mbnbnb,Вероника,Ермаков,1,2022-04-15 10:40:26.481423,mbnbnb01@gmail.com,,7.0,1,5
2735,osxnnsmd,Дарья,Захарова,1,2022-04-15 11:53:45.674925,osxnnsmd@gmail.com,,,1,25
1723,noxaos4009,Виктория,Ракова,1,2022-02-18 11:06:17.282641,noxaos4009@yandex.ru,,,1,5
2736,abxcsnsnn,Варвара,Ефимов,1,2022-04-15 12:36:59.444246,abxcsnsnn124@yandex.ru,,,1,155
2737,xsfsaox,,,1,2022-04-15 12:57:34.602750,dsfdsa_xsfsaox@mail.ru,,,1,0
2738,FsasxsbFbnabnsb,Святослав,Мальцева,1,2022-04-15 13:55:56.584517,bnnbdokbnjsseo@gmail.com,,,1,0
2739,SsSFCTV,Максим,Агафонов,1,2022-04-15 15:17:51.713435,SsSFCTV@yandex.ru,,,1,0
2740,aona145,Смирнов,Мартынов,1,2022-04-15 17:23:07.431155,bnfxbn@alexanyan.tech15,,7.0,1,0
2741,aona14,,,1,2022-04-15 17:48:39.065605,bnfxbn@alexanyan.tech10,,,1,0
2742,aona13,Илья,Семенов,1,2022-04-15 18:01:04.526967,bnfxbn@alexanyan.tech9,,,1,10
2745,aona11,,,0,2022-04-15 18:18:28.151013,bnfxbn@alexanyan.tech7,,,0,0
2746,aona10,Филипп,Сергеева,0,2022-04-15 18:32:43.391694,bnfxbn@alexanyan.tech6,,7.0,0,0
2747,aona9,Никита,Климов,1,2022-04-16 07:40:14.493988,bnfxbn@alexanyan.tech5,,,1,0
2748,aona8,Даниил,Родионов,1,2022-04-16 07:57:57.632573,bnfxbn@alexanyan.tech4,,7.0,1,0
2749,aona7,,,1,2022-04-16 08:43:05.519586,bnfxbn@alexanyan.tech3,,,1,0
2750,aona6,Андрей,Горелов,1,2022-04-16 13:10:03.305173,bnfxbn@alexanyan.tech1,,,1,0
2752,aonaebkibns,Мария,Антонов,0,2022-04-16 14:12:18.314145,aonaebkibns@test.com,,,0,0
2754,aona228,,,0,2022-04-16 14:23:17.712057,aona@test.testf,2742.0,,0,0
2755,mbnsbn,Михаил,Воронцова,0,2022-04-16 15:49:53.045464,aona@test.test,,,0,0
2756,aonaso,,,0,2022-04-16 17:19:22.241827,bdoxan22@apteka-c.ru,,,0,0
2757,njaona3,Филипп,Фролова,1,2022-04-16 17:50:00.337065,bdoxan@apteka-c.ru,,7.0,1,0
2758,njaona1,Варвара,Макаров,0,2022-04-16 20:59:48.750329,bdoxan2@apteka-c.ru,,7.0,0,0
2759,njaona,,,1,2022-04-17 07:23:04.937999,bdoxan1@apteka-c.ru,,,1,0
2760,odsfob,Даниэль,Андрей,1,2022-04-17 08:25:19.941415,xsfbmboa20@oiate.ru,,4.0,2,25
2761,aonabmss,Варвара,Ермилова,1,2022-04-17 08:44:21.179809,bnfxbn@alexanyan.tech11,,,1,5
2762,jfnafnafna,Варвара,Маслова,0,2022-04-17 09:07:08.641510,sncbf@fsdsdsdsdsdjeshi.moe,,,0,0
2763,jafafja,Егор,Жукова,0,2022-04-17 09:34:08.348976,sncafjfjaajja@gdf.dgf,,,0,0
2764,Jonnsnaj,Аделина,Семенов,0,2022-04-17 10:28:23.573326,sncbf@jesfdssssssss.fsd,,,0,0
2765,Jonnsnj,Василиса,Захарова,0,2022-04-17 12:15:17.613611,njf@fdsgsdg.gsd,,,0,0
2766,Jonnsfbnjb,Фёдор,Смирнова,0,2022-04-17 12:16:13.100845,jbnjnbjbnj@fsdfdfs.fds,,,0,0
2767,Jonnsjfnj,,,0,2022-04-17 12:49:48.750351,jfnafnaf@dsgsdgsdg.dgs,,,0,0
2768,Jonnsj,Егор,Родионов,0,2022-04-17 13:12:14.992139,sncbf@jeshi.moedsfdsfds,,,0,0
2788,@,Дарья,Константинов,1,2022-04-18 15:16:32.096937,nsosaonf@gmail.com,2733.0,,1,0
2789,@111,Варвара,Архипов,1,2022-04-18 15:22:04.484807,nsosaobnf@gmail.com,2733.0,,1,0
2790,aona999,,,1,2022-04-18 15:24:17.156966,nsosaobbnf@gmail.com,2733.0,,1,0
2791,aona123,Аделина,Иванов,1,2022-04-18 16:40:00.931663,nbkokbsd@mail.com,,,1,0
2792,aonaokbsd,,,1,2022-04-18 17:27:30.552952,nsosaobbb1nf@gmail.com,,,1,0
2794,nsos2,Варвара,Васильев,1,2022-04-18 18:28:04.452512,nsos@gmail.com,,,1,0
2795,bfbnf,,,0,2022-04-18 18:54:11.041882,nbko@mail.ru,,,0,0
2796,nsos,Василиса,Медведева,1,2022-04-18 19:30:16.884712,nso@gmail.com,,7.0,1,0
2797,nod_snox,Ульяна,Жукова,1,2022-04-18 21:10:56.194207,nod_snox@email.com,,,1,0
2798,bdmbn_nbdodd,Андрей,Ракова,0,2022-04-19 06:08:18.939799,fabxins@example.net,,,0,0
2799,bdoffbnfox_kbxon,Демид,Беляев,1,2022-04-19 09:27:20.870149,kbxsbnb.noxkbn@example.com,,,1,0
2800,naxosenndbxsnnb,Вероника,Захаров,0,2022-04-19 10:47:58.608317,obxds33@example.net,,,0,0
2801,bdoden,Илья,Леонова,1,2022-04-19 11:02:16.602872,kedbsandsn.dsnnsjxof@example.net,,,1,0
2802,adobnbn_onb,Степан,Исаева,0,2022-04-19 14:27:44.547156,nbabnnb.ebnnodds@example.com,,1.0,0,0
2803,oskcoxds02,Валерия,Старостин,1,2022-04-19 16:15:16.047713,mbn.bkbxb@example.com,,,1,0
2804,fcbnnsxsbn,Валерия,Греков,0,2022-04-19 16:22:13.632214,nsosab.b'obn@example.org,,,0,0
2805,aoxxodd12,Виктория,Горшков,1,2022-04-19 16:25:28.567427,kbxesb46@example.net,,,1,0
2806,ibnjsbdo21,,,1,2022-04-19 17:34:01.949562,jksaenodd@example.org,,7.0,1,0
2807,asoxxb12,Демид,Афанасьев,0,2022-04-20 03:28:36.905474,bnsb.axskon@example.org,,,0,0
2808,obaodsnAobnbiodnos,Варвара,Горячева,0,2022-04-20 06:33:45.421814,dsbna@example.org,,,0,0
2809,nbdofbfRbkb,Марк,Агафонов,0,2022-04-20 06:35:22.470444,xdbcbfso@example.net,,,0,0
2810,aosenkbnn,Михаил,Тимофеева,0,2022-04-20 08:52:42.474688,ksaenod.cdbeo@example.net,,,0,0
2811,soonndox,София,Булатов,0,2022-04-20 10:06:02.505335,jsno.nsenbdbsn@example.org,,,0,0
2812,osxdsn2nbnasbab,Даниил,Семенова,1,2022-04-20 17:52:18.892239,jsfbn.dobnnbn@example.org,,7.0,1,0
2813,coxanb24,Демид,Ермаков,0,2022-04-20 18:39:47.208602,fnksan@example.com,,,0,0
2814,aoxnbxf50,Варвара,Демина,1,2022-04-20 20:37:17.440384,bdsoaaaon@example.net,,,1,0
2815,xxbabnn,Анна,Столяров,0,2022-04-20 20:42:15.647099,bsfxb.fsxabn@example.com,,,0,0
1798,Snsnnn,Даниил,Щербаков,1,2022-02-20 16:46:10.381306,osaonocbxnbanoss@gmail.com,,,1,0
1949,Jbfon,Дмитрий,Леонтьева,1,2022-02-25 11:50:54.237954,osddkbnn@yandex.ru,,,1,0
1979,Anscxs,,,1,2022-02-25 19:36:12.832460,bns-cxs@ya.ru,,,1,0
1985,Odkof,Валентина,Ермилова,0,2022-02-25 21:43:24.095519,bcsfjnbmb@yandex.ru,,,0,0
1986,nnskbm,Яна,Антонов,1,2022-02-25 22:26:43.900570,fksaxs.nnskbjj@gmail.com,,,1,0
2061,TonaTona,Филипп,Родионов,1,2022-02-28 09:39:07.629155,bdof_ksddox_nibk@mail.ru,,,1,0
2098,bdoonomnbds2000,Константин,Агафонов,1,2022-03-01 23:36:16.696457,dskbn.soddbd.dsfb@gmail.com,,,1,0
2249,OFnasf,Варвара,Столяров,1,2022-03-13 17:08:14.923697,sb.fosn1337@mail.ru,,,1,215
2358,nbaaoo,,,1,2022-03-18 16:09:30.734244,ko.nbaaoo@gmail.com,,,1,0
2361,Txbdbab,Татьяна,Дьяконова,1,2022-03-18 19:00:23.430240,0309fbxssb@gmail.com,,,1,0
2398,obksdd,Елизавета,Захаров,1,2022-03-20 17:51:40.275681,obksdd0001@mail.ru,,,1,0
2433,nbnnb538,Даниэль,Греков,1,2022-03-21 21:57:01.110722,bdoonbnfxaxoascbm706@gmail.com,,,1,0
2434,SdsWbaox,Никита,Макаров,1,2022-03-21 22:07:34.476816,osdsobmnossm@mail.ru,,,1,0
2483,Lomsbanbn,,,1,2022-03-26 08:44:28.476490,dobdm@mail.ru,,1.0,1,15
2782,Jonns2,Даниэль,Горшков,0,2022-04-18 12:41:41.745737,sncbf@jeshi.moe13232121,,,0,0
2578,xofibdoxjsd,,,1,2022-04-01 18:20:12.886534,xofibdoxjsdn@gmail.com,,,1,0
2579,Odab83,Дмитрий,Сергеева,1,2022-04-02 04:19:07.204408,dbxsenombbdab@rambler.ru,,,1,0
2580,bdooncbxbnbm,Маргарита,Соловьев,1,2022-04-02 09:27:29.104223,bdoonbnfx.cbxbnbm@akbars.ru,,,1,150
2581,axbfbDmoxos,Ульяна,Агафонов,1,2022-04-02 11:21:57.530268,nbnnb.c997@gmail.com,,,1,210
2624,Sjf6,Ярослав,Захарова,1,2022-04-05 19:14:02.703786,obaox167761@gmail.com,2611.0,,1,0
2701,amonfbdsn,Дарья,Беликов,1,2022-04-14 07:52:26.722936,Gmonfbdsn1@yandex.ru,,7.0,1,70
2732,ioaxsnb16,,,1,2022-04-15 09:14:07.837116,ioaxsonb16@gmail.com,,,1,415
4,LsooSioesbdK,София,Ермаков,1,2021-04-06 12:50:57.000000,1583253@gmail.com,,,1,0
1418,dsbob,Даниил,Гончарова,1,2022-02-13 07:21:15.557948,dsbobenob@mail.ru,,,1,0
1706,Domsd,Константин,Хохлова,1,2022-02-18 05:21:31.631400,abd-mbmb@ya.ru,,,1,10
2574,odbfonn,Яна,Сухарева,1,2022-04-01 12:31:14.559731,nbjsbjds@mail.ru,,4.0,1,0
2660,cookboo,Артём,Хохлова,1,2022-04-08 21:01:54.011350,cookboo@gmail.com,,,1,25
2816,dbkbxdsaasna,,,1,2022-04-21 10:58:08.609494,fdsnbfo@example.org,,4.0,1,0
2817,jbesnab_ooojo,,,0,2022-04-21 12:20:00.000202,enbfxseo71@example.net,,,0,0
