id,entry_at,page_id,user_id
1,2021-04-13 08:31:45.000000,4,1
2,2021-04-11 16:04:20.000000,5,8
3,2021-04-24 07:29:36.000000,9,4
4,2021-04-26 20:36:03.000000,2,13
5,2021-04-27 16:20:12.000000,5,14
6,2021-04-05 12:29:11.000000,10,20
7,2021-04-04 16:32:55.000000,8,11
8,2021-04-28 05:55:47.000000,7,12
9,2021-04-14 09:51:30.000000,10,18
10,2021-04-05 12:05:20.000000,7,6
11,2021-03-29 13:49:41.000000,2,19
12,2021-04-01 15:07:23.000000,5,14
13,2021-04-06 11:53:36.000000,10,19
14,2021-04-24 09:36:03.000000,4,19
15,2021-04-14 04:58:39.000000,4,14
16,2021-04-23 06:04:56.000000,7,9
17,2021-04-24 01:23:11.000000,6,10
18,2021-04-02 17:05:32.000000,2,12
19,2021-04-03 06:59:03.000000,4,9
20,2021-04-21 02:04:50.000000,5,16
21,2021-04-14 10:19:53.000000,7,6
22,2021-03-29 02:54:14.000000,1,15
23,2021-04-22 18:10:19.000000,4,1
24,2021-03-31 01:14:22.000000,8,9
25,2021-04-21 01:31:57.000000,9,17
26,2021-04-02 17:13:17.000000,10,9
27,2021-04-06 21:52:58.000000,7,12
28,2021-04-11 17:04:23.000000,3,6
29,2021-04-25 17:03:18.000000,3,20
30,2021-04-09 21:46:10.000000,6,19
31,2021-04-01 01:48:33.000000,4,2
32,2021-04-04 17:27:05.000000,2,4
33,2021-04-12 06:13:15.000000,4,15
34,2021-04-09 17:09:45.000000,5,15
35,2021-04-09 16:09:47.000000,4,12
36,2021-04-04 03:39:35.000000,4,1
37,2021-04-02 13:29:55.000000,9,13
38,2021-04-20 15:18:27.000000,4,17
39,2021-04-27 04:02:20.000000,5,18
40,2021-08-04 13:30:18.064557,4,50
41,2021-08-13 14:15:30.537882,4,43
42,2021-08-18 10:10:07.019920,4,50
43,2021-09-01 17:13:06.282606,4,50
44,2021-09-01 21:37:23.057269,4,43
45,2021-09-01 21:53:56.946143,4,55
46,2021-09-02 09:39:01.045137,4,55
47,2021-09-03 18:38:45.641940,4,55
48,2021-09-03 09:09:16.054219,4,50
49,2021-09-06 11:38:58.880671,4,55
50,2021-09-07 10:35:15.820980,4,50
51,2021-09-07 16:13:34.638438,4,55
52,2021-09-09 18:31:55.813972,4,43
53,2021-09-09 14:03:32.228135,4,50
54,2021-09-12 13:28:08.309929,4,43
55,2021-09-13 10:27:51.344381,4,50
56,2021-09-13 13:10:48.883341,4,43
57,2021-09-14 16:52:22.692649,4,43
58,2021-09-15 13:41:46.756083,4,43
59,2021-09-15 16:46:47.031480,4,50
60,2021-09-16 15:29:16.739096,4,43
61,2021-09-17 11:12:29.779236,4,43
62,2021-09-17 13:33:13.899430,4,50
63,2021-09-18 15:16:56.347679,4,43
64,2021-09-19 23:48:38.058727,4,43
65,2021-09-20 11:13:07.798266,4,43
66,2021-09-20 13:18:11.064651,4,50
67,2021-09-20 19:51:46.173703,4,63
68,2021-09-21 21:05:18.017588,4,63
69,2021-09-21 15:45:19.311653,4,43
70,2021-09-22 20:07:25.976173,4,63
71,2021-09-22 11:09:11.851389,4,43
72,2021-09-22 14:32:35.597223,4,50
73,2021-09-23 16:12:58.865141,4,43
74,2021-09-23 16:19:30.529841,4,63
75,2021-09-23 11:58:08.344639,4,50
76,2021-09-24 13:08:29.076461,4,63
77,2021-09-25 16:48:59.293376,4,63
78,2021-09-27 09:03:13.054706,4,63
79,2021-09-28 10:07:44.374110,4,63
80,2021-09-29 10:03:15.511755,4,63
81,2021-09-29 09:24:54.945414,4,43
82,2021-09-30 19:02:22.445627,4,63
83,2021-09-30 19:40:13.812487,4,43
84,2021-10-01 13:03:44.164786,4,43
85,2021-10-04 10:32:54.542361,4,63
86,2021-10-05 15:42:29.330061,4,63
87,2021-10-06 16:13:50.032674,4,63
88,2021-10-07 14:37:46.446944,4,63
89,2021-10-08 15:05:42.419672,4,50
90,2021-10-08 16:02:01.869166,4,63
91,2021-10-12 15:31:10.347156,4,63
92,2021-10-13 15:02:50.055649,4,63
93,2021-10-14 16:30:21.378150,4,63
94,2021-10-14 13:31:15.710232,4,50
95,2021-10-15 15:33:53.322510,4,63
96,2021-10-18 05:00:57.441311,4,43
97,2021-10-19 15:11:04.001724,4,63
98,2021-10-19 11:58:34.231834,4,43
99,2021-10-20 04:11:58.673938,4,43
100,2021-10-20 16:33:15.682531,4,63
101,2021-10-21 13:48:07.877363,4,63
102,2021-10-25 06:27:55.099343,4,43
103,2021-10-28 10:57:35.818150,4,63
104,2021-10-29 15:01:16.902049,4,43
105,2021-10-30 12:38:11.494844,4,43
106,2021-10-31 12:48:00.394249,4,43
107,2021-11-01 13:18:27.577437,4,63
108,2021-11-02 22:33:29.082261,4,43
109,2021-11-03 23:42:36.680871,4,43
110,2021-11-03 18:04:16.319104,4,63
111,2021-11-03 18:03:50.249088,4,72
112,2021-11-04 01:54:44.793780,4,43
113,2021-11-05 20:10:48.238773,4,43
114,2021-11-05 19:58:43.331506,4,63
115,2021-11-05 19:47:50.361122,4,72
116,2021-11-06 07:53:09.243321,4,63
117,2021-11-07 18:53:08.289912,4,43
118,2021-11-07 17:54:17.737183,4,63
119,2021-11-07 14:44:45.261524,4,50
120,2021-11-07 17:00:10.322609,4,72
121,2021-11-08 18:41:01.373786,4,63
122,2021-11-08 18:41:46.795328,4,50
123,2021-11-08 18:15:40.416910,4,73
124,2021-11-08 15:40:59.715986,4,43
125,2021-11-09 23:45:39.088656,4,43
126,2021-11-09 17:35:44.901320,4,63
127,2021-11-09 14:12:32.162428,4,73
128,2021-11-09 19:13:09.404418,4,50
129,2021-11-09 14:25:09.220185,4,74
130,2021-11-09 14:27:01.299258,4,76
131,2021-11-10 20:33:07.709729,4,63
132,2021-11-10 14:58:28.639116,4,43
133,2021-11-11 14:53:27.703631,4,50
134,2021-11-11 16:21:51.439501,4,63
135,2021-11-12 18:17:58.300547,4,63
136,2021-11-12 19:22:53.261850,4,43
137,2021-11-13 09:59:54.530858,4,63
138,2021-11-14 17:16:03.461608,4,63
139,2021-11-14 17:42:26.394252,4,43
140,2021-11-15 16:25:56.088876,4,63
141,2021-11-15 14:06:41.181477,4,50
142,2021-11-15 21:45:38.884179,4,73
143,2021-11-15 13:41:00.248175,4,43
144,2021-11-16 15:20:31.831271,4,63
145,2021-11-16 12:35:33.163556,4,85
146,2021-11-16 16:05:42.738975,4,50
147,2021-11-16 17:57:56.835778,4,43
148,2021-11-16 15:49:51.124711,4,73
149,2021-11-17 15:00:47.602431,4,50
150,2021-11-17 11:30:10.360987,4,43
151,2021-11-17 12:57:42.604029,4,85
152,2021-11-17 14:09:34.387517,4,63
153,2021-11-17 16:45:32.457655,4,73
154,2021-11-18 17:36:38.606752,4,63
155,2021-11-18 08:55:23.948773,4,73
156,2021-11-18 19:24:30.472193,4,43
157,2021-11-19 22:10:51.428985,4,63
158,2021-11-19 21:45:50.512472,4,73
159,2021-11-19 22:54:19.172111,4,90
160,2021-11-19 17:44:57.546338,4,89
161,2021-11-19 23:59:07.912193,4,43
162,2021-11-19 21:37:29.030680,4,50
163,2021-11-19 20:25:37.900637,4,91
164,2021-11-19 19:53:54.298666,4,92
165,2021-11-19 22:08:21.673844,4,93
166,2021-11-20 13:51:38.786842,4,43
167,2021-11-20 21:10:22.273170,4,63
168,2021-11-20 13:48:28.522991,4,73
169,2021-11-20 10:12:36.962526,4,94
170,2021-11-20 10:15:12.261156,4,95
171,2021-11-20 10:22:00.110933,4,96
172,2021-11-20 10:25:57.321532,4,97
173,2021-11-20 15:44:35.660456,4,98
174,2021-11-20 11:23:00.798268,4,99
175,2021-11-20 10:47:25.375489,4,100
176,2021-11-20 23:13:21.944362,4,101
177,2021-11-20 23:32:43.710294,4,102
178,2021-11-20 11:20:22.122128,4,103
179,2021-11-20 20:57:15.928448,4,104
180,2021-11-20 11:45:40.983443,4,106
181,2021-11-20 22:11:39.122464,4,105
182,2021-11-20 12:04:22.879694,4,107
183,2021-11-20 17:16:18.705680,4,108
184,2021-11-20 12:31:50.446073,4,109
185,2021-11-20 13:51:13.713511,4,90
186,2021-11-20 14:51:11.145328,4,50
187,2021-11-20 13:58:40.312230,4,111
188,2021-11-20 14:03:16.693641,4,113
189,2021-11-20 14:12:28.929307,4,114
190,2021-11-20 14:36:10.541944,4,115
191,2021-11-20 16:02:04.408431,4,116
192,2021-11-20 15:04:43.608926,4,117
193,2021-11-20 15:17:05.926884,4,118
194,2021-11-20 17:33:13.937833,4,119
195,2021-11-20 17:35:41.862614,4,120
196,2021-11-20 18:02:00.702123,4,121
197,2021-11-20 19:33:23.107157,4,123
198,2021-11-20 19:50:59.430206,4,124
199,2021-11-20 22:26:14.105353,4,125
200,2021-11-20 19:58:03.861551,4,126
201,2021-11-20 20:41:29.124202,4,127
202,2021-11-21 06:55:38.706829,4,128
203,2021-11-21 06:58:14.652430,4,117
204,2021-11-21 08:15:16.346358,4,125
205,2021-11-21 08:17:35.715518,4,124
206,2021-11-21 15:09:25.308699,4,122
207,2021-11-21 18:12:03.366849,4,98
208,2021-11-21 11:06:46.359555,4,130
209,2021-11-21 11:37:25.962615,4,102
210,2021-11-21 11:46:18.559147,4,131
211,2021-11-21 15:17:42.293030,4,110
212,2021-11-21 12:44:50.619126,4,132
213,2021-11-21 19:42:51.258037,4,133
214,2021-11-21 13:28:53.540149,4,134
215,2021-11-21 14:13:42.887162,4,135
216,2021-11-21 14:47:18.170574,4,136
217,2021-11-21 14:59:14.359649,4,137
218,2021-11-21 15:30:41.992765,4,63
219,2021-11-21 15:29:03.951009,4,138
220,2021-11-21 15:42:26.414457,4,139
221,2021-11-21 15:42:27.825194,4,113
222,2021-11-21 17:00:47.570372,4,140
223,2021-11-21 17:01:40.148361,4,141
224,2021-11-21 18:58:14.880699,4,123
225,2021-11-21 18:34:08.360504,4,50
226,2021-11-21 21:03:47.263746,4,142
227,2021-11-22 16:02:51.308761,4,139
228,2021-11-22 17:02:31.357632,4,63
229,2021-11-22 09:18:03.411665,4,140
230,2021-11-22 14:02:22.879667,4,143
231,2021-11-22 07:35:40.144139,4,144
232,2021-11-22 09:13:32.256988,4,114
233,2021-11-22 10:41:56.412395,4,98
234,2021-11-22 13:54:14.018168,4,145
235,2021-11-22 09:45:13.779050,4,146
236,2021-11-22 10:51:14.941737,4,147
237,2021-11-22 11:03:34.509481,4,148
238,2021-11-22 12:19:10.772423,4,149
239,2021-11-22 13:48:49.952520,4,150
240,2021-11-22 15:30:55.383067,4,151
241,2021-11-22 15:51:14.673494,4,152
242,2021-11-22 16:31:03.813572,4,155
243,2021-11-22 18:00:42.852778,4,124
244,2021-11-22 18:08:58.232578,4,127
245,2021-11-22 18:30:16.520522,4,102
246,2021-11-22 20:59:20.202657,4,158
247,2021-11-22 22:04:15.835300,4,97
248,2021-11-23 20:27:29.834726,4,159
249,2021-11-23 02:43:18.237387,4,160
250,2021-11-23 12:54:10.583691,4,162
251,2021-11-23 17:45:53.660031,4,161
252,2021-11-23 04:10:24.489194,4,163
253,2021-11-23 06:20:25.176918,4,164
254,2021-11-23 21:20:27.054290,4,165
255,2021-11-23 07:43:48.945456,4,166
256,2021-11-23 12:28:34.905319,4,97
257,2021-11-23 08:08:16.237202,4,167
258,2021-11-23 08:14:16.169880,4,168
259,2021-11-23 08:21:40.602843,4,141
260,2021-11-23 18:45:44.398396,4,63
261,2021-11-23 08:37:26.800279,4,169
262,2021-11-23 16:52:33.022719,4,82
263,2021-11-23 15:13:43.387284,4,157
264,2021-11-23 11:55:41.955153,4,150
265,2021-11-23 15:37:16.232497,4,170
266,2021-11-23 18:39:16.929353,4,171
267,2021-11-23 09:46:32.125302,4,172
268,2021-11-23 10:27:48.865005,4,105
269,2021-11-23 13:52:55.061861,4,173
270,2021-11-23 19:01:54.631212,4,158
271,2021-11-23 11:12:59.661615,4,174
272,2021-11-23 11:30:21.699630,4,117
273,2021-11-23 11:30:41.591125,4,146
274,2021-11-23 11:47:45.380078,4,175
275,2021-11-23 14:19:17.994521,4,176
276,2021-11-23 12:20:22.752730,4,177
277,2021-11-23 18:24:26.307442,4,179
278,2021-11-23 12:23:07.823305,4,178
279,2021-11-23 12:26:22.209621,4,180
280,2021-11-23 12:57:47.671773,4,181
281,2021-11-23 12:30:34.067051,4,182
282,2021-11-23 12:32:13.697605,4,184
283,2021-11-23 12:50:30.592119,4,100
284,2021-11-23 22:09:42.432729,4,185
285,2021-11-23 12:42:20.996058,4,186
286,2021-11-23 12:44:10.898577,4,187
287,2021-11-23 12:46:31.576484,4,189
288,2021-11-23 20:02:03.698530,4,190
289,2021-11-23 20:37:38.433498,4,98
290,2021-11-23 13:39:52.010020,4,183
291,2021-11-23 18:46:16.046064,4,191
292,2021-11-23 13:56:31.734748,4,193
293,2021-11-23 17:32:45.117080,4,50
294,2021-11-23 13:35:57.804360,4,192
295,2021-11-23 15:04:44.269073,4,195
296,2021-11-23 13:44:31.945589,4,197
297,2021-11-23 14:00:23.177600,4,198
298,2021-11-23 17:31:30.961632,4,73
299,2021-11-23 15:11:41.344348,4,199
300,2021-11-23 15:11:43.468504,4,74
301,2021-11-23 15:42:18.187877,4,200
302,2021-11-23 15:36:06.963171,4,194
303,2021-11-23 15:36:25.732525,4,201
304,2021-11-23 16:01:48.783392,4,124
305,2021-11-23 16:30:36.237505,4,121
306,2021-11-23 21:21:53.000936,4,203
307,2021-11-23 18:42:15.502037,4,43
308,2021-11-23 18:50:08.829969,4,205
309,2021-11-23 18:53:58.653944,4,206
310,2021-11-23 19:01:43.876867,4,207
311,2021-11-23 21:15:22.794097,4,209
312,2021-11-23 21:27:49.191523,4,210
313,2021-11-23 22:28:36.167142,4,188
314,2021-11-24 05:29:03.497986,4,105
315,2021-11-24 12:22:39.089970,4,170
316,2021-11-24 09:53:19.165727,4,211
317,2021-11-24 05:48:13.076501,4,212
318,2021-11-24 15:39:10.531257,4,162
319,2021-11-24 16:20:29.197394,4,165
320,2021-11-24 06:13:47.286922,4,181
321,2021-11-24 09:25:05.621538,4,139
322,2021-11-24 06:10:18.351662,4,213
323,2021-11-24 06:22:46.192626,4,195
324,2021-11-24 07:20:10.928327,4,186
325,2021-11-24 07:35:00.432226,4,177
326,2021-11-24 15:05:04.932108,4,176
327,2021-11-24 21:44:48.675191,4,63
328,2021-11-24 08:38:46.763976,4,180
329,2021-11-24 09:02:20.593208,4,104
330,2021-11-24 10:28:41.234307,4,182
331,2021-11-24 10:42:58.038595,4,214
332,2021-11-24 10:50:27.504979,4,117
333,2021-11-24 11:08:47.018063,4,97
334,2021-11-24 14:55:17.947161,4,206
335,2021-11-24 12:24:38.985723,4,215
336,2021-11-24 13:43:53.640924,4,190
337,2021-11-24 16:02:53.067493,4,173
338,2021-11-24 14:53:38.009862,4,203
339,2021-11-24 15:32:01.015560,4,50
340,2021-11-24 15:35:24.446245,4,216
341,2021-11-24 16:50:55.795785,4,43
342,2021-11-24 16:30:27.299772,4,158
343,2021-11-24 16:06:41.238940,4,217
344,2021-11-24 16:32:43.089000,4,171
345,2021-11-24 17:12:43.632352,4,218
346,2021-11-24 18:37:53.518735,4,219
347,2021-11-24 17:16:30.060085,4,179
348,2021-11-24 18:53:44.131068,4,220
349,2021-11-24 18:08:31.284398,4,221
350,2021-11-24 18:10:18.081064,4,201
351,2021-11-24 22:16:14.506618,4,222
352,2021-11-24 18:31:22.901656,4,223
353,2021-11-24 20:07:49.167567,4,224
354,2021-11-24 19:04:27.973674,4,225
355,2021-11-24 19:06:53.452913,4,159
356,2021-11-24 19:47:59.431637,4,226
357,2021-11-24 22:14:15.571278,4,188
358,2021-11-24 23:52:18.052767,4,227
359,2021-11-25 03:04:04.409401,4,220
360,2021-11-25 13:47:22.847241,4,50
361,2021-11-25 21:25:05.973708,4,190
362,2021-11-25 06:00:42.221967,4,177
363,2021-11-25 06:05:51.552661,4,228
364,2021-11-25 17:13:39.309366,4,223
365,2021-11-25 07:57:30.346325,4,162
366,2021-11-25 11:28:55.860356,4,188
367,2021-11-25 07:08:54.631996,4,229
368,2021-11-25 15:08:26.484163,4,206
369,2021-11-25 07:30:01.625144,4,97
370,2021-11-25 10:58:13.036982,4,165
371,2021-11-25 20:18:52.059599,4,63
372,2021-11-25 08:23:10.060250,4,139
373,2021-11-25 08:41:10.169939,4,230
374,2021-11-25 18:53:15.378611,4,231
375,2021-11-25 11:05:22.503387,4,118
376,2021-11-25 18:33:05.382473,4,43
377,2021-11-25 10:25:35.019051,4,105
378,2021-11-25 14:27:29.750173,4,173
379,2021-11-25 12:48:02.722768,4,217
380,2021-11-25 13:16:58.672367,4,73
381,2021-11-25 12:49:44.988036,4,232
382,2021-11-25 14:54:20.698373,4,233
383,2021-11-25 15:18:54.975895,4,222
384,2021-11-25 16:30:36.461372,4,100
385,2021-11-25 15:46:26.141817,4,184
386,2021-11-25 16:13:11.280512,4,157
387,2021-11-25 16:20:19.027402,4,234
388,2021-11-25 16:26:33.274744,4,235
389,2021-11-25 17:29:54.286662,4,236
390,2021-11-25 20:01:33.232095,4,226
391,2021-11-25 20:20:00.957038,4,159
392,2021-11-25 21:44:29.614722,4,98
393,2021-11-26 02:42:37.937743,4,227
394,2021-11-26 20:04:53.168995,4,190
395,2021-11-26 05:13:56.166336,4,237
396,2021-11-26 12:21:45.770929,4,226
397,2021-11-26 12:16:11.073381,4,50
398,2021-11-26 14:08:13.387200,4,73
399,2021-11-26 08:54:22.382306,4,233
400,2021-11-26 07:40:57.391153,4,212
401,2021-11-26 08:21:05.202285,4,97
402,2021-11-26 08:59:39.254066,4,177
403,2021-11-26 13:25:00.991586,4,63
404,2021-11-26 10:25:05.778151,4,82
405,2021-11-26 12:46:02.647259,4,238
406,2021-11-26 12:06:59.053393,4,239
407,2021-11-26 12:12:32.765059,4,241
408,2021-11-26 12:11:54.757949,4,240
409,2021-11-26 12:21:58.113078,4,242
410,2021-11-26 14:11:15.463456,4,98
411,2021-11-26 13:27:35.952274,4,243
412,2021-11-26 23:45:14.195498,4,43
413,2021-11-26 18:43:48.031542,4,244
414,2021-11-26 15:20:23.257391,4,194
415,2021-11-26 15:40:05.815972,4,211
416,2021-11-26 16:12:59.385429,4,245
417,2021-11-26 16:41:30.644286,4,229
418,2021-11-26 16:51:57.466463,4,246
419,2021-11-26 19:11:15.875757,4,158
420,2021-11-26 19:27:07.152355,4,195
421,2021-11-26 19:26:57.189295,4,146
422,2021-11-26 19:32:27.731460,4,224
423,2021-11-26 21:28:35.986681,4,101
424,2021-11-26 21:49:41.668212,4,247
425,2021-11-26 22:29:42.302220,4,221
426,2021-11-26 23:32:31.772278,4,90
427,2021-11-27 12:08:24.522752,4,63
428,2021-11-27 18:40:11.995391,4,244
429,2021-11-27 05:52:07.398235,4,248
430,2021-11-27 21:17:51.515735,4,190
431,2021-11-27 06:01:31.720321,4,195
432,2021-11-27 10:06:43.240524,4,224
433,2021-11-27 07:16:35.333840,4,249
434,2021-11-27 07:16:41.563605,4,250
435,2021-11-27 07:57:39.065438,4,251
436,2021-11-27 08:55:12.846512,4,218
437,2021-11-27 15:17:48.166763,4,221
438,2021-11-27 09:18:41.685836,4,206
439,2021-11-27 10:59:13.634334,4,252
440,2021-11-27 11:25:46.683918,4,228
441,2021-11-27 15:47:48.690432,4,159
442,2021-11-27 13:45:37.222147,4,149
443,2021-11-27 16:54:36.153893,4,253
444,2021-11-27 15:54:10.992036,4,105
445,2021-11-27 21:18:59.717951,4,186
446,2021-11-27 22:50:45.913937,4,140
447,2021-11-27 22:38:06.177242,4,138
448,2021-11-27 17:57:31.675130,4,246
449,2021-11-27 20:03:12.950677,4,255
450,2021-11-27 20:43:46.790556,4,98
451,2021-11-27 21:20:38.914963,4,158
452,2021-11-27 22:54:12.291755,4,257
453,2021-11-28 04:23:32.755100,4,228
454,2021-11-28 06:42:53.155926,4,190
455,2021-11-28 18:04:46.432403,4,258
456,2021-11-28 07:47:06.434073,4,224
457,2021-11-28 21:04:59.901066,4,173
458,2021-11-28 21:44:34.537088,4,186
459,2021-11-28 09:40:20.898492,4,259
460,2021-11-28 10:21:58.650778,4,108
461,2021-11-28 20:27:19.583633,4,244
462,2021-11-28 18:23:03.384605,4,257
463,2021-11-28 18:22:55.814603,4,140
464,2021-11-28 10:53:31.910619,4,256
465,2021-11-28 11:14:31.999421,4,98
466,2021-11-28 12:16:05.738610,4,218
467,2021-11-28 12:54:34.620587,4,137
468,2021-11-28 18:28:31.972463,4,220
469,2021-11-28 15:34:51.013565,4,43
470,2021-11-28 17:20:37.078638,4,195
471,2021-11-28 17:43:22.661421,4,262
472,2021-11-28 18:45:48.378235,4,263
473,2021-11-28 18:04:40.109038,4,63
474,2021-11-28 18:10:28.358756,4,226
475,2021-11-28 19:05:28.032477,4,193
476,2021-11-28 19:56:48.176886,4,264
477,2021-11-29 01:04:31.626268,4,105
478,2021-11-29 04:46:34.282409,4,195
479,2021-11-29 15:40:31.549438,4,253
480,2021-11-29 19:37:26.010092,4,244
481,2021-11-29 09:34:28.793090,4,243
482,2021-11-29 18:26:44.387376,4,226
483,2021-11-29 17:46:12.398826,4,265
484,2021-11-29 15:07:33.982532,4,73
485,2021-11-29 19:44:07.679685,4,63
486,2021-11-29 12:21:12.782251,4,100
487,2021-11-29 08:33:10.399806,4,266
488,2021-11-29 08:41:52.399685,4,242
489,2021-11-29 08:47:00.686453,4,267
490,2021-11-29 09:07:37.358608,4,268
491,2021-11-29 09:32:29.253605,4,176
492,2021-11-29 09:59:46.698251,4,269
493,2021-11-29 09:44:21.270694,4,245
494,2021-11-29 11:09:48.646094,4,255
495,2021-11-29 13:41:32.261346,4,50
496,2021-11-29 14:22:52.080740,4,183
497,2021-11-29 11:37:33.520027,4,270
498,2021-11-29 13:55:32.327738,4,271
499,2021-11-29 12:43:53.149563,4,184
500,2021-11-29 13:01:35.740562,4,272
501,2021-11-29 13:52:18.656720,4,43
502,2021-11-29 13:32:26.762558,4,273
503,2021-11-29 19:40:45.521479,4,193
504,2021-11-29 14:47:13.485390,4,159
505,2021-11-29 19:36:05.553900,4,274
506,2021-11-29 16:30:44.777861,4,190
507,2021-11-29 17:23:56.811443,4,275
508,2021-11-29 19:57:21.928132,4,238
509,2021-11-30 03:47:46.189919,4,276
510,2021-11-30 04:06:44.107919,4,183
511,2021-11-30 19:22:12.356675,4,244
512,2021-11-30 09:04:30.103217,4,162
513,2021-11-30 05:43:25.644222,4,248
514,2021-11-30 06:53:54.104399,4,97
515,2021-11-30 06:29:39.313226,4,229
516,2021-11-30 20:49:26.766672,4,63
517,2021-11-30 18:16:16.752314,4,206
518,2021-11-30 08:46:37.562390,4,271
519,2021-11-30 08:49:30.099504,4,233
520,2021-11-30 13:13:14.846357,4,243
521,2021-11-30 09:31:32.816532,4,230
522,2021-11-30 15:32:11.803372,4,157
523,2021-11-30 12:11:13.264828,4,211
524,2021-11-30 11:29:01.330204,4,277
525,2021-11-30 11:36:14.008602,4,269
526,2021-11-30 13:41:57.386397,4,101
527,2021-11-30 14:10:18.808721,4,190
528,2021-11-30 16:11:36.674520,4,50
529,2021-11-30 15:30:08.559240,4,184
530,2021-11-30 16:52:44.599314,4,159
531,2021-11-30 17:03:30.231274,4,278
532,2021-11-30 20:50:52.735722,4,279
533,2021-11-30 18:51:43.741849,4,280
534,2021-11-30 18:55:57.294217,4,43
535,2021-11-30 18:41:00.031455,4,116
536,2021-11-30 19:12:49.182188,4,73
537,2021-11-30 20:01:57.269090,4,195
538,2021-12-01 00:20:27.531416,4,281
539,2021-12-01 22:05:19.565221,4,276
540,2021-12-01 19:04:43.673219,4,244
541,2021-12-01 12:07:14.210401,4,279
542,2021-12-01 16:46:58.742188,4,63
543,2021-12-01 09:41:12.366107,4,278
544,2021-12-01 08:44:06.953501,4,97
545,2021-12-01 09:01:32.777934,4,171
546,2021-12-01 10:24:15.025991,4,243
547,2021-12-01 10:57:04.084967,4,217
548,2021-12-01 20:21:15.183151,4,50
549,2021-12-01 13:13:08.401390,4,245
550,2021-12-01 18:31:11.778540,4,282
551,2021-12-01 14:15:10.299757,4,271
552,2021-12-01 13:46:58.991535,4,73
553,2021-12-01 16:49:43.064439,4,116
554,2021-12-01 22:08:30.708670,4,105
555,2021-12-01 15:50:14.738774,4,159
556,2021-12-01 15:54:21.131574,4,283
557,2021-12-01 16:04:08.079625,4,43
558,2021-12-01 16:14:55.636544,4,190
559,2021-12-01 16:34:26.076562,4,195
560,2021-12-01 17:39:58.447399,4,206
561,2021-12-01 18:27:09.980689,4,162
562,2021-12-01 18:39:37.215360,4,181
563,2021-12-01 21:19:37.071706,4,275
564,2021-12-01 22:16:11.710436,4,284
565,2021-12-02 03:45:17.306957,4,284
566,2021-12-02 10:44:45.387555,4,162
567,2021-12-02 08:12:21.722681,4,276
568,2021-12-02 12:54:29.490042,4,243
569,2021-12-02 17:03:43.828055,4,279
570,2021-12-02 08:57:44.017234,4,245
571,2021-12-02 07:05:14.650355,4,97
572,2021-12-02 16:07:42.242816,4,244
573,2021-12-02 14:35:49.622409,4,282
574,2021-12-02 10:13:54.781314,4,269
575,2021-12-02 10:45:20.374380,4,278
576,2021-12-02 12:51:16.807403,4,63
577,2021-12-02 11:35:21.308097,4,43
578,2021-12-02 12:40:05.102918,4,285
579,2021-12-02 12:48:36.024444,4,286
580,2021-12-02 12:58:10.023364,4,73
581,2021-12-02 15:03:05.627053,4,157
582,2021-12-02 14:10:14.462867,4,287
583,2021-12-02 13:26:21.601582,4,265
584,2021-12-02 14:56:59.178770,4,159
585,2021-12-02 17:04:47.734942,4,224
586,2021-12-02 19:06:33.039921,4,190
587,2021-12-02 21:47:34.583478,4,186
588,2021-12-02 19:14:13.855203,4,226
589,2021-12-02 17:59:38.774669,4,206
590,2021-12-02 17:59:53.349479,4,288
591,2021-12-02 19:47:58.049998,4,289
592,2021-12-02 21:45:18.556530,4,105
593,2021-12-02 22:48:40.903542,4,290
594,2021-12-03 04:46:04.889941,4,285
595,2021-12-03 05:25:35.438557,4,276
596,2021-12-03 15:37:11.902279,4,279
597,2021-12-03 19:55:54.842414,4,289
598,2021-12-03 05:34:36.059676,4,190
599,2021-12-03 05:42:24.460553,4,291
600,2021-12-03 07:05:01.885081,4,133
601,2021-12-03 12:11:29.681907,4,292
602,2021-12-03 07:30:27.028581,4,229
603,2021-12-03 07:01:14.636630,4,98
604,2021-12-03 08:46:00.741523,4,162
605,2021-12-03 10:23:27.794719,4,287
606,2021-12-03 13:43:40.696581,4,157
607,2021-12-03 09:07:50.768554,4,226
608,2021-12-03 17:02:08.114668,4,97
609,2021-12-03 10:03:20.668882,4,176
610,2021-12-03 10:49:22.091411,4,294
611,2021-12-03 10:38:39.758213,4,295
612,2021-12-03 14:40:33.946512,4,193
613,2021-12-03 12:25:50.313086,4,296
614,2021-12-03 13:07:09.029268,4,73
615,2021-12-03 12:55:44.693816,4,100
616,2021-12-03 21:33:27.398449,4,297
617,2021-12-03 16:33:37.076095,4,244
618,2021-12-03 13:35:42.208563,4,211
619,2021-12-03 13:50:52.951351,4,111
620,2021-12-03 14:25:30.317640,4,298
621,2021-12-03 19:49:22.841130,4,195
622,2021-12-03 17:48:45.758519,4,206
623,2021-12-03 19:06:32.845004,4,300
624,2021-12-03 19:37:22.913682,4,280
625,2021-12-03 20:21:19.620956,4,299
626,2021-12-03 19:50:52.342977,4,158
627,2021-12-03 20:35:23.443275,4,301
628,2021-12-03 21:59:55.915553,4,282
629,2021-12-03 22:16:24.274319,4,186
630,2021-12-04 15:11:13.984167,4,195
631,2021-12-04 06:31:40.493752,4,224
632,2021-12-04 17:31:52.483359,4,279
633,2021-12-04 09:31:57.437871,4,292
634,2021-12-04 14:28:55.389888,4,256
635,2021-12-04 10:33:16.761001,4,276
636,2021-12-04 10:58:52.385773,4,222
637,2021-12-04 12:39:07.331392,4,302
638,2021-12-04 13:48:00.066526,4,299
639,2021-12-04 13:58:47.592117,4,303
640,2021-12-04 14:25:24.047749,4,304
641,2021-12-04 15:27:57.301045,4,126
642,2021-12-04 15:40:06.425204,4,110
643,2021-12-04 17:28:09.565665,4,213
644,2021-12-04 23:17:31.102831,4,105
645,2021-12-04 18:34:25.618608,4,220
646,2021-12-04 18:49:20.409239,4,266
647,2021-12-04 18:58:52.259097,4,133
648,2021-12-04 19:42:56.851991,4,282
649,2021-12-04 21:04:20.853358,4,305
650,2021-12-05 05:26:55.648459,4,220
651,2021-12-05 07:02:31.795564,4,193
652,2021-12-05 19:21:13.848047,4,279
653,2021-12-05 07:50:57.528268,4,292
654,2021-12-05 11:09:50.605182,4,213
655,2021-12-05 19:48:51.194705,4,282
656,2021-12-05 11:06:07.678849,4,232
657,2021-12-05 11:27:22.738897,4,168
658,2021-12-05 12:45:41.833287,4,97
659,2021-12-05 14:22:15.242984,4,271
660,2021-12-05 19:43:25.683598,4,276
661,2021-12-05 13:57:08.187563,4,207
662,2021-12-05 17:29:20.914285,4,289
663,2021-12-05 14:33:50.757719,4,269
664,2021-12-05 14:40:55.383588,4,307
665,2021-12-05 14:56:01.869976,4,63
666,2021-12-05 14:56:29.364428,4,133
667,2021-12-05 16:10:28.321976,4,308
668,2021-12-05 15:56:55.828940,4,170
669,2021-12-05 16:18:22.501410,4,309
670,2021-12-05 17:00:20.434834,4,310
671,2021-12-05 19:18:19.625986,4,291
672,2021-12-05 19:37:27.554887,4,195
673,2021-12-06 09:27:00.345266,4,243
674,2021-12-06 11:53:34.322511,4,279
675,2021-12-06 18:51:31.815706,4,289
676,2021-12-06 17:46:34.098076,4,282
677,2021-12-06 08:41:45.899150,4,97
678,2021-12-06 19:07:37.016424,4,171
679,2021-12-06 08:54:54.697149,4,184
680,2021-12-06 10:33:17.798819,4,125
681,2021-12-06 18:15:04.478694,4,311
682,2021-12-06 20:29:01.925137,4,193
683,2021-12-06 10:55:33.734741,4,312
684,2021-12-06 10:22:45.461601,4,313
685,2021-12-06 19:44:10.992532,4,291
686,2021-12-06 12:53:12.294708,4,314
687,2021-12-06 12:59:18.161823,4,269
688,2021-12-06 14:30:16.846121,4,157
689,2021-12-06 13:23:34.397305,4,162
690,2021-12-06 13:50:25.417485,4,244
691,2021-12-06 14:26:22.068352,4,296
692,2021-12-06 15:51:20.439017,4,105
693,2021-12-06 16:37:34.306453,4,316
694,2021-12-06 18:42:56.825319,4,195
695,2021-12-06 18:30:55.106548,4,159
696,2021-12-06 18:54:19.794086,4,280
697,2021-12-06 19:02:46.196732,4,158
698,2021-12-06 22:21:36.876429,4,317
699,2021-12-06 22:23:01.332882,4,315
700,2021-12-07 16:34:49.041055,4,276
701,2021-12-07 05:26:44.992735,4,279
702,2021-12-07 19:46:20.627066,4,282
703,2021-12-07 07:33:41.182295,4,193
704,2021-12-07 09:33:39.456114,4,183
705,2021-12-07 19:16:03.484995,4,206
706,2021-12-07 08:32:31.446092,4,97
707,2021-12-07 10:51:14.941946,4,297
708,2021-12-07 12:43:40.210079,4,289
709,2021-12-07 12:44:58.026592,4,272
710,2021-12-07 13:46:18.448285,4,273
711,2021-12-07 13:21:58.709002,4,315
712,2021-12-07 13:57:39.731956,4,157
713,2021-12-07 14:02:52.805749,4,186
714,2021-12-07 14:20:38.117284,4,278
715,2021-12-07 14:56:38.774180,4,213
716,2021-12-07 17:47:49.416997,4,249
717,2021-12-07 15:34:50.319237,4,170
718,2021-12-07 15:53:23.727197,4,63
719,2021-12-07 16:30:45.312194,4,271
720,2021-12-07 16:53:13.430090,4,184
721,2021-12-07 19:05:55.564339,4,195
722,2021-12-07 19:09:01.169785,4,292
723,2021-12-07 20:00:18.849172,4,291
724,2021-12-07 20:47:08.846886,4,290
725,2021-12-08 05:14:16.764401,4,318
726,2021-12-08 04:58:41.114734,4,276
727,2021-12-08 15:36:55.722034,4,282
728,2021-12-08 19:22:21.793253,4,300
729,2021-12-08 14:12:49.831041,4,157
730,2021-12-08 20:26:14.374771,4,186
731,2021-12-08 17:23:49.893171,4,265
732,2021-12-08 10:29:50.213031,4,304
733,2021-12-08 14:02:26.491274,4,43
734,2021-12-08 13:20:58.792289,4,269
735,2021-12-08 12:08:46.258465,4,240
736,2021-12-08 19:48:36.993743,4,231
737,2021-12-08 14:46:59.852996,4,311
738,2021-12-08 14:20:04.222741,4,105
739,2021-12-08 15:16:33.884242,4,275
740,2021-12-08 15:42:33.984007,4,319
741,2021-12-08 15:19:57.573643,4,291
742,2021-12-08 15:56:56.052168,4,170
743,2021-12-08 17:58:25.976623,4,320
744,2021-12-08 18:01:02.830957,4,314
745,2021-12-08 18:15:32.146078,4,195
746,2021-12-08 20:44:45.615869,4,97
747,2021-12-09 03:19:26.693158,4,183
748,2021-12-09 11:40:43.118529,4,320
749,2021-12-09 06:03:14.069686,4,97
750,2021-12-09 06:26:21.158313,4,269
751,2021-12-09 07:16:47.382452,4,282
752,2021-12-09 14:46:22.621952,4,311
753,2021-12-09 10:36:19.554404,4,240
754,2021-12-09 07:58:49.835914,4,63
755,2021-12-09 09:18:27.396050,4,222
756,2021-12-09 11:17:10.072982,4,241
757,2021-12-09 10:27:29.785864,4,98
758,2021-12-09 14:12:16.325544,4,157
759,2021-12-09 12:58:31.493254,4,300
760,2021-12-09 11:26:30.674368,4,321
761,2021-12-09 14:30:11.282868,4,287
762,2021-12-09 17:52:04.734294,4,319
763,2021-12-09 17:11:04.154534,4,50
764,2021-12-09 20:32:25.499666,4,289
765,2021-12-09 22:25:15.094257,4,290
766,2021-12-10 11:29:24.163371,4,282
767,2021-12-10 12:22:14.191513,4,240
768,2021-12-10 17:46:39.504141,4,311
769,2021-12-10 07:50:15.783854,4,98
770,2021-12-10 12:12:12.978385,4,157
771,2021-12-10 08:19:58.808491,4,300
772,2021-12-10 10:13:37.139916,4,73
773,2021-12-10 10:02:34.027569,4,173
774,2021-12-10 10:05:12.212752,4,176
775,2021-12-10 15:53:43.080357,4,299
776,2021-12-10 10:21:56.479944,4,241
777,2021-12-10 19:27:51.565403,4,322
778,2021-12-10 10:30:47.850758,4,162
779,2021-12-10 10:36:42.874087,4,323
780,2021-12-10 10:55:22.503362,4,243
781,2021-12-10 12:43:04.278901,4,324
782,2021-12-10 11:23:15.905559,4,325
783,2021-12-10 11:41:05.930743,4,211
784,2021-12-10 13:56:54.031995,4,140
785,2021-12-10 14:36:40.315976,4,105
786,2021-12-10 15:31:03.205273,4,244
787,2021-12-10 18:10:10.123131,4,316
788,2021-12-10 18:17:26.333889,4,326
789,2021-12-10 18:21:12.538760,4,327
790,2021-12-10 19:11:32.588196,4,297
791,2021-12-10 23:03:55.175569,4,289
792,2021-12-10 21:20:03.058458,4,186
793,2021-12-10 21:25:29.862498,4,97
794,2021-12-11 04:30:48.098919,4,328
795,2021-12-11 04:52:28.356171,4,244
796,2021-12-11 07:38:17.539106,4,256
797,2021-12-11 12:34:18.543699,4,213
798,2021-12-11 09:13:27.824041,4,291
799,2021-12-11 20:40:50.201758,4,186
800,2022-02-11 17:49:45.974599,4,168
801,2021-12-11 20:31:33.518765,4,224
802,2021-12-11 11:50:53.471737,4,158
803,2021-12-11 11:59:21.195972,4,329
804,2021-12-11 13:06:26.690839,4,97
805,2021-12-11 14:10:39.927768,4,330
806,2021-12-11 20:10:44.048639,4,282
807,2021-12-11 18:52:26.420748,4,266
808,2021-12-11 23:38:31.361900,4,105
809,2021-12-12 07:05:33.991639,4,331
810,2021-12-12 16:17:47.055093,4,224
811,2021-12-12 14:26:50.827030,4,272
812,2021-12-12 12:56:51.335604,4,330
813,2021-12-12 17:15:38.861467,4,222
814,2021-12-12 12:08:21.044968,4,220
815,2021-12-12 21:17:22.081033,4,218
816,2021-12-12 17:48:17.361038,4,213
817,2021-12-12 19:17:09.221945,4,249
818,2021-12-12 16:12:09.472779,4,234
819,2021-12-12 16:54:36.605499,4,329
820,2021-12-12 17:11:51.111024,4,320
821,2021-12-12 21:15:35.005708,4,186
822,2021-12-12 19:17:28.347776,4,290
823,2021-12-12 19:46:24.079949,4,105
824,2021-12-13 17:38:36.048563,4,332
825,2021-12-13 08:18:49.183598,4,243
826,2021-12-13 21:28:48.497116,4,282
827,2021-12-13 14:01:50.815641,4,287
828,2021-12-13 16:09:12.649256,4,63
829,2021-12-13 14:36:14.717319,4,289
830,2021-12-13 10:15:52.797125,4,97
831,2021-12-13 12:33:42.682129,4,157
832,2021-12-13 16:36:02.616145,4,105
833,2021-12-13 12:58:16.390271,4,217
834,2021-12-13 12:25:09.443472,4,73
835,2021-12-13 12:54:37.777877,4,111
836,2021-12-13 13:10:49.153895,4,274
837,2021-12-13 13:29:03.087271,4,333
838,2021-12-13 13:35:13.325722,4,334
839,2021-12-13 13:50:45.596240,4,275
840,2021-12-13 14:18:08.096327,4,335
841,2021-12-13 15:27:02.415543,4,222
842,2021-12-13 15:50:53.510615,4,186
843,2021-12-13 16:13:25.569121,4,276
844,2021-12-13 17:01:54.561252,4,336
845,2021-12-13 19:57:10.001118,4,311
846,2021-12-14 17:17:27.355254,4,319
847,2021-12-14 04:49:36.981688,4,183
848,2021-12-14 05:15:03.049309,4,289
849,2021-12-14 05:56:18.529699,4,276
850,2021-12-14 06:37:25.238012,4,97
851,2021-12-14 08:51:53.892933,4,337
852,2021-12-14 09:46:27.950572,4,274
853,2021-12-14 20:15:03.087653,4,63
854,2021-12-14 11:46:30.058176,4,272
855,2021-12-14 16:58:51.215940,4,240
856,2021-12-14 12:03:47.001142,4,146
857,2021-12-14 12:34:10.924610,4,336
858,2021-12-14 13:04:28.494448,4,311
859,2021-12-14 13:47:27.078447,4,282
860,2021-12-14 13:58:12.026175,4,73
861,2021-12-14 16:11:53.462944,4,105
862,2021-12-14 16:25:00.400200,4,332
863,2021-12-15 14:35:27.336250,4,63
864,2021-12-15 16:32:50.374303,4,157
865,2021-12-15 08:50:18.581867,4,73
866,2021-12-15 08:50:25.538097,4,91
867,2021-12-15 08:51:56.891554,4,93
868,2021-12-15 09:14:57.498389,4,72
869,2021-12-15 11:55:38.500584,4,181
870,2021-12-15 12:32:44.308819,4,338
871,2021-12-15 12:50:38.746824,4,339
872,2021-12-15 15:05:23.325236,4,316
873,2021-12-15 15:23:26.461171,4,340
874,2021-12-15 19:08:55.391167,4,332
875,2021-12-15 19:38:36.513216,4,330
876,2021-12-15 20:05:56.213305,4,289
877,2021-12-16 14:28:13.892375,4,340
878,2021-12-16 04:19:33.726086,4,183
879,2021-12-16 12:24:48.678021,4,97
880,2021-12-16 21:19:29.239748,4,282
881,2021-12-16 10:18:06.166322,4,193
882,2021-12-16 15:13:45.009533,4,206
883,2021-12-16 09:41:04.992533,4,211
884,2021-12-16 09:46:29.137184,4,126
885,2021-12-16 09:56:29.268629,4,128
886,2021-12-16 09:54:11.163182,4,292
887,2021-12-16 10:12:46.126862,4,241
888,2021-12-16 14:12:54.638618,4,157
889,2021-12-16 13:25:55.979369,4,73
890,2021-12-16 10:51:25.970969,4,266
891,2021-12-16 19:11:17.902501,4,342
892,2021-12-16 14:58:26.761016,4,343
893,2021-12-16 15:43:15.730697,4,279
894,2021-12-16 19:53:34.225499,4,224
895,2021-12-16 20:31:51.580669,4,72
896,2021-12-16 19:01:04.764111,4,289
897,2021-12-16 20:05:00.865995,4,256
898,2021-12-16 20:43:14.275453,4,184
899,2021-12-17 02:55:57.442414,4,105
900,2021-12-17 05:28:06.500638,4,289
901,2021-12-17 06:40:07.985459,4,299
902,2021-12-17 11:57:57.320537,4,282
903,2021-12-17 06:11:25.197331,4,337
904,2021-12-17 13:13:10.948781,4,157
905,2021-12-17 08:26:20.706635,4,338
906,2021-12-17 10:48:03.850705,4,265
907,2021-12-17 08:02:44.629621,4,73
908,2021-12-17 18:27:37.445699,4,345
909,2021-12-17 14:55:08.984292,4,50
910,2021-12-17 09:31:18.319762,4,344
911,2021-12-17 15:23:07.238583,4,346
912,2021-12-17 09:32:52.384999,4,177
913,2021-12-17 09:41:45.026600,4,292
914,2021-12-17 11:08:18.205320,4,193
915,2021-12-17 21:47:01.913626,4,347
916,2021-12-17 10:27:32.572297,4,256
917,2021-12-17 16:17:47.399981,4,128
918,2021-12-17 10:37:32.263828,4,266
919,2021-12-17 11:13:51.669967,4,134
920,2021-12-17 14:15:12.483075,4,348
921,2021-12-17 14:32:34.401342,4,206
922,2021-12-17 14:40:38.841836,4,240
923,2021-12-17 15:22:29.213384,4,272
924,2021-12-17 18:55:43.127478,4,322
925,2021-12-17 15:35:19.607986,4,116
926,2021-12-17 15:48:20.315081,4,111
927,2021-12-17 16:31:38.769569,4,224
928,2021-12-17 18:39:41.983627,4,244
929,2021-12-17 18:13:07.995234,4,158
930,2021-12-18 04:44:19.643397,4,320
931,2021-12-18 06:14:48.003300,4,349
932,2021-12-18 08:12:44.519301,4,302
933,2021-12-18 07:38:16.954388,4,194
934,2021-12-18 09:51:51.214948,4,350
935,2021-12-18 10:34:13.995929,4,282
936,2021-12-18 11:17:08.877420,4,289
937,2021-12-18 13:14:12.308095,4,319
938,2021-12-18 15:52:21.437756,4,244
939,2021-12-18 20:30:47.892381,4,224
940,2021-12-18 19:57:30.563435,4,352
941,2021-12-18 21:11:30.174077,4,345
942,2021-12-18 21:49:55.297274,4,353
943,2021-12-18 21:46:37.519117,4,354
944,2021-12-19 04:05:52.459879,4,289
945,2021-12-19 10:44:56.371888,4,276
946,2021-12-19 08:06:21.536304,4,354
947,2021-12-19 19:48:20.461104,4,218
948,2021-12-19 14:04:14.741123,4,271
949,2021-12-19 13:20:24.050919,4,117
950,2021-12-19 13:35:16.630857,4,353
951,2021-12-19 17:10:32.666378,4,282
952,2021-12-19 18:02:14.366779,4,345
953,2021-12-19 15:23:29.173324,4,188
954,2021-12-19 19:15:36.182525,4,224
955,2021-12-20 04:46:57.374730,4,348
956,2021-12-20 17:22:29.387098,4,282
957,2021-12-20 11:36:55.302331,4,206
958,2021-12-20 10:51:10.823175,4,269
959,2021-12-20 08:42:22.885285,4,357
960,2021-12-20 08:43:28.647530,4,213
961,2021-12-20 11:57:16.564887,4,359
962,2021-12-20 12:18:23.225131,4,360
963,2021-12-20 13:01:54.428321,4,157
964,2021-12-20 14:30:41.330526,4,361
965,2021-12-20 15:44:18.172146,4,340
966,2021-12-20 19:10:04.447318,4,345
967,2021-12-20 19:33:00.814881,4,224
968,2021-12-20 20:52:00.398569,4,279
969,2021-12-20 22:26:24.849503,4,222
970,2021-12-20 23:06:24.512841,4,362
971,2021-12-21 07:47:09.255083,4,362
972,2021-12-21 15:41:47.848381,4,282
973,2021-12-21 05:18:29.156553,4,356
974,2021-12-21 05:55:01.718341,4,279
975,2021-12-21 07:20:55.806219,4,97
976,2021-12-21 08:34:28.704514,4,269
977,2021-12-21 09:49:32.917762,4,206
978,2021-12-21 17:11:27.973358,4,363
979,2021-12-21 18:58:45.108457,4,140
980,2021-12-21 11:02:07.412064,4,242
981,2021-12-21 18:44:34.711540,4,364
982,2021-12-21 11:05:18.883643,4,292
983,2021-12-21 11:05:59.979021,4,365
984,2021-12-21 11:34:45.441201,4,181
985,2021-12-21 11:20:49.405202,4,337
986,2021-12-21 11:37:53.925329,4,366
987,2021-12-21 11:52:54.294727,4,367
988,2021-12-21 12:07:56.369378,4,368
989,2021-12-21 12:10:20.116484,4,240
990,2021-12-21 12:30:19.629974,4,266
991,2021-12-21 12:33:49.570578,4,369
992,2021-12-21 12:55:57.224432,4,370
993,2021-12-21 13:07:26.803047,4,343
994,2021-12-21 13:08:50.495033,4,73
995,2021-12-21 13:24:52.508092,4,72
996,2021-12-21 13:26:10.206481,4,371
997,2021-12-21 13:45:22.081758,4,241
998,2021-12-21 13:52:35.247403,4,111
999,2021-12-21 13:54:12.509981,4,244
1000,2021-12-21 15:46:07.409195,4,222
1001,2021-12-21 15:15:44.984277,4,274
1002,2021-12-21 16:49:24.643675,4,157
1003,2021-12-21 15:59:42.292878,4,322
1004,2021-12-21 16:08:27.340061,4,316
1005,2021-12-21 18:19:35.212221,4,372
1006,2021-12-21 22:33:53.993282,4,186
1007,2021-12-21 17:59:15.487431,4,375
1008,2021-12-21 18:09:30.607870,4,376
1009,2021-12-21 19:00:09.301740,4,348
1010,2021-12-21 18:43:54.787509,4,377
1011,2021-12-21 19:11:24.640041,4,345
1012,2021-12-21 23:07:10.681392,4,378
1013,2021-12-21 23:52:43.592393,4,105
1014,2021-12-22 02:21:27.641957,4,372
1015,2021-12-22 05:10:20.149698,4,181
1016,2021-12-22 10:58:29.170358,4,279
1017,2021-12-22 14:47:37.634763,4,282
1018,2021-12-22 05:51:44.008984,4,379
1019,2021-12-22 06:12:20.104517,4,326
1020,2021-12-22 06:25:19.196009,4,203
1021,2021-12-22 06:30:15.083994,4,140
1022,2021-12-22 12:53:30.796195,4,257
1023,2021-12-22 07:03:32.651894,4,186
1024,2021-12-22 08:32:25.201054,4,73
1025,2021-12-22 11:04:26.497867,4,269
1026,2021-12-22 13:43:43.887491,4,190
1027,2021-12-22 10:55:17.823414,4,381
1028,2021-12-22 12:04:15.669783,4,222
1029,2021-12-22 12:56:01.926406,4,366
1030,2021-12-22 13:47:29.156538,4,382
1031,2021-12-22 14:49:17.756308,4,206
1032,2021-12-22 16:48:18.702820,4,384
1033,2021-12-22 17:14:42.855056,4,363
1034,2021-12-22 18:00:02.787232,4,224
1035,2021-12-22 19:11:03.636666,4,345
1036,2021-12-23 16:57:22.415225,4,279
1037,2021-12-23 17:52:10.302414,4,282
1038,2021-12-23 06:59:06.324538,4,240
1039,2021-12-23 09:23:06.539007,4,385
1040,2021-12-23 09:33:02.110230,4,386
1041,2021-12-23 11:42:36.122467,4,256
1042,2021-12-23 15:34:01.619065,4,387
1043,2021-12-23 12:34:52.224784,4,97
1044,2021-12-23 21:06:33.282419,4,363
1045,2021-12-23 14:43:41.154474,4,382
1046,2021-12-23 15:27:35.990749,4,157
1047,2021-12-23 18:11:44.266437,4,296
1048,2021-12-23 21:56:11.534907,4,224
1049,2021-12-24 14:50:46.036946,4,279
1050,2021-12-24 06:12:14.139727,4,363
1051,2021-12-24 14:57:35.856504,4,73
1052,2021-12-24 07:58:12.901651,4,193
1053,2021-12-24 14:23:53.281905,4,63
1054,2021-12-24 09:45:00.422763,4,158
1055,2021-12-24 10:03:45.163069,4,356
1056,2021-12-24 10:44:38.256931,4,388
1057,2021-12-24 11:17:45.081234,4,389
1058,2021-12-24 16:17:48.441440,4,206
1059,2021-12-24 13:19:14.328526,4,390
1060,2021-12-24 21:00:22.257345,4,244
1061,2021-12-24 16:25:25.568316,4,391
1062,2021-12-24 13:55:54.602142,4,392
1063,2021-12-24 14:41:06.081541,4,393
1064,2021-12-24 14:42:25.484171,4,322
1065,2021-12-24 18:04:01.927275,4,394
1066,2021-12-24 16:30:06.018006,4,395
1067,2021-12-24 17:36:54.377265,4,396
1068,2021-12-24 17:41:51.440602,4,397
1069,2021-12-24 18:17:50.114039,4,398
1070,2021-12-24 18:30:05.672970,4,399
1071,2021-12-24 19:10:34.424751,4,282
1072,2021-12-24 19:37:32.665605,4,401
1073,2021-12-25 17:36:10.488658,4,244
1074,2021-12-25 06:08:40.661543,4,402
1075,2021-12-25 21:42:51.889165,4,282
1076,2021-12-25 16:16:30.230624,4,222
1077,2021-12-25 23:14:30.642732,4,101
1078,2021-12-25 16:06:24.674635,4,403
1079,2021-12-25 20:06:15.581459,4,279
1080,2021-12-25 21:56:58.409600,4,186
1081,2021-12-26 20:09:59.653862,4,282
1082,2021-12-26 08:56:33.434891,4,279
1083,2021-12-26 14:29:16.497517,4,139
1084,2021-12-26 10:11:30.613552,4,158
1085,2021-12-26 10:43:20.721048,4,316
1086,2021-12-26 11:34:10.857873,4,72
1087,2021-12-26 16:33:40.280436,4,404
1088,2021-12-26 12:42:25.069356,4,157
1089,2021-12-26 12:05:34.391644,4,271
1090,2021-12-26 13:05:36.892574,4,222
1091,2021-12-26 13:19:05.969392,4,330
1092,2021-12-26 15:23:19.250623,4,232
1093,2021-12-26 16:18:14.367712,4,345
1094,2021-12-26 16:38:33.070442,4,405
1095,2021-12-26 16:43:11.892866,4,363
1096,2021-12-26 16:52:14.462855,4,105
1097,2021-12-26 22:33:19.771071,4,101
1098,2021-12-26 21:03:57.841502,4,257
1099,2021-12-26 21:04:08.288538,4,140
1100,2021-12-27 17:11:58.232708,4,282
1101,2021-12-27 19:00:17.073194,4,279
1102,2021-12-27 15:08:49.626018,4,63
1103,2021-12-27 09:53:00.987472,4,241
1104,2021-12-27 12:02:03.926427,4,73
1105,2021-12-27 09:50:52.401344,4,101
1106,2021-12-27 11:40:01.262705,4,300
1107,2021-12-27 15:41:13.685274,4,206
1108,2021-12-27 16:02:13.289441,4,391
1109,2021-12-27 16:41:09.730474,4,403
1110,2021-12-27 19:06:03.574256,4,186
1111,2021-12-27 19:13:43.841353,4,222
1112,2021-12-27 20:03:49.108844,4,157
1113,2021-12-27 21:53:34.267033,4,405
1114,2021-12-28 15:31:10.344064,4,279
1115,2021-12-28 19:37:38.380370,4,282
1116,2021-12-28 11:27:47.874349,4,363
1117,2021-12-28 10:02:44.803038,4,97
1118,2021-12-28 15:25:22.934035,4,391
1119,2021-12-28 12:38:46.303263,4,241
1120,2021-12-28 14:26:27.166879,4,170
1121,2021-12-28 17:14:51.802987,4,407
1122,2021-12-28 20:08:34.722504,4,193
1123,2021-12-28 23:04:29.944589,4,342
1124,2021-12-29 19:09:25.707554,4,279
1125,2021-12-29 07:33:49.080319,4,387
1126,2021-12-29 15:18:14.343529,4,206
1127,2021-12-29 06:55:38.622249,4,233
1128,2021-12-29 16:53:47.906510,4,63
1129,2021-12-29 16:25:53.904896,4,186
1130,2021-12-29 16:57:34.642465,4,101
1131,2021-12-29 12:25:47.465199,4,407
1132,2021-12-29 10:27:05.820447,4,408
1133,2021-12-29 10:51:42.477141,4,171
1134,2021-12-29 14:24:33.460323,4,304
1135,2021-12-29 12:47:13.939877,4,282
1136,2021-12-29 21:20:39.153887,4,342
1137,2021-12-29 16:33:50.757661,4,409
1138,2021-12-29 18:45:40.002207,4,410
1139,2021-12-29 19:08:59.309104,4,157
1140,2021-12-29 20:18:24.003451,4,98
1141,2021-12-30 20:27:55.480136,4,279
1142,2021-12-30 08:19:58.096461,4,387
1143,2021-12-30 08:00:50.201871,4,240
1144,2021-12-30 07:27:27.419299,4,411
1145,2021-12-30 09:11:57.846896,4,63
1146,2021-12-30 09:32:52.440835,4,101
1147,2021-12-30 08:45:07.113344,4,97
1148,2021-12-30 14:07:18.248662,4,73
1149,2021-12-30 09:33:25.170449,4,282
1150,2021-12-30 18:14:31.915446,4,363
1151,2021-12-30 20:43:07.681280,4,265
1152,2021-12-30 21:54:16.647201,4,304
1153,2021-12-30 11:43:04.371663,4,412
1154,2021-12-30 13:35:17.051004,4,413
1155,2021-12-30 12:33:37.034980,4,343
1156,2021-12-30 17:00:12.596698,4,220
1157,2021-12-30 16:20:48.764223,4,244
1158,2021-12-30 20:56:49.223412,4,342
1159,2021-12-30 22:18:59.029786,4,205
1160,2021-12-31 20:07:59.912546,4,279
1161,2021-12-31 08:21:56.041544,4,408
1162,2021-12-31 23:33:02.652632,4,342
1163,2021-12-31 13:43:43.120225,4,157
1164,2021-12-31 15:07:51.692286,4,407
1165,2021-12-31 16:19:22.160002,4,234
1166,2021-12-31 17:56:45.223395,4,244
1167,2022-01-01 20:32:18.831311,4,342
1168,2022-01-01 15:37:44.647637,4,279
1169,2022-01-01 13:25:15.209578,4,414
1170,2022-01-01 14:43:59.602578,4,407
1171,2022-01-01 18:45:04.960226,4,138
1172,2022-01-01 17:53:01.270937,4,148
1173,2022-01-01 21:52:45.899496,4,222
1174,2022-01-01 21:56:59.540366,4,304
1175,2022-01-02 06:40:13.090233,4,282
1176,2022-01-02 15:49:00.606240,4,387
1177,2022-01-02 08:01:20.239139,4,222
1178,2022-01-02 08:16:34.037729,4,279
1179,2022-01-02 22:07:09.893038,4,101
1180,2022-01-02 11:18:09.184684,4,138
1181,2022-01-02 12:04:46.553010,4,415
1182,2022-01-02 12:21:46.283274,4,363
1183,2022-01-02 13:11:13.680317,4,416
1184,2022-01-02 13:38:17.532231,4,354
1185,2022-01-02 23:47:27.491074,4,342
1186,2022-01-02 14:34:33.890435,4,417
1187,2022-01-02 19:03:13.769567,4,408
1188,2022-01-02 19:18:24.134790,4,258
1189,2022-01-03 09:18:18.577521,4,342
1190,2022-01-03 06:04:04.291752,4,265
1191,2022-01-03 19:26:58.219987,4,279
1192,2022-01-03 09:58:46.354853,4,244
1193,2022-01-03 10:11:24.471521,4,418
1194,2022-01-03 11:25:52.882955,4,193
1195,2022-01-03 13:01:57.444478,4,420
1196,2022-01-03 18:14:30.204413,4,416
1197,2022-01-03 22:22:58.679771,4,304
1198,2022-01-03 18:03:54.596714,4,282
1199,2022-01-03 20:18:28.994909,4,126
1200,2022-01-03 21:22:31.421273,4,186
1201,2022-01-03 21:22:57.260246,4,408
1202,2022-01-03 22:37:51.115978,4,421
1203,2022-01-04 08:06:50.194375,4,138
1204,2022-01-04 10:35:11.724742,4,422
1205,2022-01-04 09:15:02.532109,4,345
1206,2022-01-04 09:26:23.442904,4,279
1207,2022-01-04 09:47:11.762407,4,387
1208,2022-01-04 14:28:47.608725,4,286
1209,2022-01-04 18:14:00.545486,4,157
1210,2022-01-04 12:18:16.879131,4,242
1211,2022-01-04 11:32:06.201929,4,423
1212,2022-01-04 12:00:25.252343,4,73
1213,2022-01-04 13:45:16.622779,4,421
1214,2022-01-04 13:53:39.121773,4,424
1215,2022-01-04 22:04:59.089956,4,304
1216,2022-01-04 15:02:56.684932,4,365
1217,2022-01-04 20:15:02.224555,4,416
1218,2022-01-04 16:39:35.919926,4,132
1219,2022-01-04 23:54:34.539653,4,342
1220,2022-01-04 20:16:09.996359,4,101
1221,2022-01-04 19:34:08.231924,4,425
1222,2022-01-04 20:03:14.818154,4,140
1223,2022-01-04 20:03:23.448779,4,257
1224,2022-01-05 23:43:20.559913,4,342
1225,2022-01-05 15:28:19.994735,4,211
1226,2022-01-05 20:27:49.023959,4,387
1227,2022-01-05 21:29:08.409999,4,416
1228,2022-01-05 08:00:34.333505,4,157
1229,2022-01-05 14:28:53.149462,4,140
1230,2022-01-05 10:55:14.182008,4,286
1231,2022-01-05 10:37:52.808005,4,426
1232,2022-01-05 10:19:16.717282,4,391
1233,2022-01-05 22:26:27.665876,4,101
1234,2022-01-05 12:46:25.148925,4,97
1235,2022-01-05 17:09:54.436530,4,411
1236,2022-01-05 14:28:48.942769,4,257
1237,2022-01-05 23:53:25.754535,4,427
1238,2022-01-05 16:46:45.977600,4,428
1239,2022-01-05 19:19:56.557290,4,431
1240,2022-01-05 20:20:12.345772,4,432
1241,2022-01-05 19:26:08.645593,4,408
1242,2022-01-05 19:31:25.113914,4,354
1243,2022-01-05 21:35:57.944505,4,433
1244,2022-01-06 09:50:03.024066,4,342
1245,2022-01-06 23:51:54.528442,4,427
1246,2022-01-06 17:09:22.578959,4,387
1247,2022-01-06 15:32:43.755606,4,73
1248,2022-01-06 11:16:04.988837,4,282
1249,2022-01-06 21:50:47.209753,4,101
1250,2022-01-06 11:52:19.847186,4,256
1251,2022-01-06 12:32:19.881745,4,434
1252,2022-01-06 13:24:02.270431,4,140
1253,2022-01-06 13:26:30.307193,4,436
1254,2022-01-06 13:38:28.386623,4,170
1255,2022-01-06 13:48:02.608263,4,437
1256,2022-01-06 16:04:28.665643,4,408
1257,2022-01-06 16:14:20.527003,4,428
1258,2022-01-06 20:41:31.959724,4,416
1259,2022-01-06 19:17:53.514173,4,105
1260,2022-01-06 21:29:35.211243,4,425
1261,2022-01-07 09:38:32.904105,4,438
1262,2022-01-07 13:45:45.958839,4,427
1263,2022-01-07 14:38:47.120378,4,158
1264,2022-01-07 23:31:03.890669,4,342
1265,2022-01-07 15:02:44.976875,4,187
1266,2022-01-07 15:47:49.112901,4,425
1267,2022-01-07 15:43:06.979130,4,354
1268,2022-01-07 17:34:55.697713,4,439
1269,2022-01-07 20:51:30.539897,4,416
1270,2022-01-07 18:26:25.846713,4,206
1271,2022-01-07 20:06:20.370978,4,440
1272,2022-01-07 23:01:38.589704,4,101
1273,2022-01-08 17:07:59.782560,4,101
1274,2022-01-08 11:47:16.804349,4,441
1275,2022-01-08 10:49:59.979183,4,425
1276,2022-01-08 12:25:30.816228,4,157
1277,2022-01-08 13:33:41.046399,4,140
1278,2022-01-08 14:29:14.460031,4,442
1279,2022-01-08 16:22:34.076145,4,443
1280,2022-01-08 21:13:20.297154,4,342
1281,2022-01-08 18:40:21.371389,4,195
1282,2022-01-08 19:58:31.285700,4,416
1283,2022-01-08 17:38:34.899945,4,162
1284,2022-01-08 19:51:08.605022,4,363
1285,2022-01-08 19:20:19.394143,4,345
1286,2022-01-08 21:10:42.149055,4,411
1287,2022-01-08 19:47:59.886127,4,438
1288,2022-01-08 20:04:12.193699,4,222
1289,2022-01-09 05:27:05.776466,4,195
1290,2022-01-09 11:01:20.330405,4,444
1291,2022-01-09 17:39:23.298661,4,411
1292,2022-01-09 18:48:58.602534,4,219
1293,2022-01-09 19:14:00.741270,4,222
1294,2022-01-09 10:16:40.613441,4,158
1295,2022-01-09 16:21:10.512592,4,101
1296,2022-01-09 19:45:24.410409,4,304
1297,2022-01-09 13:20:43.559293,4,363
1298,2022-01-09 13:44:24.009915,4,342
1299,2022-01-09 21:44:46.565381,4,441
1300,2022-01-09 15:04:08.253225,4,445
1301,2022-01-09 17:26:30.153246,4,345
1302,2022-01-09 17:40:31.348902,4,443
1303,2022-01-09 20:33:29.066303,4,446
1304,2022-01-09 21:59:36.454057,4,121
1305,2022-01-09 18:05:33.298894,4,316
1306,2022-01-09 17:57:21.696243,4,440
1307,2022-01-09 18:19:35.177216,4,157
1308,2022-01-09 20:51:58.959071,4,447
1309,2022-01-10 20:51:33.792496,4,284
1310,2022-01-10 03:46:30.483825,4,356
1311,2022-01-10 03:26:43.457160,4,444
1312,2022-02-10 16:21:40.785816,4,444
1313,2022-01-10 04:30:28.264374,4,448
1314,2022-01-10 17:38:52.297373,4,363
1315,2022-01-10 05:39:07.159483,4,97
1316,2022-01-10 10:25:36.240625,4,446
1317,2022-01-10 23:53:57.825526,4,121
1318,2022-01-10 07:19:30.010509,4,432
1319,2022-01-10 15:58:36.642766,4,73
1320,2022-01-10 08:05:56.614264,4,287
1321,2022-01-10 08:28:09.607711,4,431
1322,2022-01-10 08:44:43.644824,4,449
1323,2022-01-10 11:54:01.934417,4,219
1324,2022-01-10 11:39:46.965177,4,443
1325,2022-01-10 11:48:43.204637,4,427
1326,2022-01-10 21:53:53.224832,4,342
1327,2022-01-10 13:56:38.727667,4,304
1328,2022-01-10 13:45:35.129450,4,413
1329,2022-01-10 17:07:13.310725,4,450
1330,2022-01-10 15:01:22.178365,4,43
1331,2022-01-10 18:46:37.343822,4,195
1332,2022-01-10 15:21:59.323050,4,348
1333,2022-01-10 15:26:08.269137,4,206
1334,2022-01-10 17:53:14.575982,4,411
1335,2022-01-10 19:40:41.997585,4,451
1336,2022-01-10 21:29:49.897432,4,408
1337,2022-01-10 21:37:12.872315,4,453
1338,2022-01-10 23:41:00.235675,4,454
1339,2022-01-11 00:19:01.220553,4,455
1340,2022-01-11 10:19:12.977197,4,446
1341,2022-01-11 06:37:05.473630,4,97
1342,2022-01-11 15:48:35.787520,4,219
1343,2022-01-11 10:21:26.448532,4,342
1344,2022-01-11 07:12:43.503299,4,287
1345,2022-01-11 13:33:26.155615,4,73
1346,2022-01-11 08:23:07.455113,4,456
1347,2022-01-11 16:12:52.989482,4,101
1348,2022-01-11 11:27:10.685527,4,457
1349,2022-01-11 11:45:01.435355,4,458
1350,2022-01-11 14:43:48.596584,4,233
1351,2022-01-11 13:48:11.068955,4,343
1352,2022-01-11 14:03:09.078620,4,460
1353,2022-01-11 15:13:57.850302,4,461
1354,2022-01-11 20:42:51.294527,4,462
1355,2022-01-11 16:04:14.283611,4,452
1356,2022-01-11 16:07:33.079325,4,463
1357,2022-01-11 16:19:11.460530,4,174
1358,2022-01-11 22:46:25.442610,4,330
1359,2022-01-11 16:21:28.465538,4,284
1360,2022-01-11 17:01:24.366782,4,171
1361,2022-01-11 17:02:00.780674,4,195
1362,2022-01-11 18:55:36.042050,4,464
1363,2022-01-11 17:40:30.183386,4,180
1364,2022-01-11 17:43:40.062067,4,408
1365,2022-01-11 17:47:14.635012,4,465
1366,2022-01-11 17:52:08.825539,4,466
1367,2022-01-11 18:31:31.508709,4,280
1368,2022-01-11 18:57:18.751836,4,217
1369,2022-01-11 20:16:42.936911,4,221
1370,2022-01-11 19:54:35.923086,4,159
1371,2022-01-11 21:30:55.632450,4,327
1372,2022-01-11 21:16:01.352039,4,420
1373,2022-01-11 23:17:26.060347,4,121
1374,2022-01-12 00:13:11.385841,4,121
1375,2022-01-12 05:16:24.462405,4,468
1376,2022-01-12 05:48:08.334050,4,467
1377,2022-01-12 06:51:53.367360,4,97
1378,2022-01-12 06:07:38.190077,4,282
1379,2022-01-12 10:09:13.165743,4,233
1380,2022-01-12 19:23:06.164144,4,446
1381,2022-01-12 06:45:49.687115,4,427
1382,2022-01-12 07:09:26.125780,4,213
1383,2022-01-12 16:28:04.346442,4,73
1384,2022-01-12 09:24:05.428270,4,219
1385,2022-01-12 10:15:58.136340,4,222
1386,2022-01-12 08:40:27.869144,4,469
1387,2022-01-12 13:14:06.986910,4,348
1388,2022-01-12 09:55:30.313720,4,465
1389,2022-01-12 11:18:27.047766,4,470
1390,2022-01-12 11:04:44.903905,4,471
1391,2022-01-12 11:26:30.603680,4,472
1392,2022-01-12 11:35:03.004524,4,473
1393,2022-01-12 11:42:02.659728,4,474
1394,2022-01-12 11:46:49.609284,4,475
1395,2022-01-12 12:30:58.018238,4,284
1396,2022-01-12 13:09:35.801648,4,476
1397,2022-01-12 20:17:20.740274,4,477
1398,2022-01-12 14:53:35.944952,4,479
1399,2022-01-12 18:37:07.531898,4,480
1400,2022-01-12 16:37:10.523040,4,246
1401,2022-01-12 16:40:08.410942,4,481
1402,2022-01-12 17:11:29.781763,4,316
1403,2022-01-12 20:26:26.369016,4,123
1404,2022-01-12 18:16:15.826879,4,411
1405,2022-01-12 17:20:21.760234,4,141
1406,2022-01-12 18:22:44.819885,4,482
1407,2022-01-12 18:53:01.885373,4,320
1408,2022-01-12 18:23:14.848445,4,158
1409,2022-01-12 21:25:41.606948,4,177
1410,2022-01-12 18:31:02.676415,4,280
1411,2022-01-12 18:55:12.885338,4,483
1412,2022-01-12 19:39:19.741683,4,195
1413,2022-01-12 22:50:02.035141,4,342
1414,2022-01-12 22:21:23.876233,4,484
1415,2022-01-12 20:29:39.446290,4,485
1416,2022-01-12 21:17:33.833428,4,221
1417,2022-01-12 21:34:41.521833,4,330
1418,2022-01-12 23:31:18.792195,4,486
1419,2022-01-12 23:11:04.619458,4,487
1420,2022-01-13 09:27:35.704755,4,488
1421,2022-01-13 18:28:26.069744,4,320
1422,2022-01-13 20:08:43.115617,4,452
1423,2022-01-13 06:15:44.487325,4,246
1424,2022-01-13 06:54:14.959409,4,468
1425,2022-01-13 15:13:48.381828,4,73
1426,2022-01-13 07:40:18.883611,4,222
1427,2022-01-13 07:47:44.968308,4,489
1428,2022-01-13 19:35:42.170746,4,490
1429,2022-01-13 08:04:51.178175,4,491
1430,2022-01-13 18:52:11.700331,4,477
1431,2022-01-13 12:26:15.871013,4,486
1432,2022-01-13 09:34:31.785733,4,276
1433,2022-01-13 09:42:34.203940,4,493
1434,2022-01-13 21:20:19.326144,4,363
1435,2022-01-13 10:48:03.345613,4,494
1436,2022-01-13 23:49:23.506089,4,221
1437,2022-01-13 10:21:52.168714,4,256
1438,2022-01-13 10:30:46.585924,4,427
1439,2022-01-13 12:57:44.400836,4,241
1440,2022-01-13 15:43:15.673866,4,496
1441,2022-01-13 12:15:47.173609,4,170
1442,2022-01-13 12:01:25.084448,4,498
1443,2022-01-13 12:19:23.145032,4,219
1444,2022-01-13 14:32:05.967204,4,471
1445,2022-01-13 20:45:19.531383,4,446
1446,2022-01-13 14:24:32.279208,4,499
1447,2022-01-13 15:12:46.282727,4,466
1448,2022-01-13 16:21:12.782391,4,480
1449,2022-01-13 18:38:33.955120,4,500
1450,2022-01-13 15:37:00.242889,4,63
1451,2022-01-13 15:55:25.726376,4,348
1452,2022-01-13 16:03:05.383643,4,195
1453,2022-01-13 19:11:05.800492,4,502
1454,2022-01-13 19:11:05.405554,4,501
1455,2022-01-13 18:54:22.995941,4,483
1456,2022-01-13 20:39:05.320246,4,342
1457,2022-01-13 20:34:55.611249,4,121
1458,2022-01-13 21:49:18.183936,4,503
1459,2022-01-13 23:05:14.929637,4,504
1460,2022-01-14 00:23:48.464918,4,121
1461,2022-01-14 00:27:29.521101,4,505
1462,2022-01-14 08:29:57.331591,4,488
1463,2022-01-14 16:46:02.945406,4,490
1464,2022-01-14 10:02:44.355481,4,363
1465,2022-01-14 10:38:47.339685,4,477
1466,2022-01-14 07:28:55.825603,4,506
1467,2022-01-14 07:33:22.629395,4,507
1468,2022-01-14 06:56:02.531936,4,496
1469,2022-01-14 09:12:35.250754,4,446
1470,2022-01-14 18:30:51.280261,4,195
1471,2022-01-14 07:32:45.190453,4,413
1472,2022-01-14 08:00:58.718886,4,141
1473,2022-01-14 22:15:21.662006,4,73
1474,2022-01-14 08:26:43.350434,4,508
1475,2022-01-14 18:45:45.829918,4,342
1476,2022-01-14 19:05:06.040367,4,486
1477,2022-01-14 09:21:33.524432,4,510
1478,2022-01-14 12:15:03.842660,4,511
1479,2022-01-14 10:43:47.088224,4,501
1480,2022-01-14 11:36:06.601595,4,320
1481,2022-01-14 13:35:49.515583,4,269
1482,2022-01-14 12:58:32.393082,4,219
1483,2022-01-14 13:55:52.749381,4,513
1484,2022-01-14 14:08:24.177834,4,514
1485,2022-01-14 16:26:44.937315,4,515
1486,2022-01-14 14:39:58.675756,4,516
1487,2022-01-14 15:34:22.839612,4,394
1488,2022-01-14 15:39:51.546583,4,519
1489,2022-01-14 15:59:05.061013,4,482
1490,2022-01-14 17:14:30.982691,4,494
1491,2022-01-14 17:17:51.960522,4,107
1492,2022-01-14 17:57:45.463947,4,262
1493,2022-01-14 17:51:13.322109,4,440
1494,2022-01-14 17:54:54.940115,4,158
1495,2022-01-14 18:07:45.181055,4,421
1496,2022-01-14 18:14:47.914586,4,520
1497,2022-01-14 21:13:54.939260,4,521
1498,2022-01-14 18:16:23.387841,4,97
1499,2022-01-14 19:25:32.038706,4,350
1500,2022-01-14 18:35:44.033260,4,330
1501,2022-01-14 19:54:53.780662,4,365
1502,2022-01-14 20:02:29.540169,4,240
1503,2022-01-15 01:20:10.191149,4,523
1504,2022-01-15 02:55:15.692373,4,524
1505,2022-01-15 03:07:34.467728,4,211
1506,2022-01-15 05:22:44.440375,4,525
1507,2022-01-15 18:29:11.042200,4,507
1508,2022-01-15 06:08:09.485418,4,526
1509,2022-01-15 08:58:14.733228,4,527
1510,2022-01-15 07:02:18.055362,4,128
1511,2022-01-15 07:31:52.181204,4,529
1512,2022-01-15 07:27:00.380826,4,165
1513,2022-01-15 19:21:49.512256,4,486
1514,2022-01-15 16:02:41.440394,4,195
1515,2022-01-15 15:10:12.362577,4,533
1516,2022-01-15 10:16:33.718412,4,534
1517,2022-01-15 14:23:31.386522,4,537
1518,2022-01-15 10:28:36.628754,4,157
1519,2022-01-15 10:42:04.216737,4,320
1520,2022-01-15 10:43:57.704965,4,541
1521,2022-01-15 11:02:24.809526,4,482
1522,2022-01-15 11:27:16.763943,4,542
1523,2022-01-15 11:29:59.708345,4,158
1524,2022-01-15 11:59:25.869819,4,502
1525,2022-01-15 22:25:01.763655,4,363
1526,2022-01-15 20:23:12.050571,4,342
1527,2022-01-15 13:30:41.072833,4,425
1528,2022-01-15 13:57:43.268515,4,543
1529,2022-01-15 14:26:52.384361,4,544
1530,2022-01-15 14:22:50.223482,4,477
1531,2022-01-15 14:33:41.325833,4,177
1532,2022-01-15 15:05:21.553918,4,284
1533,2022-01-15 15:23:34.040724,4,345
1534,2022-01-15 18:11:54.767332,4,545
1535,2022-01-15 16:23:54.443177,4,467
1536,2022-01-15 16:34:26.733139,4,501
1537,2022-01-15 17:28:24.702029,4,546
1538,2022-01-15 17:33:46.252711,4,447
1539,2022-01-15 18:33:58.462288,4,520
1540,2022-01-15 18:59:09.840718,4,547
1541,2022-01-15 18:01:01.922912,4,504
1542,2022-01-15 22:19:00.763279,4,549
1543,2022-01-15 18:50:41.163432,4,548
1544,2022-01-15 19:50:23.952039,4,490
1545,2022-01-15 20:04:51.469780,4,246
1546,2022-01-16 00:02:23.395617,4,121
1547,2022-01-16 02:28:43.833511,4,524
1548,2022-01-16 09:35:39.351928,4,363
1549,2022-01-16 07:09:12.300765,4,222
1550,2022-01-16 07:15:35.316084,4,550
1551,2022-01-16 14:04:52.006541,4,515
1552,2022-01-16 09:28:43.706387,4,551
1553,2022-01-16 17:41:43.278412,4,195
1554,2022-01-16 08:31:09.113088,4,276
1555,2022-01-16 08:54:36.443342,4,194
1556,2022-01-16 09:21:01.141367,4,158
1557,2022-01-16 09:27:57.603061,4,269
1558,2022-01-16 10:10:05.386988,4,320
1559,2022-01-16 16:52:06.087357,4,219
1560,2022-01-16 13:15:15.025022,4,494
1561,2022-01-16 16:36:18.389698,4,470
1562,2022-01-16 11:45:14.731178,4,552
1563,2022-01-16 11:57:02.432874,4,554
1564,2022-01-16 12:02:12.954842,4,282
1565,2022-01-16 17:54:44.300626,4,548
1566,2022-01-16 12:38:53.372664,4,541
1567,2022-01-16 13:18:35.372184,4,101
1568,2022-01-16 13:24:21.434676,4,447
1569,2022-01-16 18:42:24.012450,4,545
1570,2022-01-16 21:58:10.599518,4,342
1571,2022-01-16 14:37:26.231066,4,555
1572,2022-01-16 16:47:50.013056,4,543
1573,2022-01-16 15:13:22.387031,4,490
1574,2022-01-16 19:53:19.353335,4,556
1575,2022-01-16 18:31:39.789420,4,486
1576,2022-01-16 17:34:37.362531,4,558
1577,2022-01-16 21:35:35.688382,4,559
1578,2022-01-16 18:59:41.180844,4,560
1579,2022-01-16 17:33:11.634901,4,561
1580,2022-01-16 18:07:58.686699,4,330
1581,2022-01-16 22:25:56.347067,4,549
1582,2022-01-16 19:56:16.543235,4,563
1583,2022-01-16 21:20:59.277264,4,565
1584,2022-01-16 23:40:27.859286,4,564
1585,2022-01-16 23:01:45.124401,4,257
1586,2022-01-17 21:15:14.988553,4,342
1587,2022-01-17 23:00:26.673276,4,43
1588,2022-01-17 02:07:31.789891,4,501
1589,2022-01-17 16:03:17.016925,4,490
1590,2022-01-17 03:38:27.788198,4,488
1591,2022-01-17 16:03:22.343139,4,566
1592,2022-01-17 04:39:26.938597,4,567
1593,2022-01-17 15:50:37.862535,4,543
1594,2022-01-17 06:13:49.470070,4,491
1595,2022-01-17 06:16:23.604729,4,569
1596,2022-01-17 17:37:51.400984,4,548
1597,2022-01-17 13:05:30.066301,4,568
1598,2022-01-17 20:23:51.074257,4,556
1599,2022-01-17 18:29:22.994982,4,515
1600,2022-01-17 16:08:48.297031,4,486
1601,2022-01-17 15:26:04.985162,4,73
1602,2022-01-17 11:35:32.735722,4,132
1603,2022-01-17 11:28:46.995577,4,570
1604,2022-01-17 09:39:55.914566,4,219
1605,2022-01-17 09:51:18.048013,4,494
1606,2022-01-17 09:59:14.964250,4,571
1607,2022-01-17 10:35:28.764950,4,526
1608,2022-01-17 12:01:12.908504,4,572
1609,2022-01-17 21:52:45.284883,4,452
1610,2022-01-17 13:37:12.945582,4,483
1611,2022-01-17 13:39:52.030209,4,446
1612,2022-01-17 13:42:20.681833,4,121
1613,2022-01-17 14:30:41.245655,4,503
1614,2022-01-17 14:47:29.596580,4,574
1615,2022-01-17 14:55:51.437673,4,360
1616,2022-01-17 15:38:44.519624,4,195
1617,2022-01-17 16:09:38.061521,4,470
1618,2022-01-17 16:22:04.297599,4,356
1619,2022-01-17 22:09:09.510763,4,549
1620,2022-01-17 17:29:19.665081,4,411
1621,2022-01-17 16:51:38.128389,4,578
1622,2022-01-17 18:00:43.691182,4,280
1623,2022-01-17 17:51:47.482396,4,447
1624,2022-01-17 18:05:24.200786,4,579
1625,2022-01-17 19:12:43.645147,4,580
1626,2022-01-17 19:27:20.731186,4,581
1627,2022-01-17 19:34:09.959556,4,558
1628,2022-01-17 19:46:57.357516,4,559
1629,2022-01-17 21:29:53.404643,4,564
1630,2022-01-17 21:00:42.837781,4,582
1631,2022-01-17 21:09:08.854733,4,157
1632,2022-01-17 21:12:57.502138,4,583
1633,2022-01-18 03:15:55.315909,4,488
1634,2022-01-18 19:15:57.013132,4,195
1635,2022-01-18 08:17:36.974558,4,566
1636,2022-01-18 08:42:09.751782,4,584
1637,2022-01-18 10:59:29.342444,4,515
1638,2022-01-18 06:06:37.940007,4,276
1639,2022-01-18 10:11:33.706647,4,585
1640,2022-01-18 14:37:33.054447,4,446
1641,2022-01-18 19:18:14.115217,4,486
1642,2022-01-18 20:50:37.260660,4,586
1643,2022-01-18 23:33:52.012512,4,342
1644,2022-01-18 08:38:54.438688,4,63
1645,2022-01-18 10:28:15.566102,4,587
1646,2022-01-18 09:03:39.538417,4,158
1647,2022-01-18 11:15:15.212556,4,551
1648,2022-01-18 10:27:02.456070,4,588
1649,2022-01-18 13:29:01.282346,4,589
1650,2022-01-18 11:42:51.618058,4,360
1651,2022-01-18 13:21:30.791842,4,590
1652,2022-01-18 17:30:34.801352,4,73
1653,2022-01-18 12:18:38.655541,4,397
1654,2022-01-18 12:06:16.782659,4,416
1655,2022-01-18 12:55:39.834117,4,592
1656,2022-01-18 13:03:12.896761,4,548
1657,2022-01-18 13:09:25.968629,4,593
1658,2022-01-18 18:51:50.935462,4,583
1659,2022-01-18 13:12:12.264774,4,494
1660,2022-01-18 13:33:01.827032,4,594
1661,2022-01-18 21:09:50.751269,4,581
1662,2022-01-18 14:16:03.681315,4,580
1663,2022-01-18 14:43:06.012239,4,363
1664,2022-01-18 14:43:55.597104,4,595
1665,2022-01-18 15:24:12.156202,4,490
1666,2022-01-18 17:06:40.643010,4,596
1667,2022-01-18 16:15:56.433448,4,520
1668,2022-01-18 15:34:20.460345,4,508
1669,2022-01-18 16:06:57.336175,4,570
1670,2022-01-18 15:50:11.917854,4,222
1671,2022-01-18 16:05:03.659833,4,330
1672,2022-01-18 17:18:48.388345,4,597
1673,2022-01-18 19:09:28.975317,4,556
1674,2022-01-18 17:46:20.068517,4,598
1675,2022-01-18 17:51:49.154448,4,599
1676,2022-01-18 18:47:53.750946,4,582
1677,2022-01-18 18:27:32.301259,4,574
1678,2022-01-18 19:00:12.483147,4,502
1679,2022-01-18 22:53:49.460880,4,600
1680,2022-01-18 20:52:07.911105,4,553
1681,2022-01-18 20:53:07.098134,4,602
1682,2022-01-18 21:23:02.120584,4,603
1683,2022-01-18 21:23:05.381837,4,559
1684,2022-01-18 22:01:39.359846,4,386
1685,2022-01-19 04:19:33.591053,4,604
1686,2022-01-19 04:36:00.421992,4,606
1687,2022-01-19 17:24:03.430001,4,607
1688,2022-01-19 06:18:45.443563,4,499
1689,2022-01-19 21:03:23.089909,4,548
1690,2022-01-19 13:19:12.281158,4,608
1691,2022-01-19 06:57:00.424789,4,508
1692,2022-01-19 07:00:51.178308,4,158
1693,2022-01-19 10:19:07.789370,4,610
1694,2022-01-19 07:57:30.522434,4,587
1695,2022-01-19 08:41:22.876592,4,611
1696,2022-01-19 07:48:02.136730,4,486
1697,2022-01-19 09:42:39.681854,4,446
1698,2022-01-19 19:14:39.130510,4,509
1699,2022-01-19 19:33:38.996617,4,342
1700,2022-01-19 09:51:07.106542,4,590
1701,2022-01-19 09:07:59.682689,4,612
1702,2022-01-19 14:00:21.748591,4,73
1703,2022-01-19 09:15:21.061735,4,43
1704,2022-01-19 18:10:17.573010,4,90
1705,2022-01-19 11:12:56.888002,4,50
1706,2022-01-19 09:40:18.062553,4,596
1707,2022-01-19 10:03:51.622679,4,613
1708,2022-01-19 17:08:09.146136,4,603
1709,2022-01-19 17:52:42.150410,4,614
1710,2022-01-19 12:45:10.283479,4,570
1711,2022-01-19 21:02:48.000851,4,553
1712,2022-01-19 13:00:26.274928,4,616
1713,2022-01-19 12:41:04.111059,4,296
1714,2022-01-19 23:59:17.815962,4,487
1715,2022-01-19 17:02:29.452716,4,568
1716,2022-01-19 13:02:07.855374,4,416
1717,2022-01-19 15:13:32.358920,4,494
1718,2022-01-19 13:31:09.956048,4,275
1719,2022-01-19 14:24:24.156864,4,617
1720,2022-01-19 16:05:45.552491,4,605
1721,2022-01-19 14:47:47.879710,4,397
1722,2022-01-19 21:09:16.582017,4,581
1723,2022-01-19 15:12:25.937501,4,622
1724,2022-01-19 16:20:03.101202,4,105
1725,2022-01-19 17:21:13.457448,4,600
1726,2022-01-19 19:07:39.561095,4,320
1727,2022-01-19 17:07:14.590727,4,580
1728,2022-01-19 17:44:05.183945,4,195
1729,2022-01-19 19:27:51.717520,4,623
1730,2022-01-19 18:02:46.779157,4,515
1731,2022-01-19 19:39:43.435741,4,520
1732,2022-01-19 19:15:59.489380,4,621
1733,2022-01-19 19:29:51.262883,4,583
1734,2022-01-19 20:36:31.515221,4,549
1735,2022-01-19 21:08:54.013391,4,97
1736,2022-01-19 21:57:17.319273,4,559
1737,2022-01-19 22:39:49.531751,4,121
1738,2022-01-20 03:40:53.338143,4,624
1739,2022-01-20 03:21:27.565124,4,625
1740,2022-01-20 12:37:10.514499,4,161
1741,2022-01-20 04:25:49.668509,4,584
1742,2022-01-20 20:42:52.223168,4,605
1743,2022-01-20 05:27:49.475224,4,587
1744,2022-01-20 11:02:09.412539,4,614
1745,2022-01-20 11:28:04.698295,4,626
1746,2022-01-20 05:36:46.851287,4,526
1747,2022-01-20 11:58:39.968685,4,527
1748,2022-01-20 06:12:15.396469,4,629
1749,2022-01-20 06:27:07.627762,4,630
1750,2022-01-20 12:53:19.754254,4,608
1751,2022-01-20 07:45:49.494131,4,548
1752,2022-01-20 20:30:00.679607,4,486
1753,2022-01-20 08:36:19.121178,4,222
1754,2022-01-20 08:40:26.846977,4,631
1755,2022-01-20 17:06:17.332497,4,623
1756,2022-01-20 12:41:23.146153,4,446
1757,2022-01-20 16:07:07.649135,4,634
1758,2022-01-20 10:02:41.669371,4,477
1759,2022-01-20 09:57:28.673649,4,348
1760,2022-01-20 11:30:23.685419,4,570
1761,2022-01-20 10:03:08.863452,4,635
1762,2022-01-20 10:22:01.079418,4,494
1763,2022-01-20 10:30:13.072167,4,553
1764,2022-01-20 11:38:22.169976,4,600
1765,2022-01-20 11:58:09.673332,4,636
1766,2022-01-20 12:35:20.158451,4,637
1767,2022-01-20 12:43:25.217734,4,581
1768,2022-01-20 14:22:56.673946,4,413
1769,2022-01-20 22:49:30.854419,4,342
1770,2022-01-20 19:24:21.298405,4,638
1771,2022-01-20 14:41:24.411675,4,397
1772,2022-01-20 15:22:44.010744,4,641
1773,2022-01-20 17:38:35.436967,4,545
1774,2022-01-20 16:07:21.771096,4,515
1775,2022-01-20 20:10:50.964383,4,642
1776,2022-01-20 17:43:07.279896,4,582
1777,2022-01-20 17:04:11.703229,4,643
1778,2022-01-20 17:59:56.268565,4,350
1779,2022-01-20 18:40:01.831966,4,363
1780,2022-01-20 19:43:37.585031,4,644
1781,2022-01-20 18:44:19.936918,4,219
1782,2022-01-20 21:12:52.710479,4,645
1783,2022-01-20 20:46:24.100598,4,646
1784,2022-01-20 20:46:47.809367,4,559
1785,2022-01-20 21:03:49.945487,4,589
1786,2022-01-20 23:21:37.796959,4,105
1787,2022-01-20 23:28:06.001261,4,304
1788,2022-01-20 23:46:15.200126,4,647
1789,2022-01-21 00:01:42.696181,4,647
1790,2022-01-21 01:33:40.712541,4,605
1791,2022-01-21 02:55:13.315365,4,648
1792,2022-01-21 05:42:11.558731,4,548
1793,2022-01-21 05:46:04.731617,4,527
1794,2022-01-21 06:20:15.632561,4,494
1795,2022-01-21 14:41:27.637527,4,515
1796,2022-01-21 07:47:37.727842,4,486
1797,2022-01-21 18:17:08.007824,4,649
1798,2022-01-21 08:49:14.833265,4,623
1799,2022-01-21 20:18:27.979353,4,446
1800,2022-01-21 08:49:30.935645,4,650
1801,2022-01-21 08:49:07.364637,4,653
1802,2022-01-21 10:27:09.386573,4,617
1803,2022-01-21 09:11:02.837294,4,641
1804,2022-01-21 09:12:04.606013,4,157
1805,2022-01-21 11:40:16.528436,4,586
1806,2022-01-21 09:23:12.351142,4,177
1807,2022-01-21 10:13:20.212504,4,195
1808,2022-01-21 09:32:31.298047,4,570
1809,2022-01-21 22:36:52.981863,4,219
1810,2022-01-21 10:08:06.289451,4,73
1811,2022-01-21 10:32:09.086693,4,299
1812,2022-01-21 10:55:23.012508,4,161
1813,2022-01-21 11:23:42.370294,4,348
1814,2022-01-21 10:56:31.650071,4,600
1815,2022-01-21 11:37:40.683240,4,587
1816,2022-01-21 23:11:26.522504,4,363
1817,2022-01-21 21:14:19.988958,4,655
1818,2022-01-21 18:58:55.686762,4,342
1819,2022-01-21 13:12:06.827620,4,483
1820,2022-01-21 14:57:06.999059,4,656
1821,2022-01-21 13:52:35.390018,4,657
1822,2022-01-21 14:25:09.247103,4,421
1823,2022-01-21 17:22:27.202970,4,222
1824,2022-01-21 14:47:27.467412,4,658
1825,2022-01-21 16:00:45.837740,4,568
1826,2022-01-21 16:37:14.721234,4,660
1827,2022-01-21 17:00:35.923143,4,662
1828,2022-01-21 17:48:17.697198,4,545
1829,2022-01-21 17:33:06.921049,4,663
1830,2022-01-21 18:33:49.873653,4,582
1831,2022-01-21 18:19:19.223643,4,664
1832,2022-01-21 20:39:30.084754,4,665
1833,2022-01-21 20:04:25.886715,4,666
1834,2022-01-21 20:21:41.789013,4,642
1835,2022-01-21 21:34:49.675275,4,667
1836,2022-01-21 23:50:52.669929,4,669
1837,2022-01-21 23:56:51.319429,4,670
1838,2022-01-22 00:25:20.126765,4,669
1839,2022-01-22 14:30:40.389516,4,673
1840,2022-01-22 07:07:09.177881,4,674
1841,2022-01-22 09:11:41.528848,4,482
1842,2022-01-22 07:59:53.689365,4,486
1843,2022-01-22 16:28:11.373188,4,442
1844,2022-01-22 08:01:59.370920,4,678
1845,2022-01-22 08:04:01.655652,4,222
1846,2022-01-22 09:40:58.073628,4,679
1847,2022-01-22 09:01:06.790378,4,680
1848,2022-01-22 10:39:13.117417,4,649
1849,2022-01-22 11:00:06.439897,4,681
1850,2022-01-22 20:11:02.146553,4,614
1851,2022-01-22 11:55:10.416632,4,515
1852,2022-01-22 13:25:01.846223,4,684
1853,2022-01-22 17:40:45.554381,4,642
1854,2022-01-22 14:25:01.954651,4,161
1855,2022-01-22 14:39:57.204896,4,660
1856,2022-01-22 14:51:11.423449,4,686
1857,2022-01-22 14:55:12.528664,4,687
1858,2022-01-22 15:09:02.850533,4,688
1859,2022-01-22 16:06:29.327628,4,690
1860,2022-01-22 16:18:35.164600,4,559
1861,2022-01-22 17:13:57.678857,4,621
1862,2022-01-22 19:06:18.187312,4,694
1863,2022-01-22 18:29:23.625466,4,457
1864,2022-01-22 20:52:39.395050,4,699
1865,2022-01-22 19:55:38.852205,4,195
1866,2022-01-22 19:33:23.781684,4,700
1867,2022-01-22 19:49:32.305247,4,701
1868,2022-01-22 21:57:27.216075,4,702
1869,2022-01-22 21:21:13.953181,4,703
1870,2022-01-22 23:09:03.016517,4,704
1871,2022-01-22 21:44:35.396769,4,705
1872,2022-01-22 22:32:34.564215,4,707
1873,2022-01-22 23:25:49.498376,4,708
1874,2022-01-23 15:00:10.439819,4,442
1875,2022-01-23 05:51:13.297998,4,709
1876,2022-01-23 07:26:03.444228,4,330
1877,2022-01-23 07:03:46.811520,4,710
1878,2022-01-23 13:33:50.602273,4,482
1879,2022-01-23 07:55:13.646432,4,711
1880,2022-01-23 19:08:19.080842,4,614
1881,2022-01-23 19:55:29.638538,4,486
1882,2022-01-23 09:01:55.575873,4,697
1883,2022-01-23 08:47:22.520093,4,545
1884,2022-01-23 18:50:20.581285,4,509
1885,2022-01-23 10:21:34.511497,4,712
1886,2022-01-23 22:05:10.604111,4,656
1887,2022-01-23 11:33:39.295892,4,447
1888,2022-01-23 12:21:45.158370,4,621
1889,2022-01-23 15:39:51.122050,4,715
1890,2022-01-23 12:40:21.209761,4,716
1891,2022-01-23 14:24:58.838912,4,717
1892,2022-01-23 13:02:27.362356,4,657
1893,2022-01-23 13:20:40.786628,4,642
1894,2022-01-23 13:30:39.787946,4,73
1895,2022-01-23 13:33:07.232020,4,718
1896,2022-01-23 14:34:40.130879,4,719
1897,2022-01-23 14:06:14.273299,4,465
1898,2022-01-23 14:25:07.463157,4,720
1899,2022-01-23 14:15:39.253771,4,721
1900,2022-01-23 14:29:50.200629,4,722
1901,2022-01-23 15:25:41.692921,4,700
1902,2022-01-23 16:12:58.673752,4,452
1903,2022-01-23 19:33:26.289274,4,723
1904,2022-01-23 16:31:30.091304,4,724
1905,2022-01-23 16:43:08.963373,4,725
1906,2022-01-23 16:49:33.441790,4,726
1907,2022-01-23 21:22:50.941779,4,730
1908,2022-01-23 21:54:06.541861,4,702
1909,2022-01-23 23:02:34.155396,4,463
1910,2022-01-24 06:09:59.867902,4,732
1911,2022-01-24 05:23:17.083235,4,587
1912,2022-01-24 18:59:18.689029,4,614
1913,2022-01-24 10:46:02.116477,4,649
1914,2022-01-24 05:48:58.853291,4,733
1915,2022-01-24 06:16:28.001297,4,734
1916,2022-01-24 12:50:36.556756,4,446
1917,2022-01-24 16:02:45.559374,4,486
1918,2022-01-24 07:55:51.609286,4,559
1919,2022-01-24 08:22:00.972484,4,570
1920,2022-01-24 08:02:33.082493,4,738
1921,2022-01-24 15:08:51.622092,4,623
1922,2022-01-24 12:25:43.235726,4,702
1923,2022-01-24 08:18:41.839294,4,266
1924,2022-01-24 08:50:26.775162,4,642
1925,2022-01-24 09:33:34.277750,4,739
1926,2022-01-24 09:52:27.158658,4,740
1927,2022-01-24 09:29:54.648232,4,717
1928,2022-01-24 11:25:08.391543,4,551
1929,2022-01-24 18:45:42.594190,4,742
1930,2022-01-24 16:42:29.325610,4,330
1931,2022-01-24 10:44:14.286179,4,744
1932,2022-01-24 23:09:16.871892,4,714
1933,2022-01-24 13:31:22.045433,4,711
1934,2022-01-24 12:48:50.184707,4,746
1935,2022-01-24 12:40:58.661183,4,73
1936,2022-01-24 12:43:59.166859,4,747
1937,2022-01-24 13:30:34.090004,4,748
1938,2022-01-24 14:47:42.417338,4,749
1939,2022-01-24 15:52:00.851329,4,699
1940,2022-01-24 14:29:27.773537,4,621
1941,2022-01-24 19:30:06.140310,4,731
1942,2022-01-24 15:38:52.592820,4,752
1943,2022-01-24 16:55:08.405968,4,515
1944,2022-01-24 17:15:09.294829,4,753
1945,2022-01-24 23:12:12.009783,4,755
1946,2022-01-24 15:57:13.793921,4,754
1947,2022-01-24 16:02:32.836954,4,756
1948,2022-01-24 17:12:33.180028,4,258
1949,2022-01-24 16:36:35.980476,4,757
1950,2022-01-24 18:24:12.066589,4,758
1951,2022-01-24 20:05:33.758685,4,276
1952,2022-01-24 18:12:15.196688,4,320
1953,2022-01-24 17:49:33.125658,4,759
1954,2022-01-24 18:48:44.218474,4,712
1955,2022-01-24 17:54:09.545640,4,760
1956,2022-01-24 18:09:47.751046,4,761
1957,2022-01-24 17:56:32.099752,4,762
1958,2022-01-24 18:06:21.502768,4,763
1959,2022-01-24 19:08:48.112234,4,487
1960,2022-01-24 18:46:07.064306,4,737
1961,2022-01-24 20:36:59.012255,4,673
1962,2022-01-24 19:12:46.966101,4,766
1963,2022-01-24 20:49:20.799104,4,767
1964,2022-01-24 20:05:05.613455,4,208
1965,2022-01-24 19:29:23.071306,4,768
1966,2022-01-24 21:06:22.711230,4,772
1967,2022-01-24 21:14:14.588190,4,342
1968,2022-01-24 21:16:11.978495,4,774
1969,2022-01-24 21:15:18.787870,4,648
1970,2022-01-24 21:16:01.350164,4,773
1971,2022-01-24 21:42:26.976791,4,586
1972,2022-01-24 22:26:49.504349,4,776
1973,2022-01-25 10:50:49.196109,4,494
1974,2022-01-25 07:00:53.906839,4,628
1975,2022-01-25 01:44:52.605412,4,342
1976,2022-01-25 09:26:03.392647,4,570
1977,2022-01-25 07:34:57.916519,4,699
1978,2022-01-25 14:17:50.060008,4,566
1979,2022-01-25 05:06:24.025202,4,777
1980,2022-01-25 12:24:58.299458,4,743
1981,2022-01-25 13:20:46.820420,4,649
1982,2022-01-25 07:17:01.794219,4,486
1983,2022-01-25 06:57:02.590112,4,778
1984,2022-01-25 19:37:46.862569,4,614
1985,2022-01-25 20:33:14.828012,4,767
1986,2022-01-25 07:54:40.050702,4,779
1987,2022-01-25 07:55:50.134517,4,446
1988,2022-01-25 07:58:07.282548,4,758
1989,2022-01-25 08:00:41.282836,4,781
1990,2022-01-25 08:19:37.374208,4,782
1991,2022-01-25 11:32:28.599991,4,623
1992,2022-01-25 08:41:41.883426,4,783
1993,2022-01-25 09:37:27.102069,4,785
1994,2022-01-25 10:18:15.755265,4,537
1995,2022-01-25 14:10:49.656362,4,330
1996,2022-01-25 10:46:26.697903,4,786
1997,2022-01-25 10:55:04.791165,4,787
1998,2022-01-25 11:03:56.174917,4,320
1999,2022-01-25 11:05:22.110469,4,621
2000,2022-01-25 11:06:48.062163,4,788
2001,2022-01-25 12:36:31.507679,4,559
2002,2022-01-25 11:28:19.052491,4,656
2003,2022-01-25 12:16:49.197256,4,241
2004,2022-01-25 12:00:17.453825,4,642
2005,2022-01-25 13:12:56.559038,4,702
2006,2022-01-25 14:00:57.349739,4,791
2007,2022-01-25 17:41:44.985956,4,790
2008,2022-01-25 14:25:16.972126,4,556
2009,2022-01-25 21:07:53.866904,4,776
2010,2022-01-25 16:11:39.414364,4,132
2011,2022-01-25 15:26:10.970527,4,792
2012,2022-01-25 20:29:09.064380,4,793
2013,2022-01-25 18:49:14.008411,4,265
2014,2022-01-25 16:09:21.018294,4,796
2015,2022-01-25 16:40:23.045484,4,798
2016,2022-01-25 18:36:53.593919,4,799
2017,2022-01-25 18:05:51.299297,4,757
2018,2022-01-25 17:04:32.214721,4,800
2019,2022-01-25 18:42:26.229130,4,363
2020,2022-01-25 17:17:14.790504,4,222
2021,2022-01-25 20:54:18.680663,4,801
2022,2022-01-25 18:51:59.983072,4,805
2023,2022-01-25 21:40:51.768739,4,690
2024,2022-01-25 20:22:54.159830,4,276
2025,2022-01-25 19:14:35.541841,4,806
2026,2022-01-25 19:29:14.960990,4,688
2027,2022-01-25 19:58:04.482700,4,807
2028,2022-01-25 22:20:55.209492,4,586
2029,2022-01-25 21:21:43.245137,4,809
2030,2022-01-25 22:24:07.211619,4,455
2031,2022-01-25 22:57:41.869151,4,731
2032,2022-01-25 22:59:08.563988,4,810
2033,2022-01-26 14:14:56.120340,4,811
2034,2022-01-26 08:00:54.140429,4,628
2035,2022-01-26 04:59:43.510602,4,276
2036,2022-01-26 06:37:28.985789,4,812
2037,2022-01-26 19:24:09.173778,4,614
2038,2022-01-26 05:19:51.030919,4,570
2039,2022-01-26 11:01:03.408697,4,649
2040,2022-01-26 13:10:39.368412,4,566
2041,2022-01-26 05:50:23.868568,4,807
2042,2022-01-26 17:46:39.653286,4,796
2043,2022-01-26 21:04:19.177052,4,446
2044,2022-01-26 10:25:39.046852,4,584
2045,2022-01-26 13:49:14.192607,4,586
2046,2022-01-26 07:54:24.960380,4,813
2047,2022-01-26 07:08:15.911686,4,97
2048,2022-01-26 07:16:18.239478,4,222
2049,2022-01-26 07:20:19.672978,4,814
2050,2022-01-26 07:25:04.203432,4,623
2051,2022-01-26 16:34:57.121705,4,790
2052,2022-01-26 14:09:39.060460,4,815
2053,2022-01-26 10:24:52.210417,4,743
2054,2022-01-26 12:33:31.477503,4,494
2055,2022-01-26 08:28:31.364939,4,73
2056,2022-01-26 13:20:29.738713,4,656
2057,2022-01-26 08:52:07.386886,4,816
2058,2022-01-26 20:27:06.820413,4,621
2059,2022-01-26 09:07:19.326786,4,817
2060,2022-01-26 09:28:54.962567,4,287
2061,2022-01-26 09:33:41.218033,4,780
2062,2022-01-26 10:03:51.982916,4,644
2063,2022-01-26 10:20:18.277684,4,537
2064,2022-01-26 10:22:57.710519,4,818
2065,2022-01-26 10:27:34.218005,4,819
2066,2022-02-26 03:28:04.861929,4,819
2067,2022-01-26 10:54:20.902134,4,642
2068,2022-01-26 11:26:26.220575,4,820
2069,2022-01-26 14:11:13.104554,4,821
2070,2022-01-26 11:42:33.717725,4,822
2071,2022-01-26 13:09:44.352498,4,823
2072,2022-01-26 13:15:40.400902,4,825
2073,2022-01-26 13:20:10.119621,4,826
2074,2022-01-26 17:33:37.300582,4,793
2075,2022-01-26 13:35:05.083813,4,827
2076,2022-01-26 17:34:00.799640,4,641
2077,2022-01-26 14:00:53.391538,4,828
2078,2022-01-26 14:45:42.988919,4,829
2079,2022-01-26 20:22:21.004473,4,830
2080,2022-01-26 16:12:22.403460,4,831
2081,2022-01-26 17:00:18.994022,4,490
2082,2022-01-26 17:35:51.216209,4,712
2083,2022-01-26 19:09:30.068858,4,833
2084,2022-01-26 18:21:30.621178,4,535
2085,2022-01-26 18:52:40.818786,4,98
2086,2022-01-26 20:08:20.859552,4,258
2087,2022-01-26 21:01:44.437880,4,767
2088,2022-01-26 19:49:39.718539,4,835
2089,2022-01-26 20:05:03.364598,4,121
2090,2022-01-26 20:51:39.414981,4,427
2091,2022-01-26 21:33:35.955142,4,836
2092,2022-01-26 21:36:30.503207,4,837
2093,2022-01-26 22:00:30.800949,4,838
2094,2022-01-26 23:41:04.410858,4,839
2095,2022-01-27 05:30:51.174668,4,628
2096,2022-01-27 04:03:51.445831,4,258
2097,2022-01-27 04:45:18.507338,4,841
2098,2022-01-27 10:18:09.959739,4,363
2099,2022-01-27 04:59:02.424585,4,842
2100,2022-01-27 11:06:13.717397,4,446
2101,2022-01-27 11:38:44.954570,4,649
2102,2022-01-27 07:13:28.956425,4,815
2103,2022-01-27 05:59:58.404167,4,796
2104,2022-01-27 14:47:02.680934,4,801
2105,2022-01-27 08:15:05.296817,4,584
2106,2022-01-27 07:56:06.246463,4,844
2107,2022-01-27 07:56:10.727590,4,335
2108,2022-01-27 10:57:24.054715,4,656
2109,2022-01-27 13:53:59.689081,4,614
2110,2022-01-27 12:24:37.190877,4,570
2111,2022-01-27 08:51:26.966428,4,101
2112,2022-01-27 09:16:44.196676,4,845
2113,2022-01-27 12:46:35.204637,4,73
2114,2022-01-27 10:01:23.307960,4,621
2115,2022-01-27 10:07:58.852501,4,847
2116,2022-01-27 14:40:03.837849,4,757
2117,2022-01-27 10:31:03.978137,4,848
2118,2022-01-27 19:23:00.419152,4,623
2119,2022-01-27 10:42:54.240668,4,850
2120,2022-01-27 20:48:43.459072,4,742
2121,2022-01-27 21:21:40.789602,4,642
2122,2022-01-27 11:04:48.059162,4,586
2123,2022-01-27 18:59:17.315934,4,851
2124,2022-01-27 13:29:52.489602,4,746
2125,2022-01-27 19:33:42.280135,4,852
2126,2022-01-27 16:01:27.386984,4,494
2127,2022-01-27 12:22:42.894942,4,132
2128,2022-01-27 14:55:42.271464,4,548
2129,2022-01-27 12:13:42.881887,4,821
2130,2022-01-27 12:19:32.199081,4,853
2131,2022-01-27 12:48:10.440545,4,854
2132,2022-01-27 19:22:17.856243,4,855
2133,2022-01-27 18:00:01.663560,4,767
2134,2022-01-27 15:06:30.561486,4,858
2135,2022-01-27 15:07:48.324218,4,276
2136,2022-01-27 15:39:59.707916,4,856
2137,2022-01-27 15:58:06.805176,4,859
2138,2022-01-27 16:46:36.802287,4,860
2139,2022-01-27 16:55:31.595436,4,553
2140,2022-01-27 19:24:27.105997,4,861
2141,2022-01-27 17:57:24.281069,4,862
2142,2022-01-27 17:36:24.024044,4,863
2143,2022-01-27 21:40:51.122332,4,121
2144,2022-01-27 19:03:29.740650,4,864
2145,2022-01-27 19:21:00.532194,4,865
2146,2022-01-27 19:22:41.148977,4,731
2147,2022-01-27 19:30:01.557745,4,866
2148,2022-01-27 20:04:47.774450,4,867
2149,2022-01-27 20:18:22.496086,4,868
2150,2022-01-27 23:33:36.964299,4,839
2151,2022-01-28 02:11:17.810527,4,628
2152,2022-01-28 01:24:39.746782,4,870
2153,2022-01-28 10:24:59.906790,4,871
2154,2022-01-28 03:51:24.645675,4,688
2155,2022-01-28 04:41:43.252202,4,566
2156,2022-01-28 05:24:55.573727,4,872
2157,2022-01-28 11:34:36.063001,4,614
2158,2022-01-28 15:36:03.701602,4,649
2159,2022-01-28 05:51:08.923217,4,97
2160,2022-01-28 06:37:28.212227,4,276
2161,2022-01-28 06:53:00.642584,4,623
2162,2022-01-28 17:33:18.022571,4,873
2163,2022-01-28 07:04:37.086254,4,222
2164,2022-01-28 07:40:23.065073,4,874
2165,2022-01-28 08:11:12.870675,4,875
2166,2022-01-28 08:04:27.475857,4,548
2167,2022-01-28 13:16:46.661313,4,446
2168,2022-01-28 18:34:33.516181,4,852
2169,2022-01-28 16:04:57.541409,4,656
2170,2022-01-28 09:09:47.860616,4,876
2171,2022-01-28 17:55:38.411374,4,877
2172,2022-01-28 10:06:07.566213,4,743
2173,2022-01-28 12:04:31.002205,4,878
2174,2022-01-28 10:34:10.011772,4,736
2175,2022-01-28 10:36:22.326508,4,880
2176,2022-01-28 10:39:27.178875,4,121
2177,2022-01-28 16:39:07.915560,4,846
2178,2022-01-28 12:22:16.769512,4,551
2179,2022-01-28 11:19:15.179535,4,807
2180,2022-01-28 14:06:04.262993,4,621
2181,2022-01-28 12:18:52.404838,4,132
2182,2022-01-28 11:50:23.095416,4,881
2183,2022-01-28 11:47:45.957304,4,882
2184,2022-01-28 11:48:20.419930,4,883
2185,2022-01-28 13:33:46.997369,4,884
2186,2022-01-28 14:18:15.054860,4,885
2187,2022-01-28 13:21:13.019851,4,886
2188,2022-01-28 12:18:05.345079,4,570
2189,2022-01-28 12:26:32.341744,4,887
2190,2022-01-28 12:34:43.854292,4,888
2191,2022-01-28 12:45:27.136400,4,889
2192,2022-01-28 13:05:00.519162,4,613
2193,2022-01-28 13:36:19.110192,4,890
2194,2022-01-28 12:57:46.793184,4,891
2195,2022-01-28 13:01:00.952858,4,604
2196,2022-01-28 13:03:43.549392,4,892
2197,2022-01-28 13:13:41.027548,4,893
2198,2022-01-28 13:33:46.464266,4,896
2199,2022-01-28 20:04:51.152868,4,363
2200,2022-01-28 14:33:33.778911,4,897
2201,2022-01-28 14:23:05.928313,4,898
2202,2022-01-28 15:49:53.408666,4,746
2203,2022-01-28 17:34:20.224128,4,899
2204,2022-01-28 15:59:28.698362,4,494
2205,2022-01-28 17:29:26.242606,4,845
2206,2022-01-28 19:36:05.876040,4,900
2207,2022-01-28 16:05:35.413443,4,790
2208,2022-01-28 17:27:23.003690,4,901
2209,2022-01-28 20:58:02.266295,4,767
2210,2022-01-28 17:03:02.923599,4,903
2211,2022-01-28 17:10:31.832276,4,345
2212,2022-01-28 21:07:23.794876,4,589
2213,2022-01-28 19:55:59.578629,4,904
2214,2022-01-28 18:52:42.431244,4,905
2215,2022-01-28 18:45:05.033514,4,258
2216,2022-01-28 19:30:37.321542,4,906
2217,2022-01-28 19:50:23.171884,4,907
2218,2022-01-28 19:54:42.425950,4,556
2219,2022-01-28 19:57:55.199000,4,908
2220,2022-01-28 21:12:41.952124,4,909
2221,2022-01-28 20:18:12.534282,4,867
2222,2022-01-28 23:01:40.239776,4,839
2223,2022-01-28 20:59:34.447889,4,509
2224,2022-01-28 21:21:16.301704,4,195
2225,2022-01-28 21:44:05.831418,4,911
2226,2022-01-28 21:56:21.381289,4,912
2227,2022-01-28 22:52:22.427335,4,913
2228,2022-01-28 23:18:47.301251,4,559
2229,2022-01-28 23:04:15.784518,4,914
2230,2022-01-28 23:44:11.614385,4,597
2231,2022-01-29 04:41:20.086186,4,551
2232,2022-01-29 10:28:17.304865,4,525
2233,2022-01-29 06:45:24.985385,4,584
2234,2022-01-29 16:39:30.571014,4,916
2235,2022-01-29 06:02:36.510118,4,915
2236,2022-01-29 13:47:50.957937,4,917
2237,2022-01-29 06:55:30.587625,4,918
2238,2022-01-29 06:54:32.416509,4,865
2239,2022-01-29 08:16:27.879833,4,158
2240,2022-01-29 20:56:23.889482,4,614
2241,2022-01-29 11:54:21.048364,4,920
2242,2022-01-29 08:44:56.955372,4,806
2243,2022-01-29 08:59:16.357821,4,921
2244,2022-01-29 09:50:09.804587,4,909
2245,2022-01-29 09:41:14.004855,4,282
2246,2022-01-29 13:04:49.276230,4,922
2247,2022-01-29 10:02:35.841616,4,923
2248,2022-01-29 20:28:44.846042,4,589
2249,2022-01-29 09:56:34.547218,4,924
2250,2022-01-29 20:18:20.024330,4,767
2251,2022-01-29 11:51:31.369423,4,925
2252,2022-01-29 11:12:19.194348,4,649
2253,2022-01-29 11:17:37.076123,4,621
2254,2022-01-29 11:25:24.798577,4,852
2255,2022-01-29 11:34:54.843253,4,926
2256,2022-01-29 12:11:08.719498,4,928
2257,2022-01-29 12:16:26.404757,4,927
2258,2022-01-29 13:34:49.604026,4,673
2259,2022-01-29 16:59:29.138581,4,559
2260,2022-01-29 13:44:04.657471,4,929
2261,2022-01-29 12:54:16.689876,4,930
2262,2022-01-29 18:53:57.062757,4,912
2263,2022-01-29 13:06:59.987582,4,132
2264,2022-01-29 13:08:23.473519,4,931
2265,2022-01-29 13:12:04.525461,4,932
2266,2022-01-29 16:03:56.529772,4,933
2267,2022-01-29 13:25:26.187320,4,934
2268,2022-01-29 15:50:12.169775,4,935
2269,2022-01-29 18:03:31.573458,4,494
2270,2022-01-29 13:44:40.735585,4,936
2271,2022-01-29 21:46:03.747775,4,363
2272,2022-01-29 14:23:20.849339,4,937
2273,2022-01-29 14:31:40.836093,4,938
2274,2022-01-29 14:32:12.830402,4,905
2275,2022-01-29 15:01:47.097021,4,939
2276,2022-01-29 15:09:54.243684,4,940
2277,2022-01-29 15:37:54.817561,4,567
2278,2022-01-29 15:55:31.195240,4,941
2279,2022-01-29 16:27:12.624653,4,846
2280,2022-01-29 16:42:35.579233,4,942
2281,2022-01-29 16:44:23.552959,4,887
2282,2022-01-29 17:55:24.948019,4,943
2283,2022-01-29 17:33:36.354960,4,873
2284,2022-01-29 17:42:01.137679,4,944
2285,2022-01-29 17:53:26.558778,4,945
2286,2022-01-29 20:31:21.452860,4,829
2287,2022-01-29 19:54:55.189646,4,946
2288,2022-01-29 18:35:13.786509,4,947
2289,2022-01-29 18:44:51.095460,4,948
2290,2022-01-29 19:31:08.208070,4,949
2291,2022-01-29 19:46:21.708973,4,899
2292,2022-01-29 19:50:20.726634,4,877
2293,2022-01-29 21:27:24.186595,4,950
2294,2022-01-29 22:08:03.555255,4,914
2295,2022-01-29 22:12:34.793655,4,951
2296,2022-01-29 23:43:17.402364,4,886
2297,2022-01-30 17:59:46.928417,4,589
2298,2022-01-30 17:33:21.822762,4,614
2299,2022-01-30 12:54:53.819228,4,952
2300,2022-01-30 07:33:01.078713,4,821
2301,2022-01-30 07:18:49.139478,4,953
2302,2022-01-30 07:32:59.911644,4,899
2303,2022-01-30 08:43:10.436754,4,914
2304,2022-01-30 16:03:45.546584,4,954
2305,2022-01-30 09:07:28.988420,4,509
2306,2022-01-30 11:47:30.869056,4,543
2307,2022-01-30 09:19:55.739314,4,956
2308,2022-01-30 09:28:49.102081,4,839
2309,2022-01-30 09:51:06.193043,4,195
2310,2022-01-30 20:53:19.819985,4,767
2311,2022-01-30 09:50:19.937252,4,957
2312,2022-01-30 17:55:52.049079,4,360
2313,2022-01-30 11:13:59.524755,4,958
2314,2022-01-30 11:39:54.632211,4,159
2315,2022-01-30 11:51:47.524760,4,583
2316,2022-01-30 12:38:15.109552,4,363
2317,2022-01-30 13:07:30.141471,4,961
2318,2022-01-30 12:48:07.744021,4,962
2319,2022-01-30 12:49:11.408562,4,649
2320,2022-01-30 12:52:18.623236,4,963
2321,2022-01-30 13:42:44.547374,4,964
2322,2022-01-30 13:03:02.507859,4,951
2323,2022-01-30 19:13:49.822380,4,556
2324,2022-01-30 13:38:34.564483,4,965
2325,2022-01-30 13:45:50.003203,4,967
2326,2022-01-30 14:23:39.668314,4,968
2327,2022-01-30 14:31:03.670272,4,149
2328,2022-01-30 14:32:28.409253,4,947
2329,2022-01-30 15:02:41.232398,4,621
2330,2022-01-30 15:56:28.561603,4,970
2331,2022-01-30 16:13:25.830638,4,501
2332,2022-01-30 15:58:11.563845,4,972
2333,2022-01-30 16:44:45.763308,4,928
2334,2022-01-30 16:45:57.241381,4,447
2335,2022-01-30 19:21:17.782516,4,974
2336,2022-01-30 18:37:23.646290,4,282
2337,2022-01-30 17:48:31.241086,4,973
2338,2022-01-30 18:27:06.935591,4,975
2339,2022-01-30 18:51:56.513046,4,977
2340,2022-01-30 19:09:03.173716,4,978
2341,2022-01-30 22:54:49.465172,4,979
2342,2022-01-30 19:47:26.901099,4,586
2343,2022-01-30 21:03:12.945176,4,980
2344,2022-01-30 19:58:46.928150,4,981
2345,2022-01-30 21:13:08.510013,4,428
2346,2022-01-30 21:54:37.142673,4,262
2347,2022-01-30 21:51:52.680442,4,982
2348,2022-01-30 22:05:35.262577,4,983
2349,2022-01-30 21:49:40.531133,4,806
2350,2022-01-30 22:21:55.440892,4,757
2351,2022-01-31 00:22:31.085606,4,984
2352,2022-01-31 00:15:45.366230,4,628
2353,2022-01-31 00:33:37.454395,4,972
2354,2022-01-31 13:08:21.881121,4,920
2355,2022-01-31 19:20:23.893784,4,614
2356,2022-01-31 06:05:03.002574,4,413
2357,2022-01-31 06:48:50.315594,4,985
2358,2022-01-31 12:17:50.183932,4,446
2359,2022-01-31 07:01:00.423327,4,986
2360,2022-01-31 12:01:28.784922,4,586
2361,2022-01-31 07:10:43.499089,4,623
2362,2022-01-31 07:36:07.753193,4,570
2363,2022-01-31 08:14:50.912089,4,886
2364,2022-01-31 08:24:10.351243,4,767
2365,2022-01-31 08:44:13.641342,4,988
2366,2022-01-31 19:12:38.896321,4,980
2367,2022-01-31 15:07:12.816064,4,494
2368,2022-01-31 11:38:09.199271,4,954
2369,2022-01-31 09:31:16.890845,4,63
2370,2022-01-31 09:40:48.099914,4,936
2371,2022-01-31 15:52:56.569722,4,207
2372,2022-01-31 12:21:00.214078,4,427
2373,2022-01-31 10:25:01.514575,4,989
2374,2022-01-31 10:45:58.214436,4,649
2375,2022-01-31 11:23:23.027767,4,990
2376,2022-01-31 11:30:00.993261,4,991
2377,2022-01-31 12:44:42.423466,4,946
2378,2022-01-31 11:56:12.324538,4,992
2379,2022-01-31 12:22:16.012015,4,852
2380,2022-01-31 13:50:41.131343,4,282
2381,2022-01-31 12:15:47.988410,4,993
2382,2022-01-31 16:15:32.478323,4,994
2383,2022-01-31 15:18:37.988183,4,515
2384,2022-01-31 15:33:19.255218,4,411
2385,2022-01-31 13:13:59.186498,4,995
2386,2022-01-31 13:20:33.560696,4,878
2387,2022-01-31 13:21:18.779613,4,898
2388,2022-01-31 13:51:51.766372,4,996
2389,2022-01-31 14:41:41.819412,4,997
2390,2022-01-31 15:01:10.983929,4,998
2391,2022-01-31 15:06:52.583473,4,132
2392,2022-01-31 15:36:21.311480,4,222
2393,2022-01-31 16:14:35.677996,4,957
2394,2022-01-31 16:41:20.782409,4,482
2395,2022-01-31 16:30:48.635536,4,1000
2396,2022-01-31 16:33:07.442399,4,1002
2397,2022-01-31 17:23:51.050904,4,1003
2398,2022-01-31 21:11:05.253764,4,589
2399,2022-01-31 17:37:52.381568,4,243
2400,2022-01-31 17:36:43.162831,4,1006
2401,2022-01-31 17:41:12.945932,4,1007
2402,2022-01-31 18:54:03.751677,4,502
2403,2022-01-31 19:46:32.986298,4,1009
2404,2022-01-31 18:39:25.649911,4,1008
2405,2022-01-31 19:00:15.302031,4,438
2406,2022-01-31 19:53:29.696075,4,1011
2407,2022-01-31 20:26:35.497106,4,1012
2408,2022-01-31 20:47:03.070332,4,891
2409,2022-01-31 19:56:27.120588,4,1013
2410,2022-01-31 20:37:38.248353,4,1014
2411,2022-01-31 21:55:29.847641,4,1015
2412,2022-02-01 09:08:05.950446,4,566
2413,2022-02-01 04:38:21.551738,4,1018
2414,2022-03-01 09:54:39.457058,4,525
2415,2022-02-01 13:22:47.265233,4,570
2416,2022-02-01 20:18:45.852157,4,589
2417,2022-02-01 05:35:56.318671,4,1019
2418,2022-02-01 13:28:54.234025,4,586
2419,2022-02-01 14:28:37.993148,4,490
2420,2022-02-01 12:56:42.751351,4,614
2421,2022-02-01 06:15:22.024405,4,883
2422,2022-02-01 06:31:45.141398,4,97
2423,2022-02-01 14:48:34.630167,4,207
2424,2022-02-01 10:07:03.860413,4,954
2425,2022-02-01 07:21:01.992729,4,829
2426,2022-02-01 09:15:55.316788,4,649
2427,2022-02-01 13:33:43.459575,4,515
2428,2022-02-01 07:54:26.095148,4,980
2429,2022-02-01 07:54:53.654769,4,1020
2430,2022-02-01 16:54:13.223225,4,1021
2431,2022-02-01 08:27:26.925679,4,1022
2432,2022-02-01 08:30:19.403994,4,1023
2433,2022-02-01 10:46:09.659107,4,494
2434,2022-02-01 09:21:58.391680,4,1026
2435,2022-02-01 09:38:38.439856,4,1027
2436,2022-02-01 09:34:18.351921,4,1025
2437,2022-02-01 09:47:26.329519,4,1028
2438,2022-02-01 21:52:42.167256,4,839
2439,2022-02-01 11:47:43.324091,4,1029
2440,2022-02-01 10:42:30.176752,4,471
2441,2022-02-01 11:01:19.811931,4,276
2442,2022-02-01 12:17:11.454081,4,1030
2443,2022-02-01 18:56:03.899592,4,1031
2444,2022-02-01 11:37:29.344749,4,846
2445,2022-02-01 11:45:55.352655,4,1032
2446,2022-02-01 12:28:49.592304,4,623
2447,2022-02-01 16:37:15.627467,4,1012
2448,2022-02-01 13:10:48.207913,4,1015
2449,2022-02-01 18:29:23.029181,4,1034
2450,2022-02-01 13:48:16.130496,4,386
2451,2022-02-01 13:39:59.160231,4,1035
2452,2022-02-01 13:43:19.163880,4,1036
2453,2022-02-01 14:14:53.313981,4,1037
2454,2022-02-01 14:19:32.482128,4,241
2455,2022-02-01 14:28:06.052954,4,1038
2456,2022-02-01 14:44:58.171139,4,1039
2457,2022-02-01 14:58:18.165611,4,1041
2458,2022-02-01 15:18:59.941688,4,1042
2459,2022-02-01 15:35:28.941982,4,1043
2460,2022-02-01 19:46:13.534496,4,1009
2461,2022-02-01 20:12:37.105723,4,438
2462,2022-02-01 16:56:39.879602,4,1044
2463,2022-02-01 17:10:11.383908,4,1045
2464,2022-02-01 18:15:32.999205,4,1004
2465,2022-02-01 17:32:40.648842,4,1046
2466,2022-02-01 17:34:02.239704,4,222
2467,2022-02-01 19:59:54.276465,4,743
2468,2022-02-01 18:16:34.469017,4,1047
2469,2022-02-01 18:23:32.237689,4,673
2470,2022-02-01 18:42:31.174483,4,1048
2471,2022-02-01 19:07:48.775604,4,1049
2472,2022-02-01 21:18:36.221362,4,1050
2473,2022-02-01 22:28:12.727629,4,1053
2474,2022-02-02 00:18:31.954320,4,121
2475,2022-02-02 08:42:52.026017,4,1054
2476,2022-02-02 08:53:39.331366,4,743
2477,2022-02-02 13:16:01.185009,4,649
2478,2022-02-02 06:29:26.399659,4,887
2479,2022-02-02 06:30:03.795451,4,1034
2480,2022-02-02 12:32:05.714459,4,570
2481,2022-02-02 06:47:09.489610,4,138
2482,2022-02-02 07:11:01.785283,4,566
2483,2022-02-02 08:28:41.132566,4,494
2484,2022-02-02 07:16:44.700516,4,1056
2485,2022-02-02 07:18:06.349869,4,989
2486,2022-02-02 15:36:22.509543,4,1057
2487,2022-02-02 19:53:53.489623,4,954
2488,2022-02-02 08:44:38.194500,4,1058
2489,2022-02-02 08:59:55.159606,4,1011
2490,2022-02-02 16:23:44.973842,4,1012
2491,2022-02-02 13:04:19.270508,4,213
2492,2022-02-02 09:35:52.632253,4,207
2493,2022-02-02 09:57:21.034399,4,621
2494,2022-02-02 13:05:55.905062,4,1061
2495,2022-02-02 10:30:52.870531,4,1062
2496,2022-02-02 23:50:26.592727,4,839
2497,2022-02-02 10:46:33.394591,4,1063
2498,2022-02-02 11:43:31.966268,4,477
2499,2022-02-02 13:31:03.888124,4,854
2500,2022-02-02 11:48:42.721839,4,1065
2501,2022-02-02 13:58:29.823775,4,550
2502,2022-02-02 12:13:30.811664,4,883
2503,2022-02-02 19:00:15.588098,4,1066
2504,2022-02-02 13:00:24.318056,4,929
2505,2022-02-02 17:52:50.619918,4,1067
2506,2022-02-02 14:37:12.943589,4,861
2507,2022-02-02 14:45:58.069444,4,1069
2508,2022-02-02 17:57:11.897691,4,515
2509,2022-02-02 18:00:23.042089,4,934
2510,2022-02-02 15:03:43.299932,4,1070
2511,2022-02-02 15:08:30.364607,4,1071
2512,2022-02-02 15:32:11.103416,4,1036
2513,2022-02-02 16:00:31.746199,4,1009
2514,2022-02-02 16:05:51.749408,4,614
2515,2022-02-02 16:49:13.200179,4,623
2516,2022-02-02 20:47:43.909277,4,502
2517,2022-02-02 17:50:14.124427,4,1072
2518,2022-02-02 17:51:25.097959,4,1073
2519,2022-02-02 17:57:36.448517,4,438
2520,2022-02-02 18:56:19.572685,4,195
2521,2022-02-02 18:15:43.068685,4,603
2522,2022-02-02 18:46:04.110504,4,1021
2523,2022-02-02 19:21:02.035932,4,1074
2524,2022-02-02 21:34:18.412612,4,1050
2525,2022-02-02 19:49:12.448925,4,1076
2526,2022-02-02 21:00:56.315032,4,1077
2527,2022-02-02 21:14:06.936641,4,1078
2528,2022-02-02 23:55:05.727548,4,742
2529,2022-02-03 14:25:07.851761,4,1030
2530,2022-02-03 04:33:49.780742,4,494
2531,2022-02-03 05:08:31.285422,4,570
2532,2022-02-03 05:00:10.189222,4,1080
2533,2022-02-03 09:51:47.247440,4,649
2534,2022-02-03 17:37:20.674826,4,614
2535,2022-02-03 12:47:36.047876,4,743
2536,2022-02-03 06:15:59.718353,4,1081
2537,2022-02-03 06:48:55.221032,4,1032
2538,2022-02-03 06:56:37.910456,4,1082
2539,2022-02-03 14:33:35.322053,4,241
2540,2022-02-03 07:53:11.589202,4,1074
2541,2022-02-03 08:25:17.678419,4,815
2542,2022-02-03 15:19:01.520415,4,954
2543,2022-02-03 16:52:39.741533,4,851
2544,2022-02-03 22:00:02.593538,4,1083
2545,2022-02-03 12:03:27.610075,4,742
2546,2022-02-03 08:35:06.106380,4,644
2547,2022-02-03 10:14:11.734453,4,1086
2548,2022-02-03 10:21:22.673929,4,240
2549,2022-02-03 10:27:45.612206,4,1087
2550,2022-02-03 20:58:16.974565,4,623
2551,2022-02-03 11:14:37.267305,4,929
2552,2022-02-03 11:31:28.714521,4,586
2553,2022-02-03 20:19:41.551426,4,589
2554,2022-02-03 13:24:39.921693,4,1089
2555,2022-02-03 13:39:42.101121,4,1012
2556,2022-02-03 13:15:27.190282,4,1090
2557,2022-02-03 13:23:27.622231,4,1091
2558,2022-02-03 13:35:03.742943,4,1061
2559,2022-02-03 13:41:08.694298,4,1092
2560,2022-02-03 22:11:33.658701,4,934
2561,2022-02-03 14:19:22.716156,4,1093
2562,2022-02-03 14:18:17.517991,4,1067
2563,2022-02-03 18:39:03.431493,4,946
2564,2022-02-03 14:32:21.025651,4,621
2565,2022-02-03 20:43:06.359313,4,1094
2566,2022-02-03 17:24:55.973858,4,502
2567,2022-02-03 15:40:26.222160,4,1095
2568,2022-02-03 15:54:26.125210,4,1009
2569,2022-02-03 15:57:52.889061,4,1015
2570,2022-02-03 16:23:02.632035,4,980
2571,2022-02-03 16:25:04.671346,4,222
2572,2022-02-03 17:28:55.781277,4,786
2573,2022-02-03 20:06:04.482375,4,556
2574,2022-02-03 17:40:33.522300,4,1096
2575,2022-02-03 18:27:55.804071,4,1097
2576,2022-02-03 20:34:45.070419,4,1050
2577,2022-02-03 19:40:45.018859,4,861
2578,2022-02-03 19:52:26.160061,4,1099
2579,2022-02-03 20:08:04.471737,4,862
2580,2022-02-03 21:05:02.429479,4,1100
2581,2022-02-03 22:10:22.384100,4,1101
2582,2022-02-03 23:28:34.105403,4,839
2583,2022-02-03 22:14:58.196384,4,1102
2584,2022-02-03 22:20:06.352413,4,1034
2585,2022-02-04 10:41:14.247458,4,839
2586,2022-02-04 01:20:26.920787,4,925
2587,2022-02-04 01:57:35.925012,4,627
2588,2022-02-04 06:10:44.639717,4,628
2589,2022-02-04 09:19:33.579260,4,570
2590,2022-02-04 08:16:21.925944,4,887
2591,2022-02-04 21:12:08.130222,4,589
2592,2022-02-04 13:59:02.996678,4,649
2593,2022-02-04 06:31:11.490418,4,1103
2594,2022-02-04 08:08:42.672417,4,815
2595,2022-02-04 07:07:06.135594,4,1104
2596,2022-02-04 07:17:30.377751,4,1032
2597,2022-02-04 13:25:49.864596,4,980
2598,2022-02-04 07:59:43.691685,4,743
2599,2022-02-04 12:40:02.764228,4,851
2600,2022-02-04 16:41:19.231583,4,614
2601,2022-02-04 08:31:53.885287,4,725
2602,2022-02-04 12:39:12.576928,4,1083
2603,2022-02-04 11:21:22.176190,4,471
2604,2022-02-04 09:15:46.940580,4,1102
2605,2022-02-04 11:26:14.767742,4,465
2606,2022-02-04 09:31:06.403813,4,1105
2607,2022-02-04 10:05:40.803609,4,316
2608,2022-02-04 10:18:43.698286,4,1106
2609,2022-02-04 11:02:40.591038,4,73
2610,2022-02-04 11:25:32.226481,4,732
2611,2022-02-04 11:51:32.659186,4,1107
2612,2022-02-04 11:56:38.384247,4,946
2613,2022-02-04 15:25:01.838601,4,515
2614,2022-02-04 13:33:20.436753,4,1012
2615,2022-02-04 12:52:52.073161,4,1109
2616,2022-02-04 13:35:14.492567,4,861
2617,2022-02-04 13:40:08.400549,4,1110
2618,2022-02-04 14:18:18.387831,4,219
2619,2022-02-04 16:42:04.136406,4,1009
2620,2022-02-04 15:22:01.141422,4,1111
2621,2022-02-04 15:26:02.138874,4,757
2622,2022-02-04 15:33:44.211578,4,1112
2623,2022-02-04 15:43:07.464991,4,222
2624,2022-02-04 16:21:45.337576,4,1113
2625,2022-02-04 23:37:50.119237,4,1114
2626,2022-02-04 17:37:06.366836,4,605
2627,2022-02-04 18:20:19.910683,4,1118
2628,2022-02-04 18:38:15.785893,4,157
2629,2022-02-04 20:05:22.459933,4,195
2630,2022-02-04 19:00:09.928546,4,223
2631,2022-02-04 18:56:50.321198,4,843
2632,2022-02-04 18:59:15.814111,4,644
2633,2022-02-04 19:10:52.821375,4,1119
2634,2022-02-04 19:30:09.263396,4,494
2635,2022-02-04 20:00:10.939355,4,1120
2636,2022-02-04 20:57:29.659579,4,1121
2637,2022-02-04 21:30:03.489955,4,1122
2638,2022-02-04 22:18:42.845251,4,463
2639,2022-02-04 22:26:02.566525,4,1123
2640,2022-02-05 02:09:16.579568,4,1124
2641,2022-02-05 04:09:33.898768,4,589
2642,2022-02-05 04:35:36.125215,4,1125
2643,2022-02-05 07:59:36.850571,4,1126
2644,2022-02-05 06:29:41.275226,4,1127
2645,2022-02-05 06:35:03.474854,4,1095
2646,2022-02-05 07:04:45.959038,4,1128
2647,2022-02-05 12:39:50.818329,4,1129
2648,2022-02-05 08:35:47.446261,4,1130
2649,2022-02-05 13:00:14.191272,4,861
2650,2022-02-05 13:01:33.905371,4,1012
2651,2022-02-05 09:25:03.646571,4,1133
2652,2022-02-05 21:32:19.930306,4,1134
2653,2022-02-05 20:51:23.442641,4,1137
2654,2022-02-05 13:56:07.314382,4,1136
2655,2022-02-05 10:43:54.734696,4,1138
2656,2022-02-05 11:12:46.828619,4,1021
2657,2022-02-05 17:59:59.163398,4,1083
2658,2022-02-05 14:16:10.215844,4,673
2659,2022-02-05 13:01:08.282618,4,1139
2660,2022-02-05 13:54:36.554238,4,1140
2661,2022-02-05 12:51:31.681512,4,767
2662,2022-02-05 13:00:45.435914,4,559
2663,2022-02-05 22:09:42.147683,4,1141
2664,2022-02-05 13:35:39.054440,4,1143
2665,2022-02-05 13:39:08.731196,4,1142
2666,2022-02-05 13:39:19.604040,4,1144
2667,2022-02-05 13:42:39.806614,4,621
2668,2022-02-05 14:31:55.964927,4,1090
2669,2022-02-05 14:53:11.468589,4,1145
2670,2022-02-05 21:19:49.307840,4,1120
2671,2022-02-05 14:20:12.565310,4,1146
2672,2022-02-05 14:26:03.904446,4,1147
2673,2022-02-05 14:30:23.481651,4,1148
2674,2022-02-05 14:49:19.796183,4,1104
2675,2022-02-05 15:36:23.405142,4,1149
2676,2022-02-05 15:24:38.899321,4,1150
2677,2022-02-05 17:00:01.867572,4,556
2678,2022-02-05 18:40:00.137683,4,1107
2679,2022-02-05 15:58:15.194483,4,737
2680,2022-02-05 16:05:12.931396,4,1151
2681,2022-02-05 16:06:45.511638,4,649
2682,2022-02-05 16:35:33.091570,4,223
2683,2022-02-05 18:41:00.747400,4,1152
2684,2022-02-05 17:43:43.396925,4,1153
2685,2022-02-05 18:23:24.803909,4,1015
2686,2022-02-05 19:17:27.599523,4,1154
2687,2022-02-05 18:43:07.091735,4,1156
2688,2022-02-05 19:17:11.567749,4,1157
2689,2022-02-05 19:31:19.087142,4,1158
2690,2022-02-05 20:15:49.791012,4,1159
2691,2022-02-05 19:55:20.112640,4,195
2692,2022-02-05 19:58:59.905438,4,258
2693,2022-02-05 20:05:27.802755,4,719
2694,2022-02-05 21:17:15.977453,4,1094
2695,2022-02-05 22:03:53.837637,4,1161
2696,2022-02-05 22:53:07.266626,4,1162
2697,2022-02-05 23:25:49.397200,4,1102
2698,2022-02-06 10:25:36.859764,4,559
2699,2022-02-06 10:19:54.418321,4,1163
2700,2022-02-06 07:06:33.389861,4,1164
2701,2022-02-06 13:38:40.377972,4,1012
2702,2022-02-06 15:21:16.934040,4,861
2703,2022-02-06 08:28:35.316745,4,934
2704,2022-02-06 22:10:31.200487,4,1120
2705,2022-02-06 21:55:45.100968,4,1141
2706,2022-02-06 15:44:22.786745,4,649
2707,2022-02-06 19:11:38.791976,4,1137
2708,2022-02-06 12:42:17.293707,4,767
2709,2022-02-06 10:49:16.091353,4,1165
2710,2022-02-06 11:59:18.653725,4,1077
2711,2022-02-06 18:01:45.330928,4,1166
2712,2022-02-06 11:36:30.755377,4,1167
2713,2022-02-06 11:42:35.446131,4,1169
2714,2022-02-06 12:12:04.927777,4,614
2715,2022-02-06 12:38:40.201701,4,364
2716,2022-02-06 18:27:52.631862,4,258
2717,2022-02-06 12:32:16.758039,4,534
2718,2022-02-06 12:40:07.371982,4,1171
2719,2022-02-06 12:44:59.705536,4,1170
2720,2022-02-06 12:51:35.333465,4,1172
2721,2022-02-06 12:52:46.093723,4,1107
2722,2022-02-06 13:23:31.208729,4,1095
2723,2022-02-06 17:23:15.692666,4,1173
2724,2022-02-06 14:43:44.188074,4,839
2725,2022-02-06 14:49:20.069146,4,1174
2726,2022-02-06 17:06:28.176357,4,1090
2727,2022-02-06 15:58:41.268036,4,1175
2728,2022-02-06 16:02:19.728692,4,1043
2729,2022-02-06 16:15:59.844384,4,132
2730,2022-02-06 16:34:30.785877,4,978
2731,2022-02-06 17:05:41.169507,4,1176
2732,2022-02-06 23:49:47.791267,4,1177
2733,2022-02-06 18:48:37.686047,4,673
2734,2022-02-06 18:39:27.436128,4,1178
2735,2022-02-06 18:34:02.243960,4,1179
2736,2022-02-06 18:53:59.710456,4,1009
2737,2022-02-06 19:40:35.792315,4,763
2738,2022-02-06 19:58:21.558013,4,1181
2739,2022-02-06 20:04:19.313143,4,1183
2740,2022-02-06 20:08:41.347532,4,1015
2741,2022-02-06 20:36:49.119322,4,1184
2742,2022-02-06 22:49:53.618010,4,1185
2743,2022-02-06 21:58:51.872537,4,1186
2744,2022-02-06 23:18:15.620147,4,1106
2745,2022-02-06 23:10:13.468278,4,1187
2746,2022-02-07 12:28:31.039672,4,628
2747,2022-02-07 01:31:22.258900,4,1177
2748,2022-02-07 02:10:21.452727,4,1188
2749,2022-02-07 05:13:53.304500,4,570
2750,2022-02-07 04:55:12.731401,4,1192
2751,2022-02-07 05:08:58.838295,4,1193
2752,2022-02-07 11:07:38.324076,4,649
2753,2022-02-07 11:18:38.385278,4,1194
2754,2022-02-07 06:07:54.637402,4,511
2755,2022-02-07 07:28:11.960651,4,490
2756,2022-02-07 22:16:39.396734,4,586
2757,2022-02-07 14:13:13.211045,4,559
2758,2022-02-07 07:38:46.650222,4,1195
2759,2022-02-07 09:23:02.616205,4,1196
2760,2022-02-07 10:52:01.943522,4,1137
2761,2022-02-07 14:30:41.669683,4,1012
2762,2022-02-07 16:26:34.544589,4,73
2763,2022-02-07 17:38:01.909150,4,961
2764,2022-02-07 07:41:35.067070,4,1197
2765,2022-02-07 20:23:46.932613,4,1120
2766,2022-02-07 08:10:21.446532,4,387
2767,2022-02-07 08:10:41.203305,4,815
2768,2022-02-07 15:23:57.045342,4,1015
2769,2022-02-07 08:54:30.415284,4,1198
2770,2022-02-07 13:15:02.511281,4,386
2771,2022-02-07 09:29:01.239748,4,589
2772,2022-02-07 09:45:51.655463,4,1199
2773,2022-02-07 16:07:57.589224,4,1185
2774,2022-02-07 11:59:53.300926,4,1200
2775,2022-02-07 12:28:46.000911,4,1201
2776,2022-02-07 20:35:30.526011,4,1202
2777,2022-02-07 13:04:24.688350,4,1140
2778,2022-02-07 13:10:52.177532,4,243
2779,2022-02-07 13:27:53.995151,4,446
2780,2022-02-07 14:00:51.204588,4,1172
2781,2022-02-07 14:20:10.220115,4,1107
2782,2022-02-07 14:01:59.679226,4,1203
2783,2022-02-07 14:07:01.449870,4,1204
2784,2022-02-07 14:11:28.389505,4,1205
2785,2022-02-07 20:26:42.419031,4,1050
2786,2022-02-07 14:47:45.949633,4,572
2787,2022-02-07 20:23:37.228391,4,1141
2788,2022-02-07 16:02:30.097530,4,1206
2789,2022-02-07 15:44:06.166834,4,1207
2790,2022-02-07 15:44:33.224434,4,821
2791,2022-02-07 15:51:23.137922,4,1208
2792,2022-02-07 21:54:17.305995,4,1021
2793,2022-02-07 22:13:26.073137,4,1209
2794,2022-02-07 16:51:31.115001,4,1210
2795,2022-02-07 18:04:59.138008,4,258
2796,2022-02-07 17:05:49.881194,4,1211
2797,2022-02-07 17:27:22.966207,4,213
2798,2022-02-07 18:11:18.135268,4,1212
2799,2022-02-07 19:37:36.422325,4,766
2800,2022-02-07 17:38:18.320127,4,1213
2801,2022-02-07 18:17:47.048913,4,989
2802,2022-02-07 18:29:37.789124,4,890
2803,2022-02-07 18:56:08.813133,4,1217
2804,2022-02-07 18:46:26.396281,4,527
2805,2022-02-07 19:27:25.266863,4,240
2806,2022-02-07 19:25:23.233997,4,1218
2807,2022-02-07 19:55:57.161012,4,1219
2808,2022-02-07 20:02:54.634291,4,1220
2809,2022-02-07 20:25:38.905690,4,1166
2810,2022-02-07 21:27:35.280568,4,838
2811,2022-02-07 22:01:22.840311,4,1223
2812,2022-02-07 22:05:18.016078,4,1225
2813,2022-02-07 22:17:12.675809,4,839
2814,2022-02-08 00:10:47.114539,4,1227
2815,2022-02-08 01:31:24.896726,4,1228
2816,2022-02-08 05:28:27.462194,4,1230
2817,2022-02-08 04:22:17.562376,4,258
2818,2022-02-08 08:04:52.947647,4,628
2819,2022-02-08 09:07:53.777189,4,649
2820,2022-02-08 10:45:02.007617,4,97
2821,2022-02-08 05:51:30.260580,4,1231
2822,2022-02-08 06:31:10.935931,4,1232
2823,2022-02-08 11:33:58.177434,4,1194
2824,2022-02-08 07:03:38.391079,4,1233
2825,2022-02-08 07:22:33.903561,4,1234
2826,2022-02-08 07:13:43.312164,4,1030
2827,2022-02-08 21:21:56.922813,4,1185
2828,2022-02-08 14:24:20.036625,4,1209
2829,2022-02-08 21:58:00.515732,4,73
2830,2022-02-08 08:42:07.818686,4,368
2831,2022-02-08 08:42:09.162870,4,815
2832,2022-02-08 08:12:46.076345,4,586
2833,2022-02-08 08:34:21.473166,4,316
2834,2022-02-08 09:03:18.116394,4,623
2835,2022-02-08 08:27:06.616674,4,1235
2836,2022-02-08 08:33:09.373027,4,1120
2837,2022-02-08 10:33:26.594910,4,1077
2838,2022-02-08 20:17:06.242004,4,1236
2839,2022-02-08 10:02:12.553557,4,1237
2840,2022-02-08 10:16:02.573552,4,554
2841,2022-02-08 11:02:40.351018,4,551
2842,2022-02-08 15:08:44.244016,4,1239
2843,2022-02-08 10:36:18.734908,4,1238
2844,2022-02-08 10:38:06.553226,4,1240
2845,2022-02-08 11:07:37.023743,4,1241
2846,2022-02-08 12:03:09.878285,4,1242
2847,2022-02-08 11:36:00.176992,4,1203
2848,2022-02-08 12:22:03.239164,4,363
2849,2022-02-08 12:30:56.785210,4,1090
2850,2022-02-08 12:46:27.755440,4,1243
2851,2022-02-08 18:59:22.297453,4,222
2852,2022-02-08 13:08:00.793575,4,1244
2853,2022-02-08 13:28:10.116697,4,1245
2854,2022-02-08 13:58:58.634935,4,1246
2855,2022-02-08 13:43:38.415512,4,1183
2856,2022-02-08 14:18:26.924791,4,1247
2857,2022-02-08 17:35:59.992124,4,50
2858,2022-02-08 18:29:34.582292,4,1107
2859,2022-02-08 17:10:48.792461,4,590
2860,2022-02-08 17:29:51.565500,4,1150
2861,2022-02-08 17:38:40.658422,4,1251
2862,2022-02-08 17:54:26.823177,4,184
2863,2022-02-08 18:47:07.469703,4,219
2864,2022-02-08 17:57:33.787670,4,1252
2865,2022-02-08 18:20:55.194984,4,767
2866,2022-02-08 18:23:33.725901,4,1015
2867,2022-02-08 19:39:41.400145,4,172
2868,2022-02-08 19:34:13.959631,4,852
2869,2022-02-08 20:35:37.656620,4,503
2870,2022-02-08 19:39:44.689890,4,1197
2871,2022-02-08 20:17:36.015377,4,1009
2872,2022-02-08 20:18:55.882522,4,1253
2873,2022-02-08 20:25:11.518849,4,1254
2874,2022-02-08 20:21:12.081281,4,1255
2875,2022-02-08 20:25:39.053468,4,121
2876,2022-02-08 21:05:14.310695,4,719
2877,2022-02-08 21:57:39.458789,4,63
2878,2022-02-08 21:30:39.913449,4,157
2879,2022-02-08 21:50:04.419734,4,559
2880,2022-02-08 22:09:28.729574,4,43
2881,2022-02-08 23:12:10.873257,4,1258
2882,2022-02-09 00:31:12.631498,4,628
2883,2022-02-09 04:45:30.565671,4,1194
2884,2022-02-09 07:17:14.362039,4,1259
2885,2022-02-09 05:18:01.868332,4,1260
2886,2022-02-09 13:50:06.266480,4,1261
2887,2022-02-09 15:34:49.884507,4,368
2888,2022-02-09 06:06:36.417622,4,569
2889,2022-02-09 17:19:19.502103,4,276
2890,2022-02-09 06:23:05.481264,4,1185
2891,2022-02-09 15:07:11.342354,4,1256
2892,2022-02-09 06:36:17.512824,4,559
2893,2022-02-09 15:50:00.225218,4,1262
2894,2022-02-09 06:54:09.951117,4,184
2895,2022-02-09 07:57:17.971284,4,1263
2896,2022-02-09 08:04:39.550019,4,1264
2897,2022-02-09 14:03:16.296110,4,73
2898,2022-02-09 12:56:25.749404,4,623
2899,2022-02-09 11:58:56.025235,4,287
2900,2022-02-09 12:25:22.963442,4,50
2901,2022-02-09 09:50:42.250409,4,503
2902,2022-02-09 10:11:56.305034,4,386
2903,2022-02-09 10:18:56.553114,4,1012
2904,2022-02-09 10:45:15.728434,4,1266
2905,2022-02-09 11:10:07.021897,4,1267
2906,2022-02-09 20:07:33.551597,4,1268
2907,2022-02-09 12:26:18.823322,4,1269
2908,2022-02-09 11:46:52.049724,4,1270
2909,2022-02-09 12:27:20.225779,4,1107
2910,2022-02-09 12:13:48.836063,4,934
2911,2022-02-09 16:20:30.680939,4,649
2912,2022-02-09 12:34:06.186252,4,1273
2913,2022-02-09 13:15:06.186825,4,1274
2914,2022-02-09 13:15:34.258732,4,294
2915,2022-02-09 13:02:44.696746,4,908
2916,2022-02-09 14:30:53.848899,4,1120
2917,2022-02-09 15:47:36.127442,4,954
2918,2022-02-09 15:30:05.876751,4,1279
2919,2022-02-09 16:46:10.162447,4,786
2920,2022-02-09 15:53:16.126189,4,1280
2921,2022-02-09 16:40:58.844842,4,605
2922,2022-02-09 16:54:05.332377,4,1281
2923,2022-02-09 19:55:43.602985,4,258
2924,2022-02-09 20:48:16.711451,4,256
2925,2022-02-09 19:50:02.672781,4,1283
2926,2022-02-09 20:16:30.431333,4,457
2927,2022-02-09 18:17:36.292603,4,1015
2928,2022-02-09 18:42:13.479963,4,1284
2929,2022-02-09 18:54:22.023509,4,1285
2930,2022-02-09 20:59:35.895755,4,634
2931,2022-02-09 20:17:45.771486,4,1286
2932,2022-02-09 20:07:35.301787,4,1287
2933,2022-02-09 22:10:00.555888,4,1288
2934,2022-02-09 22:13:18.213500,4,1290
2935,2022-02-09 23:09:54.328756,4,1291
2936,2022-02-10 02:00:19.316673,4,1292
2937,2022-02-10 21:08:21.304757,4,258
2938,2022-02-10 06:43:23.701701,4,97
2939,2022-02-10 06:08:41.315021,4,1262
2940,2022-02-10 21:10:23.656954,4,1294
2941,2022-02-10 07:05:45.901078,4,1295
2942,2022-02-10 07:16:08.586132,4,954
2943,2022-02-10 07:26:33.473184,4,570
2944,2022-02-10 16:45:45.143916,4,73
2945,2022-02-10 07:30:02.365236,4,725
2946,2022-02-10 14:44:09.934691,4,1296
2947,2022-02-10 08:09:50.824763,4,792
2948,2022-02-10 17:54:10.388912,4,1090
2949,2022-02-10 08:42:41.624987,4,851
2950,2022-02-10 17:45:05.568245,4,1297
2951,2022-02-10 11:01:45.486579,4,1299
2952,2022-02-10 11:15:30.576667,4,1300
2953,2022-02-10 09:28:32.838785,4,1286
2954,2022-02-10 13:09:29.139417,4,287
2955,2022-02-10 09:46:51.183460,4,1301
2956,2022-02-10 09:54:06.026930,4,1209
2957,2022-02-10 17:48:16.138199,4,1214
2958,2022-02-10 14:22:18.074637,4,1012
2959,2022-02-10 12:08:23.777026,4,1302
2960,2022-02-10 11:23:45.261659,4,1303
2961,2022-02-10 12:02:05.276620,4,1304
2962,2022-02-10 12:07:25.757173,4,1305
2963,2022-02-10 12:36:05.137362,4,1307
2964,2022-02-10 12:39:16.988586,4,649
2965,2022-02-10 13:08:51.092483,4,1308
2966,2022-02-10 13:19:30.537556,4,1309
2967,2022-02-10 13:30:00.809012,4,589
2968,2022-02-10 14:05:05.926235,4,1310
2969,2022-02-10 15:31:40.112484,4,527
2970,2022-02-10 15:37:50.192247,4,1311
2971,2022-02-10 19:30:19.972461,4,1194
2972,2022-02-10 15:33:31.342828,4,1312
2973,2022-02-10 15:49:32.230263,4,222
2974,2022-02-10 17:06:06.019980,4,1314
2975,2022-02-10 16:31:40.077405,4,1313
2976,2022-02-10 17:01:09.982905,4,1315
2977,2022-02-10 17:36:48.802374,4,1256
2978,2022-02-10 17:37:03.985074,4,989
2979,2022-02-10 17:50:16.879136,4,1318
2980,2022-02-10 17:51:41.418596,4,1319
2981,2022-02-10 18:03:22.647700,4,1320
2982,2022-02-10 18:13:46.116764,4,1321
2983,2022-02-10 18:23:22.621685,4,1235
2984,2022-02-10 19:13:52.835933,4,543
2985,2022-02-10 18:29:32.184766,4,1015
2986,2022-02-10 19:01:57.236290,4,1322
2987,2022-02-10 19:02:23.088287,4,1323
2988,2022-02-10 21:30:19.842121,4,1324
2989,2022-02-10 19:20:22.790478,4,1325
2990,2022-02-10 19:46:24.684058,4,1326
2991,2022-02-10 19:59:25.865990,4,1327
2992,2022-02-10 20:33:53.280610,4,605
2993,2022-02-10 20:59:01.080689,4,1328
2994,2022-02-10 21:20:03.846211,4,839
2995,2022-02-10 21:48:52.759212,4,1288
2996,2022-02-10 21:55:19.015435,4,1329
2997,2022-02-10 21:56:32.019249,4,1330
2998,2022-02-10 22:14:56.913972,4,1331
2999,2022-02-10 23:06:04.169206,4,1332
3000,2022-02-11 04:05:30.560846,4,444
3001,2022-02-11 06:40:32.358135,4,1318
3002,2022-02-11 04:43:00.614344,4,258
3003,2022-02-11 05:21:29.216861,4,1333
3004,2022-02-11 05:43:28.585960,4,1334
3005,2022-02-11 05:14:38.621819,4,1061
3006,2022-02-11 05:36:21.267350,4,1335
3007,2022-02-11 07:22:52.083746,4,649
3008,2022-02-11 07:18:18.146610,4,1336
3009,2022-02-11 16:11:28.388710,4,1012
3010,2022-02-11 09:46:19.590235,4,1297
3011,2022-02-11 07:49:38.654379,4,1040
3012,2022-02-11 10:05:12.573129,4,73
3013,2022-02-11 08:03:22.016633,4,1337
3014,2022-02-11 17:10:22.176425,4,742
3015,2022-02-11 09:40:13.012345,4,1338
3016,2022-02-11 14:23:08.797186,4,494
3017,2022-02-11 17:33:51.666880,4,880
3018,2022-02-11 09:01:38.236331,4,1194
3019,2022-02-11 09:21:54.233124,4,1340
3020,2022-02-11 09:53:47.514864,4,1341
3021,2022-02-11 09:57:47.366477,4,1342
3022,2022-02-11 18:37:34.013029,4,605
3023,2022-02-11 16:16:37.564760,4,543
3024,2022-02-11 10:32:06.694740,4,1344
3025,2022-02-11 11:36:02.528159,4,776
3026,2022-02-11 11:01:24.742566,4,1346
3027,2022-02-11 16:15:15.180730,4,1347
3028,2022-02-11 13:22:51.680789,4,1329
3029,2022-02-11 12:01:06.656197,4,1348
3030,2022-02-11 17:13:21.127320,4,1090
3031,2022-02-11 12:15:59.842566,4,1350
3032,2022-02-11 12:30:28.550484,4,1309
3033,2022-02-11 12:57:13.288501,4,1352
3034,2022-02-11 13:15:22.754559,4,1353
3035,2022-02-11 19:44:24.798326,4,1356
3036,2022-02-11 23:36:37.835472,4,1357
3037,2022-02-11 14:13:54.275238,4,1358
3038,2022-02-11 14:57:38.714783,4,1359
3039,2022-02-11 15:01:28.461689,4,589
3040,2022-02-11 15:17:04.314260,4,1360
3041,2022-02-11 15:18:48.195389,4,1184
3042,2022-02-11 18:24:05.243055,4,1107
3043,2022-02-11 21:41:10.513292,4,1294
3044,2022-02-11 18:36:42.687182,4,1361
3045,2022-02-11 22:28:39.911711,4,1362
3046,2022-02-11 16:51:50.468289,4,1363
3047,2022-02-11 18:32:04.860079,4,1364
3048,2022-02-11 17:07:07.858167,4,1365
3049,2022-02-11 17:11:33.029374,4,1366
3050,2022-02-11 19:53:19.302695,4,363
3051,2022-02-11 17:20:39.873834,4,1355
3052,2022-02-11 20:37:28.065734,4,1009
3053,2022-02-11 18:16:58.534317,4,1367
3054,2022-02-11 19:20:15.835524,4,891
3055,2022-02-11 18:44:59.782265,4,181
3056,2022-02-11 18:26:54.578074,4,1368
3057,2022-02-11 19:05:34.215441,4,1369
3058,2022-02-11 21:25:31.951476,4,1030
3059,2022-02-11 19:09:57.540755,4,1370
3060,2022-02-11 21:08:09.927959,4,1015
3061,2022-02-11 21:18:48.841939,4,1371
3062,2022-02-11 19:42:48.455077,4,1372
3063,2022-02-11 20:19:20.981249,4,364
3064,2022-02-11 21:36:27.283452,4,293
3065,2022-02-11 21:44:51.752406,4,1373
3066,2022-02-11 21:46:20.876894,4,128
3067,2022-02-11 22:41:57.686401,4,1374
3068,2022-02-11 23:17:51.385345,4,1375
3069,2022-02-12 17:52:30.542212,4,1090
3070,2022-02-12 15:30:41.065230,4,1369
3071,2022-02-12 05:35:31.551469,4,1376
3072,2022-02-12 06:30:22.174125,4,1377
3073,2022-02-12 06:38:13.146757,4,1378
3074,2022-02-12 12:47:03.500256,4,1362
3075,2022-02-12 16:46:53.689379,4,954
3076,2022-02-12 07:58:29.286229,4,1315
3077,2022-02-12 08:34:49.539989,4,1379
3078,2022-02-12 20:57:35.787862,4,1218
3079,2022-02-12 08:17:52.096114,4,446
3080,2022-02-12 09:32:44.381014,4,1361
3081,2022-02-12 08:38:51.888991,4,219
3082,2022-02-12 15:17:08.183293,4,1380
3083,2022-02-12 08:46:44.364309,4,1015
3084,2022-02-12 09:06:25.602949,4,892
3085,2022-02-12 09:26:45.219270,4,1382
3086,2022-02-12 09:50:02.222127,4,1383
3087,2022-02-12 17:55:45.085020,4,1009
3088,2022-02-12 17:49:17.849865,4,605
3089,2022-02-12 09:53:06.835692,4,1384
3090,2022-02-12 09:59:35.232482,4,132
3091,2022-02-12 10:56:35.949973,4,1387
3092,2022-02-12 11:43:20.882261,4,821
3093,2022-02-12 10:59:17.356232,4,211
3094,2022-02-12 11:54:13.246779,4,1003
3095,2022-02-12 11:59:47.042541,4,101
3096,2022-02-12 11:50:04.816225,4,1235
3097,2022-02-12 11:52:23.381938,4,394
3098,2022-02-12 11:55:59.281381,4,1388
3099,2022-02-12 19:52:59.511703,4,1294
3100,2022-02-12 12:54:15.440885,4,1390
3101,2022-02-12 13:34:38.025628,4,1004
3102,2022-02-12 13:35:16.311737,4,1373
3103,2022-02-12 13:48:14.877617,4,1392
3104,2022-02-12 13:53:58.222488,4,1393
3105,2022-02-12 18:05:07.776119,4,1395
3106,2022-02-12 14:34:59.180658,4,1396
3107,2022-02-12 14:49:34.660886,4,543
3108,2022-02-12 15:04:18.719580,4,1397
3109,2022-02-12 15:19:08.594365,4,379
3110,2022-02-12 15:29:39.505678,4,1399
3111,2022-02-12 15:32:48.118127,4,1398
3112,2022-02-12 15:46:53.649599,4,1400
3113,2022-02-12 20:41:18.347517,4,1401
3114,2022-02-12 21:51:07.365139,4,218
3115,2022-02-12 17:33:11.966046,4,1403
3116,2022-02-12 17:22:00.385289,4,1404
3117,2022-02-12 17:28:12.173169,4,1405
3118,2022-02-12 17:28:33.825323,4,1406
3119,2022-02-12 21:51:40.242448,4,1409
3120,2022-02-12 17:42:24.620304,4,438
3121,2022-02-12 18:03:53.124672,4,422
3122,2022-02-12 18:40:36.176477,4,1194
3123,2022-02-12 18:52:23.010894,4,1410
3124,2022-02-12 19:17:01.559987,4,1412
3125,2022-02-12 20:12:39.788468,4,1414
3126,2022-02-12 20:35:43.517582,4,1255
3127,2022-02-12 20:54:25.904305,4,427
3128,2022-02-12 22:10:29.627061,4,421
3129,2022-02-12 23:04:38.642123,4,1415
3130,2022-02-13 12:45:19.716392,4,605
3131,2022-02-13 05:47:41.976553,4,1416
3132,2022-02-13 10:25:59.365241,4,649
3133,2022-02-13 06:21:45.055748,4,1417
3134,2022-02-13 07:37:13.330027,4,1418
3135,2022-02-13 13:57:27.235425,4,1403
3136,2022-02-13 12:45:51.314612,4,954
3137,2022-02-13 08:10:35.183567,4,1361
3138,2022-02-13 21:13:36.893155,4,421
3139,2022-02-13 20:32:31.046781,4,1294
3140,2022-02-13 08:30:10.930090,4,98
3141,2022-02-13 16:23:30.627937,4,258
3142,2022-02-13 08:32:05.711151,4,218
3143,2022-02-13 18:58:35.552695,4,934
3144,2022-02-13 11:30:59.730916,4,1405
3145,2022-02-13 15:01:04.102205,4,1009
3146,2022-02-13 12:51:18.860727,4,1380
3147,2022-02-13 10:35:07.451524,4,250
3148,2022-02-13 11:17:01.482765,4,1288
3149,2022-02-13 11:25:13.276327,4,1420
3150,2022-02-13 11:27:51.262121,4,1404
3151,2022-02-13 12:55:31.432129,4,320
3152,2022-02-13 12:06:07.192964,4,1030
3153,2022-02-13 12:19:30.317659,4,1421
3154,2022-02-13 14:00:29.097299,4,444
3155,2022-02-13 19:37:20.119275,4,732
3156,2022-02-13 13:40:14.974271,4,1423
3157,2022-02-13 12:52:24.309080,4,737
3158,2022-02-13 15:01:44.330781,4,1424
3159,2022-02-13 13:10:45.174197,4,1425
3160,2022-02-13 19:37:20.694384,4,1426
3161,2022-02-13 23:33:53.538360,4,1427
3162,2022-02-13 13:27:30.582368,4,522
3163,2022-02-13 15:51:47.659964,4,422
3164,2022-02-13 22:24:04.541577,4,438
3165,2022-02-13 14:38:26.558552,4,1360
3166,2022-02-13 15:32:31.150443,4,543
3167,2022-02-13 13:32:10.398058,4,1429
3168,2022-02-13 16:05:08.795987,4,923
3169,2022-02-13 13:39:34.584929,4,1430
3170,2022-02-13 14:27:26.899760,4,1431
3171,2022-02-13 13:56:19.622068,4,1432
3172,2022-02-13 14:04:38.571726,4,1433
3173,2022-02-13 14:14:49.862710,4,1434
3174,2022-02-13 16:54:15.370368,4,1435
3175,2022-02-13 19:27:24.186450,4,1015
3176,2022-02-13 16:03:44.887431,4,1436
3177,2022-02-13 14:20:59.200218,4,163
3178,2022-02-13 16:00:51.509937,4,1437
3179,2022-02-13 20:42:47.551377,4,1438
3180,2022-02-13 19:01:17.654527,4,1203
3181,2022-02-13 21:50:06.541218,4,1439
3182,2022-02-13 14:37:55.727888,4,1396
3183,2022-02-13 16:18:55.121593,4,1440
3184,2022-02-13 19:36:34.082855,4,1441
3185,2022-02-13 17:35:04.209583,4,1442
3186,2022-02-13 19:31:43.956896,4,1443
3187,2022-02-13 15:07:43.514545,4,1444
3188,2022-02-13 15:42:41.540712,4,1445
3189,2022-02-13 15:17:47.455415,4,1194
3190,2022-02-13 15:58:03.642827,4,1446
3191,2022-02-13 16:17:25.201967,4,1447
3192,2022-02-13 20:35:50.618584,4,861
3193,2022-02-13 17:38:47.627489,4,1448
3194,2022-02-13 17:41:35.506594,4,742
3195,2022-02-13 17:48:16.726024,4,1398
3196,2022-02-13 18:24:02.691901,4,1449
3197,2022-02-13 18:25:56.633951,4,316
3198,2022-02-13 18:50:09.761788,4,158
3199,2022-02-13 18:40:38.568307,4,1450
3200,2022-02-13 20:19:17.602969,4,589
3201,2022-02-13 19:37:35.669596,4,494
3202,2022-02-13 19:49:41.705224,4,1175
3203,2022-02-13 20:19:45.471550,4,1451
3204,2022-02-13 20:02:33.703184,4,1452
3205,2022-02-13 20:06:55.507219,4,1453
3206,2022-02-13 20:19:37.014962,4,63
3207,2022-02-13 21:22:20.296728,4,1454
3208,2022-02-13 20:38:04.404020,4,1455
3209,2022-02-13 20:58:47.301093,4,1456
3210,2022-02-13 22:20:49.136910,4,1457
3211,2022-02-13 22:50:36.690867,4,1459
3212,2022-02-13 23:00:04.551233,4,1458
3213,2022-02-14 00:09:17.739689,4,732
3214,2022-02-14 00:16:06.846286,4,1460
3215,2022-02-14 16:59:25.945267,4,1444
3216,2022-02-14 05:33:37.936920,4,624
3217,2022-02-14 11:14:14.048745,4,605
3218,2022-02-14 07:49:35.625636,4,743
3219,2022-02-14 05:15:51.035161,4,444
3220,2022-02-14 05:32:26.317166,4,589
3221,2022-02-14 06:06:46.348982,4,1454
3222,2022-02-14 06:13:39.005163,4,1318
3223,2022-02-14 06:20:11.844484,4,1462
3224,2022-02-14 06:22:32.490591,4,316
3225,2022-02-14 15:49:18.086543,4,1427
3226,2022-02-14 09:16:51.733869,4,1107
3227,2022-02-14 06:50:30.122562,4,1451
3228,2022-02-14 06:45:05.449725,4,121
3229,2022-02-14 11:37:47.451253,4,954
3230,2022-02-14 10:04:26.776393,4,570
3231,2022-02-14 07:22:35.096604,4,821
3232,2022-02-14 07:23:01.198596,4,1352
3233,2022-02-14 07:07:14.061685,4,1464
3234,2022-02-14 07:18:49.163035,4,158
3235,2022-02-14 07:32:56.281223,4,586
3236,2022-02-14 19:38:51.944568,4,1466
3237,2022-02-14 07:38:01.971470,4,1447
3238,2022-02-14 07:53:35.454210,4,1467
3239,2022-02-14 07:58:50.785932,4,1455
3240,2022-02-14 08:02:30.017124,4,779
3241,2022-02-14 08:03:33.715193,4,73
3242,2022-02-14 14:58:19.647697,4,63
3243,2022-02-14 08:06:13.415481,4,1468
3244,2022-02-14 11:17:14.976581,4,649
3245,2022-02-14 11:51:06.897180,4,163
3246,2022-02-14 09:06:58.559910,4,1431
3247,2022-02-14 21:07:00.667988,4,1469
3248,2022-02-14 08:58:01.798322,4,438
3249,2022-02-14 09:35:16.518063,4,1470
3250,2022-02-14 09:51:29.472003,4,1471
3251,2022-02-14 17:18:06.259094,4,1472
3252,2022-02-14 10:26:27.524903,4,1436
3253,2022-02-14 15:01:38.576679,4,515
3254,2022-02-14 10:32:51.049942,4,1209
3255,2022-02-14 18:01:18.737608,4,1440
3256,2022-02-14 11:49:55.181504,4,1473
3257,2022-02-14 11:19:01.496481,4,1474
3258,2022-02-14 11:29:33.010481,4,50
3259,2022-02-14 11:53:17.369358,4,1356
3260,2022-02-14 11:57:15.228150,4,1475
3261,2022-02-14 12:02:19.202385,4,1120
3262,2022-02-14 16:56:46.489163,4,1424
3263,2022-02-14 13:35:42.723735,4,1476
3264,2022-02-14 12:56:49.059571,4,1477
3265,2022-02-14 12:55:39.081242,4,1478
3266,2022-02-14 12:57:45.791121,4,861
3267,2022-02-14 13:14:27.160759,4,1420
3268,2022-02-14 20:00:55.668602,4,1294
3269,2022-02-14 14:09:48.610500,4,1480
3270,2022-02-14 13:44:44.251032,4,1435
3271,2022-02-14 13:57:55.110867,4,1481
3272,2022-02-14 14:04:48.123030,4,394
3273,2022-02-14 15:01:45.749548,4,1482
3274,2022-02-14 15:03:00.410701,4,1483
3275,2022-02-14 15:37:27.240276,4,1441
3276,2022-02-14 15:47:24.681094,4,1484
3277,2022-02-14 15:45:36.380222,4,1485
3278,2022-02-14 15:59:27.501778,4,1009
3279,2022-02-14 16:02:18.269474,4,1486
3280,2022-02-14 19:16:08.417788,4,1487
3281,2022-02-14 19:52:27.032212,4,1439
3282,2022-02-14 16:37:22.838402,4,494
3283,2022-02-14 22:33:36.014253,4,1488
3284,2022-02-14 21:13:53.331574,4,934
3285,2022-02-14 16:44:57.020262,4,1423
3286,2022-02-14 16:49:19.178233,4,320
3287,2022-02-14 17:29:49.390256,4,909
3288,2022-02-14 19:11:37.791751,4,502
3289,2022-02-14 18:45:13.055698,4,1015
3290,2022-02-14 19:12:26.611146,4,1238
3291,2022-02-14 19:18:10.068703,4,1426
3292,2022-02-14 19:20:38.148767,4,1489
3293,2022-02-14 21:26:51.988702,4,1491
3294,2022-02-14 19:45:55.816581,4,1492
3295,2022-02-14 19:53:43.131740,4,1493
3296,2022-02-14 20:42:21.546327,4,1494
3297,2022-02-14 20:36:45.000574,4,1496
3298,2022-02-14 21:05:41.313937,4,1497
3299,2022-02-14 21:10:29.018296,4,1498
3300,2022-02-15 01:18:34.553286,4,1500
3301,2022-02-15 01:48:14.436335,4,1502
3302,2022-02-15 04:13:10.228461,4,494
3303,2022-02-15 08:12:25.143486,4,163
3304,2022-02-15 09:26:06.484877,4,1504
3305,2022-02-15 05:22:39.627291,4,1505
3306,2022-02-15 09:24:38.704232,4,1506
3307,2022-02-15 05:32:31.523763,4,589
3308,2022-02-15 05:50:04.535572,4,1454
3309,2022-02-15 05:53:26.396139,4,954
3310,2022-02-15 19:37:21.643731,4,1294
3311,2022-02-15 06:02:05.005662,4,276
3312,2022-02-15 08:33:39.291210,4,1468
3313,2022-02-15 06:04:30.060075,4,515
3314,2022-02-15 06:32:17.966064,4,1507
3315,2022-02-15 19:16:08.999742,4,934
3316,2022-02-15 08:47:16.629785,4,1508
3317,2022-02-15 07:11:02.951693,4,586
3318,2022-02-15 07:11:01.868918,4,1397
3319,2022-02-15 07:20:51.661708,4,1496
3320,2022-02-15 07:56:39.929758,4,1318
3321,2022-02-15 12:29:17.678096,4,649
3322,2022-02-15 18:31:49.641406,4,1510
3323,2022-02-15 08:16:36.438846,4,1511
3324,2022-02-15 13:10:29.355114,4,292
3325,2022-02-15 08:29:24.844714,4,1453
3326,2022-02-15 16:34:33.833671,4,1483
3327,2022-02-15 23:56:48.443232,4,438
3328,2022-02-15 09:54:55.015961,4,1488
3329,2022-02-15 09:50:14.843134,4,815
3330,2022-02-15 18:19:38.626289,4,1423
3331,2022-02-15 18:37:31.191160,4,1513
3332,2022-02-15 10:33:05.412429,4,1514
3333,2022-02-15 10:35:02.872947,4,570
3334,2022-02-15 10:51:30.127522,4,1440
3335,2022-02-15 11:38:23.034921,4,868
3336,2022-02-15 10:58:03.470006,4,1515
3337,2022-02-15 16:53:52.989757,4,1393
3338,2022-02-15 11:30:22.384829,4,219
3339,2022-02-15 11:33:44.229238,4,1427
3340,2022-02-15 12:28:51.060672,4,1517
3341,2022-02-15 18:09:19.420290,4,43
3342,2022-02-15 14:32:47.962520,4,1521
3343,2022-02-15 14:44:13.266309,4,1401
3344,2022-02-15 19:23:18.411196,4,50
3345,2022-02-15 21:59:35.724330,4,961
3346,2022-02-15 15:22:47.044576,4,1522
3347,2022-02-15 19:06:08.340345,4,502
3348,2022-02-15 15:54:41.697002,4,1524
3349,2022-02-15 15:57:18.282087,4,1009
3350,2022-02-15 16:15:13.753107,4,444
3351,2022-02-15 16:19:52.422507,4,63
3352,2022-02-15 16:24:48.976363,4,1194
3353,2022-02-15 17:13:36.505079,4,1525
3354,2022-02-15 21:13:08.154707,4,1526
3355,2022-02-15 19:10:38.939307,4,1185
3356,2022-02-15 19:01:40.864718,4,1030
3357,2022-02-15 19:17:12.681994,4,1527
3358,2022-02-15 19:40:20.059079,4,1491
3359,2022-02-15 19:48:19.590908,4,203
3360,2022-02-15 20:00:23.041839,4,1528
3361,2022-02-15 20:04:31.248953,4,1469
3362,2022-02-15 21:15:56.829843,4,1529
3363,2022-02-15 21:16:17.509048,4,1530
3364,2022-02-15 21:49:03.958592,4,121
3365,2022-02-15 21:55:08.201602,4,1533
3366,2022-02-15 22:56:42.381845,4,1534
3367,2022-02-15 23:28:33.306078,4,470
3368,2022-02-16 20:17:32.397623,4,438
3369,2022-02-16 00:22:12.371975,4,1533
3370,2022-02-16 01:01:54.774474,4,1535
3371,2022-02-16 09:27:02.008396,4,163
3372,2022-02-16 18:42:27.755481,4,203
3373,2022-02-16 10:29:40.042682,4,1194
3374,2022-02-16 07:02:50.139542,4,815
3375,2022-02-16 05:21:34.262083,4,1423
3376,2022-02-16 08:22:49.286012,4,649
3377,2022-02-16 05:58:25.218778,4,1536
3378,2022-02-16 05:59:09.048004,4,1318
3379,2022-02-16 06:26:41.110009,4,954
3380,2022-02-16 07:00:57.281612,4,494
3381,2022-02-16 07:21:50.181129,4,746
3382,2022-02-16 07:28:28.160954,4,1537
3383,2022-02-16 07:47:12.274430,4,1067
3384,2022-02-16 07:56:03.869106,4,1454
3385,2022-02-16 13:43:48.099404,4,50
3386,2022-02-16 13:04:17.602346,4,1538
3387,2022-02-16 09:40:09.067507,4,1539
3388,2022-02-16 15:00:32.381491,4,1483
3389,2022-02-16 16:32:02.771376,4,63
3390,2022-02-16 12:48:25.963686,4,515
3391,2022-02-16 14:19:32.731324,4,1543
3392,2022-02-16 11:11:38.785386,4,1427
3393,2022-02-16 10:52:32.778512,4,1420
3394,2022-02-16 20:57:05.920547,4,509
3395,2022-02-16 11:04:31.838034,4,132
3396,2022-02-16 16:48:32.506171,4,1209
3397,2022-02-16 14:33:23.700780,4,1544
3398,2022-02-16 12:35:14.926260,4,1545
3399,2022-02-16 16:27:14.995690,4,1546
3400,2022-02-16 13:14:43.602903,4,1547
3401,2022-02-16 13:20:37.782702,4,861
3402,2022-02-16 13:42:58.764279,4,644
3403,2022-02-16 13:48:32.196167,4,1548
3404,2022-02-16 14:37:57.768304,4,1549
3405,2022-02-16 16:28:26.593307,4,1447
3406,2022-02-16 14:46:48.249019,4,73
3407,2022-02-16 14:52:15.514993,4,1550
3408,2022-02-16 14:54:17.053224,4,1551
3409,2022-02-16 15:01:25.560578,4,1280
3410,2022-02-16 15:04:15.273747,4,1552
3411,2022-02-16 15:18:08.181308,4,1553
3412,2022-02-16 15:20:38.210611,4,1554
3413,2022-02-16 19:57:09.957585,4,1555
3414,2022-02-16 15:36:22.789469,4,1237
3415,2022-02-16 19:35:09.425467,4,1458
3416,2022-02-16 16:12:55.464278,4,1558
3417,2022-02-16 20:41:17.233422,4,1495
3418,2022-02-16 16:20:50.373620,4,1559
3419,2022-02-16 16:22:37.019698,4,1560
3420,2022-02-16 17:42:11.099665,4,1439
3421,2022-02-16 19:58:01.907520,4,1561
3422,2022-02-16 16:26:42.135699,4,1562
3423,2022-02-16 16:33:28.279507,4,1563
3424,2022-02-16 20:31:51.766670,4,1009
3425,2022-02-16 16:56:01.363641,4,1137
3426,2022-02-16 16:57:08.577244,4,1565
3427,2022-02-16 22:13:32.554994,4,43
3428,2022-02-16 18:42:10.336010,4,258
3429,2022-02-16 17:52:17.815218,4,1566
3430,2022-02-16 19:07:58.471442,4,502
3431,2022-02-16 19:57:21.563424,4,1488
3432,2022-02-16 20:31:15.007239,4,1567
3433,2022-02-16 18:14:55.705230,4,1568
3434,2022-02-16 18:41:07.389333,4,1569
3435,2022-02-16 18:29:46.675354,4,1570
3436,2022-02-16 18:30:31.232953,4,1506
3437,2022-02-16 19:04:19.034267,4,1571
3438,2022-02-16 19:05:20.259321,4,1296
3439,2022-02-16 19:42:27.337045,4,1510
3440,2022-02-16 19:00:48.492316,4,1572
3441,2022-02-16 19:10:50.324399,4,1573
3442,2022-02-16 19:18:05.461625,4,1574
3443,2022-02-16 19:35:29.462278,4,1575
3444,2022-02-16 19:42:40.834788,4,1294
3445,2022-02-16 19:31:09.460842,4,1576
3446,2022-02-16 19:53:02.678149,4,176
3447,2022-02-16 20:54:59.556135,4,1577
3448,2022-02-16 20:25:05.533280,4,1015
3449,2022-02-16 20:17:23.033560,4,1578
3450,2022-02-16 21:18:41.943061,4,1579
3451,2022-02-16 22:21:17.543888,4,1581
3452,2022-02-17 00:05:36.537960,4,1582
3453,2022-02-17 07:23:34.724449,4,1583
3454,2022-02-17 01:01:37.702749,4,1584
3455,2022-02-17 01:50:47.246925,4,1585
3456,2022-02-17 01:59:07.520947,4,1586
3457,2022-02-17 23:13:12.275491,4,1587
3458,2022-02-17 03:23:48.107233,4,1588
3459,2022-02-17 07:53:35.079586,4,1589
3460,2022-02-17 07:30:21.313023,4,163
3461,2022-02-17 08:23:24.206789,4,815
3462,2022-02-17 04:14:32.622979,4,1590
3463,2022-02-17 04:30:19.235014,4,1194
3464,2022-02-17 04:40:49.123821,4,1593
3465,2022-02-17 05:54:34.020105,4,1594
3466,2022-02-17 06:51:56.615939,4,1595
3467,2022-02-17 04:58:30.078120,4,1597
3468,2022-02-17 05:23:54.713060,4,1598
3469,2022-02-17 05:28:06.850208,4,1599
3470,2022-02-17 06:49:32.502861,4,1600
3471,2022-02-17 05:17:15.727681,4,1601
3472,2022-02-17 05:20:29.343543,4,1571
3473,2022-02-17 05:44:25.376459,4,1602
3474,2022-02-17 11:08:42.906820,4,1603
3475,2022-02-17 19:34:23.951003,4,1604
3476,2022-02-17 06:09:46.201121,4,1606
3477,2022-02-17 06:19:13.563511,4,1607
3478,2022-02-17 15:56:05.333181,4,1608
3479,2022-02-17 08:01:09.162744,4,1609
3480,2022-02-17 08:51:13.085147,4,241
3481,2022-02-17 08:08:59.540401,4,649
3482,2022-02-17 07:22:12.868673,4,1610
3483,2022-02-17 08:45:38.349044,4,1611
3484,2022-02-17 08:41:59.893304,4,1613
3485,2022-02-17 07:09:00.249143,4,1581
3486,2022-02-17 07:11:44.738590,4,1614
3487,2022-02-17 10:27:51.848398,4,1544
3488,2022-02-17 10:23:21.580614,4,1615
3489,2022-02-17 08:05:27.398441,4,1616
3490,2022-02-17 22:01:55.570177,4,1617
3491,2022-02-17 14:45:28.306195,4,63
3492,2022-02-17 07:30:15.524616,4,1618
3493,2022-02-17 07:31:17.244524,4,1209
3494,2022-02-17 07:49:20.421659,4,1619
3495,2022-02-17 07:38:48.156551,4,1427
3496,2022-02-17 07:46:05.950971,4,1100
3497,2022-02-17 07:46:22.347785,4,1620
3498,2022-02-17 07:48:35.227865,4,1621
3499,2022-02-17 08:51:33.493867,4,1622
3500,2022-02-17 08:14:26.358338,4,586
3501,2022-02-17 08:18:49.521704,4,1623
3502,2022-02-17 08:19:54.790636,4,1625
3503,2022-02-17 08:22:07.941944,4,1624
3504,2022-02-17 18:16:09.561135,4,1626
3505,2022-02-17 08:29:29.814637,4,1627
3506,2022-02-17 08:40:52.980684,4,1628
3507,2022-02-17 11:32:29.711518,4,1431
3508,2022-02-17 09:16:58.603600,4,1630
3509,2022-02-17 10:00:37.484239,4,1633
3510,2022-02-17 09:42:35.329264,4,1634
3511,2022-02-17 14:20:33.151751,4,1632
3512,2022-02-17 10:10:58.329241,4,1635
3513,2022-02-17 09:55:10.630438,4,1107
3514,2022-02-17 11:12:33.193371,4,570
3515,2022-02-17 09:59:34.424956,4,1636
3516,2022-02-17 13:36:01.699852,4,1637
3517,2022-02-17 12:03:07.005728,4,1638
3518,2022-02-17 10:11:26.869095,4,1357
3519,2022-02-17 10:11:44.152983,4,1639
3520,2022-02-17 19:53:15.033618,4,1015
3521,2022-02-17 10:15:56.226263,4,1640
3522,2022-02-17 11:28:33.546353,4,1642
3523,2022-02-17 10:31:04.878324,4,1644
3524,2022-02-17 10:22:35.498272,4,1643
3525,2022-03-17 11:00:35.274938,4,1641
3526,2022-02-17 10:39:32.827181,4,1645
3527,2022-02-17 10:45:56.139680,4,1551
3528,2022-02-17 12:08:27.564508,4,1646
3529,2022-02-17 11:10:52.095855,4,1361
3530,2022-02-17 10:56:31.202761,4,801
3531,2022-02-17 11:08:52.291017,4,1128
3532,2022-02-17 11:17:27.605811,4,1647
3533,2022-02-17 22:16:07.384492,4,1648
3534,2022-02-17 11:59:53.411741,4,1649
3535,2022-02-17 16:21:21.015979,4,444
3536,2022-02-17 11:30:22.214523,4,1650
3537,2022-02-17 12:30:57.387621,4,1280
3538,2022-02-17 13:43:36.968138,4,221
3539,2022-02-17 12:17:45.740272,4,1651
3540,2022-02-17 18:10:49.828080,4,1652
3541,2022-02-17 12:37:59.938117,4,1653
3542,2022-02-17 14:20:34.095926,4,50
3543,2022-02-17 12:34:42.663980,4,1654
3544,2022-02-17 12:54:46.710940,4,1655
3545,2022-02-17 12:57:41.667412,4,1657
3546,2022-02-17 13:31:09.511143,4,1426
3547,2022-02-17 13:37:53.366305,4,1659
3548,2022-02-17 14:25:57.511778,4,494
3549,2022-02-17 13:32:03.403265,4,868
3550,2022-02-17 18:52:33.627998,4,1662
3551,2022-02-17 17:04:05.713809,4,1663
3552,2022-02-17 17:45:59.426128,4,1664
3553,2022-02-17 15:11:10.410216,4,1545
3554,2022-02-17 14:21:07.157942,4,1318
3555,2022-02-17 14:42:33.224701,4,1665
3556,2022-02-17 14:25:09.590231,4,1472
3557,2022-02-17 21:11:52.991902,4,157
3558,2022-02-17 14:32:19.319409,4,1666
3559,2022-02-17 16:08:43.389730,4,1668
3560,2022-02-17 14:36:34.106555,4,1667
3561,2022-02-17 14:39:21.740577,4,1669
3562,2022-02-17 15:19:45.057818,4,1670
3563,2022-02-17 16:47:28.702356,4,1671
3564,2022-02-17 15:46:16.598339,4,1444
3565,2022-02-17 15:52:30.806875,4,1672
3566,2022-02-17 20:19:39.665564,4,1495
3567,2022-02-17 16:33:20.628538,4,438
3568,2022-02-17 17:56:51.456371,4,1674
3569,2022-02-17 17:43:32.803545,4,1506
3570,2022-02-17 17:00:44.917699,4,1675
3571,2022-02-17 16:57:23.201335,4,1676
3572,2022-02-17 17:36:06.881287,4,1677
3573,2022-02-17 17:13:55.300568,4,1678
3574,2022-02-17 17:16:31.928145,4,1679
3575,2022-02-17 17:19:46.207191,4,1680
3576,2022-02-17 19:42:49.966398,4,1681
3577,2022-02-17 17:34:59.830690,4,1682
3578,2022-02-17 17:51:58.088449,4,1312
3579,2022-02-17 17:50:58.908741,4,1011
3580,2022-02-17 17:56:00.318680,4,1683
3581,2022-02-17 19:22:40.226702,4,1684
3582,2022-02-17 18:21:14.642684,4,1685
3583,2022-02-17 18:25:02.606111,4,1686
3584,2022-02-17 19:45:01.695744,4,1687
3585,2022-02-17 19:22:20.991666,4,1688
3586,2022-02-17 18:53:22.562224,4,1390
3587,2022-02-17 19:00:46.362468,4,1504
3588,2022-02-17 19:38:32.850164,4,1689
3589,2022-02-17 19:25:34.332200,4,1690
3590,2022-02-17 22:00:18.192476,4,121
3591,2022-02-17 20:11:58.936300,4,1692
3592,2022-02-17 19:18:41.325827,4,1691
3593,2022-02-17 19:32:36.829534,4,1693
3594,2022-02-17 19:39:25.580338,4,1695
3595,2022-02-17 20:02:08.506875,4,1696
3596,2022-02-17 20:01:34.037138,4,589
3597,2022-02-17 21:35:26.381585,4,509
3598,2022-02-17 20:52:47.334148,4,1698
3599,2022-02-17 20:59:46.599573,4,1699
3600,2022-02-17 22:37:07.225456,4,1700
3601,2022-02-18 14:36:07.884823,4,1702
3602,2022-02-18 04:19:27.088421,4,1703
3603,2022-02-18 04:36:24.200727,4,1504
3604,2022-02-18 05:30:58.350514,4,1600
3605,2022-02-18 18:17:11.092359,4,444
3606,2022-02-18 05:14:13.545858,4,1704
3607,2022-02-18 05:17:15.480984,4,1705
3608,2022-02-18 05:22:20.430345,4,1706
3609,2022-02-18 11:45:44.050101,4,649
3610,2022-02-18 06:06:10.225918,4,1607
3611,2022-02-18 08:34:43.316027,4,1622
3612,2022-02-18 17:00:23.100872,4,1707
3613,2022-02-18 10:31:23.402270,4,815
3614,2022-02-18 07:53:51.303727,4,642
3615,2022-02-18 06:52:59.969143,4,1361
3616,2022-02-18 06:57:06.279781,4,1473
3617,2022-02-18 06:57:20.148361,4,190
3618,2022-02-18 22:46:27.194568,4,1617
3619,2022-02-18 15:48:52.477388,4,1626
3620,2022-02-18 07:28:12.048257,4,1522
3621,2022-02-18 07:34:31.500317,4,1492
3622,2022-02-18 16:07:35.767104,4,63
3623,2022-02-18 08:57:15.353340,4,1709
3624,2022-02-18 08:04:43.456981,4,1710
3625,2022-02-18 14:04:22.455065,4,515
3626,2022-02-18 08:28:46.466196,4,1711
3627,2022-02-18 08:01:05.439579,4,1625
3628,2022-02-18 08:32:35.509277,4,1714
3629,2022-02-18 08:37:02.041256,4,1595
3630,2022-02-18 08:30:17.737897,4,1715
3631,2022-02-18 19:33:24.025818,4,1713
3632,2022-02-18 11:22:55.395546,4,1544
3633,2022-02-18 09:00:36.462009,4,1708
3634,2022-02-18 09:02:22.324287,4,1436
3635,2022-02-18 20:15:10.958529,4,1700
3636,2022-02-18 09:12:31.074309,4,1318
3637,2022-02-18 09:28:13.847734,4,1716
3638,2022-02-18 11:25:19.282091,4,1663
3639,2022-02-18 09:22:42.322151,4,1718
3640,2022-02-18 13:07:41.595000,4,1719
3641,2022-02-18 10:20:11.336837,4,1720
3642,2022-02-18 10:34:25.846221,4,1284
3643,2022-02-18 12:23:26.597920,4,1722
3644,2022-02-18 11:07:19.495551,4,1723
3645,2022-02-18 11:21:43.865918,4,300
3646,2022-02-18 11:24:58.409853,4,1724
3647,2022-02-18 13:26:20.829027,4,1725
3648,2022-02-18 14:57:52.849810,4,1726
3649,2022-02-18 12:30:57.171990,4,50
3650,2022-02-18 12:12:19.029118,4,1727
3651,2022-02-18 15:13:02.877379,4,43
3652,2022-02-18 12:36:04.382973,4,1729
3653,2022-02-18 19:01:43.642508,4,1015
3654,2022-02-18 12:40:18.717309,4,1559
3655,2022-02-18 12:57:41.427101,4,1730
3656,2022-02-18 14:36:44.769925,4,1728
3657,2022-02-18 13:37:05.753251,4,570
3658,2022-02-18 13:32:35.927524,4,1732
3659,2022-02-18 18:39:34.299128,4,1681
3660,2022-02-18 13:57:42.932364,4,1733
3661,2022-02-18 14:12:40.811254,4,1495
3662,2022-02-18 14:37:29.441718,4,1134
3663,2022-02-18 14:05:44.969300,4,1734
3664,2022-02-18 14:46:08.835437,4,1735
3665,2022-02-18 15:01:41.076164,4,1736
3666,2022-02-18 19:04:11.109792,4,1737
3667,2022-02-18 16:00:39.093229,4,1738
3668,2022-02-18 16:16:28.171646,4,1423
3669,2022-02-18 17:13:56.298001,4,1739
3670,2022-02-18 16:53:39.562444,4,1740
3671,2022-02-18 17:09:05.535038,4,1439
3672,2022-02-18 17:17:44.166108,4,1741
3673,2022-02-18 17:14:57.188349,4,1614
3674,2022-02-18 17:23:40.453733,4,1742
3675,2022-02-18 18:42:24.950675,4,1743
3676,2022-02-18 18:42:49.967421,4,1744
3677,2022-02-18 18:40:52.064230,4,157
3678,2022-02-18 18:42:12.829366,4,1483
3679,2022-02-18 19:12:46.357192,4,1745
3680,2022-02-18 19:09:01.494589,4,1746
3681,2022-02-18 19:55:32.845165,4,1747
3682,2022-02-18 21:02:44.353606,4,1748
3683,2022-02-18 22:24:01.937949,4,1750
3684,2022-02-18 23:45:46.229963,4,73
3685,2022-02-19 17:00:05.614462,4,1737
3686,2022-02-19 03:45:41.370036,4,570
3687,2022-02-19 04:20:21.184345,4,1703
3688,2022-02-19 07:45:20.161015,4,320
3689,2022-02-19 16:29:39.791093,4,1707
3690,2022-02-19 10:44:17.794334,4,1622
3691,2022-02-19 06:03:23.228294,4,1607
3692,2022-02-19 07:22:02.006736,4,515
3693,2022-02-19 07:44:52.724607,4,1752
3694,2022-02-19 08:12:53.359253,4,1753
3695,2022-02-19 18:06:50.917678,4,509
3696,2022-02-19 09:05:15.449114,4,1754
3697,2022-02-19 11:09:52.141886,4,163
3698,2022-02-19 09:47:38.693501,4,649
3699,2022-02-19 09:51:13.747122,4,1755
3700,2022-02-19 10:02:59.001980,4,1756
3701,2022-02-19 10:41:20.913470,4,1522
3702,2022-02-19 20:14:06.336947,4,1709
3703,2022-02-19 12:58:05.079168,4,195
3704,2022-02-19 13:07:39.433319,4,132
3705,2022-02-19 11:28:22.927259,4,1009
3706,2022-02-19 18:52:30.858059,4,1757
3707,2022-02-19 12:35:20.991367,4,1758
3708,2022-02-19 13:15:20.566366,4,1000
3709,2022-02-19 13:13:35.190208,4,934
3710,2022-02-19 13:16:34.061290,4,1759
3711,2022-02-19 13:55:10.052300,4,1760
3712,2022-02-19 21:51:47.220344,4,1700
3713,2022-02-19 13:50:36.113531,4,444
3714,2022-02-19 14:59:50.402542,4,1439
3715,2022-02-19 13:53:31.832849,4,1761
3716,2022-02-19 14:42:08.624438,4,1763
3717,2022-02-19 14:45:06.612205,4,219
3718,2022-02-19 14:55:20.799971,4,1765
3719,2022-02-19 16:21:36.335878,4,1766
3720,2022-02-19 15:16:08.572511,4,572
3721,2022-02-19 15:20:26.696289,4,438
3722,2022-02-19 15:58:46.400924,4,1767
3723,2022-02-19 17:03:20.416094,4,496
3724,2022-02-19 21:03:04.685334,4,1768
3725,2022-02-19 16:35:04.159216,4,1769
3726,2022-02-19 17:09:17.548658,4,255
3727,2022-02-19 17:19:16.286785,4,1723
3728,2022-02-19 17:45:02.127725,4,1681
3729,2022-02-19 17:51:47.668457,4,1770
3730,2022-02-19 18:10:49.151175,4,1771
3731,2022-02-19 18:25:22.316077,4,1254
3732,2022-02-19 18:24:09.394758,4,1488
3733,2022-02-19 19:31:59.518083,4,1120
3734,2022-02-19 19:53:43.218820,4,1772
3735,2022-02-19 19:48:42.080514,4,1015
3736,2022-02-19 20:31:57.401224,4,1773
3737,2022-02-19 20:01:40.826502,4,1774
3738,2022-02-19 21:39:05.452202,4,1775
3739,2022-02-19 21:48:59.752013,4,1776
3740,2022-02-19 23:43:33.343019,4,1777
3741,2022-02-19 23:29:14.660694,4,1483
3742,2022-02-20 01:10:06.622951,4,1777
3743,2022-02-20 03:59:50.676817,4,1778
3744,2022-02-20 04:00:03.821424,4,1703
3745,2022-02-20 04:30:13.480613,4,1771
3746,2022-02-20 05:13:33.683613,4,1622
3747,2022-02-20 05:56:11.140729,4,1319
3748,2022-02-20 06:18:37.105047,4,649
3749,2022-02-20 06:19:32.588875,4,1780
3750,2022-02-20 06:58:07.698959,4,1684
3751,2022-02-20 20:40:14.951847,4,1495
3752,2022-02-20 07:09:47.934616,4,1639
3753,2022-02-20 08:03:35.118316,4,1782
3754,2022-02-20 08:10:33.435137,4,1671
3755,2022-02-20 09:01:47.427091,4,1009
3756,2022-02-20 19:57:37.850734,4,1483
3757,2022-02-20 12:10:53.635700,4,1783
3758,2022-02-20 17:02:32.352685,4,1700
3759,2022-02-20 09:48:36.530482,4,1732
3760,2022-02-20 10:39:59.908124,4,1687
3761,2022-02-20 10:06:30.668653,4,1785
3762,2022-02-20 10:20:01.943148,4,1786
3763,2022-02-20 10:16:16.444384,4,1787
3764,2022-02-20 10:30:41.016590,4,1681
3765,2022-02-20 12:19:42.258944,4,1760
3766,2022-02-20 12:30:47.000051,4,1788
3767,2022-02-20 14:18:18.392713,4,422
3768,2022-02-20 13:29:49.040655,4,852
3769,2022-02-20 20:18:36.796583,4,1790
3770,2022-02-20 18:41:26.506983,4,1015
3771,2022-02-20 13:23:29.631304,4,1791
3772,2022-02-20 13:55:14.656965,4,1504
3773,2022-02-20 18:00:16.437784,4,1792
3774,2022-02-20 16:42:58.355851,4,444
3775,2022-02-20 14:33:46.550195,4,1793
3776,2022-02-20 16:16:20.243910,4,320
3777,2022-02-20 15:21:56.833395,4,1794
3778,2022-02-20 14:55:19.725040,4,1744
3779,2022-02-20 18:01:10.700522,4,1795
3780,2022-02-20 15:07:35.780558,4,1752
3781,2022-02-20 19:10:24.409466,4,1796
3782,2022-02-20 16:28:29.180716,4,1797
3783,2022-02-20 16:41:11.205062,4,222
3784,2022-02-20 17:26:18.301121,4,1798
3785,2022-02-20 17:09:56.648643,4,1290
3786,2022-02-20 16:58:22.584007,4,1800
3787,2022-02-20 16:59:07.704049,4,644
3788,2022-02-20 17:00:11.694954,4,1799
3789,2022-02-20 17:07:19.987596,4,1637
3790,2022-02-20 17:09:56.072703,4,1801
3791,2022-02-20 17:56:16.963140,4,1709
3792,2022-02-20 19:18:19.904352,4,1802
3793,2022-02-20 19:01:41.163421,4,1498
3794,2022-02-20 19:33:37.723468,4,1803
3795,2022-02-20 19:22:53.824404,4,1804
3796,2022-02-20 19:26:19.055716,4,1773
3797,2022-02-20 22:02:23.581158,4,1805
3798,2022-02-20 19:44:48.905538,4,763
3799,2022-02-20 20:30:37.561605,4,342
3800,2022-02-20 21:04:17.118630,4,1806
3801,2022-02-20 21:09:36.944261,4,1707
3802,2022-02-20 21:12:37.962607,4,1807
3803,2022-02-20 21:59:21.030982,4,1808
3804,2022-02-20 21:45:46.660454,4,1203
3805,2022-02-20 23:56:33.427840,4,1809
3806,2022-02-20 23:32:06.160409,4,1810
3807,2022-02-21 09:30:55.616433,4,1811
3808,2022-02-21 05:16:14.595505,4,1812
3809,2022-02-21 04:02:04.365396,4,1703
3810,2022-02-21 04:44:13.388869,4,1813
3811,2022-02-21 06:31:52.016753,4,1814
3812,2022-02-21 05:33:41.512500,4,815
3813,2022-02-21 14:21:49.339879,4,1815
3814,2022-02-21 06:42:12.971783,4,368
3815,2022-02-21 08:41:59.830426,4,649
3816,2022-02-21 13:38:43.088788,4,1816
3817,2022-02-21 09:18:10.787706,4,1739
3818,2022-02-21 13:04:12.053596,4,1595
3819,2022-02-21 19:19:11.344402,4,1790
3820,2022-02-21 07:10:41.303863,4,1817
3821,2022-02-21 08:41:27.190878,4,1818
3822,2022-02-21 18:46:33.537294,4,1744
3823,2022-02-21 15:38:11.944717,4,1820
3824,2022-02-21 07:52:59.140545,4,1737
3825,2022-02-21 07:53:39.726262,4,1821
3826,2022-02-21 07:58:19.807603,4,1732
3827,2022-02-21 15:13:59.787973,4,1822
3828,2022-02-21 12:07:42.281551,4,1823
3829,2022-02-21 08:08:49.988638,4,712
3830,2022-02-21 08:31:40.233828,4,515
3831,2022-02-21 09:18:17.036013,4,1825
3832,2022-02-21 09:14:02.932927,4,1652
3833,2022-02-21 21:31:02.611364,4,1700
3834,2022-02-21 17:24:40.398511,4,1488
3835,2022-02-21 11:10:21.243098,4,1827
3836,2022-02-21 12:01:13.801197,4,1826
3837,2022-02-21 08:52:11.702155,4,1828
3838,2022-02-21 08:55:53.282528,4,1829
3839,2022-02-21 14:16:37.184397,4,1719
3840,2022-02-21 16:59:15.615075,4,1663
3841,2022-02-21 10:34:15.794351,4,1831
3842,2022-02-21 10:38:56.926906,4,444
3843,2022-02-21 20:59:52.616007,4,1709
3844,2022-02-21 10:47:46.429543,4,1832
3845,2022-02-21 20:41:12.778736,4,1833
3846,2022-02-21 11:44:07.816870,4,843
3847,2022-02-21 14:04:43.283561,4,1834
3848,2022-02-21 12:15:28.419668,4,1506
3849,2022-02-21 15:36:19.557024,4,63
3850,2022-02-21 22:00:12.949142,4,121
3851,2022-02-21 13:07:55.702837,4,1707
3852,2022-02-21 16:58:52.817992,4,1835
3853,2022-02-21 13:56:38.662882,4,1836
3854,2022-02-21 20:27:27.541075,4,43
3855,2022-02-21 14:14:08.203669,4,934
3856,2022-02-21 14:16:59.630298,4,1294
3857,2022-02-21 15:48:13.835457,4,1544
3858,2022-02-21 14:56:13.548020,4,1802
3859,2022-02-21 15:52:37.420459,4,1838
3860,2022-02-21 20:21:16.085606,4,1839
3861,2022-02-21 17:56:57.902083,4,1015
3862,2022-02-21 21:06:01.078436,4,1840
3863,2022-02-21 17:07:23.691152,4,1757
3864,2022-02-21 19:02:47.180556,4,1495
3865,2022-02-21 16:39:36.482457,4,1841
3866,2022-02-21 17:38:40.261710,4,1439
3867,2022-02-21 17:54:34.074074,4,158
3868,2022-02-21 17:59:58.704912,4,1768
3869,2022-02-21 20:07:01.672428,4,1844
3870,2022-02-21 19:07:19.006973,4,1846
3871,2022-02-21 19:20:43.225957,4,1842
3872,2022-02-21 21:31:23.865764,4,1847
3873,2022-02-21 20:17:28.058457,4,1009
3874,2022-02-22 00:32:43.924667,4,43
3875,2022-02-22 03:17:18.440565,4,1635
3876,2022-02-22 03:37:47.539091,4,1506
3877,2022-02-22 09:06:27.527892,4,1850
3878,2022-02-22 05:02:56.450145,4,589
3879,2022-02-22 18:05:44.655476,4,1815
3880,2022-02-22 11:46:13.900199,4,1822
3881,2022-02-22 05:48:13.841754,4,649
3882,2022-02-22 06:15:06.723770,4,97
3883,2022-02-22 06:12:39.970626,4,1705
3884,2022-02-22 11:28:43.915790,4,1820
3885,2022-02-22 06:37:17.439067,4,1744
3886,2022-02-22 19:50:50.573637,4,1700
3887,2022-02-22 09:52:22.553152,4,1852
3888,2022-02-22 15:53:34.375986,4,1853
3889,2022-02-22 13:57:53.457191,4,63
3890,2022-02-22 13:52:01.816420,4,1854
3891,2022-02-22 16:06:19.263979,4,1855
3892,2022-02-22 08:32:39.271464,4,50
3893,2022-02-22 08:36:53.209108,4,1857
3894,2022-02-22 08:54:02.224150,4,1783
3895,2022-02-22 08:55:07.657553,4,743
3896,2022-02-22 09:57:23.547187,4,1785
3897,2022-02-22 10:52:26.736912,4,1826
3898,2022-02-22 23:18:33.465592,4,1844
3899,2022-02-22 10:42:17.927126,4,1771
3900,2022-02-22 11:08:32.339437,4,1858
3901,2022-02-22 11:43:03.124833,4,1859
3902,2022-02-22 11:50:19.863151,4,1860
3903,2022-02-22 11:51:15.148033,4,1861
3904,2022-02-22 14:42:08.043290,4,1840
3905,2022-02-22 12:22:04.865093,4,1862
3906,2022-02-22 12:31:09.776131,4,496
3907,2022-02-22 13:04:00.594930,4,1709
3908,2022-02-22 15:58:16.094337,4,1863
3909,2022-02-22 13:48:35.268299,4,1839
3910,2022-02-22 14:21:00.894524,4,1864
3911,2022-02-22 14:32:39.711866,4,1865
3912,2022-02-22 15:18:17.403831,4,1866
3913,2022-02-22 15:04:15.731080,4,1867
3914,2022-02-22 15:10:09.672579,4,1868
3915,2022-02-22 15:00:15.475435,4,1869
3916,2022-02-22 15:03:36.536309,4,1870
3917,2022-02-22 21:06:08.760989,4,1707
3918,2022-02-22 15:20:47.690481,4,1758
3919,2022-02-22 15:38:18.450524,4,1872
3920,2022-02-22 15:41:21.578410,4,1015
3921,2022-02-22 16:24:20.728261,4,1874
3922,2022-02-22 17:30:49.369899,4,1833
3923,2022-02-22 17:02:46.481722,4,1693
3924,2022-02-22 17:09:37.913738,4,934
3925,2022-02-22 17:13:28.555601,4,1875
3926,2022-02-22 17:27:17.328218,4,1876
3927,2022-02-22 19:36:27.059973,4,1495
3928,2022-02-22 18:02:48.055823,4,1483
3929,2022-02-22 18:10:55.897785,4,1318
3930,2022-02-22 19:16:55.967418,4,1880
3931,2022-02-22 19:00:00.730573,4,1879
3932,2022-02-22 19:26:36.344517,4,1126
3933,2022-02-22 19:31:43.097084,4,299
3934,2022-02-22 20:41:44.840842,4,1881
3935,2022-02-22 21:24:25.624779,4,1882
3936,2022-02-22 21:26:00.636833,4,1883
3937,2022-02-22 23:29:19.652076,4,1884
3938,2022-02-22 22:00:12.154354,4,121
3939,2022-02-22 22:02:59.296415,4,1623
3940,2022-02-23 22:04:04.541154,4,1884
3941,2022-02-23 01:00:09.065496,4,1634
3942,2022-02-23 02:05:14.371981,4,1509
3943,2022-02-23 03:26:48.812275,4,1886
3944,2022-02-23 04:10:32.029304,4,1887
3945,2022-02-23 15:51:29.536464,4,1888
3946,2022-02-23 05:16:57.048514,4,1879
3947,2022-02-23 05:46:28.592564,4,1890
3948,2022-02-23 05:57:15.692442,4,1889
3949,2022-02-23 09:55:37.523392,4,1891
3950,2022-02-23 07:17:18.684436,4,1815
3951,2022-02-23 07:31:12.254428,4,1426
3952,2022-02-23 17:33:28.743269,4,1744
3953,2022-02-23 17:55:16.472983,4,1700
3954,2022-02-23 08:10:25.604652,4,1892
3955,2022-02-23 08:11:11.697293,4,1893
3956,2022-02-23 17:49:54.490722,4,1894
3957,2022-02-23 08:22:39.943415,4,1895
3958,2022-02-23 08:52:55.879193,4,1896
3959,2022-02-23 16:57:41.068741,4,1897
3960,2022-02-23 19:58:38.187369,4,1898
3961,2022-02-23 08:31:46.395717,4,1899
3962,2022-02-23 08:52:04.926996,4,1900
3963,2022-02-23 09:23:19.403431,4,1901
3964,2022-02-23 12:51:49.779978,4,1822
3965,2022-02-23 13:20:47.821627,4,1903
3966,2022-02-23 14:34:26.179039,4,1504
3967,2022-02-23 11:03:49.135369,4,1904
3968,2022-02-23 11:13:51.821996,4,1568
3969,2022-02-23 13:26:56.129043,4,411
3970,2022-02-23 14:08:16.602039,4,1907
3971,2022-02-23 12:03:22.937186,4,1908
3972,2022-02-23 12:11:22.552669,4,1905
3973,2022-02-23 14:39:21.039224,4,1909
3974,2022-02-23 14:44:08.735093,4,1910
3975,2022-02-23 12:42:40.380926,4,1883
3976,2022-02-23 15:52:44.987761,4,1752
3977,2022-02-23 13:07:52.249232,4,1911
3978,2022-02-23 20:23:21.779031,4,1495
3979,2022-02-23 14:43:07.691585,4,1859
3980,2022-02-23 14:56:31.414061,4,1912
3981,2022-02-23 14:58:01.874693,4,1765
3982,2022-02-23 15:15:02.817993,4,1870
3983,2022-02-23 15:26:38.389182,4,1709
3984,2022-02-23 19:28:57.310260,4,258
3985,2022-02-23 16:36:49.195292,4,1915
3986,2022-02-23 20:21:00.870471,4,1015
3987,2022-02-23 17:34:47.325593,4,1674
3988,2022-02-23 17:35:16.673857,4,1003
3989,2022-02-23 18:17:26.719305,4,1916
3990,2022-02-23 19:12:43.501629,4,1707
3991,2022-02-23 19:37:08.935016,4,1917
3992,2022-02-23 19:35:12.433655,4,1268
3993,2022-02-23 20:26:24.748088,4,1918
3994,2022-02-23 20:02:14.349218,4,1833
3995,2022-02-23 20:41:26.278553,4,1757
3996,2022-02-23 21:15:38.666374,4,1920
3997,2022-02-23 21:22:58.970998,4,1496
3998,2022-02-23 21:49:29.897597,4,1790
3999,2022-02-23 22:00:11.820183,4,121
4000,2022-02-23 23:07:02.180905,4,1840
4001,2022-02-23 23:37:30.279701,4,1921
4002,2022-02-23 23:43:18.420988,4,290
4003,2022-02-24 10:42:14.714528,4,221
4004,2022-02-24 07:20:47.201152,4,1922
4005,2022-02-24 03:38:10.471730,4,1894
4006,2022-02-24 03:38:51.971060,4,1888
4007,2022-02-24 14:19:07.169960,4,1853
4008,2022-02-24 06:11:07.318485,4,1898
4009,2022-02-24 05:48:38.102544,4,1907
4010,2022-02-24 05:44:03.085561,4,649
4011,2022-02-24 20:12:54.473161,4,1700
4012,2022-02-24 06:34:26.358584,4,1920
4013,2022-02-24 06:51:36.103762,4,743
4014,2022-02-24 21:38:23.552435,4,1883
4015,2022-02-24 16:37:59.985141,4,63
4016,2022-02-24 14:40:13.895106,4,157
4017,2022-02-24 20:04:23.667101,4,1709
4018,2022-02-24 11:36:23.012885,4,97
4019,2022-02-24 07:34:13.544686,4,444
4020,2022-02-24 07:49:45.117303,4,1852
4021,2022-02-24 14:06:22.682182,4,559
4022,2022-02-24 09:25:48.094545,4,1923
4023,2022-02-24 16:30:43.582993,4,1663
4024,2022-02-24 09:36:14.415293,4,1924
4025,2022-02-24 14:18:57.260768,4,1854
4026,2022-02-24 11:29:56.533371,4,1318
4027,2022-02-24 11:42:15.428541,4,50
4028,2022-02-24 11:50:33.983099,4,1757
4029,2022-02-24 11:52:57.692125,4,481
4030,2022-02-24 13:01:49.899070,4,1926
4031,2022-02-24 19:24:23.289228,4,1387
4032,2022-02-24 13:38:16.416785,4,1209
4033,2022-02-24 15:16:07.185881,4,1768
4034,2022-02-24 14:40:06.377603,4,655
4035,2022-02-24 14:49:00.376366,4,1504
4036,2022-02-24 14:56:41.279526,4,1815
4037,2022-02-24 15:33:37.539724,4,851
4038,2022-02-24 16:09:48.924418,4,1928
4039,2022-02-24 16:54:12.055960,4,320
4040,2022-02-24 16:35:24.261181,4,1156
4041,2022-02-24 16:54:21.074365,4,1015
4042,2022-02-24 17:10:43.977286,4,1887
4043,2022-02-24 17:34:56.034893,4,1506
4044,2022-02-24 18:06:48.786537,4,1931
4045,2022-02-24 18:11:00.394570,4,690
4046,2022-02-24 18:28:24.161504,4,1932
4047,2022-02-24 19:38:48.676848,4,1294
4048,2022-02-24 19:22:38.919898,4,1170
4049,2022-02-24 19:43:08.292967,4,1934
4050,2022-02-24 21:29:17.435576,4,1835
4051,2022-02-24 20:48:56.328440,4,43
4052,2022-02-24 21:43:01.881731,4,1936
4053,2022-02-24 21:03:59.838383,4,1937
4054,2022-02-24 21:07:31.773018,4,1938
4055,2022-02-24 21:57:29.160930,4,1939
4056,2022-02-24 22:00:15.824646,4,121
4057,2022-02-24 22:34:34.626296,4,1940
4058,2022-02-25 03:03:30.571650,4,1908
4059,2022-02-25 18:21:15.728749,4,1506
4060,2022-02-25 10:50:57.453234,4,1822
4061,2022-02-25 04:38:21.994387,4,1941
4062,2022-02-25 05:14:10.245759,4,1757
4063,2022-02-25 06:50:12.411333,4,1922
4064,2022-02-25 11:25:52.213014,4,1504
4065,2022-02-25 05:38:47.139742,4,649
4066,2022-02-25 20:26:27.363341,4,1942
4067,2022-02-25 06:02:46.796847,4,1943
4068,2022-02-25 12:08:12.111034,4,1816
4069,2022-02-25 06:40:35.770474,4,1898
4070,2022-02-25 06:59:09.173327,4,1944
4071,2022-02-25 07:13:44.158005,4,559
4072,2022-02-25 15:39:15.292598,4,1883
4073,2022-02-25 08:28:08.259461,4,1868
4074,2022-02-25 15:36:25.941903,4,63
4075,2022-02-25 07:51:56.398937,4,1720
4076,2022-02-25 09:17:20.569009,4,743
4077,2022-02-25 14:54:51.149900,4,623
4078,2022-02-25 08:35:36.431070,4,1663
4079,2022-02-25 09:35:28.073335,4,1938
4080,2022-02-25 17:30:13.170442,4,43
4081,2022-02-25 10:37:36.059636,4,1946
4082,2022-02-25 10:47:49.660557,4,1861
4083,2022-02-25 21:42:21.027328,4,1700
4084,2022-02-25 14:54:44.490878,4,1707
4085,2022-02-25 21:01:06.883966,4,1939
4086,2022-02-25 11:08:15.007545,4,1907
4087,2022-02-25 11:14:31.580161,4,1945
4088,2022-02-25 11:31:31.515570,4,1866
4089,2022-02-25 12:44:23.778934,4,1947
4090,2022-02-25 13:29:34.385918,4,1948
4091,2022-02-25 11:52:04.467334,4,1949
4092,2022-02-25 12:16:13.623358,4,1950
4093,2022-02-25 12:33:44.122187,4,1951
4094,2022-02-25 12:24:55.269141,4,1387
4095,2022-02-25 13:59:25.880680,4,1847
4096,2022-02-25 14:05:18.447735,4,1937
4097,2022-02-25 13:13:20.846249,4,1952
4098,2022-02-25 13:35:38.305933,4,1318
4099,2022-02-25 14:38:43.962470,4,1953
4100,2022-02-25 14:51:33.285511,4,1954
4101,2022-02-25 15:41:05.280073,4,1955
4102,2022-02-25 15:56:58.674748,4,1956
4103,2022-02-25 17:10:38.949611,4,1835
4104,2022-02-25 16:24:06.537489,4,1957
4105,2022-02-25 19:28:47.338700,4,1958
4106,2022-02-25 17:01:07.767963,4,1959
4107,2022-02-25 19:18:29.097769,4,258
4108,2022-02-25 21:18:34.552328,4,1960
4109,2022-02-25 17:12:21.713391,4,223
4110,2022-02-25 17:12:38.438809,4,177
4111,2022-02-25 18:47:55.236896,4,1495
4112,2022-02-25 17:14:09.891306,4,742
4113,2022-02-25 17:13:35.816088,4,1961
4114,2022-02-25 18:28:36.437622,4,294
4115,2022-02-25 17:21:26.411220,4,1962
4116,2022-02-25 17:26:55.298365,4,1963
4117,2022-02-25 17:27:10.817590,4,1359
4118,2022-02-25 17:42:07.709938,4,298
4119,2022-02-25 17:43:00.563921,4,1964
4120,2022-02-25 17:45:17.056512,4,1965
4121,2022-02-25 18:05:45.165507,4,1967
4122,2022-02-25 18:09:59.896180,4,1968
4123,2022-02-25 18:13:38.001875,4,1966
4124,2022-02-25 21:10:26.682314,4,1970
4125,2022-02-25 18:40:02.060009,4,1969
4126,2022-02-25 18:20:35.098467,4,1921
4127,2022-02-25 18:55:35.724529,4,1815
4128,2022-02-25 18:33:50.801596,4,1971
4129,2022-02-25 18:38:59.039909,4,1972
4130,2022-02-25 18:45:48.093685,4,580
4131,2022-02-25 18:50:13.643455,4,1974
4132,2022-02-25 19:10:23.539695,4,1975
4133,2022-02-25 19:56:55.981144,4,1977
4134,2022-02-25 20:13:47.087366,4,1978
4135,2022-02-25 19:39:12.952617,4,1979
4136,2022-02-25 19:38:54.902461,4,350
4137,2022-02-25 19:48:32.860355,4,379
4138,2022-02-25 19:50:35.891846,4,1980
4139,2022-02-25 20:40:21.001289,4,1982
4140,2022-02-25 20:42:38.356967,4,1983
4141,2022-02-25 20:48:40.036660,4,1752
4142,2022-02-25 21:25:32.063284,4,1984
4143,2022-02-25 21:44:43.870039,4,1985
4144,2022-02-25 22:00:12.272870,4,121
4145,2022-02-26 10:48:05.492218,4,1987
4146,2022-02-26 00:46:02.525819,4,1952
4147,2022-02-26 20:26:59.501315,4,1942
4148,2022-02-26 06:06:49.306993,4,1989
4149,2022-02-26 18:55:47.330607,4,1506
4150,2022-02-26 14:57:36.882194,4,266
4151,2022-02-26 07:17:00.859522,4,256
4152,2022-02-26 07:51:47.564006,4,1992
4153,2022-02-26 07:29:54.475606,4,1478
4154,2022-02-26 07:46:56.964019,4,1993
4155,2022-02-26 12:37:57.892028,4,1744
4156,2022-02-26 08:11:04.505189,4,1733
4157,2022-02-26 08:15:00.767117,4,1994
4158,2022-02-26 08:36:05.374909,4,1815
4159,2022-02-26 08:39:38.908552,4,1995
4160,2022-02-26 09:13:17.384235,4,1997
4161,2022-02-26 10:38:16.997563,4,1998
4162,2022-02-26 09:47:04.538763,4,1009
4163,2022-02-26 10:37:47.474465,4,1791
4164,2022-02-26 18:26:24.555562,4,1944
4165,2022-02-26 10:53:56.909732,4,1999
4166,2022-02-26 11:44:11.620368,4,2000
4167,2022-02-26 11:26:12.867377,4,1835
4168,2022-02-26 11:29:35.530521,4,1960
4169,2022-02-26 11:41:50.384529,4,1905
4170,2022-02-26 11:45:46.640528,4,1021
4171,2022-02-26 18:53:02.466789,4,2002
4172,2022-02-26 12:16:39.165170,4,1379
4173,2022-02-26 12:19:35.980678,4,2003
4174,2022-02-26 13:09:40.918086,4,1233
4175,2022-02-26 13:14:38.572006,4,2004
4176,2022-02-26 16:52:17.326294,4,2006
4177,2022-02-26 13:42:24.451484,4,511
4178,2022-02-26 16:50:42.247326,4,2005
4179,2022-02-26 14:51:57.447672,4,2007
4180,2022-02-26 14:40:54.743282,4,1495
4181,2022-02-26 16:02:54.615010,4,2008
4182,2022-02-26 16:02:51.226145,4,2010
4183,2022-02-26 15:09:26.398139,4,642
4184,2022-02-26 15:13:27.683909,4,2011
4185,2022-02-26 16:59:40.522281,4,1948
4186,2022-02-26 18:02:07.835817,4,786
4187,2022-02-26 19:08:01.147651,4,1709
4188,2022-02-26 18:52:13.781949,4,258
4189,2022-02-26 18:59:08.424060,4,1909
4190,2022-02-26 19:10:12.934680,4,2014
4191,2022-02-26 21:02:41.489651,4,1294
4192,2022-02-26 19:53:20.507813,4,2015
4193,2022-02-26 20:03:31.337340,4,2016
4194,2022-02-26 20:39:19.590187,4,1443
4195,2022-02-26 20:50:48.230877,4,1439
4196,2022-02-26 20:31:52.428747,4,2017
4197,2022-02-26 22:50:13.344444,4,2018
4198,2022-02-26 22:00:11.549231,4,121
4199,2022-02-26 22:17:33.903204,4,2020
4200,2022-02-26 22:40:21.919028,4,2021
4201,2022-02-27 04:34:52.395623,4,2023
4202,2022-02-27 01:44:24.506507,4,1886
4203,2022-02-27 19:08:27.368577,4,1197
4204,2022-02-27 12:27:58.939310,4,1942
4205,2022-02-27 05:48:15.895107,4,1517
4206,2022-02-27 13:34:05.698978,4,2024
4207,2022-02-27 06:17:13.340134,4,1960
4208,2022-02-27 06:46:33.363173,4,2025
4209,2022-02-27 07:50:10.838112,4,320
4210,2022-02-27 10:10:02.536100,4,2014
4211,2022-02-27 18:46:56.796696,4,1506
4212,2022-02-27 08:31:23.036017,4,2027
4213,2022-02-27 08:37:10.808934,4,2028
4214,2022-02-27 09:46:06.561045,4,2026
4215,2022-02-27 09:31:15.666630,4,2029
4216,2022-02-27 13:36:42.521049,4,220
4217,2022-02-27 10:20:03.565520,4,1294
4218,2022-02-27 10:02:40.813185,4,2030
4219,2022-02-27 10:07:57.266301,4,43
4220,2022-02-27 15:27:36.071987,4,2008
4221,2022-02-27 18:41:40.355165,4,1495
4222,2022-02-27 10:38:07.847956,4,1935
4223,2022-02-27 10:57:43.493943,4,2031
4224,2022-02-27 17:58:58.269402,4,2002
4225,2022-02-27 11:31:51.158119,4,2032
4226,2022-02-27 14:17:04.441291,4,50
4227,2022-02-27 12:36:29.965338,4,2035
4228,2022-02-27 13:29:30.261377,4,2036
4229,2022-02-27 13:44:27.980099,4,2037
4230,2022-02-27 14:00:16.645438,4,2038
4231,2022-02-27 16:23:05.478034,4,258
4232,2022-02-27 15:21:47.786192,4,2039
4233,2022-02-27 14:56:35.873960,4,2040
4234,2022-02-27 15:04:03.609958,4,1574
4235,2022-02-27 15:20:39.468427,4,642
4236,2022-02-27 15:36:51.783089,4,2041
4237,2022-02-27 15:25:25.751586,4,2042
4238,2022-02-27 15:39:15.819773,4,2043
4239,2022-02-27 17:41:51.278736,4,2044
4240,2022-02-27 16:39:41.176407,4,1971
4241,2022-02-27 17:12:29.480901,4,2046
4242,2022-02-27 17:14:37.935133,4,2047
4243,2022-02-27 17:59:11.850422,4,1274
4244,2022-02-27 18:26:56.630979,4,1909
4245,2022-02-27 21:17:13.147468,4,1707
4246,2022-02-27 18:44:24.275900,4,2048
4247,2022-02-27 18:50:47.154661,4,2049
4248,2022-02-27 18:53:42.602624,4,2050
4249,2022-02-27 18:56:34.349171,4,246
4250,2022-02-27 19:04:46.136564,4,2051
4251,2022-02-27 19:30:37.385211,4,2052
4252,2022-02-27 20:06:08.767562,4,2053
4253,2022-02-27 19:35:37.202963,4,2054
4254,2022-02-27 21:07:50.189144,4,2056
4255,2022-02-27 21:07:55.591326,4,1884
4256,2022-02-27 21:15:44.964777,4,1905
4257,2022-02-27 21:38:30.023855,4,427
4258,2022-02-27 22:00:12.419976,4,121
4259,2022-02-27 22:33:40.324159,4,669
4260,2022-02-28 04:39:42.686234,4,1960
4261,2022-02-28 06:30:19.074864,4,2057
4262,2022-02-28 05:28:17.782490,4,2000
4263,2022-02-28 07:01:04.775778,4,1942
4264,2022-02-28 07:13:28.508663,4,2056
4265,2022-02-28 13:57:27.191501,4,2002
4266,2022-02-28 17:07:53.965084,4,50
4267,2022-02-28 09:31:21.615815,4,1907
4268,2022-02-28 09:00:45.764700,4,1601
4269,2022-02-28 09:15:51.352171,4,1663
4270,2022-02-28 15:39:24.412747,4,63
4271,2022-02-28 10:05:40.783680,4,2061
4272,2022-02-28 16:04:56.294123,4,1884
4273,2022-02-28 10:30:20.785352,4,2062
4274,2022-02-28 10:32:39.715492,4,1941
4275,2022-02-28 10:37:46.197050,4,2063
4276,2022-02-28 11:14:17.862939,4,936
4277,2022-02-28 11:14:47.661069,4,2064
4278,2022-02-28 11:15:39.533846,4,1947
4279,2022-02-28 11:22:21.325126,4,2065
4280,2022-02-28 17:07:46.461624,4,623
4281,2022-02-28 16:36:20.290236,4,1723
4282,2022-02-28 11:56:31.338169,4,570
4283,2022-02-28 12:18:34.400498,4,1948
4284,2022-02-28 12:30:08.059656,4,2066
4285,2022-02-28 13:05:11.770167,4,276
4286,2022-02-28 13:17:16.777700,4,2067
4287,2022-02-28 18:22:53.247933,4,2068
4288,2022-02-28 14:07:43.197170,4,2069
4289,2022-02-28 18:58:09.824289,4,2070
4290,2022-02-28 14:56:30.280974,4,2071
4291,2022-02-28 16:08:12.396366,4,2052
4292,2022-02-28 15:40:32.533986,4,1700
4293,2022-02-28 16:27:30.274661,4,1815
4294,2022-02-28 17:15:51.600000,4,2072
4295,2022-02-28 17:23:19.098770,4,222
4296,2022-02-28 21:31:55.045882,4,1707
4297,2022-02-28 17:25:32.888008,4,2041
4298,2022-02-28 17:58:25.867122,4,954
4299,2022-02-28 18:32:28.183927,4,2073
4300,2022-02-28 18:03:09.568998,4,2074
4301,2022-02-28 18:14:18.756689,4,1797
4302,2022-02-28 18:16:34.587508,4,1009
4303,2022-02-28 19:24:00.589128,4,2075
4304,2022-02-28 20:07:24.354934,4,2014
4305,2022-02-28 20:25:06.512346,4,1939
4306,2022-02-28 20:57:07.810725,4,1203
4307,2022-02-28 21:05:18.705530,4,2077
4308,2022-02-28 21:21:46.410821,4,2078
4309,2022-02-28 22:00:11.508450,4,121
4310,2022-02-28 22:48:59.152592,4,1544
4311,2022-02-28 23:16:59.818540,4,157
4312,2022-02-28 23:55:14.972063,4,1844
4313,2022-03-01 00:25:21.081233,4,1844
4314,2022-03-01 05:48:19.929325,4,2077
4315,2022-03-01 05:54:33.607022,4,954
4316,2022-03-01 06:21:45.599251,4,2080
4317,2022-03-01 06:13:32.681110,4,1948
4318,2022-03-01 06:20:15.317413,4,1318
4319,2022-03-01 06:53:24.622812,4,496
4320,2022-03-01 07:13:15.544087,4,1815
4321,2022-03-01 11:45:34.589860,4,1987
4322,2022-03-01 08:38:21.502922,4,1907
4323,2022-03-01 07:56:24.931585,4,1818
4324,2022-03-01 16:51:15.849227,4,63
4325,2022-03-01 08:10:20.609375,4,1792
4326,2022-03-01 08:37:55.695587,4,1797
4327,2022-03-01 08:47:35.979593,4,1700
4328,2022-03-01 08:50:26.549981,4,1663
4329,2022-03-01 08:57:30.312149,4,2084
4330,2022-03-01 10:54:58.530418,4,1884
4331,2022-03-01 09:52:29.735713,4,2086
4332,2022-03-01 09:53:45.607188,4,2085
4333,2022-03-01 10:11:05.634155,4,1905
4334,2022-03-01 17:15:08.211363,4,2088
4335,2022-03-01 12:33:46.076884,4,2089
4336,2022-03-01 18:19:33.714835,4,2067
4337,2022-03-01 12:50:16.499441,4,1862
4338,2022-03-01 12:50:53.684754,4,1960
4339,2022-03-01 13:19:18.036195,4,2014
4340,2022-03-01 14:54:19.228297,4,583
4341,2022-03-01 20:10:34.097060,4,454
4342,2022-03-01 18:58:19.595867,4,2048
4343,2022-03-01 14:30:07.638906,4,50
4344,2022-03-01 15:26:49.671878,4,43
4345,2022-03-01 16:51:05.842974,4,1744
4346,2022-03-01 22:32:13.366786,4,2090
4347,2022-03-01 18:40:27.455144,4,470
4348,2022-03-01 18:24:52.573193,4,2091
4349,2022-03-01 18:05:47.302251,4,203
4350,2022-03-01 17:23:30.899872,4,241
4351,2022-03-01 17:32:37.364202,4,2092
4352,2022-03-01 19:04:42.923827,4,1009
4353,2022-03-01 18:02:24.090617,4,2093
4354,2022-03-01 18:16:15.510034,4,589
4355,2022-03-01 19:37:54.616978,4,1015
4356,2022-03-01 19:04:42.426139,4,936
4357,2022-03-01 19:40:42.363248,4,2094
4358,2022-03-01 23:23:23.269483,4,2096
4359,2022-03-01 21:57:43.651030,4,2054
4360,2022-03-01 22:00:13.701785,4,121
4361,2022-03-01 22:17:09.774733,4,2097
4362,2022-03-01 23:39:43.323289,4,2098
4363,2022-03-02 05:17:16.520054,4,2099
4364,2022-03-02 04:32:26.780890,4,2100
4365,2022-03-02 04:36:21.244862,4,2101
4366,2022-03-02 07:07:19.226147,4,2014
4367,2022-03-02 05:04:46.288860,4,2102
4368,2022-03-02 05:46:10.044181,4,1019
4369,2022-03-02 06:01:13.535056,4,266
4370,2022-03-02 06:23:28.235135,4,2103
4371,2022-03-02 18:38:53.179708,4,221
4372,2022-03-02 11:07:52.492015,4,2104
4373,2022-03-02 07:02:52.772664,4,2086
4374,2022-03-02 21:20:55.415930,4,1544
4375,2022-03-02 07:52:23.081389,4,419
4376,2022-03-02 12:11:10.731240,4,1709
4377,2022-03-02 07:57:59.541843,4,548
4378,2022-03-02 19:58:30.479306,4,63
4379,2022-03-02 08:28:48.514295,4,2105
4380,2022-03-02 08:51:09.484451,4,50
4381,2022-03-02 14:22:30.150084,4,1495
4382,2022-03-02 09:16:35.982880,4,1136
4383,2022-03-02 09:38:47.480764,4,220
4384,2022-03-02 11:58:52.244224,4,203
4385,2022-03-02 11:07:56.558314,4,446
4386,2022-03-02 11:25:49.688714,4,1907
4387,2022-03-02 11:33:55.367228,4,1312
4388,2022-03-02 12:08:13.321065,4,2107
4389,2022-03-02 12:16:01.886536,4,2108
4390,2022-03-02 15:43:52.288848,4,2109
4391,2022-03-02 12:36:43.028474,4,2110
4392,2022-03-02 12:38:53.737560,4,2000
4393,2022-03-02 12:43:22.252568,4,2112
4394,2022-03-02 12:44:56.725647,4,2111
4395,2022-03-02 13:12:08.466314,4,2113
4396,2022-03-02 13:13:19.320687,4,1658
4397,2022-03-02 13:28:52.796895,4,2114
4398,2022-03-02 13:49:59.875278,4,1209
4399,2022-03-02 15:24:36.481519,4,496
4400,2022-03-02 22:46:16.135303,4,2115
4401,2022-03-02 14:29:25.962760,4,2116
4402,2022-03-02 19:57:31.494310,4,1015
4403,2022-03-02 15:45:53.073458,4,2117
4404,2022-03-02 14:44:49.907427,4,1700
4405,2022-03-02 15:02:07.117304,4,2118
4406,2022-03-02 15:10:47.937356,4,2119
4407,2022-03-02 15:07:00.785906,4,2120
4408,2022-03-02 15:32:52.730397,4,2121
4409,2022-03-02 15:37:16.819565,4,2122
4410,2022-03-02 16:30:41.408646,4,222
4411,2022-03-02 18:42:12.317433,4,2072
4412,2022-03-02 16:35:30.771392,4,2085
4413,2022-03-02 18:01:18.232178,4,2125
4414,2022-03-02 20:31:32.142578,4,2126
4415,2022-03-02 18:30:00.612283,4,1884
4416,2022-03-02 19:08:47.875726,4,2127
4417,2022-03-02 19:30:36.533517,4,1883
4418,2022-03-02 19:37:50.978069,4,2128
4419,2022-03-02 20:12:29.795924,4,2129
4420,2022-03-02 20:35:57.268398,4,73
4421,2022-03-02 21:48:22.447604,4,2130
4422,2022-03-02 21:36:17.838184,4,1483
4423,2022-03-02 21:12:48.041564,4,2131
4424,2022-03-02 21:26:24.275098,4,2133
4425,2022-03-02 21:38:05.315235,4,2134
4426,2022-03-02 22:00:10.620833,4,121
4427,2022-03-02 22:10:28.070180,4,2135
4428,2022-03-02 22:45:03.214254,4,1161
4429,2022-03-03 02:55:48.592345,4,1364
4430,2022-03-03 06:21:05.561980,4,1908
4431,2022-03-03 05:49:34.465323,4,2137
4432,2022-03-03 08:18:59.467352,4,2136
4433,2022-03-03 06:21:41.685574,4,2138
4434,2022-03-03 06:39:28.690541,4,266
4435,2022-03-03 07:22:46.075563,4,97
4436,2022-03-03 08:12:37.516650,4,1883
4437,2022-03-03 07:58:09.190782,4,2139
4438,2022-03-03 08:16:36.459435,4,2140
4439,2022-03-03 16:55:45.299313,4,63
4440,2022-03-03 09:17:40.328848,4,50
4441,2022-03-03 09:23:25.619241,4,1506
4442,2022-03-03 09:34:26.399533,4,2141
4443,2022-03-03 09:38:03.397952,4,623
4444,2022-03-03 09:38:22.667230,4,1584
4445,2022-03-03 09:39:10.947104,4,1507
4446,2022-03-03 09:59:21.488564,4,1015
4447,2022-03-03 10:31:03.904193,4,2143
4448,2022-03-03 12:43:29.623872,4,2144
4449,2022-04-03 17:45:34.853758,4,220
4450,2022-03-03 11:23:07.545023,4,1907
4451,2022-03-03 20:53:25.474079,4,2134
4452,2022-03-03 15:29:45.903814,4,2146
4453,2022-03-03 12:14:06.684559,4,2147
4454,2022-03-03 13:04:52.887013,4,2148
4455,2022-03-03 12:06:11.822474,4,1709
4456,2022-03-03 12:10:30.665964,4,1815
4457,2022-03-03 12:13:24.113259,4,2149
4458,2022-03-03 12:22:12.691393,4,640
4459,2022-03-03 12:39:23.571235,4,2150
4460,2022-03-03 12:54:44.552157,4,2151
4461,2022-03-03 17:57:37.787888,4,496
4462,2022-03-03 16:14:02.267563,4,2155
4463,2022-03-03 15:44:28.908912,4,2154
4464,2022-03-03 15:54:32.454951,4,503
4465,2022-03-03 15:51:05.897864,4,2000
4466,2022-03-03 17:04:07.519950,4,234
4467,2022-03-03 17:46:19.714044,4,2159
4468,2022-03-03 18:07:45.624958,4,1495
4469,2022-03-03 18:34:10.941773,4,2160
4470,2022-03-03 23:08:21.547587,4,2117
4471,2022-03-03 19:27:15.577177,4,1700
4472,2022-03-03 19:59:39.347329,4,2056
4473,2022-03-03 20:42:03.619352,4,1483
4474,2022-03-03 20:00:56.305658,4,427
4475,2022-03-03 20:12:38.601476,4,1009
4476,2022-03-03 22:00:10.882406,4,121
4477,2022-03-03 22:14:44.773892,4,2162
4478,2022-03-04 02:40:07.927325,4,1908
4479,2022-03-04 03:24:35.703349,4,2146
4480,2022-03-04 09:08:26.189689,4,2155
4481,2022-03-04 04:22:25.780823,4,2165
4482,2022-03-04 05:21:42.176003,4,1907
4483,2022-03-04 06:57:46.523988,4,2168
4484,2022-03-04 08:33:39.211223,4,2008
4485,2022-03-04 16:55:32.898767,4,63
4486,2022-03-04 07:43:13.534982,4,203
4487,2022-03-04 07:50:56.213667,4,2170
4488,2022-03-04 08:20:48.764756,4,2171
4489,2022-03-04 17:26:09.716346,4,623
4490,2022-03-04 09:07:42.146402,4,2172
4491,2022-03-04 09:54:53.779663,4,2173
4492,2022-03-04 13:31:36.669172,4,2174
4493,2022-03-04 10:38:48.220538,4,2175
4494,2022-03-04 10:17:41.455534,4,2176
4495,2022-03-04 10:25:07.729615,4,2177
4496,2022-03-04 14:18:16.761712,4,2023
4497,2022-03-04 10:45:00.101442,4,2178
4498,2022-03-04 10:46:39.040610,4,2179
4499,2022-03-04 17:14:20.146083,4,2134
4500,2022-03-04 11:42:42.143675,4,2180
4501,2022-03-04 11:54:33.398986,4,2181
4502,2022-03-04 11:54:21.146270,4,496
4503,2022-03-04 12:07:50.547047,4,2182
4504,2022-03-04 13:09:07.372095,4,928
4505,2022-03-04 13:15:42.563293,4,2184
4506,2022-03-04 13:24:03.857065,4,2185
4507,2022-03-04 13:28:44.156144,4,1318
4508,2022-03-04 18:54:07.270457,4,2186
4509,2022-03-04 20:19:36.765520,4,2187
4510,2022-03-04 14:58:13.025509,4,589
4511,2022-03-04 15:53:51.603940,4,1495
4512,2022-03-04 16:20:59.685893,4,1816
4513,2022-03-04 16:30:13.309522,4,2188
4514,2022-03-04 17:49:32.313855,4,2190
4515,2022-03-04 18:53:24.584696,4,2189
4516,2022-03-04 19:36:00.896521,4,2191
4517,2022-03-04 20:03:06.235734,4,603
4518,2022-03-04 20:28:40.666091,4,2192
4519,2022-03-04 20:44:22.570168,4,1015
4520,2022-03-04 20:46:17.121845,4,1939
4521,2022-03-04 21:13:30.678080,4,2193
4522,2022-03-04 21:44:31.521751,4,2194
4523,2022-03-04 22:00:10.908123,4,121
4524,2022-03-04 23:08:31.784145,4,2195
4525,2022-03-04 23:08:32.973050,4,2196
4526,2022-03-05 04:43:02.732469,4,2100
4527,2022-03-05 12:36:46.020512,4,265
4528,2022-03-05 18:20:54.849182,4,603
4529,2022-03-05 05:32:32.702994,4,2197
4530,2022-03-05 05:46:51.643040,4,2155
4531,2022-03-05 06:46:33.304504,4,1811
4532,2022-03-05 16:20:07.431502,4,63
4533,2022-03-05 07:53:13.570616,4,2195
4534,2022-03-05 08:06:57.883462,4,2198
4535,2022-03-05 20:45:51.009245,4,1709
4536,2022-03-05 13:03:46.723531,4,2122
4537,2022-03-05 08:59:16.896415,4,2086
4538,2022-03-05 09:13:10.830685,4,1752
4539,2022-03-05 15:12:44.177682,4,2199
4540,2022-03-05 09:51:22.840667,4,198
4541,2022-03-05 09:47:02.822744,4,1318
4542,2022-03-05 11:53:55.113782,4,1700
4543,2022-03-05 16:59:44.203506,4,2134
4544,2022-03-05 11:44:23.289671,4,1015
4545,2022-03-05 12:16:14.539018,4,2180
4546,2022-03-05 12:40:02.450810,4,2200
4547,2022-03-05 12:30:23.260925,4,1209
4548,2022-03-05 14:04:05.520762,4,2201
4549,2022-03-05 17:40:29.163727,4,1495
4550,2022-03-05 20:55:58.500687,4,2202
4551,2022-03-05 18:48:56.284297,4,1808
4552,2022-03-05 18:51:53.255508,4,2203
4553,2022-03-05 18:54:21.886839,4,2187
4554,2022-03-05 19:31:24.296983,4,509
4555,2022-03-05 22:00:10.985810,4,121
4556,2022-03-06 06:57:50.862747,4,1674
4557,2022-03-06 07:35:07.152039,4,2204
4558,2022-03-06 09:59:12.299979,4,603
4559,2022-03-06 08:26:25.281287,4,1604
4560,2022-03-06 08:29:06.960273,4,2134
4561,2022-03-06 08:37:54.960959,4,1424
4562,2022-03-06 08:40:08.556264,4,2180
4563,2022-03-06 13:57:31.325836,4,2205
4564,2022-03-06 14:00:08.427186,4,222
4565,2022-03-06 20:43:23.993351,4,422
4566,2022-03-06 17:57:07.637539,4,2199
4567,2022-03-06 16:41:21.821027,4,2206
4568,2022-03-06 16:22:42.955623,4,1015
4569,2022-03-06 16:45:02.380472,4,387
4570,2022-03-06 21:09:50.231386,4,1700
4571,2022-03-06 19:20:37.032664,4,2122
4572,2022-03-06 21:13:51.149695,4,1294
4573,2022-03-07 00:09:56.329191,4,427
4574,2022-03-07 05:07:30.511746,4,1752
4575,2022-03-07 06:58:03.408760,4,584
4576,2022-03-07 07:09:59.061050,4,2000
4577,2022-03-07 09:29:27.787266,4,1700
4578,2022-03-07 18:28:26.800126,4,2134
4579,2022-03-07 09:00:36.853601,4,1603
4580,2022-03-07 09:14:06.855340,4,2180
4581,2022-03-07 11:01:32.543645,4,2174
4582,2022-03-07 11:30:38.175373,4,158
4583,2022-03-07 14:23:35.125363,4,535
4584,2022-03-07 21:29:28.206415,4,1294
4585,2022-03-07 14:46:51.486846,4,2209
4586,2022-03-07 17:43:37.843470,4,1795
4587,2022-03-07 18:09:10.474585,4,1003
4588,2022-03-07 20:50:01.087670,4,589
4589,2022-03-08 04:05:07.490170,4,1844
4590,2022-03-08 08:08:15.486445,4,1003
4591,2022-03-08 06:13:12.175367,4,1603
4592,2022-03-08 18:56:55.860028,4,1700
4593,2022-03-08 07:08:44.680981,4,954
4594,2022-03-08 07:48:44.604276,4,320
4595,2022-03-08 09:16:14.875974,4,2021
4596,2022-03-08 08:23:41.088453,4,2134
4597,2022-03-08 08:45:35.316744,4,2211
4598,2022-03-08 10:07:13.579489,4,2212
4599,2022-03-08 12:17:43.567056,4,2000
4600,2022-03-08 15:24:46.559067,4,2209
4601,2022-03-08 11:33:36.241881,4,1426
4602,2022-03-08 11:27:33.141951,4,2213
4603,2022-03-08 12:49:08.065052,4,2122
4604,2022-03-08 12:29:57.908091,4,1544
4605,2022-03-08 15:13:37.967166,4,2214
4606,2022-03-08 16:30:27.315236,4,1009
4607,2022-03-08 17:44:37.896963,4,2215
4608,2022-03-08 18:16:50.956038,4,50
4609,2022-03-08 19:25:03.379330,4,1233
4610,2022-03-08 19:49:50.563855,4,124
4611,2022-03-08 21:39:46.735327,4,2216
4612,2022-03-09 04:00:43.782064,4,1844
4613,2022-03-09 04:34:37.268341,4,525
4614,2022-03-09 09:11:26.938256,4,1907
4615,2022-03-09 06:49:33.807261,4,2217
4616,2022-03-09 06:55:46.996843,4,1318
4617,2022-03-09 13:09:12.675982,4,1544
4618,2022-03-09 08:12:58.181342,4,1816
4619,2022-03-09 08:17:07.560873,4,936
4620,2022-03-09 15:15:39.317132,4,63
4621,2022-03-09 09:50:17.302229,4,1709
4622,2022-03-09 09:42:26.433907,4,623
4623,2022-03-09 11:04:10.003360,4,2218
4624,2022-03-09 14:15:32.443649,4,2209
4625,2022-03-09 18:51:12.896774,4,1603
4626,2022-03-09 11:02:57.151495,4,1003
4627,2022-03-09 11:23:18.573197,4,1768
4628,2022-03-09 11:52:43.978903,4,2180
4629,2022-03-09 14:00:11.031628,4,348
4630,2022-03-09 21:29:47.319392,4,2219
4631,2022-03-09 18:09:38.785621,4,2122
4632,2022-03-09 17:29:07.017052,4,1506
4633,2022-03-09 17:53:16.874995,4,2221
4634,2022-03-09 19:04:14.688428,4,1707
4635,2022-03-09 18:41:29.580553,4,642
4636,2022-03-09 18:02:39.468090,4,1495
4637,2022-03-09 19:18:48.840756,4,2222
4638,2022-03-09 19:32:32.447349,4,589
4639,2022-03-09 21:03:00.541690,4,2223
4640,2022-03-09 21:46:11.347724,4,854
4641,2022-03-10 00:38:23.501963,4,2224
4642,2022-03-10 03:58:31.882834,4,2225
4643,2022-03-10 05:20:55.656529,4,2199
4644,2022-03-10 18:25:28.627462,4,1603
4645,2022-03-10 06:00:48.459396,4,97
4646,2022-03-10 06:23:08.933117,4,559
4647,2022-03-10 06:29:19.944892,4,2219
4648,2022-03-10 06:32:59.005882,4,2226
4649,2022-03-10 13:12:31.449488,4,2227
4650,2022-03-10 16:49:24.780392,4,623
4651,2022-03-10 08:20:05.816739,4,1235
4652,2022-03-10 08:28:51.536090,4,2228
4653,2022-03-10 08:50:00.188623,4,2229
4654,2022-03-10 09:26:57.276447,4,2230
4655,2022-03-10 12:56:42.299291,4,2209
4656,2022-03-10 09:13:23.511632,4,2232
4657,2022-03-10 10:56:24.549421,4,2233
4658,2022-03-10 10:00:18.829260,4,98
4659,2022-03-10 09:57:01.157635,4,2234
4660,2022-03-10 10:38:33.262577,4,525
4661,2022-03-10 10:49:47.925087,4,1506
4662,2022-03-10 12:33:19.581098,4,2000
4663,2022-03-10 12:12:28.211791,4,1544
4664,2022-03-10 12:32:59.110763,4,2122
4665,2022-03-10 16:42:34.529311,4,63
4666,2022-03-10 12:54:18.526782,4,1318
4667,2022-03-10 13:09:29.092264,4,2204
4668,2022-03-10 17:15:20.306963,4,464
4669,2022-03-10 16:09:41.743601,4,1209
4670,2022-03-10 16:56:52.197958,4,2236
4671,2022-03-10 15:38:52.367978,4,1886
4672,2022-03-10 19:45:05.886671,4,2237
4673,2022-03-10 17:32:15.824771,4,2238
4674,2022-03-10 17:55:00.868213,4,583
4675,2022-03-10 18:47:36.842471,4,2189
4676,2022-03-10 18:58:19.947891,4,2239
4677,2022-03-10 19:27:38.641212,4,2240
4678,2022-03-10 20:27:32.148435,4,1294
4679,2022-03-10 21:14:05.972854,4,496
4680,2022-03-10 21:07:44.995132,4,2241
4681,2022-03-10 21:10:56.190248,4,2242
4682,2022-03-11 03:32:19.110291,4,1844
4683,2022-03-11 07:58:47.750005,4,815
4684,2022-03-11 05:22:32.317543,4,1907
4685,2022-03-11 08:01:39.919544,4,1603
4686,2022-03-11 06:18:25.295848,4,2189
4687,2022-03-11 11:25:00.148951,4,743
4688,2022-03-11 07:40:40.016267,4,2243
4689,2022-03-11 13:23:08.633499,4,1909
4690,2022-03-11 07:39:36.994687,4,954
4691,2022-03-11 09:10:28.638812,4,1700
4692,2022-03-11 15:35:41.912427,4,63
4693,2022-03-11 08:14:34.450950,4,2244
4694,2022-03-11 13:25:43.396196,4,2227
4695,2022-03-11 08:47:08.512141,4,2245
4696,2022-03-11 08:55:18.923644,4,623
4697,2022-03-11 09:19:27.557255,4,2240
4698,2022-03-11 09:31:45.897054,4,221
4699,2022-03-11 10:02:02.647436,4,1546
4700,2022-03-11 09:54:21.320365,4,1318
4701,2022-03-11 11:46:05.282562,4,2247
4702,2022-03-11 12:37:51.318844,4,1544
4703,2022-03-11 11:45:54.478892,4,2248
4704,2022-03-11 13:24:11.624721,4,422
4705,2022-03-11 12:40:44.983301,4,2236
4706,2022-03-11 14:35:21.382873,4,1495
4707,2022-03-13 17:42:20.449916,4,1483
4708,2022-03-13 17:08:45.893992,4,2249
4709,2022-03-13 19:13:35.145770,4,422
4710,2022-03-13 17:43:02.643213,4,2222
4711,2022-03-13 19:50:44.537126,4,520
4712,2022-03-13 17:50:47.966599,4,1700
4713,2022-03-13 20:06:33.125789,4,2250
4714,2022-03-13 18:21:17.998981,4,2251
4715,2022-03-13 18:24:29.740199,4,2252
4716,2022-03-13 21:22:29.111420,4,2189
4717,2022-03-13 18:43:07.249602,4,63
4718,2022-03-13 19:20:34.383063,4,2253
4719,2022-03-13 20:11:17.535412,4,2227
4720,2022-03-13 20:51:20.496164,4,2254
4721,2022-03-13 21:04:41.590128,4,2255
4722,2022-03-13 22:45:22.349624,4,2256
4723,2022-03-14 03:27:38.850451,4,2251
4724,2022-03-14 08:51:12.658183,4,121
4725,2022-03-14 13:40:01.751772,4,815
4726,2022-03-14 06:12:15.287683,4,2257
4727,2022-03-14 10:55:42.727208,4,1504
4728,2022-03-14 07:53:42.651747,4,1918
4729,2022-03-14 08:20:57.613241,4,2244
4730,2022-03-14 14:09:25.474773,4,63
4731,2022-03-14 16:15:05.087116,4,1788
4732,2022-03-14 16:23:21.034528,4,50
4733,2022-03-14 22:51:34.377387,4,2256
4734,2022-03-14 08:29:58.081482,4,649
4735,2022-03-14 21:19:17.078721,4,221
4736,2022-03-14 09:43:09.145549,4,2253
4737,2022-03-14 10:31:02.961859,4,1820
4738,2022-03-14 12:30:34.529107,4,2258
4739,2022-03-14 10:40:45.972161,4,2259
4740,2022-03-14 10:59:53.982593,4,2260
4741,2022-03-14 21:29:23.170199,4,623
4742,2022-03-14 12:06:56.438524,4,2261
4743,2022-03-14 21:43:28.302883,4,252
4744,2022-03-14 13:08:07.424054,4,2201
4745,2022-03-14 12:22:15.329549,4,2205
4746,2022-03-14 21:14:55.623275,4,2262
4747,2022-03-14 12:32:44.669475,4,1546
4748,2022-03-14 13:43:15.358207,4,2263
4749,2022-03-14 14:28:05.836961,4,1544
4750,2022-03-14 13:07:22.347218,4,2264
4751,2022-03-14 13:15:40.895372,4,2265
4752,2022-03-14 17:41:23.769584,4,1744
4753,2022-03-14 14:06:32.138854,4,2040
4754,2022-03-14 14:59:57.067004,4,2247
4755,2022-03-14 14:45:13.615627,4,2266
4756,2022-03-14 18:17:28.317938,4,496
4757,2022-03-14 23:03:42.012459,4,1209
4758,2022-03-14 21:21:30.240221,4,1700
4759,2022-03-14 17:49:34.826082,4,2267
4760,2022-03-14 18:18:12.897453,4,2104
4761,2022-03-14 18:32:44.134889,4,2268
4762,2022-03-14 19:26:06.893452,4,1483
4763,2022-03-14 19:24:33.936518,4,2269
4764,2022-03-14 19:46:19.872697,4,422
4765,2022-03-14 21:33:59.549592,4,2270
4766,2022-03-15 00:59:54.434025,4,2271
4767,2022-03-15 02:00:21.930749,4,1818
4768,2022-03-15 08:53:07.422809,4,815
4769,2022-03-15 06:27:43.321868,4,2272
4770,2022-03-15 05:39:35.388613,4,649
4771,2022-03-15 05:59:13.210167,4,121
4772,2022-03-15 22:03:42.277857,4,1209
4773,2022-03-15 12:22:32.750703,4,1544
4774,2022-03-15 18:17:23.004000,4,496
4775,2022-03-15 14:08:49.692903,4,2273
4776,2022-03-15 08:02:45.479627,4,211
4777,2022-03-15 08:15:18.992153,4,2274
4778,2022-03-15 08:12:55.942939,4,2134
4779,2022-03-15 08:15:42.283511,4,2258
4780,2022-03-15 13:07:56.006010,4,2201
4781,2022-03-15 20:39:57.552572,4,2275
4782,2022-03-15 18:03:46.787863,4,2276
4783,2022-03-15 09:37:37.297274,4,2277
4784,2022-03-15 10:45:28.532375,4,2268
4785,2022-03-15 09:46:52.842341,4,2278
4786,2022-03-15 10:10:44.438189,4,43
4787,2022-03-15 16:55:19.328411,4,63
4788,2022-03-15 11:44:24.694287,4,1820
4789,2022-03-15 12:52:22.415539,4,97
4790,2022-03-15 12:10:21.925372,4,2227
4791,2022-03-15 13:21:04.309702,4,1808
4792,2022-03-15 13:17:20.227941,4,1546
4793,2022-03-15 14:11:50.092099,4,2281
4794,2022-03-15 14:12:35.313472,4,2283
4795,2022-03-15 14:34:21.361872,4,2284
4796,2022-03-15 14:34:19.353568,4,2285
4797,2022-03-15 21:23:36.037542,4,2286
4798,2022-03-15 16:45:56.245256,4,2287
4799,2022-03-15 15:47:17.321487,4,2204
4800,2022-03-15 16:10:57.495679,4,2289
4801,2022-03-15 15:56:50.150990,4,1744
4802,2022-03-15 18:04:05.274898,4,2256
4803,2022-03-15 23:32:02.712178,4,2291
4804,2022-03-15 17:16:58.513591,4,1707
4805,2022-03-15 17:28:08.873629,4,2294
4806,2022-03-15 17:33:31.239114,4,2205
4807,2022-03-15 18:27:48.369468,4,719
4808,2022-03-15 18:24:52.934888,4,2295
4809,2022-03-15 19:07:07.492476,4,2296
4810,2022-03-15 19:11:41.353405,4,982
4811,2022-03-15 20:56:41.696022,4,586
4812,2022-03-15 23:07:01.194110,4,221
4813,2022-03-15 20:22:06.484526,4,1077
4814,2022-03-15 20:40:42.359163,4,2297
4815,2022-03-15 21:37:35.408790,4,252
4816,2022-03-15 21:35:55.772586,4,2299
4817,2022-03-15 21:54:35.813860,4,2301
4818,2022-03-16 03:18:27.885634,4,1984
4819,2022-03-16 08:25:19.683889,4,815
4820,2022-03-16 06:23:17.692630,4,2268
4821,2022-03-16 22:48:55.783026,4,2302
4822,2022-03-16 15:56:03.238137,4,2303
4823,2022-03-16 07:50:20.360426,4,2304
4824,2022-03-16 17:40:31.621814,4,2305
4825,2022-03-16 13:25:49.560080,4,2258
4826,2022-03-16 14:33:33.896691,4,2306
4827,2022-03-16 15:31:51.652016,4,63
4828,2022-03-16 09:31:23.349722,4,2307
4829,2022-03-16 10:13:14.102333,4,2308
4830,2022-03-16 13:46:27.148852,4,2309
4831,2022-03-16 13:58:57.594954,4,2311
4832,2022-03-16 12:48:42.728168,4,586
4833,2022-03-16 11:23:47.948790,4,2312
4834,2022-03-16 12:21:55.637658,4,852
4835,2022-03-16 12:41:17.692070,4,2313
4836,2022-03-16 12:50:59.664047,4,2144
4837,2022-03-16 15:30:06.192251,4,1280
4838,2022-03-16 13:08:06.646816,4,2134
4839,2022-03-16 13:22:19.102479,4,2314
4840,2022-03-16 14:17:59.980072,4,2315
4841,2022-03-16 14:00:57.912233,4,2147
4842,2022-03-16 14:02:05.607767,4,1884
4843,2022-03-16 17:51:02.311767,4,2227
4844,2022-03-16 16:35:41.442578,4,2278
4845,2022-03-16 16:41:09.025789,4,1700
4846,2022-03-16 23:19:23.613535,4,2291
4847,2022-03-16 18:31:11.914243,4,2318
4848,2022-03-16 17:46:52.390332,4,2319
4849,2022-03-16 20:05:20.206646,4,2295
4850,2022-03-16 20:00:58.562444,4,2321
4851,2022-03-16 21:39:02.830439,4,2323
4852,2022-03-16 21:42:55.383347,4,2189
4853,2022-03-16 23:11:00.449684,4,2317
4854,2022-03-16 23:45:00.551172,4,2324
4855,2022-03-16 23:51:55.165834,4,839
4856,2022-03-17 13:31:33.523541,4,2317
4857,2022-03-17 00:30:20.674219,4,2324
4858,2022-03-17 05:15:58.552058,4,2326
4859,2022-03-17 08:36:27.985161,4,2327
4860,2022-03-17 06:56:07.162396,4,97
4861,2022-03-17 14:15:13.472075,4,2258
4862,2022-03-17 10:47:38.518885,4,815
4863,2022-03-17 18:23:00.238852,4,1603
4864,2022-03-17 06:48:24.010839,4,2328
4865,2022-03-17 07:12:09.882164,4,121
4866,2022-03-17 07:33:08.808869,4,2312
4867,2022-03-17 14:26:35.607995,4,2227
4868,2022-03-17 08:07:18.515093,4,1820
4869,2022-03-17 08:39:09.201640,4,50
4870,2022-03-17 08:55:59.105054,4,2329
4871,2022-03-17 08:58:00.270562,4,2303
4872,2022-03-17 17:31:04.151614,4,2268
4873,2022-03-17 09:19:42.300869,4,2147
4874,2022-03-17 11:04:05.485959,4,63
4875,2022-03-17 09:59:41.967869,4,2298
4876,2022-03-17 21:43:16.839040,4,589
4877,2022-03-17 10:53:55.030607,4,2332
4878,2022-03-17 11:11:52.906381,4,2306
4879,2022-03-17 11:04:49.135579,4,2333
4880,2022-03-17 11:13:57.952478,4,43
4881,2022-03-17 19:16:32.279747,4,1483
4882,2022-03-17 11:27:22.235844,4,2261
4883,2022-03-17 20:54:04.443176,4,2335
4884,2022-03-17 11:38:35.911492,4,719
4885,2022-03-17 12:08:24.333244,4,98
4886,2022-03-17 12:35:26.780403,4,2336
4887,2022-03-17 12:37:49.157767,4,2337
4888,2022-03-17 14:25:24.902658,4,2271
4889,2022-03-17 14:43:27.683011,4,2338
4890,2022-03-17 17:28:02.797516,4,2309
4891,2022-03-17 16:03:28.627706,4,2284
4892,2022-03-17 22:04:09.189544,4,2291
4893,2022-03-17 22:26:46.551331,4,1700
4894,2022-03-17 17:08:04.915503,4,2253
4895,2022-03-17 17:07:43.465581,4,2339
4896,2022-03-17 17:16:45.639921,4,2256
4897,2022-03-17 20:22:51.294066,4,934
4898,2022-03-17 21:34:42.420120,4,2340
4899,2022-03-18 22:44:28.815550,4,1840
4900,2022-03-18 01:39:16.550116,4,2341
4901,2022-03-18 03:54:55.445548,4,2317
4902,2022-03-18 14:42:27.644716,4,2342
4903,2022-03-18 04:37:24.908347,4,570
4904,2022-03-18 14:54:52.042228,4,2343
4905,2022-03-18 14:23:29.546805,4,2258
4906,2022-03-18 06:58:59.448817,4,934
4907,2022-03-18 07:06:32.604720,4,2330
4908,2022-03-18 10:52:20.599883,4,1603
4909,2022-03-18 22:38:21.023777,4,2272
4910,2022-03-18 07:55:02.596932,4,649
4911,2022-03-18 22:36:36.612296,4,1700
4912,2022-03-18 14:06:05.049483,4,63
4913,2022-03-18 10:12:53.828527,4,2344
4914,2022-03-18 09:37:25.669494,4,2278
4915,2022-03-18 11:15:10.900351,4,2345
4916,2022-03-18 11:08:35.510007,4,2346
4917,2022-03-18 11:54:44.128432,4,2155
4918,2022-03-18 10:23:14.028850,4,2349
4919,2022-03-18 11:51:44.641660,4,1909
4920,2022-03-18 14:31:08.200569,4,2352
4921,2022-03-18 12:05:21.556903,4,2315
4922,2022-03-18 12:56:59.945359,4,50
4923,2022-03-18 14:00:16.148094,4,1483
4924,2022-03-18 13:51:31.937690,4,2353
4925,2022-03-18 15:38:25.344867,4,2268
4926,2022-03-18 13:59:58.079718,4,2354
4927,2022-03-18 17:52:46.313975,4,2333
4928,2022-03-18 14:08:34.785819,4,73
4929,2022-03-18 14:12:26.574177,4,82
4930,2022-03-18 14:59:56.474526,4,2356
4931,2022-03-18 16:08:17.895251,4,2357
4932,2022-03-18 15:18:11.630042,4,589
4933,2022-03-18 16:10:47.162692,4,2358
4934,2022-03-18 16:54:31.307036,4,2227
4935,2022-03-18 17:31:02.612780,4,2314
4936,2022-03-18 18:26:23.285094,4,583
4937,2022-03-18 19:19:27.209708,4,2360
4938,2022-03-18 19:01:19.339722,4,2361
4939,2022-03-18 23:08:23.121622,4,2340
4940,2022-03-18 20:27:13.522720,4,2362
4941,2022-03-18 20:32:26.727358,4,742
4942,2022-03-18 23:45:07.329138,4,2324
4943,2022-03-18 23:51:58.604003,4,2363
4944,2022-03-19 04:28:55.906122,4,2364
4945,2022-03-19 08:32:00.863937,4,2365
4946,2022-03-19 10:22:48.111766,4,2366
4947,2022-03-19 09:30:23.287653,4,2367
4948,2022-03-19 08:25:29.383034,4,934
4949,2022-03-19 08:36:02.093694,4,43
4950,2022-03-19 10:33:48.413422,4,2295
4951,2022-03-19 11:28:36.820456,4,1768
4952,2022-03-19 12:51:20.309404,4,2312
4953,2022-03-19 09:54:26.122749,4,2324
4954,2022-03-19 11:09:26.674303,4,2368
4955,2022-03-19 12:44:33.403894,4,1424
4956,2022-03-19 13:42:57.455449,4,1700
4957,2022-03-19 13:43:27.260933,4,1495
4958,2022-03-19 14:07:44.170617,4,2360
4959,2022-03-19 14:12:08.479688,4,2333
4960,2022-03-19 14:16:25.452781,4,2369
4961,2022-03-19 14:54:58.024077,4,82
4962,2022-03-19 15:30:21.473204,4,2342
4963,2022-03-19 15:47:01.075227,4,496
4964,2022-03-19 16:03:28.756434,4,2370
4965,2022-03-19 16:13:02.448932,4,1744
4966,2022-03-19 16:16:07.581246,4,2371
4967,2022-03-19 16:25:06.105351,4,2372
4968,2022-03-19 16:51:05.386952,4,2373
4969,2022-03-19 17:01:02.238247,4,121
4970,2022-03-19 17:28:02.926507,4,1280
4971,2022-03-19 22:47:15.969510,4,2374
4972,2022-03-19 17:39:34.920740,4,2363
4973,2022-03-19 18:29:30.766338,4,2317
4974,2022-03-19 20:10:15.293798,4,520
4975,2022-03-19 20:29:46.330244,4,2375
4976,2022-03-19 21:29:12.375391,4,2376
4977,2022-03-19 21:35:35.747018,4,2377
4978,2022-03-19 21:53:17.448506,4,2227
4979,2022-03-19 23:06:26.024207,4,1840
4980,2022-03-19 23:42:48.481610,4,2205
4981,2022-03-19 22:56:03.763726,4,2378
4982,2022-03-19 23:09:34.061455,4,2379
4983,2022-03-20 11:19:14.496118,4,2205
4984,2022-03-20 01:22:47.118481,4,2378
4985,2022-03-20 03:49:29.029949,4,1768
4986,2022-03-20 21:13:00.754782,4,589
4987,2022-03-20 06:03:05.664724,4,2312
4988,2022-03-20 18:45:46.329465,4,2380
4989,2022-03-20 07:11:00.992566,4,135
4990,2022-03-20 18:04:18.461183,4,2381
4991,2022-03-20 07:20:53.025600,4,2379
4992,2022-03-20 11:55:49.217770,4,2382
4993,2022-03-20 16:31:00.165198,4,2377
4994,2022-03-20 08:08:19.821967,4,1449
4995,2022-03-20 08:21:42.081929,4,2362
4996,2022-03-20 09:52:44.713849,4,1840
4997,2022-03-20 09:06:26.122933,4,2383
4998,2022-03-20 20:58:56.523007,4,1700
4999,2022-03-20 09:24:26.879048,4,2384
5000,2022-03-20 10:01:51.366948,4,1506
5001,2022-03-20 10:15:43.901988,4,2385
5002,2022-03-20 10:40:02.697446,4,2386
5003,2022-03-20 10:48:07.555169,4,2387
5004,2022-03-20 16:45:24.342972,4,1909
5005,2022-03-20 11:40:54.559171,4,2227
5006,2022-03-20 13:02:13.319812,4,2367
5007,2022-03-20 14:30:57.290405,4,2309
5008,2022-03-20 15:50:38.936482,4,2393
5009,2022-03-20 14:27:24.093689,4,2394
5010,2022-03-20 15:27:15.942207,4,2395
5011,2022-03-20 16:40:24.839289,4,1795
5012,2022-03-20 21:39:10.651100,4,2317
5013,2022-03-20 17:27:16.017218,4,2396
5014,2022-03-20 17:30:17.857642,4,2397
5015,2022-03-20 17:52:40.485529,4,2398
5016,2022-03-20 18:05:22.306446,4,2399
5017,2022-03-20 18:14:41.335271,4,2335
5018,2022-03-20 18:31:06.061534,4,1707
5019,2022-03-20 19:41:11.439244,4,2400
5020,2022-03-20 20:12:51.514271,4,2301
5021,2022-03-20 20:17:38.548238,4,2401
5022,2022-03-20 20:19:47.192646,4,2402
5023,2022-03-20 21:22:50.267542,4,2403
5024,2022-03-20 22:14:52.587294,4,2404
5025,2022-03-21 06:40:34.485145,4,2380
5026,2022-03-21 01:03:45.186558,4,2405
5027,2022-03-21 15:11:13.971733,4,2406
5028,2022-03-21 07:45:43.077553,4,649
5029,2022-03-21 13:11:53.774256,4,1700
5030,2022-03-21 06:14:13.185892,4,2407
5031,2022-03-21 08:40:15.360591,4,2258
5032,2022-03-21 06:42:47.262304,4,1318
5033,2022-03-21 06:50:28.963579,4,525
5034,2022-03-21 18:21:42.467051,4,1768
5035,2022-03-21 07:05:38.824100,4,2408
5036,2022-03-21 07:51:33.660167,4,1603
5037,2022-03-21 14:17:25.565778,4,1909
5038,2022-03-21 08:49:59.154895,4,623
5039,2022-03-21 13:37:33.851192,4,2409
5040,2022-03-21 08:56:21.996412,4,2335
5041,2022-03-21 10:36:46.390075,4,2155
5042,2022-03-21 09:02:23.585507,4,2410
5043,2022-03-21 11:17:01.273577,4,2227
5044,2022-03-21 09:24:25.021708,4,2411
5045,2022-03-21 11:07:13.677652,4,2305
5046,2022-03-21 15:34:37.644044,4,2312
5047,2022-03-21 10:11:57.247420,4,2366
5048,2022-03-21 11:31:51.827154,4,2414
5049,2022-03-21 12:16:20.468140,4,2379
5050,2022-03-21 17:14:15.254254,4,2250
5051,2022-03-21 16:53:07.844280,4,520
5052,2022-03-21 13:49:16.685868,4,2417
5053,2022-03-21 13:30:08.795512,4,2419
5054,2022-03-21 13:47:34.164021,4,2420
5055,2022-03-21 14:38:40.240500,4,1439
5056,2022-03-21 13:47:33.677174,4,82
5057,2022-03-21 13:52:54.775799,4,63
5058,2022-03-21 14:07:41.247115,4,742
5059,2022-03-21 15:50:08.675970,4,2422
5060,2022-03-21 15:24:21.590353,4,2424
5061,2022-03-21 16:04:17.482183,4,2423
5062,2022-03-21 15:46:09.963711,4,2291
5063,2022-03-21 16:32:48.206541,4,2342
5064,2022-03-21 17:27:42.975502,4,2268
5065,2022-03-21 17:54:07.036784,4,2425
5066,2022-03-21 18:23:39.104996,4,589
5067,2022-03-21 18:27:52.692309,4,2426
5068,2022-03-21 18:50:48.909610,4,621
5069,2022-03-21 23:54:41.001485,4,2427
5070,2022-03-21 19:02:45.477437,4,2428
5071,2022-03-21 20:32:09.755707,4,2382
5072,2022-03-21 19:29:49.564879,4,500
5073,2022-03-21 19:39:46.490426,4,2429
5074,2022-03-21 19:42:36.793788,4,2430
5075,2022-03-21 21:27:16.677740,4,2431
5076,2022-03-21 21:20:18.827757,4,2432
5077,2022-03-21 21:23:08.610360,4,238
5078,2022-03-21 21:57:26.989903,4,2433
5079,2022-03-21 22:09:18.273547,4,2434
5080,2022-03-21 23:56:15.396026,4,2435
5081,2022-03-22 14:59:00.571000,4,2435
5082,2022-03-22 00:16:37.361758,4,2436
5083,2022-03-22 08:51:58.031255,4,2437
5084,2022-03-22 02:54:18.897947,4,2438
5085,2022-03-22 03:27:34.300029,4,2439
5086,2022-03-22 14:39:01.275852,4,2432
5087,2022-03-22 06:02:23.568872,4,2343
5088,2022-03-22 06:13:38.476392,4,2308
5089,2022-03-22 06:24:47.351879,4,2258
5090,2022-03-22 20:20:20.670220,4,2440
5091,2022-03-22 06:56:34.202149,4,2441
5092,2022-03-22 07:00:37.827890,4,2374
5093,2022-03-22 07:18:59.375105,4,2275
5094,2022-03-22 07:40:42.896273,4,2197
5095,2022-03-22 20:57:35.165735,4,2428
5096,2022-03-22 08:19:04.789168,4,2443
5097,2022-03-22 14:16:56.921193,4,623
5098,2022-03-22 09:00:07.329282,4,2444
5099,2022-03-22 11:21:26.958465,4,1909
5100,2022-03-22 10:58:52.070994,4,43
5101,2022-03-22 10:43:08.956659,4,2446
5102,2022-03-22 11:44:11.071532,4,2155
5103,2022-03-22 11:45:48.102151,4,2372
5104,2022-03-22 11:42:27.969644,4,815
5105,2022-03-22 11:41:56.252579,4,2447
5106,2022-03-22 12:01:20.482950,4,2448
5107,2022-03-22 12:33:25.131244,4,2449
5108,2022-03-22 12:55:09.122448,4,500
5109,2022-03-22 12:59:55.683793,4,1707
5110,2022-03-22 13:42:58.947141,4,2284
5111,2022-03-22 14:12:02.535620,4,2450
5112,2022-03-22 15:02:14.168062,4,1483
5113,2022-03-22 14:06:18.761410,4,2451
5114,2022-03-22 14:08:33.240460,4,2452
5115,2022-03-22 14:28:27.285938,4,621
5116,2022-03-22 15:55:01.964769,4,2453
5117,2022-03-22 16:13:39.072987,4,2454
5118,2022-03-22 22:35:45.804143,4,742
5119,2022-03-22 17:53:55.614764,4,496
5120,2022-03-22 20:45:22.418022,4,1700
5121,2022-03-22 18:18:35.762064,4,2205
5122,2022-03-22 18:58:39.594842,4,2455
5123,2022-03-22 20:49:14.699782,4,2382
5124,2022-03-22 21:16:07.315725,4,586
5125,2022-03-22 21:03:11.204658,4,2291
5126,2022-03-23 06:37:48.675020,4,815
5127,2022-03-23 12:08:58.425238,4,586
5128,2022-03-23 16:10:43.432112,4,1700
5129,2022-03-23 17:31:41.634535,4,2382
5130,2022-03-23 12:23:08.419240,4,2457
5131,2022-03-23 08:51:48.147105,4,623
5132,2022-03-23 15:28:35.412234,4,2311
5133,2022-03-23 08:58:07.748397,4,649
5134,2022-03-23 11:21:13.744309,4,2155
5135,2022-03-23 09:50:46.928033,4,2383
5136,2022-03-23 10:12:14.522710,4,2452
5137,2022-03-23 21:13:29.506367,4,2458
5138,2022-03-23 11:38:21.549964,4,2459
5139,2022-03-23 11:15:37.920118,4,2437
5140,2022-03-23 14:22:02.174870,4,2460
5141,2022-03-23 11:49:16.241229,4,2205
5142,2022-03-23 13:12:00.424495,4,2461
5143,2022-03-23 14:21:05.345561,4,2284
5144,2022-03-23 14:10:57.390969,4,2374
5145,2022-03-23 16:16:59.149569,4,2462
5146,2022-03-23 16:45:26.595896,4,251
5147,2022-03-23 15:46:04.834141,4,1483
5148,2022-03-23 14:58:21.226373,4,2450
5149,2022-03-23 17:28:21.839240,4,2463
5150,2022-03-23 16:56:00.173424,4,121
5151,2022-03-23 17:04:18.494486,4,2440
5152,2022-03-23 18:35:07.357243,4,2431
5153,2022-03-23 18:57:35.664244,4,2464
5154,2022-03-23 19:13:27.079431,4,2261
5155,2022-03-23 21:45:47.082998,4,589
5156,2022-03-23 23:20:20.489755,4,2465
5157,2022-03-24 05:10:55.727491,4,1844
5158,2022-03-24 06:25:44.041268,4,251
5159,2022-03-24 05:42:46.039024,4,2462
5160,2022-03-24 08:27:17.672609,4,649
5161,2022-03-24 06:19:44.139046,4,2227
5162,2022-03-24 06:39:57.946943,4,2460
5163,2022-03-24 07:14:03.862107,4,2440
5164,2022-03-24 13:31:47.400546,4,245
5165,2022-03-24 14:08:39.426146,4,1700
5166,2022-03-24 08:37:10.981049,4,2466
5167,2022-03-24 09:07:39.744505,4,2467
5168,2022-03-24 10:43:11.865320,4,2155
5169,2022-03-24 11:32:14.594852,4,1379
5170,2022-03-24 10:15:29.889946,4,1066
5171,2022-03-24 16:48:26.547426,4,63
5172,2022-03-24 19:45:26.403396,4,2468
5173,2022-03-24 12:30:06.381048,4,43
5174,2022-03-24 18:22:11.582929,4,2469
5175,2022-03-24 14:06:28.242445,4,497
5176,2022-03-24 14:07:42.701266,4,498
5177,2022-03-24 17:23:17.771601,4,221
5178,2022-03-24 21:49:12.716381,4,1483
5179,2022-03-24 16:09:58.417266,4,2470
5180,2022-03-24 16:14:18.040578,4,2471
5181,2022-03-24 16:32:50.421500,4,2311
5182,2022-03-24 17:08:46.302025,4,2404
5183,2022-03-24 18:33:28.379200,4,82
5184,2022-03-24 17:55:17.648189,4,2249
5185,2022-03-24 20:48:19.505593,4,2458
5186,2022-03-24 20:57:52.695384,4,2453
5187,2022-03-24 22:11:20.992070,4,2472
5188,2022-03-24 23:53:29.789900,4,2473
5189,2022-03-25 00:44:23.884329,4,2473
5190,2022-03-25 17:43:20.777205,4,1700
5191,2022-03-25 07:21:09.850223,4,649
5192,2022-03-25 20:06:38.360624,4,1483
5193,2022-03-25 07:47:35.197961,4,2227
5194,2022-03-25 10:24:45.011854,4,2475
5195,2022-03-25 11:31:55.878335,4,2474
5196,2022-03-25 09:37:24.257814,4,2295
5197,2022-03-25 10:55:46.011590,4,50
5198,2022-03-25 20:00:56.374946,4,63
5199,2022-03-25 09:24:06.474283,4,245
5200,2022-03-25 09:39:37.215384,4,43
5201,2022-03-25 19:54:12.368182,4,82
5202,2022-03-25 10:29:38.835981,4,2476
5203,2022-03-25 10:10:36.631745,4,2477
5204,2022-03-25 11:34:00.527203,4,2460
5205,2022-03-25 15:54:38.060403,4,2268
5206,2022-03-25 18:18:12.595033,4,2379
5207,2022-03-25 13:22:21.663581,4,2478
5208,2022-03-25 12:58:41.658952,4,2453
5209,2022-03-25 13:08:02.521998,4,2462
5210,2022-03-25 13:16:19.990289,4,498
5211,2022-03-25 13:39:34.921388,4,2479
5212,2022-03-25 15:11:11.375327,4,954
5213,2022-03-25 15:20:25.386359,4,273
5214,2022-03-25 16:09:14.950882,4,1545
5215,2022-03-25 15:53:27.231208,4,2472
5216,2022-03-25 20:42:40.027978,4,2458
5217,2022-03-25 20:45:17.336808,4,2382
5218,2022-03-25 20:30:59.961810,4,2481
5219,2022-03-25 20:52:07.638290,4,290
5220,2022-03-26 13:26:48.446414,4,2227
5221,2022-03-26 19:25:50.401685,4,2382
5222,2022-03-26 07:50:47.549792,4,1424
5223,2022-03-26 08:12:44.046784,4,2482
5224,2022-03-26 18:35:54.315149,4,1700
5225,2022-03-26 12:18:19.256583,4,796
5226,2022-03-26 14:20:12.893835,4,2483
5227,2022-03-26 13:51:27.934050,4,422
5228,2022-03-26 11:24:48.347370,4,2485
5229,2022-03-26 11:43:58.764215,4,82
5230,2022-03-26 11:55:19.615008,4,2472
5231,2022-03-26 18:23:20.792747,4,2486
5232,2022-03-26 14:12:56.502267,4,500
5233,2022-03-26 14:45:15.040142,4,2379
5234,2022-03-26 16:13:22.627830,4,2268
5235,2022-03-26 16:09:25.331277,4,2397
5236,2022-03-26 16:00:52.918030,4,2487
5237,2022-03-26 16:21:38.360358,4,2488
5238,2022-03-26 16:06:57.765519,4,2251
5239,2022-03-26 17:31:01.910679,4,690
5240,2022-03-26 19:04:30.618840,4,2489
5241,2022-03-26 20:19:59.655948,4,520
5242,2022-03-26 20:13:11.787625,4,2407
5243,2022-03-26 20:10:50.524504,4,2490
5244,2022-03-26 22:02:47.515544,4,121
5245,2022-03-26 21:48:23.193540,4,2458
5246,2022-03-26 22:24:30.166858,4,2491
5247,2022-03-27 02:08:36.507161,4,121
5248,2022-03-27 09:21:58.662940,4,2397
5249,2022-03-27 10:58:27.880822,4,2382
5250,2022-03-27 07:50:25.627962,4,2485
5251,2022-03-27 15:33:31.522821,4,2492
5252,2022-03-27 14:52:30.772463,4,520
5253,2022-03-27 08:13:29.020131,4,2494
5254,2022-03-27 08:13:38.784608,4,2493
5255,2022-03-27 20:52:43.273601,4,1700
5256,2022-03-27 09:21:27.510527,4,2495
5257,2022-03-27 10:01:11.244357,4,2227
5258,2022-03-27 10:33:46.658573,4,1424
5259,2022-03-27 21:15:09.429976,4,2458
5260,2022-03-27 17:38:22.911625,4,422
5261,2022-03-27 12:16:39.863949,4,2496
5262,2022-03-27 12:38:19.748469,4,589
5263,2022-03-27 13:09:53.560740,4,1504
5264,2022-03-27 13:40:43.111656,4,2497
5265,2022-03-27 14:22:29.518013,4,2498
5266,2022-03-27 14:23:50.199915,4,2499
5267,2022-03-27 15:00:48.530962,4,98
5268,2022-03-27 16:50:45.355613,4,2501
5269,2022-03-27 15:57:58.429268,4,2502
5270,2022-03-27 19:09:33.212605,4,2483
5271,2022-03-27 16:48:18.393046,4,2473
5272,2022-03-27 22:34:22.097176,4,2500
5273,2022-03-27 19:29:03.214864,4,2503
5274,2022-03-27 20:13:00.002888,4,2504
5275,2022-03-27 21:21:08.274442,4,2505
5276,2022-03-28 00:24:09.443630,4,2291
5277,2022-03-28 00:32:32.854476,4,2500
5278,2022-03-28 03:50:30.420313,4,2482
5279,2022-03-28 09:52:56.522913,4,1815
5280,2022-03-28 19:37:56.472277,4,1700
5281,2022-03-28 08:04:39.647423,4,815
5282,2022-03-28 22:01:12.810775,4,121
5283,2022-03-28 08:26:44.272035,4,649
5284,2022-03-28 08:04:11.882338,4,1818
5285,2022-03-28 07:37:07.831608,4,2507
5286,2022-03-28 09:04:06.577376,4,2508
5287,2022-03-28 14:40:09.146849,4,82
5288,2022-03-28 15:25:47.219633,4,2501
5289,2022-03-28 10:08:00.415805,4,221
5290,2022-03-28 11:00:30.492521,4,2509
5291,2022-03-28 11:23:57.242429,4,2510
5292,2022-03-28 16:50:59.114164,4,1545
5293,2022-03-28 12:40:05.668231,4,1603
5294,2022-03-28 14:13:08.066333,4,2503
5295,2022-03-28 15:33:43.253099,4,520
5296,2022-03-28 15:59:49.810283,4,2483
5297,2022-03-28 16:29:30.092266,4,2462
5298,2022-03-28 23:53:44.244584,4,839
5299,2022-03-28 18:39:31.259182,4,2144
5300,2022-03-28 18:43:13.429537,4,2223
5301,2022-03-28 19:03:58.661749,4,2511
5302,2022-03-28 19:08:18.587336,4,1495
5303,2022-03-28 19:54:00.861685,4,2512
5304,2022-03-28 20:40:29.428365,4,1707
5305,2022-03-28 20:52:32.569716,4,589
5306,2022-03-28 21:22:27.702548,4,1483
5307,2022-03-29 02:49:37.282344,4,2474
5308,2022-03-29 14:30:57.793407,4,1700
5309,2022-03-29 09:05:29.083544,4,135
5310,2022-03-29 08:29:54.951766,4,2295
5311,2022-03-29 08:32:28.210184,4,649
5312,2022-03-29 14:39:01.182532,4,245
5313,2022-03-29 13:39:48.440161,4,2462
5314,2022-03-29 13:55:05.803709,4,642
5315,2022-03-29 11:33:30.952907,4,1545
5316,2022-03-29 11:46:50.614816,4,2513
5317,2022-03-29 11:24:21.566794,4,2514
5318,2022-03-29 13:18:05.878167,4,2414
5319,2022-03-29 13:38:34.361207,4,1676
5320,2022-03-29 13:45:10.141199,4,105
5321,2022-03-29 14:40:34.639814,4,2498
5322,2022-03-29 16:23:42.333445,4,1483
5323,2022-03-29 23:50:49.891507,4,839
5324,2022-03-29 17:02:31.855791,4,2268
5325,2022-03-29 15:57:54.428418,4,251
5326,2022-03-29 16:57:00.075263,4,63
5327,2022-03-29 16:28:21.217850,4,50
5328,2022-03-29 16:32:06.691292,4,2472
5329,2022-03-29 21:07:27.828043,4,2512
5330,2022-03-29 18:31:51.058031,4,2240
5331,2022-03-29 20:30:43.429728,4,82
5332,2022-03-29 20:38:49.160238,4,589
5333,2022-03-29 21:10:17.253936,4,2515
5334,2022-03-29 22:00:16.436047,4,121
5335,2022-03-29 23:08:45.300422,4,2516
5336,2022-03-30 00:42:32.030352,4,839
5337,2022-03-30 13:35:00.480571,4,498
5338,2022-03-30 19:25:26.420310,4,1700
5339,2022-03-30 18:23:11.098676,4,2268
5340,2022-03-30 08:49:10.615644,4,815
5341,2022-03-30 11:09:07.329733,4,2155
5342,2022-03-30 08:08:35.768220,4,2517
5343,2022-03-30 08:23:37.488840,4,43
5344,2022-03-30 16:54:40.171332,4,63
5345,2022-03-30 09:39:33.751838,4,2501
5346,2022-03-30 08:28:55.528285,4,1820
5347,2022-03-30 22:06:47.408532,4,2512
5348,2022-03-30 13:16:33.080174,4,2519
5349,2022-03-30 14:18:15.353915,4,2509
5350,2022-03-30 20:45:45.065182,4,82
5351,2022-03-30 14:51:39.981552,4,330
5352,2022-03-30 17:24:21.151766,4,2520
5353,2022-03-30 17:36:10.307798,4,413
5354,2022-03-30 18:41:17.247578,4,2521
5355,2022-03-30 18:43:10.515917,4,1050
5356,2022-03-30 18:33:32.146933,4,50
5357,2022-03-30 18:43:18.908494,4,1495
5358,2022-03-30 19:30:06.859847,4,135
5359,2022-03-30 18:59:17.550442,4,2301
5360,2022-03-30 20:41:55.783208,4,2472
5361,2022-03-30 22:06:02.052234,4,2522
5362,2022-03-30 21:29:41.380069,4,2523
5363,2022-03-30 22:00:11.148270,4,121
5364,2022-03-31 00:40:18.143544,4,2522
5365,2022-03-31 03:45:38.170452,4,1700
5366,2022-03-31 04:55:28.402693,4,589
5367,2022-03-31 05:20:08.062416,4,2524
5368,2022-03-31 06:18:24.396365,4,2366
5369,2022-03-31 06:43:54.604783,4,2479
5370,2022-03-31 06:47:56.896129,4,135
5371,2022-03-31 06:58:37.006714,4,2507
5372,2022-03-31 19:56:19.828549,4,2512
5373,2022-03-31 08:19:44.920705,4,1909
5374,2022-03-31 08:44:59.294243,4,2525
5375,2022-03-31 08:57:43.677639,4,2521
5376,2022-03-31 09:37:16.649997,4,2382
5377,2022-03-31 18:55:56.873709,4,2526
5378,2022-03-31 10:44:50.982468,4,2501
5379,2022-03-31 15:01:07.565516,4,623
5380,2022-03-31 11:27:30.507784,4,224
5381,2022-03-31 15:36:57.616734,4,2268
5382,2022-03-31 11:41:41.738165,4,1820
5383,2022-03-31 11:44:27.069205,4,1239
5384,2022-03-31 12:50:47.423159,4,2473
5385,2022-03-31 12:37:48.075043,4,2529
5386,2022-03-31 14:34:29.572314,4,422
5387,2022-03-31 14:28:36.983219,4,82
5388,2022-03-31 13:56:35.360330,4,1833
5389,2022-03-31 20:23:35.270849,4,63
5390,2022-03-31 14:34:20.866497,4,934
5391,2022-03-31 19:51:22.314588,4,2530
5392,2022-03-31 15:37:25.561138,4,2531
5393,2022-03-31 15:38:55.277475,4,2532
5394,2022-03-31 15:40:30.496724,4,2533
5395,2022-03-31 15:47:44.251125,4,2534
5396,2022-03-31 15:44:03.839152,4,2535
5397,2022-03-31 15:49:21.314707,4,2536
5398,2022-03-31 15:51:27.555377,4,2537
5399,2022-03-31 15:50:42.821698,4,2538
5400,2022-03-31 15:58:17.423518,4,2541
5401,2022-03-31 16:01:50.967058,4,2542
5402,2022-03-31 16:03:43.835321,4,2544
5403,2022-03-31 16:03:51.240766,4,2543
5404,2022-03-31 16:04:05.532139,4,2540
5405,2022-03-31 18:30:37.892874,4,2545
5406,2022-03-31 18:02:11.707737,4,147
5407,2022-03-31 16:16:11.000141,4,2472
5408,2022-03-31 16:24:34.121738,4,2483
5409,2022-03-31 18:44:17.172717,4,2546
5410,2022-03-31 16:38:00.947821,4,2547
5411,2022-03-31 17:15:50.613752,4,2548
5412,2022-03-31 19:58:21.220028,4,2550
5413,2022-03-31 17:05:39.719399,4,105
5414,2022-03-31 17:17:36.403774,4,2551
5415,2022-03-31 17:12:04.107704,4,2539
5416,2022-03-31 18:41:15.823239,4,2503
5417,2022-03-31 17:15:39.184644,4,1815
5418,2022-03-31 17:20:17.066506,4,2552
5419,2022-03-31 17:30:01.443107,4,2553
5420,2022-03-31 18:21:18.588868,4,1009
5421,2022-03-31 19:09:07.673201,4,2554
5422,2022-03-31 18:08:34.334875,4,2434
5423,2022-03-31 20:31:45.976156,4,2556
5424,2022-03-31 20:11:34.995450,4,2555
5425,2022-03-31 18:20:59.577968,4,2557
5426,2022-03-31 18:29:47.793877,4,2558
5427,2022-03-31 20:23:35.661140,4,2301
5428,2022-03-31 20:24:43.486998,4,1203
5429,2022-03-31 20:26:12.630001,4,2560
5430,2022-03-31 20:27:25.471332,4,2549
5431,2022-03-31 20:32:22.485544,4,2562
5432,2022-03-31 20:39:22.061398,4,2563
5433,2022-03-31 21:36:28.336701,4,2564
5434,2022-04-01 08:45:06.770717,4,2565
5435,2022-04-01 02:35:34.992273,4,2549
5436,2022-04-01 04:02:56.836394,4,2503
5437,2022-04-01 11:10:36.783731,4,2566
5438,2022-04-01 05:52:53.502084,4,2268
5439,2022-04-01 21:02:00.049231,4,2544
5440,2022-04-01 06:10:27.846171,4,2539
5441,2022-04-01 07:28:21.350401,4,2567
5442,2022-04-01 07:11:37.602377,4,2531
5443,2022-04-01 11:50:26.518592,4,2538
5444,2022-04-01 08:13:21.117011,4,135
5445,2022-04-01 08:20:38.022551,4,1426
5446,2022-04-01 08:22:09.239251,4,2568
5447,2022-04-01 08:39:25.152224,4,2556
5448,2022-04-01 20:34:08.094279,4,63
5449,2022-04-01 09:20:43.434185,4,2570
5450,2022-04-01 16:52:17.688451,4,269
5451,2022-04-01 15:42:18.637797,4,2548
5452,2022-04-01 10:29:11.061573,4,2379
5453,2022-04-01 11:18:43.604357,4,2509
5454,2022-04-01 11:00:13.891001,4,1294
5455,2022-04-01 11:31:06.610069,4,2572
5456,2022-04-01 12:01:25.735512,4,226
5457,2022-04-01 12:18:24.131763,4,1011
5458,2022-04-01 12:55:12.413857,4,2573
5459,2022-04-01 12:38:25.075695,4,2574
5460,2022-04-01 18:50:24.452956,4,2530
5461,2022-04-01 12:52:39.780468,4,1280
5462,2022-04-01 15:24:38.083821,4,50
5463,2022-04-01 13:29:00.188444,4,2575
5464,2022-04-01 14:02:01.108168,4,2576
5465,2022-04-01 15:44:13.166839,4,551
5466,2022-04-01 14:14:38.223090,4,1709
5467,2022-04-01 14:22:22.624877,4,276
5468,2022-04-01 14:49:20.637986,4,1816
5469,2022-04-01 19:56:27.489339,4,2374
5470,2022-04-01 18:13:28.936623,4,1769
5471,2022-04-01 17:35:48.896143,4,2577
5472,2022-04-01 20:19:36.284123,4,2512
5473,2022-04-01 18:57:26.008975,4,2578
5474,2022-04-01 18:56:32.999395,4,223
5475,2022-04-01 20:52:30.952610,4,2458
5476,2022-04-01 20:45:33.135399,4,2504
5477,2022-04-01 20:18:29.088886,4,2301
5478,2022-04-01 22:00:12.969158,4,121
5479,2022-04-01 21:25:52.373378,4,2472
5480,2022-04-02 18:07:27.142942,4,2524
5481,2022-04-02 13:25:53.183710,4,1126
5482,2022-04-02 13:40:05.597356,4,2544
5483,2022-04-02 06:48:20.887422,4,1445
5484,2022-04-02 07:05:54.358109,4,2549
5485,2022-04-02 12:41:52.959350,4,275
5486,2022-04-02 22:55:05.228810,4,2301
5487,2022-04-02 10:45:51.500021,4,1909
5488,2022-04-02 09:28:49.815068,4,2580
5489,2022-04-02 10:53:19.355838,4,551
5490,2022-04-02 17:22:37.985230,4,2581
5491,2022-04-02 11:47:58.325176,4,222
5492,2022-04-02 14:08:50.203699,4,1989
5493,2022-04-02 14:12:27.173575,4,1178
5494,2022-04-02 15:08:10.453430,4,1387
5495,2022-04-02 15:52:11.207826,4,1700
5496,2022-04-02 16:39:47.295621,4,2504
5497,2022-04-02 16:04:46.600285,4,263
5498,2022-04-02 16:27:44.949047,4,2284
5499,2022-04-02 16:41:15.090058,4,2583
5500,2022-04-02 17:33:23.649466,4,2584
5501,2022-04-02 20:28:20.306529,4,2585
5502,2022-04-02 19:04:54.380418,4,258
5503,2022-04-02 19:30:23.654960,4,2586
5504,2022-04-02 19:18:52.086869,4,2554
5505,2022-04-02 20:00:32.758874,4,2503
5506,2022-04-02 22:16:55.980121,4,2512
5507,2022-04-02 22:00:11.647142,4,121
5508,2022-04-03 03:16:55.945079,4,2587
5509,2022-04-03 04:23:11.732803,4,2565
5510,2022-04-03 11:10:28.420981,4,2524
5511,2022-04-03 09:49:42.966288,4,2483
5512,2022-04-03 17:23:55.636744,4,2544
5513,2022-04-03 21:38:03.353294,4,1700
5514,2022-04-03 06:49:08.384680,4,2549
5515,2022-04-03 07:18:47.040450,4,263
5516,2022-04-03 08:20:05.065499,4,2590
5517,2022-04-03 09:15:33.021713,4,2295
5518,2022-04-03 09:47:28.983913,4,269
5519,2022-04-03 10:00:13.313964,4,2301
5520,2022-04-03 10:19:01.566379,4,2512
5521,2022-04-03 11:27:31.788386,4,2501
5522,2022-04-03 11:37:34.581820,4,82
5523,2022-04-03 13:02:06.359533,4,258
5524,2022-04-03 12:12:47.538399,4,2268
5525,2022-04-03 13:11:26.672875,4,2503
5526,2022-04-03 13:22:45.640353,4,2591
5527,2022-04-03 13:56:52.129864,4,607
5528,2022-04-03 15:08:26.293731,4,63
5529,2022-04-03 15:14:16.661138,4,1693
5530,2022-04-03 15:46:41.302486,4,786
5531,2022-04-03 15:54:06.374613,4,2394
5532,2022-04-03 17:43:50.780662,4,2592
5533,2022-04-03 19:28:05.859932,4,2593
5534,2022-04-03 20:03:59.859282,4,2458
5535,2022-04-03 21:40:40.842097,4,275
5536,2022-04-03 21:26:03.871768,4,2585
5537,2022-04-03 22:00:09.328974,4,121
5538,2022-04-03 23:47:27.429752,4,2561
5539,2022-04-03 23:54:46.670462,4,438
5540,2022-04-04 09:40:29.378733,4,438
5541,2022-04-04 02:25:24.044341,4,2594
5542,2022-04-04 17:59:49.841977,4,2549
5543,2022-04-04 18:55:55.081274,4,1700
5544,2022-04-04 16:58:57.478734,4,258
5545,2022-04-04 06:51:28.494222,4,1107
5546,2022-04-04 06:52:16.892913,4,2595
5547,2022-04-04 08:45:06.980253,4,2567
5548,2022-04-04 19:40:21.024708,4,275
5549,2022-04-04 19:47:13.384118,4,63
5550,2022-04-04 08:14:37.886348,4,2566
5551,2022-04-04 07:48:53.373298,4,551
5552,2022-04-04 08:29:10.122117,4,2379
5553,2022-04-04 08:50:57.817699,4,266
5554,2022-04-04 09:01:55.179871,4,2456
5555,2022-04-04 10:10:25.950255,4,1769
5556,2022-04-04 10:50:28.591368,4,839
5557,2022-04-04 10:43:13.328010,4,2596
5558,2022-04-04 10:40:23.292905,4,2548
5559,2022-04-04 10:52:39.761530,4,287
5560,2022-04-04 11:45:59.503524,4,224
5561,2022-04-04 12:19:21.955273,4,1280
5562,2022-04-04 13:01:30.202271,4,1709
5563,2022-04-04 14:26:08.062797,4,1544
5564,2022-04-04 13:10:44.205308,4,1239
5565,2022-04-04 13:18:00.439840,4,2597
5566,2022-04-04 14:15:49.690490,4,2526
5567,2022-04-04 14:01:09.036243,4,1318
5568,2022-04-04 15:21:32.048090,4,220
5569,2022-04-04 15:24:17.056056,4,2598
5570,2022-04-04 15:57:02.514248,4,1674
5571,2022-04-04 21:59:20.730473,4,381
5572,2022-04-04 16:22:23.384987,4,2561
5573,2022-04-04 17:11:32.857502,4,2544
5574,2022-04-04 17:17:16.629548,4,2268
5575,2022-04-04 18:02:51.240869,4,2524
5576,2022-04-04 18:02:37.777303,4,1506
5577,2022-04-04 18:04:18.648930,4,372
5578,2022-04-04 18:37:05.636281,4,2599
5579,2022-04-04 19:47:25.084259,4,2600
5580,2022-04-04 20:52:05.112124,4,2530
5581,2022-04-04 20:24:41.337085,4,2387
5582,2022-04-04 21:16:37.452625,4,221
5583,2022-04-04 22:00:11.046171,4,121
5584,2022-04-04 22:53:42.668780,4,2601
5585,2022-04-05 10:41:39.409930,4,2602
5586,2022-04-05 20:33:58.097398,4,2549
5587,2022-04-05 17:00:43.219667,4,372
5588,2022-04-05 07:47:12.311561,4,2604
5589,2022-04-05 15:35:50.437458,4,2524
5590,2022-04-05 04:57:47.153270,4,2222
5591,2022-04-05 09:09:54.507090,4,2605
5592,2022-04-05 05:11:43.363289,4,275
5593,2022-04-05 05:54:19.831294,4,2544
5594,2022-04-05 06:17:57.928079,4,1318
5595,2022-04-05 14:47:22.406154,4,258
5596,2022-04-05 06:21:51.095022,4,2606
5597,2022-04-05 06:29:08.697849,4,2268
5598,2022-04-05 10:09:07.713777,4,551
5599,2022-04-05 09:14:54.204775,4,2607
5600,2022-04-05 16:22:43.520183,4,63
5601,2022-04-05 21:26:31.657946,4,1700
5602,2022-04-05 13:38:16.530952,4,381
5603,2022-04-05 09:53:11.470630,4,839
5604,2022-04-05 09:38:40.146946,4,2608
5605,2022-04-05 19:31:47.642501,4,221
5606,2022-04-05 18:28:22.580731,4,1239
5607,2022-04-05 17:00:44.520050,4,226
5608,2022-04-05 11:19:14.756898,4,82
5609,2022-04-05 11:46:14.952207,4,2610
5610,2022-04-05 14:08:28.843239,4,2611
5611,2022-04-05 12:46:56.165038,4,2609
5612,2022-04-05 19:29:19.204611,4,589
5613,2022-04-05 13:13:37.110272,4,404
5614,2022-04-05 14:05:20.323606,4,2616
5615,2022-04-05 15:03:27.758256,4,1107
5616,2022-04-05 15:55:27.439016,4,2617
5617,2022-04-05 17:05:18.636622,4,2546
5618,2022-04-05 15:36:41.153379,4,2504
5619,2022-04-05 18:34:13.186445,4,2581
5620,2022-04-05 16:28:49.338529,4,1209
5621,2022-04-05 16:00:39.530831,4,2618
5622,2022-04-05 16:02:44.228209,4,251
5623,2022-04-05 16:48:51.290397,4,2620
5624,2022-04-05 19:56:12.125485,4,1294
5625,2022-04-05 20:33:05.098634,4,2512
5626,2022-04-05 19:58:57.788491,4,2625
5627,2022-04-05 22:53:27.376279,4,438
5628,2022-04-05 21:00:44.374238,4,2626
5629,2022-04-05 22:48:39.752653,4,121
5630,2022-04-05 22:22:28.367674,4,2627
5631,2022-04-06 03:25:24.196794,4,2625
5632,2022-04-06 03:33:55.079798,4,372
5633,2022-04-06 04:41:06.891938,4,251
5634,2022-04-06 04:47:36.873215,4,2628
5635,2022-04-06 06:47:27.872533,4,2604
5636,2022-04-06 18:56:26.522800,4,258
5637,2022-04-06 06:44:02.050906,4,345
5638,2022-04-06 16:44:54.945190,4,2626
5639,2022-04-06 08:02:35.315153,4,2607
5640,2022-04-06 08:09:48.265844,4,551
5641,2022-04-06 10:38:08.757785,4,2629
5642,2022-04-06 07:31:57.137711,4,2620
5643,2022-04-06 07:31:46.023299,4,83
5644,2022-04-06 09:32:53.220643,4,63
5645,2022-04-06 22:06:01.965756,4,1700
5646,2022-04-06 08:29:00.620681,4,815
5647,2022-04-06 08:16:54.755957,4,348
5648,2022-04-06 08:25:21.690292,4,2631
5649,2022-04-06 23:16:39.616121,4,2632
5650,2022-04-06 14:09:27.689783,4,265
5651,2022-04-06 08:44:27.146543,4,263
5652,2022-04-06 08:53:14.975455,4,2633
5653,2022-04-06 09:02:21.161728,4,2539
5654,2022-04-06 10:15:11.358586,4,839
5655,2022-04-06 10:24:11.707509,4,2634
5656,2022-04-06 19:52:36.230941,4,2512
5657,2022-04-06 13:41:34.394634,4,2611
5658,2022-04-06 12:34:12.999249,4,1239
5659,2022-04-06 21:32:26.177138,4,2600
5660,2022-04-06 12:42:25.498657,4,1280
5661,2022-04-06 18:23:43.713488,4,2581
5662,2022-04-06 11:36:25.035132,4,1709
5663,2022-04-06 11:39:05.632199,4,2621
5664,2022-04-06 11:38:43.316543,4,1424
5665,2022-04-06 13:18:33.667920,4,2641
5666,2022-04-06 19:42:43.168698,4,226
5667,2022-04-06 14:51:54.224050,4,1107
5668,2022-04-06 13:53:46.184729,4,2642
5669,2022-04-06 21:50:32.370762,4,2379
5670,2022-04-06 15:30:13.268366,4,2544
5671,2022-04-06 15:30:38.400407,4,2483
5672,2022-04-06 16:19:09.054143,4,2643
5673,2022-04-06 22:07:05.149020,4,2644
5674,2022-04-06 17:14:54.306574,4,138
5675,2022-04-06 19:07:40.761110,4,2546
5676,2022-04-06 17:44:51.754065,4,2645
5677,2022-04-06 17:29:24.513504,4,2646
5678,2022-04-06 19:50:25.653391,4,2647
5679,2022-04-06 18:52:00.720588,4,502
5680,2022-04-06 17:53:46.280032,4,2222
5681,2022-04-06 18:28:36.779222,4,2524
5682,2022-04-06 18:00:09.452342,4,2284
5683,2022-04-06 19:52:30.771568,4,2503
5684,2022-04-06 20:43:29.762746,4,1568
5685,2022-04-06 21:13:27.652144,4,589
5686,2022-04-06 22:00:18.486514,4,121
5687,2022-04-07 01:08:29.803739,4,2632
5688,2022-04-07 02:49:05.733941,4,2648
5689,2022-04-07 03:44:23.695705,4,2646
5690,2022-04-07 16:23:14.440455,4,372
5691,2022-04-07 06:02:51.703773,4,2607
5692,2022-04-07 04:54:58.897950,4,110
5693,2022-04-07 04:46:33.689487,4,251
5694,2022-04-07 05:37:11.600697,4,1561
5695,2022-04-07 14:08:58.397980,4,258
5696,2022-04-07 05:58:10.169593,4,2604
5697,2022-04-07 10:56:26.934429,4,2634
5698,2022-04-07 06:39:44.689777,4,815
5699,2022-04-07 14:03:31.503329,4,2379
5700,2022-04-07 07:42:48.757518,4,2301
5701,2022-04-07 07:55:07.568301,4,2428
5702,2022-04-07 08:06:17.132425,4,2596
5703,2022-04-07 08:26:33.663595,4,2581
5704,2022-04-07 11:21:53.003913,4,269
5705,2022-04-07 20:51:17.135025,4,1700
5706,2022-04-07 17:22:22.353621,4,2530
5707,2022-04-07 18:44:46.044385,4,2649
5708,2022-04-07 13:51:53.068328,4,226
5709,2022-04-07 22:17:56.513836,4,839
5710,2022-04-07 11:10:59.708589,4,1107
5711,2022-04-07 11:50:32.034669,4,404
5712,2022-04-07 12:07:54.927129,4,2629
5713,2022-04-07 12:55:30.722624,4,2631
5714,2022-04-07 13:02:31.962006,4,821
5715,2022-04-07 21:01:19.950090,4,63
5716,2022-04-07 15:02:47.718627,4,494
5717,2022-04-07 18:34:51.846993,4,2647
5718,2022-04-07 16:27:05.536289,4,2512
5719,2022-04-07 16:01:02.124446,4,2284
5720,2022-04-07 16:01:37.064503,4,2641
5721,2022-04-07 18:25:04.375013,4,2524
5722,2022-04-07 18:04:50.777486,4,2544
5723,2022-04-07 18:18:47.909338,4,2602
5724,2022-04-07 18:44:14.817479,4,2650
5725,2022-04-07 19:07:55.019666,4,2503
5726,2022-04-07 19:28:19.152225,4,82
5727,2022-04-07 20:14:21.317051,4,345
5728,2022-04-07 22:00:11.380074,4,121
5729,2022-04-08 05:04:37.662267,4,2524
5730,2022-04-08 08:26:24.471313,4,2634
5731,2022-04-08 15:18:07.320008,4,2604
5732,2022-04-08 06:07:57.237194,4,2629
5733,2022-04-08 06:19:30.375246,4,2544
5734,2022-04-08 10:07:02.440104,4,258
5735,2022-04-08 07:09:56.356203,4,1818
5736,2022-04-08 17:11:37.545769,4,63
5737,2022-04-08 10:03:44.895676,4,839
5738,2022-04-08 20:10:57.817055,4,2301
5739,2022-04-08 08:54:05.427148,4,2379
5740,2022-04-08 09:41:29.294010,4,1700
5741,2022-04-08 09:39:48.277359,4,589
5742,2022-04-08 21:32:50.482468,4,2651
5743,2022-04-08 11:11:50.588440,4,1318
5744,2022-04-08 11:16:31.639159,4,2652
5745,2022-04-08 11:43:01.591313,4,2649
5746,2022-04-08 17:32:50.952070,4,2611
5747,2022-04-08 15:03:23.334544,4,275
5748,2022-04-08 12:46:42.486930,4,494
5749,2022-04-08 13:02:33.542342,4,2653
5750,2022-04-08 13:08:18.397136,4,226
5751,2022-04-08 13:53:34.890961,4,2503
5752,2022-04-08 23:29:45.435715,4,121
5753,2022-04-08 16:36:49.573243,4,50
5754,2022-04-08 16:16:20.973224,4,372
5755,2022-04-08 18:31:26.074148,4,2609
5756,2022-04-08 16:44:06.486559,4,2654
5757,2022-04-08 16:44:11.038806,4,2541
5758,2022-04-08 17:40:48.334707,4,421
5759,2022-04-08 17:17:26.711518,4,266
5760,2022-04-08 17:23:37.623662,4,2655
5761,2022-04-08 20:47:28.350121,4,198
5762,2022-04-08 17:51:38.272478,4,2656
5763,2022-04-08 17:58:51.200233,4,2657
5764,2022-04-08 18:29:01.002421,4,1579
5765,2022-04-08 18:55:17.008790,4,2472
5766,2022-04-08 19:18:47.318460,4,2658
5767,2022-04-08 20:36:27.514752,4,2659
5768,2022-04-08 21:14:04.054503,4,2632
5769,2022-04-08 21:26:06.860572,4,2600
5770,2022-04-08 21:03:45.539891,4,2660
5771,2022-04-09 22:00:10.273062,4,121
5772,2022-04-09 00:26:01.994646,4,248
5773,2022-04-09 21:40:04.106488,4,589
5774,2022-04-09 05:11:34.795153,4,2544
5775,2022-04-09 05:41:10.451638,4,2382
5776,2022-04-09 07:02:34.702653,4,2524
5777,2022-04-09 08:29:10.783022,4,1445
5778,2022-04-09 16:54:01.534659,4,2611
5779,2022-04-09 11:48:15.973388,4,1700
5780,2022-04-09 12:01:50.996465,4,2501
5781,2022-04-09 16:13:58.810283,4,2604
5782,2022-04-09 14:56:04.462360,4,63
5783,2022-04-09 20:34:50.233155,4,226
5784,2022-04-09 13:28:24.994179,4,2661
5785,2022-04-09 20:19:19.963108,4,218
5786,2022-04-09 14:14:30.330141,4,2632
5787,2022-04-09 14:33:23.885859,4,2315
5788,2022-04-09 15:38:43.293565,4,50
5789,2022-04-09 16:34:55.025690,4,345
5790,2022-04-09 18:11:22.919971,4,2503
5791,2022-04-09 17:09:12.279997,4,2483
5792,2022-04-09 20:28:18.621914,4,839
5793,2022-04-09 21:09:12.901207,4,2301
5794,2022-04-09 19:02:48.840932,4,263
5795,2022-04-10 17:57:37.028762,4,220
5796,2022-04-10 06:29:47.528970,4,2524
5797,2022-04-10 05:58:48.358207,4,2544
5798,2022-04-10 08:02:28.655819,4,2604
5799,2022-04-10 08:29:41.101825,4,2397
5800,2022-04-10 15:34:37.904455,4,1700
5801,2022-04-10 13:47:13.256786,4,63
5802,2022-04-10 13:45:13.376694,4,226
5803,2022-04-10 12:48:40.714178,4,1546
5804,2022-04-10 12:54:11.267591,4,2649
5805,2022-04-10 14:45:44.629991,4,2503
5806,2022-04-10 18:00:10.100961,4,2483
5807,2022-04-10 15:03:31.360403,4,2634
5808,2022-04-10 15:59:14.890004,4,2204
5809,2022-04-10 16:47:11.182039,4,2662
5810,2022-04-10 22:13:21.045053,4,852
5811,2022-04-10 17:14:05.017034,4,2663
5812,2022-04-10 17:32:26.730803,4,2458
5813,2022-04-10 18:02:25.936937,4,2665
5814,2022-04-10 19:20:43.546900,4,2664
5815,2022-04-10 18:56:15.359555,4,2666
5816,2022-04-10 22:00:12.100488,4,121
5817,2022-04-11 01:12:00.794806,4,2669
5818,2022-04-11 03:24:06.808187,4,1506
5819,2022-04-11 04:22:04.448420,4,2643
5820,2022-04-11 22:00:10.591229,4,121
5821,2022-04-11 06:56:34.424878,4,2440
5822,2022-04-11 14:28:15.326656,4,2604
5823,2022-04-11 06:16:46.079012,4,2544
5824,2022-04-11 14:05:08.300275,4,2629
5825,2022-04-11 12:17:28.775154,4,1709
5826,2022-04-11 07:04:14.612979,4,2463
5827,2022-04-11 07:40:06.125871,4,2661
5828,2022-04-11 20:40:14.842934,4,852
5829,2022-04-11 07:30:25.961058,4,50
5830,2022-04-11 08:36:12.825219,4,404
5831,2022-04-11 15:57:21.764991,4,63
5832,2022-04-11 07:53:27.141189,4,2671
5833,2022-04-11 17:59:41.531006,4,1700
5834,2022-04-11 09:56:41.040958,4,220
5835,2022-04-11 09:25:16.083307,4,43
5836,2022-04-11 10:55:55.923841,4,2632
5837,2022-04-11 10:43:02.987092,4,551
5838,2022-04-11 10:27:33.101309,4,2673
5839,2022-04-11 13:26:17.769951,4,2674
5840,2022-04-11 11:10:49.528215,4,2675
5841,2022-04-11 11:13:22.549030,4,2205
5842,2022-04-11 11:31:16.956993,4,1318
5843,2022-04-11 12:21:37.627700,4,2676
5844,2022-04-11 13:01:47.370239,4,258
5845,2022-04-11 13:26:48.524291,4,2659
5846,2022-04-11 13:49:42.422576,4,1218
5847,2022-04-11 14:32:28.109529,4,2227
5848,2022-04-11 15:27:54.528955,4,2677
5849,2022-04-11 16:07:57.615021,4,1400
5850,2022-04-11 18:19:32.473946,4,2651
5851,2022-04-11 17:17:43.103246,4,2524
5852,2022-04-11 17:06:47.939049,4,2602
5853,2022-04-11 17:18:15.862862,4,2465
5854,2022-04-11 22:09:03.283180,4,2678
5855,2022-04-11 17:26:45.299075,4,2679
5856,2022-04-11 18:33:39.104960,4,502
5857,2022-04-11 19:05:03.526990,4,2680
5858,2022-04-11 19:02:38.156479,4,1443
5859,2022-04-11 19:58:04.979455,4,2681
5860,2022-04-11 20:05:43.747687,4,2501
5861,2022-04-11 20:53:54.511573,4,2600
5862,2022-04-11 20:55:03.180140,4,589
5863,2022-04-12 05:14:19.328756,4,2524
5864,2022-04-12 08:49:35.663541,4,275
5865,2022-04-12 06:05:36.502304,4,2677
5866,2022-04-12 06:38:57.676842,4,2680
5867,2022-04-12 09:52:55.201271,4,404
5868,2022-04-12 07:35:11.516767,4,551
5869,2022-04-12 14:13:46.291543,4,2629
5870,2022-04-12 14:53:53.378985,4,2604
5871,2022-04-12 16:53:18.440747,4,63
5872,2022-04-12 08:42:06.643306,4,2669
5873,2022-04-12 11:40:56.429807,4,258
5874,2022-04-12 09:10:32.510495,4,2682
5875,2022-04-12 17:14:32.826409,4,2683
5876,2022-04-12 10:18:22.319215,4,2684
5877,2022-04-12 11:10:13.457236,4,649
5878,2022-04-12 12:31:03.984178,4,2510
5879,2022-04-12 18:41:44.362898,4,1964
5880,2022-04-12 14:39:22.771914,4,2227
5881,2022-04-12 13:11:24.822449,4,2306
5882,2022-04-12 16:10:11.708966,4,2685
5883,2022-04-12 14:44:52.058999,4,372
5884,2022-04-12 14:24:53.911034,4,852
5885,2022-04-12 15:40:34.070826,4,839
5886,2022-04-12 15:55:46.421078,4,220
5887,2022-04-12 16:42:06.252103,4,343
5888,2022-04-12 17:11:22.361573,4,2678
5889,2022-04-12 18:02:26.273349,4,2687
5890,2022-04-12 20:30:40.189102,4,2651
5891,2022-04-12 19:48:28.114104,4,1495
5892,2022-04-12 22:00:12.518297,4,121
5893,2022-04-13 02:14:56.345821,4,2678
5894,2022-04-13 03:19:09.876579,4,372
5895,2022-04-13 05:33:30.054456,4,2661
5896,2022-04-13 11:43:29.397921,4,2604
5897,2022-04-13 06:32:33.279152,4,551
5898,2022-04-13 06:53:26.225944,4,2688
5899,2022-04-13 07:09:14.845603,4,2509
5900,2022-04-13 07:18:18.395045,4,2227
5901,2022-04-13 08:08:59.120552,4,2689
5902,2022-04-13 08:57:40.728101,4,2690
5903,2022-04-13 18:52:56.278346,4,1964
5904,2022-04-13 18:42:28.993613,4,2683
5905,2022-04-13 09:28:56.611568,4,97
5906,2022-04-13 11:46:22.457187,4,258
5907,2022-04-13 10:07:06.567313,4,2677
5908,2022-04-13 10:15:11.769067,4,2301
5909,2022-04-13 12:11:31.602987,4,220
5910,2022-04-13 12:53:14.492194,4,275
5911,2022-04-13 12:11:05.441015,4,1318
5912,2022-05-13 16:19:25.324332,4,2692
5913,2022-04-13 13:25:39.973238,4,2629
5914,2022-04-13 13:34:31.516703,4,240
5915,2022-04-13 17:36:21.040738,4,2693
5916,2022-04-13 14:26:57.776951,4,2694
5917,2022-04-13 18:46:03.528448,4,839
5918,2022-04-13 18:35:04.158067,4,63
5919,2022-04-13 16:17:28.393500,4,649
5920,2022-04-13 17:28:44.179535,4,2632
5921,2022-04-13 16:43:06.943031,4,2578
5922,2022-04-13 16:45:34.095243,4,2602
5923,2022-04-13 17:18:18.304622,4,1760
5924,2022-04-13 18:43:57.442468,4,2403
5925,2022-04-13 17:33:43.667515,4,2696
5926,2022-04-13 17:45:16.710755,4,2524
5927,2022-04-13 17:46:10.491194,4,1546
5928,2022-04-13 18:07:49.977697,4,226
5929,2022-04-13 20:09:37.581226,4,2697
5930,2022-04-13 19:27:12.704269,4,2680
5931,2022-04-13 20:27:59.421962,4,2458
5932,2022-04-13 21:42:46.202458,4,852
5933,2022-04-13 20:48:00.337626,4,1700
5934,2022-04-13 21:14:01.756727,4,589
5935,2022-04-13 22:00:18.631080,4,121
5936,2022-04-14 02:28:23.109605,4,551
5937,2022-04-14 19:45:53.231166,4,2697
5938,2022-04-14 18:42:07.243571,4,839
5939,2022-04-14 18:27:35.795848,4,2604
5940,2022-04-14 04:45:22.511886,4,2524
5941,2022-04-14 04:56:50.172545,4,2699
5942,2022-04-14 19:29:55.695546,4,2589
5943,2022-04-14 05:44:07.653661,4,2669
5944,2022-04-14 06:02:01.021512,4,2268
5945,2022-04-14 07:31:44.299322,4,2685
5946,2022-04-14 06:09:52.983192,4,2661
5947,2022-04-14 14:42:49.588943,4,2700
5948,2022-04-14 06:40:44.479841,4,258
5949,2022-04-14 07:39:56.454070,4,2621
5950,2022-04-14 21:04:25.725452,4,2512
5951,2022-04-14 07:38:58.673730,4,1700
5952,2022-04-14 08:02:12.074175,4,2701
5953,2022-04-14 07:55:47.944708,4,2702
5954,2022-04-14 07:57:15.736049,4,2703
5955,2022-04-14 10:38:20.304395,4,2705
5956,2022-04-14 14:20:55.769368,4,2704
5957,2022-04-14 13:38:34.271945,4,2706
5958,2022-04-14 08:40:39.070476,4,2707
5959,2022-04-14 08:24:23.412020,4,2709
5960,2022-04-14 08:31:15.710785,4,2711
5961,2022-04-14 12:42:37.176516,4,2710
5962,2022-04-14 08:37:29.986278,4,2677
5963,2022-04-14 08:41:13.392440,4,2712
5964,2022-04-14 12:47:53.226407,4,269
5965,2022-04-14 18:20:57.161513,4,2227
5966,2022-04-14 09:46:41.757254,4,2713
5967,2022-04-14 14:22:12.627866,4,63
5968,2022-04-14 09:30:53.873670,4,240
5969,2022-04-14 09:18:04.592157,4,2714
5970,2022-04-14 09:23:55.116150,4,2715
5971,2022-04-14 09:36:01.717517,4,2716
5972,2022-04-14 12:52:41.242385,4,220
5973,2022-04-14 15:09:05.728423,4,1546
5974,2022-04-14 12:26:09.784854,4,852
5975,2022-04-14 11:35:24.957258,4,2670
5976,2022-04-14 11:44:59.594036,4,2658
5977,2022-04-14 12:04:34.340696,4,2718
5978,2022-04-14 19:20:22.417362,4,2719
5979,2022-04-14 12:47:27.562437,4,2695
5980,2022-04-14 13:20:18.671589,4,786
5981,2022-04-14 13:51:49.536395,4,2720
5982,2022-04-14 14:19:39.384081,4,2629
5983,2022-04-14 14:46:19.742000,4,2291
5984,2022-04-14 14:51:37.086517,4,1256
5985,2022-04-14 15:19:04.167995,4,2683
5986,2022-04-14 18:14:51.991539,4,372
5987,2022-04-14 15:38:28.192121,4,2678
5988,2022-04-14 18:06:54.809880,4,2501
5989,2022-04-14 16:46:32.648448,4,275
5990,2022-04-14 20:17:17.047161,4,2721
5991,2022-04-14 17:50:12.553595,4,1255
5992,2022-04-14 17:59:11.189232,4,2723
5993,2022-04-14 17:56:55.654089,4,2323
5994,2022-04-14 18:22:15.163692,4,2724
5995,2022-04-14 18:24:54.908701,4,2725
5996,2022-04-14 19:35:18.588153,4,2726
5997,2022-04-14 19:06:27.756367,4,2727
5998,2022-04-14 19:11:41.778629,4,2728
5999,2022-04-14 21:42:50.266359,4,2729
6000,2022-04-14 22:00:12.605921,4,121
6001,2022-04-14 22:00:16.357861,4,742
6002,2022-04-15 17:42:59.218133,4,2678
6003,2022-04-15 03:47:34.783375,4,2697
6004,2022-04-15 04:40:49.320939,4,2524
6005,2022-04-15 15:20:10.261112,4,2685
6006,2022-04-15 05:09:20.813442,4,2712
6007,2022-04-15 05:06:04.379813,4,589
6008,2022-04-15 05:46:32.601961,4,551
6009,2022-04-15 14:01:44.096133,4,2604
6010,2022-04-15 12:53:16.439842,4,2730
6011,2022-04-15 13:38:52.732847,4,2719
6012,2022-04-15 06:21:23.396070,4,258
6013,2022-04-15 12:04:45.689143,4,852
6014,2022-04-15 07:54:51.735719,4,2629
6015,2022-04-15 07:22:18.412883,4,2680
6016,2022-04-15 13:51:04.277460,4,63
6017,2022-04-15 13:12:17.468990,4,2658
6018,2022-04-15 19:13:27.074710,4,2721
6019,2022-04-15 08:12:41.653313,4,2227
6020,2022-04-15 10:44:18.842222,4,220
6021,2022-04-15 08:27:27.391675,4,2731
6022,2022-04-15 10:06:09.913308,4,2690
6023,2022-04-15 09:15:22.462727,4,2732
6024,2022-04-15 09:50:08.728415,4,2733
6025,2022-04-15 10:56:45.577951,4,2634
6026,2022-04-15 10:05:14.827832,4,2729
6027,2022-04-15 22:09:59.095844,4,2632
6028,2022-04-15 13:25:25.136220,4,1700
6029,2022-04-15 21:12:22.037675,4,2734
6030,2022-04-15 12:54:07.871104,4,1546
6031,2022-04-15 15:58:46.274829,4,203
6032,2022-04-15 12:37:56.493315,4,2736
6033,2022-04-15 12:37:59.420589,4,240
6034,2022-04-15 12:58:13.269130,4,2737
6035,2022-04-15 15:26:10.594237,4,2710
6036,2022-04-15 14:01:12.974276,4,2738
6037,2022-04-15 16:33:01.873934,4,2739
6038,2022-04-15 16:34:49.574720,4,434
6039,2022-04-15 16:49:02.153386,4,372
6040,2022-04-15 17:15:59.016267,4,2503
6041,2022-04-15 17:50:34.900340,4,2740
6042,2022-04-15 18:56:16.301030,4,839
6043,2022-04-15 20:21:55.763626,4,124
6044,2022-04-15 20:24:37.834614,4,2741
6045,2022-04-15 18:01:46.401073,4,2742
6046,2022-04-15 18:16:55.251547,4,280
6047,2022-04-15 18:19:38.209977,4,2745
6048,2022-04-15 18:34:00.365976,4,2746
6049,2022-04-15 20:34:36.482560,4,2512
6050,2022-04-15 21:09:48.118174,4,2501
6051,2022-04-15 22:00:08.515797,4,121
6052,2022-04-16 02:56:03.252489,4,2719
6053,2022-04-16 07:01:31.567869,4,372
6054,2022-04-16 13:31:12.319271,4,2483
6055,2022-04-16 08:49:21.550345,4,2604
6056,2022-04-16 08:23:53.980281,4,2503
6057,2022-04-16 10:37:35.498825,4,2747
6058,2022-04-16 14:40:56.317668,4,852
6059,2022-04-16 07:59:03.333776,4,2748
6060,2022-04-16 10:53:19.973165,4,2749
6061,2022-04-16 08:49:40.187339,4,124
6062,2022-04-16 23:35:03.191860,4,2301
6063,2022-04-16 11:04:44.693668,4,2734
6064,2022-04-16 15:05:24.507341,4,2697
6065,2022-04-16 15:43:23.967373,4,2721
6066,2022-04-16 11:10:39.764260,4,1700
6067,2022-04-16 14:47:37.750476,4,2680
6068,2022-04-16 11:17:14.885408,4,1107
6069,2022-04-16 12:43:11.779200,4,2524
6070,2022-04-16 21:42:13.902555,4,2741
6071,2022-04-16 17:38:09.347328,4,2750
6072,2022-04-16 14:05:44.157380,4,2611
6073,2022-04-16 13:32:44.458724,4,2751
6074,2022-04-16 14:13:13.841793,4,2752
6075,2022-04-16 14:13:50.558277,4,2732
6076,2022-04-16 17:20:48.090159,4,2742
6077,2022-04-16 14:25:51.472712,4,2754
6078,2022-04-16 14:38:57.677828,4,397
6079,2022-04-16 15:58:52.580374,4,2702
6080,2022-04-16 15:27:54.784254,4,1744
6081,2022-04-16 16:08:36.800533,4,2723
6082,2022-04-16 17:50:52.614053,4,2757
6083,2022-04-16 21:59:30.328375,4,2512
6084,2022-04-16 18:28:39.029471,4,2678
6085,2022-04-16 19:21:44.997820,4,868
6086,2022-04-16 20:25:00.063118,4,2689
6087,2022-04-16 21:04:26.676322,4,2758
6088,2022-04-16 22:00:06.940378,4,121
6089,2022-04-16 22:50:22.598238,4,2549
6090,2022-04-17 17:40:48.733621,4,2719
6091,2022-04-17 05:13:21.220957,4,2549
6092,2022-04-17 09:14:57.027066,4,2733
6093,2022-04-17 06:55:58.576466,4,2524
6094,2022-04-17 07:48:27.337930,4,2697
6095,2022-04-17 10:09:08.452824,4,2664
6096,2022-04-17 16:24:09.842083,4,2685
6097,2022-04-17 08:28:42.374526,4,2759
6098,2022-04-17 08:29:57.848100,4,2760
6099,2022-04-17 18:56:54.825773,4,1700
6100,2022-04-17 20:59:50.103675,4,2678
6101,2022-04-17 08:46:38.434947,4,2550
6102,2022-04-17 09:08:38.045995,4,2762
6103,2022-04-17 09:34:42.324375,4,2763
6104,2022-04-17 22:00:03.239330,4,121
6105,2022-04-17 22:10:46.778423,4,2512
6106,2022-04-17 10:08:13.327619,4,2724
6107,2022-04-17 10:32:02.293572,4,2764
6108,2022-04-17 10:50:15.353894,4,2589
6109,2022-04-17 11:59:45.712016,4,852
6110,2022-04-17 13:38:43.293717,4,796
6111,2022-04-17 12:10:38.293721,4,2705
6112,2022-04-17 11:53:56.490192,4,2501
6113,2022-04-17 17:11:31.138735,4,2741
6114,2022-04-17 20:31:50.874285,4,2765
6115,2022-04-17 12:18:42.505255,4,2766
6116,2022-04-17 17:07:33.523814,4,2758
6117,2022-04-17 12:50:23.188924,4,2767
6118,2022-04-17 14:56:56.939021,4,1546
6119,2022-04-17 13:17:05.911533,4,2768
6120,2022-04-17 13:28:39.457232,4,2732
6121,2022-04-17 14:21:36.466291,4,63
6122,2022-04-17 15:04:44.930283,4,2769
6123,2022-04-17 15:16:51.728969,4,2770
6124,2022-04-17 15:34:26.795718,4,1239
6125,2022-04-17 15:26:50.158924,4,570
6126,2022-04-17 18:44:01.331888,4,2757
6127,2022-04-17 17:34:24.490776,4,1795
6128,2022-04-17 19:06:00.887764,4,1107
6129,2022-04-17 17:08:57.382761,4,2604
6130,2022-04-17 18:37:12.446649,4,2771
6131,2022-04-17 18:45:07.200929,4,2772
6132,2022-04-17 19:42:29.726280,4,861
6133,2022-04-17 19:09:16.970514,4,2773
6134,2022-04-17 19:02:08.027580,4,2301
6135,2022-04-17 20:02:49.252588,4,2742
6136,2022-04-17 21:03:25.813142,4,2651
6137,2022-04-18 00:32:58.088092,4,2758
6138,2022-04-18 18:20:11.697636,4,2549
6139,2022-04-18 18:21:23.763538,4,2719
6140,2022-04-18 03:47:24.315237,4,2600
6141,2022-04-18 04:43:45.491600,4,2697
6142,2022-04-18 05:09:46.883535,4,2712
6143,2022-04-18 06:24:20.694648,4,2774
6144,2022-04-18 06:09:07.979322,4,2566
6145,2022-04-18 18:45:06.473186,4,2773
6146,2022-04-18 17:39:52.544847,4,2724
6147,2022-04-18 20:11:48.312935,4,2634
6148,2022-04-18 17:32:03.584037,4,2604
6149,2022-04-18 06:01:32.094587,4,796
6150,2022-04-18 07:41:00.348036,4,2651
6151,2022-04-18 19:35:18.473583,4,2733
6152,2022-04-18 13:37:39.723354,4,2201
6153,2022-04-18 19:54:43.949779,4,63
6154,2022-04-18 08:32:28.778491,4,2629
6155,2022-04-18 10:04:19.960503,4,2713
6156,2022-04-18 08:50:53.176792,4,2705
6157,2022-04-18 08:56:35.792074,4,258
6158,2022-04-18 08:57:33.681688,4,2409
6159,2022-04-18 15:44:41.059058,4,1700
6160,2022-04-18 09:37:54.003642,4,2440
6161,2022-04-18 09:18:50.869372,4,1506
6162,2022-04-18 21:01:31.185416,4,2776
6163,2022-04-18 12:07:56.075554,4,2777
6164,2022-04-18 09:41:07.236881,4,2778
6165,2022-04-18 09:42:56.296098,4,839
6166,2022-04-18 11:42:52.002803,4,2757
6167,2022-04-18 10:24:55.639069,4,2382
6168,2022-04-18 10:31:32.311760,4,2779
6169,2022-04-18 12:40:01.513106,4,2780
6170,2022-04-18 12:08:19.775455,4,2741
6171,2022-04-18 12:12:27.358006,4,2683
6172,2022-04-18 11:18:13.548087,4,372
6173,2022-04-18 18:29:36.965296,4,2686
6174,2022-04-18 18:58:19.957512,4,2781
6175,2022-04-18 13:12:45.623074,4,240
6176,2022-04-18 13:00:21.270369,4,2782
6177,2022-04-18 13:39:55.104121,4,2784
6178,2022-04-18 14:22:12.449814,4,2785
6179,2022-04-18 14:14:52.019924,4,1964
6180,2022-04-18 14:22:06.051977,4,2762
6181,2022-04-18 16:53:25.540919,4,2786
6182,2022-04-18 17:12:49.628180,4,2685
6183,2022-04-18 14:50:44.773777,4,714
6184,2022-04-18 14:54:22.067586,4,2787
6185,2022-04-18 17:43:12.309397,4,2501
6186,2022-04-18 15:17:49.962050,4,135
6187,2022-04-18 15:24:48.889692,4,1296
6188,2022-04-18 15:30:26.137049,4,1546
6189,2022-04-18 15:40:10.590875,4,2611
6190,2022-04-18 15:55:21.454373,4,1093
6191,2022-04-18 18:52:13.185607,4,2734
6192,2022-04-18 16:40:41.796760,4,2791
6193,2022-04-18 17:57:48.369411,4,2721
6194,2022-04-18 18:03:19.706922,4,2739
6195,2022-04-18 17:09:30.975002,4,2268
6196,2022-04-18 17:21:12.206485,4,441
6197,2022-04-18 17:30:51.045874,4,2792
6198,2022-04-18 17:31:50.739322,4,2678
6199,2022-04-18 18:35:55.011611,4,2524
6200,2022-04-18 18:33:59.530294,4,275
6201,2022-04-18 18:41:37.563107,4,1111
6202,2022-04-18 20:26:52.464347,4,2765
6203,2022-04-18 18:54:34.786203,4,2795
6204,2022-04-18 19:14:17.530088,4,852
6205,2022-04-18 19:46:06.770664,4,2796
6206,2022-04-18 19:32:27.842548,4,2649
6207,2022-04-18 21:16:59.244285,4,1443
6208,2022-04-18 22:56:40.934864,4,2512
6209,2022-04-18 22:00:14.202245,4,121
6210,2022-04-19 14:49:07.732919,4,2549
6211,2022-04-19 18:22:59.188912,4,2697
6212,2022-04-19 03:19:02.572689,4,2686
6213,2022-04-19 16:45:51.202622,4,2604
6214,2022-04-19 06:34:01.701688,4,2524
6215,2022-04-19 05:15:11.169937,4,551
6216,2022-04-19 05:11:53.331376,4,2776
6217,2022-04-19 04:39:06.065116,4,2712
6218,2022-04-19 17:56:06.468709,4,2724
6219,2022-04-19 07:09:20.589613,4,2566
6220,2022-04-19 19:29:15.373177,4,2796
6221,2022-04-19 13:54:10.365703,4,2719
6222,2022-04-19 07:29:03.190706,4,2512
6223,2022-04-19 05:59:25.388346,4,2783
6224,2022-04-19 08:09:40.463345,4,2798
6225,2022-04-19 13:51:01.377619,4,258
6226,2022-04-19 12:06:36.211829,4,2651
6227,2022-04-19 19:04:21.292861,4,2757
6228,2022-04-19 07:12:15.392419,4,2781
6229,2022-04-19 07:18:17.970884,4,297
6230,2022-04-19 16:03:16.063031,4,63
6231,2022-04-19 14:12:54.521666,4,1700
6232,2022-04-19 20:38:17.472713,4,2799
6233,2022-04-19 15:45:56.687232,4,2777
6234,2022-04-19 19:36:27.508643,4,2734
6235,2022-04-19 09:58:34.761971,4,121
6236,2022-04-19 10:04:52.967853,4,1663
6237,2022-04-19 10:18:03.618763,4,185
6238,2022-04-19 10:20:03.158509,4,1318
6239,2022-04-19 10:24:37.896305,4,2696
6240,2022-04-19 10:29:53.622123,4,1943
6241,2022-04-19 10:48:38.936904,4,2800
6242,2022-04-19 10:56:26.007229,4,1423
6243,2022-04-19 12:50:25.634881,4,2801
6244,2022-04-19 11:29:17.342128,4,2792
6245,2022-04-19 11:38:03.691460,4,1642
6246,2022-04-19 12:04:37.799710,4,2782
6247,2022-04-19 12:34:43.102127,4,2201
6248,2022-04-19 12:42:15.318378,4,2611
6249,2022-04-19 17:07:52.966264,4,2683
6250,2022-04-19 16:38:12.962629,4,2741
6251,2022-04-19 14:07:16.031818,4,50
6252,2022-04-19 15:56:31.628311,4,1768
6253,2022-04-19 14:10:26.841124,4,2748
6254,2022-04-19 14:28:46.819449,4,2802
6255,2022-04-19 14:34:25.052056,4,266
6256,2022-04-19 14:38:52.831227,4,934
6257,2022-04-19 14:52:50.277459,4,2685
6258,2022-04-19 15:49:19.071127,4,1546
6259,2022-04-19 15:35:54.115925,4,2023
6260,2022-04-19 21:11:43.151543,4,2729
6261,2022-04-19 17:47:35.152791,4,2804
6262,2022-04-19 16:23:33.199845,4,2501
6263,2022-04-19 16:25:21.939189,4,441
6264,2022-04-19 16:25:55.973278,4,2805
6265,2022-04-19 16:41:33.409363,4,1504
6266,2022-04-19 17:35:21.397432,4,2803
6267,2022-04-19 18:22:23.560509,4,2268
6268,2022-04-19 17:28:55.772978,4,213
6269,2022-04-19 17:39:19.555791,4,2806
6270,2022-04-19 17:42:42.909777,4,2780
6271,2022-04-19 20:04:46.802347,4,226
6272,2022-04-19 19:57:31.534000,4,1495
6273,2022-04-19 20:53:34.779147,4,2458
6274,2022-04-19 20:45:33.890331,4,2301
6275,2022-04-20 02:28:00.613783,4,2549
6276,2022-04-20 02:42:38.617693,4,2719
6277,2022-04-20 18:56:06.715327,4,2697
6278,2022-04-20 14:23:33.329577,4,2604
6279,2022-04-20 12:15:30.697956,4,258
6280,2022-04-20 06:36:22.494823,4,2808
6281,2022-04-20 06:37:34.588193,4,2809
6282,2022-04-20 06:46:29.995451,4,50
6283,2022-04-20 21:08:57.059987,4,63
6284,2022-04-20 09:03:14.756319,4,477
6285,2022-04-20 08:54:28.677346,4,171
6286,2022-04-20 09:00:56.711188,4,2810
6287,2022-04-20 09:44:58.039626,4,2783
6288,2022-04-20 10:06:36.580373,4,2811
6289,2022-04-20 11:31:06.018176,4,2227
6290,2022-04-20 12:08:06.581585,4,2734
6291,2022-04-20 12:12:27.803706,4,2718
6292,2022-04-20 12:51:05.664352,4,1111
6293,2022-04-20 15:06:40.796183,4,1546
6294,2022-04-20 17:23:08.844953,4,1107
6295,2022-04-20 16:50:12.490240,4,2271
6296,2022-04-20 17:36:03.872218,4,2696
6297,2022-04-20 21:52:48.719315,4,2651
6298,2022-04-20 20:14:57.218301,4,852
6299,2022-04-20 17:41:26.104419,4,2524
6300,2022-04-20 17:48:49.512552,4,2711
6301,2022-04-20 17:53:33.658532,4,2812
6302,2022-04-20 18:27:45.285334,4,2776
6303,2022-04-20 23:30:20.751787,4,2786
6304,2022-04-20 22:00:22.086374,4,2813
6305,2022-04-20 19:53:46.762601,4,2778
6306,2022-04-20 19:55:13.737448,4,2686
6307,2022-04-20 21:24:57.826091,4,2814
6308,2022-04-20 21:17:10.303233,4,2815
6309,2022-04-20 22:56:27.327772,4,2785
6310,2022-04-20 21:07:04.098643,4,589
6311,2022-04-20 22:00:12.537590,4,121
6312,2022-04-20 22:02:04.739350,4,2801
6313,2022-04-20 22:49:09.704489,4,185
6314,2022-04-20 23:33:07.952038,4,2678
6315,2022-04-21 21:35:29.486803,4,63
6316,2022-04-21 08:54:30.222164,4,2678
6317,2022-04-21 11:42:24.298884,4,1107
6318,2022-04-21 10:05:14.474962,4,50
6319,2022-04-21 19:44:19.968832,4,2697
6320,2022-04-21 17:56:30.716255,4,2734
6321,2022-04-21 13:23:27.781122,4,2748
6322,2022-04-21 23:15:05.132829,4,157
6323,2022-04-21 10:46:49.063255,4,2812
6324,2022-04-21 10:05:13.290683,4,2719
6325,2022-04-21 13:26:46.715731,4,2604
6326,2022-04-21 10:16:00.041388,4,258
6327,2022-04-21 18:56:59.001552,4,2786
6328,2022-04-21 18:25:22.765282,4,2785
6329,2022-04-21 10:52:18.496394,4,275
6330,2022-04-21 11:00:41.033668,4,185
6331,2022-04-21 18:13:01.884960,4,2524
6332,2022-04-21 11:20:12.532798,4,2816
6333,2022-04-21 14:10:12.598349,4,2733
6334,2022-04-21 11:39:38.148077,4,796
6335,2022-04-21 13:52:01.541007,4,2227
6336,2022-04-21 22:23:14.506857,4,2803
6337,2022-04-21 12:45:39.983869,4,2817
6338,2022-04-21 12:29:08.701741,4,2629
6339,2022-04-21 12:31:29.741417,4,2724
6340,2022-04-21 18:57:29.557287,4,2643
6341,2022-04-21 13:49:19.325960,4,2818
6342,2022-04-21 13:51:05.313805,4,2819
6343,2022-04-21 14:05:37.361416,4,2048
6344,2022-04-21 14:17:21.921968,4,2501
6345,2022-04-21 14:54:59.998729,4,220
6346,2022-04-21 15:22:35.177794,4,2696
6347,2022-04-21 16:42:45.496782,4,2820
6348,2022-04-21 16:07:21.068425,4,2284
6349,2022-04-21 16:32:50.918487,4,2462
6350,2022-04-21 16:35:43.751851,4,182
6351,2022-04-21 17:06:20.603886,4,2739
6352,2022-04-21 17:07:34.822177,4,320
6353,2022-04-21 21:16:37.955004,4,2651
6354,2022-04-21 21:55:17.128839,4,2374
6355,2022-04-21 22:00:11.311300,4,121
6356,2022-04-21 22:38:51.876028,4,2823
6357,2022-04-22 20:30:26.342744,4,2803
6358,2022-04-22 03:43:48.248934,4,2678
6359,2022-04-22 11:23:12.416331,4,2697
6360,2022-04-22 14:44:00.185834,4,2604
6361,2022-04-22 04:47:21.448119,4,2823
6362,2022-04-22 05:14:05.854645,4,2524
6363,2022-04-22 05:09:11.536697,4,2686
6364,2022-04-22 21:57:50.642760,4,2651
6365,2022-04-22 07:35:19.099489,4,2748
6366,2022-04-22 08:25:11.607027,4,2634
6367,2022-04-22 07:57:12.718782,4,2227
6368,2022-04-22 07:39:36.440172,4,2709
6369,2022-04-22 07:39:55.709081,4,2705
6370,2022-04-22 07:55:59.020438,4,1918
6371,2022-04-22 15:05:21.026772,4,2779
6372,2022-04-22 08:30:57.086394,4,1318
6373,2022-04-22 08:47:22.426596,4,258
6374,2022-04-22 11:00:43.706204,4,50
6375,2022-04-22 09:00:23.417110,4,2574
6376,2022-04-22 08:58:21.990798,4,2825
6377,2022-04-22 09:10:55.846241,4,2826
6378,2022-04-22 09:16:25.816873,4,2556
6379,2022-04-22 09:24:16.963874,4,177
6380,2022-04-22 10:04:33.503242,4,171
6381,2022-04-22 12:07:58.562575,4,2828
6382,2022-04-22 10:48:51.456570,4,157
6383,2022-04-22 11:17:04.066222,4,2829
6384,2022-04-22 13:17:41.112156,4,1074
6385,2022-04-22 11:08:07.330861,4,2818
6386,2022-04-22 11:12:24.415494,4,2831
6387,2022-04-22 12:06:04.892992,4,2833
6388,2022-04-22 11:23:39.814921,4,122
6389,2022-04-22 13:27:52.254276,4,1645
6390,2022-04-22 13:15:53.616730,4,2819
6391,2022-04-22 14:08:42.773673,4,2719
6392,2022-04-22 14:13:05.212568,4,2786
6393,2022-04-22 18:32:56.070285,4,589
6394,2022-04-22 18:29:48.221003,4,2812
6395,2022-04-22 18:36:40.315037,4,2599
6396,2022-04-22 19:46:52.582698,4,2734
6397,2022-04-22 21:32:21.420507,4,1178
6398,2022-04-22 22:00:11.751284,4,121
6399,2022-04-23 00:17:51.358818,4,2678
6400,2022-04-23 12:07:34.219189,4,2834
6401,2022-04-23 04:03:34.614990,4,220
6402,2022-04-23 05:58:53.889889,4,2524
6403,2022-04-23 05:36:41.546412,4,2835
6404,2022-04-23 06:29:17.932288,4,2836
6405,2022-04-23 07:32:46.862556,4,2803
6406,2022-04-23 11:03:09.437011,4,135
6407,2022-04-23 08:21:39.463528,4,1093
6408,2022-04-23 08:24:54.806255,4,2719
6409,2022-04-23 08:54:10.816085,4,1495
6410,2022-04-23 09:01:43.492048,4,2832
6411,2022-04-23 19:01:34.930114,4,2661
6412,2022-04-23 15:22:28.704170,4,2837
6413,2022-04-23 09:18:51.613824,4,2734
6414,2022-04-23 19:46:58.521090,4,2604
6415,2022-04-23 09:35:09.597812,4,2838
6416,2022-04-23 09:47:18.233812,4,2839
6417,2022-04-23 14:37:30.604234,4,2462
6418,2022-04-23 17:41:43.384634,4,2776
6419,2022-04-23 11:44:18.442078,4,2840
6420,2022-04-23 19:08:13.010201,4,2841
6421,2022-04-23 21:01:58.836818,4,226
6422,2022-04-23 12:50:02.374671,4,2842
6423,2022-04-23 15:38:42.252706,4,589
6424,2022-04-23 16:14:40.585219,4,63
6425,2022-04-23 16:28:29.572302,4,2843
6426,2022-04-23 16:48:59.914390,4,157
6427,2022-04-23 18:45:47.101111,4,2844
6428,2022-04-23 19:25:55.611576,4,2845
6429,2022-04-23 23:38:53.060628,4,2301
6430,2022-04-23 19:10:51.928176,4,2846
6431,2022-04-23 19:19:40.479833,4,2847
6432,2022-04-23 19:53:05.920414,4,1178
6433,2022-04-23 22:55:43.872874,4,2758
6434,2022-04-23 22:00:08.332525,4,121
6435,2022-04-23 22:07:09.526924,4,185
6436,2022-04-23 23:44:03.517690,4,1768
6437,2022-04-24 05:52:01.548086,4,2524
6438,2022-04-24 04:34:09.702141,4,2686
6439,2022-04-24 04:59:05.477425,4,2823
6440,2022-04-24 15:42:52.978518,4,2462
6441,2022-04-24 06:56:55.358124,4,185
6442,2022-04-24 07:39:13.748230,4,2739
6443,2022-04-24 07:55:03.711084,4,2465
6444,2022-04-24 07:55:11.984360,4,2678
6445,2022-04-24 09:41:02.863564,4,1495
6446,2022-04-24 08:58:48.170224,4,2669
6447,2022-04-24 13:24:39.121905,4,2845
6448,2022-04-24 10:14:45.872535,4,2848
6449,2022-04-24 10:35:20.347813,4,1768
6450,2022-04-24 10:35:13.047330,4,2849
6451,2022-04-24 10:46:36.946446,4,2734
6452,2022-04-24 16:26:47.584084,4,2850
6453,2022-04-24 13:14:07.197221,4,2817
6454,2022-04-24 17:05:59.644605,4,2851
6455,2022-04-24 13:28:11.574354,4,2683
6456,2022-04-24 15:53:05.337801,4,2748
6457,2022-04-24 19:18:04.384300,4,2664
6458,2022-04-24 14:29:55.980426,4,2697
6459,2022-04-24 16:59:06.104191,4,2501
6460,2022-04-24 16:27:45.139264,4,2852
6461,2022-04-24 17:44:48.489346,4,2632
6462,2022-04-24 17:40:29.990419,4,2820
6463,2022-04-24 17:12:08.363365,4,2747
6464,2022-04-24 18:42:42.118115,4,2661
6465,2022-04-24 18:02:09.731170,4,2776
6466,2022-04-24 19:10:40.586060,4,381
6467,2022-04-24 18:49:55.501945,4,411
6468,2022-04-24 19:23:39.271771,4,2853
6469,2022-04-24 19:27:09.717395,4,63
6470,2022-04-24 19:37:35.313855,4,1255
6471,2022-04-24 20:33:43.301466,4,257
6472,2022-04-24 20:16:49.257238,4,140
6473,2022-04-24 20:08:36.050414,4,2634
6474,2022-04-24 20:29:55.706539,4,2854
6475,2022-04-24 22:00:05.460472,4,121
6476,2022-04-25 01:58:18.702738,4,2501
6477,2022-04-25 04:20:14.970380,4,2697
6478,2022-04-25 05:33:11.760171,4,2851
6479,2022-04-25 13:11:27.148240,4,2604
6480,2022-04-25 05:44:11.174695,4,2808
6481,2022-04-25 06:56:53.688022,4,258
6482,2022-04-25 08:03:21.403779,4,2855
6483,2022-04-25 19:02:48.539462,4,63
6484,2022-04-25 09:12:49.138993,4,157
6485,2022-04-25 07:54:42.174548,4,2678
6486,2022-04-25 21:05:51.141047,4,1107
6487,2022-04-25 11:59:25.757120,4,363
6488,2022-04-25 08:54:22.659847,4,2856
6489,2022-04-25 09:03:06.167750,4,2734
6490,2022-04-25 09:09:47.150427,4,2825
6491,2022-04-25 13:35:23.395100,4,2858
6492,2022-04-25 19:02:10.908871,4,221
6493,2022-04-25 09:58:55.456235,4,589
6494,2022-04-25 10:07:05.716868,4,2857
6495,2022-04-25 13:58:13.925359,4,2859
6496,2022-04-25 10:47:13.617039,4,427
6497,2022-04-25 10:49:28.963246,4,2227
6498,2022-04-25 11:08:23.641948,4,1423
6499,2022-04-25 14:25:30.666332,4,2733
6500,2022-04-25 12:17:55.703519,4,263
6501,2022-04-25 20:43:05.267071,4,257
6502,2022-04-25 12:43:08.867067,4,2860
6503,2022-04-25 13:50:04.873851,4,2683
6504,2022-04-25 15:58:40.213350,4,1074
6505,2022-04-25 16:21:04.475939,4,2643
6506,2022-04-25 17:55:16.781565,4,2747
6507,2022-04-25 18:35:48.349606,4,2661
6508,2022-04-25 18:46:56.268752,4,2524
6509,2022-04-25 18:38:15.806102,4,2861
6510,2022-04-25 19:27:11.344378,4,1709
6511,2022-04-25 22:00:11.567829,4,121
6512,2022-04-25 22:52:19.037035,4,2448
6513,2022-04-25 22:52:31.310378,4,2862
6514,2022-04-26 00:35:38.661001,4,2669
6515,2022-04-26 06:15:42.296768,4,2863
6516,2022-04-26 15:03:50.063318,4,2604
6517,2022-04-26 04:29:06.499958,4,2524
6518,2022-04-26 05:30:27.859606,4,2686
6519,2022-04-26 06:05:14.810320,4,162
6520,2022-04-26 06:09:58.039945,4,2837
6521,2022-04-26 06:49:59.650701,4,2864
6522,2022-04-26 06:48:47.320901,4,2865
6523,2022-04-26 19:55:50.787589,4,1107
6524,2022-04-26 10:29:24.081275,4,1128
6525,2022-04-26 21:13:18.474950,4,2867
6526,2022-04-26 11:58:16.111823,4,2859
6527,2022-04-26 09:22:33.743864,4,2866
6528,2022-04-26 13:26:42.252523,4,2868
6529,2022-04-26 09:44:25.778438,4,2834
6530,2022-04-26 23:27:47.917786,4,221
6531,2022-04-26 13:03:13.489853,4,2858
6532,2022-04-26 20:04:16.751350,4,1074
6533,2022-04-26 16:08:18.909645,4,63
6534,2022-04-26 16:25:46.566313,4,257
6535,2022-04-26 11:15:49.290094,4,1423
6536,2022-04-26 12:08:51.709888,4,2869
6537,2022-04-26 11:51:36.796831,4,589
6538,2022-04-26 21:05:39.738699,4,2871
6539,2022-04-26 12:06:24.738057,4,2840
6540,2022-04-26 12:06:35.625042,4,2870
6541,2022-04-26 12:11:05.418245,4,1280
6542,2022-04-26 12:51:05.683558,4,2872
6543,2022-04-26 14:35:37.994434,4,2873
6544,2022-04-26 13:07:52.336852,4,2721
6545,2022-04-26 15:13:05.970626,4,2677
6546,2022-04-26 14:42:45.398984,4,2874
6547,2022-04-26 14:49:08.552652,4,2723
6548,2022-04-26 14:57:06.070906,4,2734
6549,2022-04-26 15:52:21.892165,4,2499
6550,2022-04-26 18:07:12.247388,4,2683
6551,2022-04-26 17:24:18.862199,4,2803
6552,2022-04-26 19:55:16.000633,4,2661
6553,2022-04-26 18:17:54.080312,4,2844
6554,2022-04-26 18:46:15.636434,4,2632
6555,2022-04-26 19:24:21.104256,4,82
6556,2022-04-26 21:36:05.465861,4,2301
6557,2022-04-26 19:54:56.890822,4,2877
6558,2022-04-26 20:22:25.471739,4,157
6559,2022-04-26 22:00:11.432182,4,121
6560,2022-04-26 23:08:10.738824,4,2878
6561,2022-04-26 23:12:20.200880,4,2678
6562,2022-04-27 00:35:51.712466,4,2678
6563,2022-04-27 00:41:32.398908,4,2879
6564,2022-04-27 14:57:23.153731,4,2271
6565,2022-04-27 10:31:48.394940,4,2867
6566,2022-04-27 21:33:40.794621,4,589
6567,2022-04-27 05:26:21.692082,4,2858
6568,2022-04-27 13:18:06.472184,4,2643
6569,2022-04-27 13:19:46.970319,4,2604
6570,2022-04-27 06:36:03.495377,4,1918
6571,2022-04-27 16:02:15.765277,4,2848
6572,2022-04-27 12:56:07.000058,4,2661
6573,2022-04-27 19:58:55.922261,4,1074
6574,2022-04-27 14:22:26.901191,4,2524
6575,2022-04-27 08:35:30.992554,4,2151
6576,2022-04-27 09:28:38.646672,4,157
6577,2022-04-27 08:50:29.627765,4,2881
6578,2022-04-27 10:56:33.164145,4,2757
6579,2022-04-27 15:46:01.907098,4,2677
6580,2022-04-27 09:39:22.618769,4,2883
6581,2022-04-27 09:55:22.409078,4,2882
6582,2022-04-27 09:56:44.082154,4,2884
6583,2022-04-27 10:14:38.686296,4,2855
6584,2022-04-27 10:39:08.911907,4,2807
6585,2022-04-27 11:18:45.464268,4,2885
6586,2022-04-27 10:48:36.373693,4,2886
6587,2022-04-27 10:52:54.792924,4,2504
6588,2022-04-27 22:32:26.378369,4,221
6589,2022-04-27 15:15:58.136527,4,2733
6590,2022-04-27 14:10:38.256281,4,348
6591,2022-04-27 12:08:13.690831,4,2578
6592,2022-04-27 15:40:14.116676,4,171
6593,2022-04-27 14:03:58.897519,4,2868
6594,2022-04-27 12:35:09.947519,4,2887
6595,2022-04-27 12:31:36.196177,4,2889
6596,2022-04-27 12:32:15.471323,4,2891
6597,2022-04-27 15:05:25.097478,4,2892
6598,2022-04-27 12:32:41.690599,4,2890
6599,2022-04-27 12:34:07.248599,4,2893
6600,2022-04-27 13:32:52.863140,4,2894
6601,2022-04-27 14:23:41.893510,4,2895
6602,2022-04-27 16:40:35.202660,4,2501
6603,2022-04-27 12:48:36.352546,4,2897
6604,2022-04-27 12:57:31.503439,4,2898
6605,2022-04-27 13:04:24.554637,4,2899
6606,2022-04-27 13:24:25.185907,4,2900
6607,2022-04-27 13:15:09.484920,4,1318
6608,2022-04-27 13:16:24.686779,4,2227
6609,2022-04-27 13:23:02.580809,4,2901
6610,2022-04-27 13:35:17.628298,4,2902
6611,2022-04-27 13:37:27.033703,4,2903
6612,2022-04-27 13:39:10.514532,4,2904
6613,2022-04-27 13:56:34.517693,4,2908
6614,2022-04-27 13:57:13.124796,4,2907
6615,2022-04-27 14:01:14.363381,4,2909
6616,2022-04-27 18:35:09.108816,4,2910
6617,2022-04-27 14:37:52.756108,4,411
6618,2022-04-27 15:02:28.510630,4,2912
6619,2022-04-27 15:15:40.582546,4,743
6620,2022-04-27 14:50:56.575783,4,2686
6621,2022-04-27 19:27:06.570701,4,2873
6622,2022-04-27 16:25:56.630940,4,63
6623,2022-04-27 15:24:54.720399,4,2914
6624,2022-04-27 15:50:37.623757,4,257
6625,2022-04-27 15:40:33.143370,4,2913
6626,2022-04-27 17:21:18.213393,4,2915
6627,2022-04-27 18:05:24.624803,4,2634
6628,2022-04-27 17:58:34.929774,4,2862
6629,2022-04-27 17:30:59.465757,4,2916
6630,2022-04-27 17:52:16.740159,4,2917
6631,2022-04-27 18:00:51.118567,4,1426
6632,2022-04-27 19:48:20.137011,4,2918
6633,2022-04-27 18:31:52.093497,4,2919
6634,2022-04-27 18:33:05.869947,4,2920
6635,2022-04-27 18:49:43.819256,4,2922
6636,2022-04-27 19:04:53.394065,4,2877
6637,2022-04-27 20:50:45.973239,4,2769
6638,2022-04-27 21:05:28.200314,4,535
6639,2022-04-27 22:00:08.686274,4,121
6640,2022-04-28 00:41:07.941222,4,2669
6641,2022-04-28 05:40:05.676451,4,2923
6642,2022-04-28 16:40:52.605975,4,2733
6643,2022-04-28 14:11:08.393322,4,2604
6644,2022-04-28 16:54:35.147653,4,2910
6645,2022-04-28 05:46:50.730269,4,1674
6646,2022-04-28 06:01:47.371664,4,258
6647,2022-04-28 06:20:56.075016,4,257
6648,2022-04-28 14:37:05.157234,4,1436
6649,2022-04-28 20:44:42.041745,4,2779
6650,2022-04-28 09:57:19.090160,4,535
6651,2022-04-28 18:38:32.716812,4,2924
6652,2022-04-28 07:17:23.203743,4,2901
6653,2022-04-28 16:30:27.228806,4,1074
6654,2022-04-28 08:05:00.376570,4,2661
6655,2022-04-28 19:10:42.174695,4,2925
6656,2022-04-28 07:37:59.618576,4,2533
6657,2022-04-28 08:05:43.945740,4,2926
6658,2022-04-28 08:08:57.892813,4,2927
6659,2022-04-28 08:27:39.961173,4,2909
6660,2022-04-28 14:31:26.533482,4,2524
6661,2022-04-28 12:05:31.851780,4,2928
6662,2022-04-28 09:06:07.161306,4,2683
6663,2022-04-28 09:25:27.722193,4,2895
6664,2022-04-28 09:55:57.802017,4,185
6665,2022-04-28 11:08:52.044013,4,839
6666,2022-04-28 10:44:32.874457,4,2929
6667,2022-04-28 14:31:19.243205,4,63
6668,2022-04-28 11:08:11.654723,4,1663
6669,2022-04-28 12:56:34.541766,4,2930
6670,2022-04-28 11:18:34.588972,4,2931
6671,2022-04-28 11:41:56.310899,4,2848
6672,2022-04-28 12:26:31.181835,4,2714
6673,2022-04-28 11:58:34.825521,4,2932
6674,2022-04-28 12:10:11.937503,4,2933
6675,2022-04-28 12:21:04.297980,4,2783
6676,2022-04-28 23:21:12.432604,4,221
6677,2022-04-28 13:09:04.088152,4,2686
6678,2022-04-28 13:19:15.777762,4,2934
6679,2022-04-28 14:46:19.392181,4,2936
6680,2022-04-28 20:14:52.415598,4,2867
6681,2022-04-28 15:59:55.646687,4,2937
6682,2022-04-28 16:56:19.983935,4,2938
6683,2022-04-28 16:40:01.497520,4,2501
6684,2022-04-28 16:44:50.178386,4,1356
6685,2022-04-28 17:12:40.547990,4,2677
6686,2022-04-28 17:54:44.536932,4,2939
6687,2022-04-28 17:41:51.584785,4,2873
6688,2022-04-28 17:45:11.845319,4,2862
6689,2022-04-28 18:55:28.674587,4,2940
6690,2022-04-28 18:59:15.391836,4,2941
6691,2022-04-28 19:41:34.261171,4,2942
6692,2022-04-28 20:05:57.180540,4,147
6693,2022-04-28 20:54:10.925014,4,589
6694,2022-04-28 22:00:05.240603,4,121
6695,2022-04-28 22:47:42.919608,4,2943
6696,2022-04-29 14:48:07.802422,4,2604
6697,2022-04-29 04:46:08.610174,4,2944
6698,2022-04-29 04:51:52.373438,4,2863
6699,2022-04-29 05:00:23.857520,4,589
6700,2022-04-29 05:06:26.247044,4,2607
6701,2022-04-29 08:28:15.037418,4,2925
6702,2022-04-29 05:34:12.962568,4,2867
6703,2022-04-29 05:41:44.754933,4,2945
6704,2022-04-29 13:52:06.586787,4,2733
6705,2022-04-29 06:09:05.753343,4,1436
6706,2022-04-29 10:39:57.020291,4,2714
6707,2022-04-29 06:18:24.931161,4,2783
6708,2022-04-29 15:56:44.517454,4,2581
6709,2022-04-29 07:05:56.195936,4,2910
6710,2022-04-29 16:04:52.787698,4,2873
6711,2022-04-29 07:17:42.423266,4,2946
6712,2022-04-29 08:57:25.182409,4,839
6713,2022-04-29 17:03:59.083013,4,171
6714,2022-04-29 09:35:12.147841,4,2937
6715,2022-04-29 08:38:33.361693,4,258
6716,2022-04-29 10:48:13.170848,4,2578
6717,2022-04-29 17:54:01.312031,4,63
6718,2022-04-29 09:16:48.264670,4,224
6719,2022-04-29 09:45:41.417615,4,2948
6720,2022-04-29 17:22:01.391058,4,1074
6721,2022-04-29 10:37:48.499221,4,2865
6722,2022-04-29 13:04:34.273517,4,50
6723,2022-04-29 10:44:53.545396,4,2949
6724,2022-04-29 12:33:34.184224,4,1918
6725,2022-04-29 13:59:36.460332,4,2950
6726,2022-04-29 13:29:54.150912,4,2524
6727,2022-04-29 12:04:15.421267,4,1964
6728,2022-04-29 20:54:27.826902,4,2848
6729,2022-04-29 12:22:47.893039,4,2923
6730,2022-04-29 14:34:18.486320,4,1468
6731,2022-04-29 14:25:59.795854,4,2870
6732,2022-04-29 14:27:04.361925,4,2661
6733,2022-04-29 15:16:15.840683,4,2853
6734,2022-04-29 14:54:44.174127,4,2947
6735,2022-04-29 18:08:13.755127,4,2952
6736,2022-04-29 15:42:31.769039,4,2929
6737,2022-04-29 15:46:37.978062,4,2953
6738,2022-04-29 16:11:06.261605,4,1093
6739,2022-04-29 19:00:37.360027,4,2776
6740,2022-04-29 19:56:18.977561,4,2954
6741,2022-04-29 21:10:36.315608,4,2955
6742,2022-04-29 19:15:35.689174,4,2941
6743,2022-04-29 22:00:02.985391,4,121
6744,2022-04-29 23:33:31.189108,4,2956
6745,2022-04-29 22:32:48.093452,4,513
6746,2022-04-30 23:34:29.981534,4,2956
6747,2022-04-30 02:54:34.628569,4,2958
6748,2022-04-30 06:31:11.956420,4,2957
6749,2022-04-30 19:37:39.479623,4,2937
6750,2022-04-30 04:24:33.986053,4,2951
6751,2022-04-30 05:33:58.601354,4,2867
6752,2022-04-30 06:07:11.072019,4,2959
6753,2022-04-30 11:14:07.434323,4,2938
6754,2022-04-30 17:32:22.732974,4,2960
6755,2022-04-30 18:54:25.698822,4,2961
6756,2022-04-30 07:21:16.226396,4,2877
6757,2022-04-30 12:36:49.733215,4,2776
6758,2022-04-30 15:15:44.895175,4,2524
6759,2022-04-30 08:54:54.356012,4,2881
6760,2022-04-30 19:36:25.900885,4,2824
6761,2022-04-30 09:59:56.074746,4,1468
6762,2022-04-30 12:27:53.084789,4,1074
6763,2022-04-30 11:09:07.898958,4,2962
6764,2022-04-30 13:27:07.026512,4,2963
6765,2022-04-30 11:52:25.955327,4,2964
6766,2022-04-30 12:17:07.709216,4,257
6767,2022-04-30 14:13:23.946430,4,2909
6768,2022-04-30 18:36:39.963782,4,2651
6769,2022-04-30 20:38:44.632924,4,839
6770,2022-04-30 16:52:13.702874,4,2723
6771,2022-04-30 17:59:34.681912,4,2873
6772,2022-04-30 21:59:57.898578,4,121
6773,2022-04-30 20:02:38.685074,4,2917
6774,2022-04-30 22:11:53.324426,4,1178
6775,2022-04-30 22:24:36.915582,4,2581
6776,2022-05-01 16:28:45.731157,4,2848
6777,2022-05-01 02:49:23.515873,4,2937
6778,2022-05-01 04:52:53.138486,4,2960
6779,2022-05-01 15:31:13.986520,4,2938
6780,2022-05-01 04:35:59.236268,4,2967
6781,2022-05-01 06:02:47.472487,4,2968
6782,2022-05-01 07:08:29.756419,4,2776
6783,2022-05-01 16:33:54.735479,4,1015
6784,2022-05-01 09:12:48.218996,4,2678
6785,2022-05-01 09:18:04.376678,4,2952
6786,2022-05-01 09:28:34.963635,4,934
6787,2022-05-01 19:38:23.336005,4,2910
6788,2022-05-01 10:13:08.125977,4,2924
6789,2022-05-01 10:47:46.260349,4,839
6790,2022-05-01 12:41:15.221129,4,2969
6791,2022-05-01 11:59:56.195337,4,2970
6792,2022-05-01 18:01:51.899857,4,2697
6793,2022-05-01 12:40:09.414082,4,2971
6794,2022-05-01 12:46:43.336511,4,2824
6795,2022-05-01 13:04:40.848255,4,226
6796,2022-05-01 13:54:09.808729,4,1074
6797,2022-05-01 15:42:31.614366,4,2974
6798,2022-05-01 16:49:17.679006,4,2976
6799,2022-05-01 18:01:17.823041,4,1294
6800,2022-05-01 17:14:44.298520,4,2922
6801,2022-05-01 18:25:03.575356,4,2524
6802,2022-05-01 19:28:45.013939,4,589
6803,2022-05-01 21:42:03.015881,4,2844
6804,2022-05-01 21:49:00.518686,4,1288
6805,2022-05-01 21:59:54.501113,4,121
6806,2022-05-02 01:27:19.567187,4,925
6807,2022-05-02 04:47:58.741738,4,2938
6808,2022-05-02 16:35:50.859471,4,2960
6809,2022-05-02 12:31:14.976944,4,2924
6810,2022-05-02 07:14:07.016584,4,2678
6811,2022-05-02 07:25:04.089778,4,2967
6812,2022-05-02 07:51:11.964228,4,2978
6813,2022-05-02 08:07:47.032946,4,2937
6814,2022-05-02 08:13:05.372959,4,2971
6815,2022-05-02 08:24:39.827180,4,2723
6816,2022-05-02 08:25:15.310688,4,2979
6817,2022-05-02 18:26:15.084529,4,2524
6818,2022-05-02 21:24:56.799512,4,2961
6819,2022-05-02 09:15:38.703496,4,63
6820,2022-05-02 17:53:02.926246,4,2980
6821,2022-05-02 17:44:00.769663,4,2848
6822,2022-05-02 21:50:25.866122,4,1074
6823,2022-05-02 09:22:43.836039,4,2473
6824,2022-05-02 10:04:20.140626,4,2923
6825,2022-05-02 09:49:03.206819,4,1093
6826,2022-05-02 11:26:46.327081,4,2186
6827,2022-05-02 09:55:13.584696,4,2776
6828,2022-05-02 09:57:34.354506,4,1964
6829,2022-05-02 10:11:09.877169,4,2844
6830,2022-05-02 13:30:10.393279,4,2697
6831,2022-05-02 11:38:33.946507,4,2981
6832,2022-05-02 12:03:10.620224,4,2982
6833,2022-05-02 13:51:28.947788,4,2983
6834,2022-05-02 14:08:44.040257,4,2946
6835,2022-05-02 16:03:28.310503,4,2729
6836,2022-05-02 21:10:40.900346,4,2984
6837,2022-05-02 18:08:33.721634,4,2985
6838,2022-05-02 18:29:20.585523,4,2578
6839,2022-05-02 18:50:26.443072,4,621
6840,2022-05-02 18:49:50.437568,4,1015
6841,2022-05-02 19:42:09.403989,4,2986
6842,2022-05-02 19:34:23.488368,4,2987
6843,2022-05-02 20:39:47.816841,4,2988
6844,2022-05-02 21:05:56.961008,4,2734
6845,2022-05-02 21:55:32.429127,4,2989
6846,2022-05-02 23:52:54.060125,4,2990
6847,2022-05-02 22:56:30.639004,4,2991
6848,2022-05-02 21:59:51.710170,4,121
6849,2022-05-03 00:38:16.136679,4,2990
6850,2022-05-03 03:45:00.065832,4,2893
6851,2022-05-03 06:19:36.525753,4,2960
6852,2022-05-03 09:23:12.733021,4,2923
6853,2022-05-03 16:33:07.159952,4,2848
6854,2022-05-03 04:16:24.276993,4,925
6855,2022-05-03 21:25:03.429911,4,2776
6856,2022-05-03 18:56:44.599871,4,2524
6857,2022-05-03 06:09:36.056552,4,258
6858,2022-05-03 06:59:03.308943,4,2992
6859,2022-05-03 14:34:19.432509,4,2993
6860,2022-05-03 21:21:37.371660,4,1439
6861,2022-05-03 19:51:07.687198,4,1074
6862,2022-05-03 09:05:50.943331,4,2837
6863,2022-05-03 22:43:02.214058,4,2961
6864,2022-05-03 10:44:02.370461,4,1015
6865,2022-05-03 12:39:50.166831,4,2994
6866,2022-05-03 10:08:31.461460,4,2734
6867,2022-05-03 10:12:44.107267,4,839
6868,2022-05-03 11:00:47.482376,4,2678
6869,2022-05-03 22:33:00.720997,4,2995
6870,2022-05-03 10:26:37.236778,4,50
6871,2022-05-03 11:04:26.411325,4,2578
6872,2022-05-03 15:42:45.227622,4,2997
6873,2022-05-03 21:49:00.760477,4,2988
6874,2022-05-03 11:28:41.531308,4,63
6875,2022-05-03 12:23:30.898780,4,3001
6876,2022-05-03 12:37:21.587108,4,3002
6877,2022-05-03 13:56:18.995948,4,2984
6878,2022-05-03 15:08:32.470157,4,3003
6879,2022-05-03 15:27:11.003841,4,2780
6880,2022-05-03 17:14:36.714517,4,3004
6881,2022-05-03 17:21:21.497943,4,3005
6882,2022-05-03 17:31:39.889806,4,2783
6883,2022-05-03 17:34:06.141756,4,3006
6884,2022-05-03 17:49:04.383183,4,2844
6885,2022-05-03 18:12:53.889252,4,3007
6886,2022-05-03 18:57:29.169934,4,3008
6887,2022-05-03 18:56:22.074595,4,1093
6888,2022-05-03 18:49:39.603263,4,3009
6889,2022-05-03 19:08:38.431722,4,256
6890,2022-05-03 19:13:08.784230,4,2533
6891,2022-05-03 19:25:56.632145,4,2970
6892,2022-05-03 19:53:59.565383,4,2908
6893,2022-05-03 20:57:54.446041,4,2632
6894,2022-05-03 20:03:43.887188,4,589
6895,2022-05-03 21:26:48.092953,4,3010
6896,2022-05-03 21:59:50.744133,4,121
6897,2022-05-03 23:55:47.428763,4,185
6898,2022-05-04 20:58:37.677747,4,185
6899,2022-05-04 15:43:12.044840,4,2923
6900,2022-05-04 03:47:09.836458,4,3012
6901,2022-05-04 04:37:17.048060,4,2697
6902,2022-05-04 08:19:06.919168,4,3013
6903,2022-05-04 05:08:06.097943,4,2363
6904,2022-05-04 11:23:32.685738,4,2714
6905,2022-05-04 06:15:33.566643,4,2960
6906,2022-05-04 06:49:49.652637,4,2604
6907,2022-05-04 18:22:04.851271,4,3015
6908,2022-05-04 20:52:39.496203,4,2961
6909,2022-05-04 17:39:52.718928,4,2925
6910,2022-05-04 12:59:17.936331,4,2848
6911,2022-05-04 06:58:23.086474,4,2678
6912,2022-05-04 07:25:44.917924,4,3010
6913,2022-05-04 07:53:36.302693,4,1909
6914,2022-05-04 08:00:03.062040,4,623
6915,2022-05-04 08:19:35.915208,4,3017
6916,2022-05-04 08:22:36.906739,4,63
6917,2022-05-04 08:33:19.769408,4,1318
6918,2022-05-04 09:49:01.719307,4,50
6919,2022-05-04 09:36:55.512426,4,3018
6920,2022-05-04 09:25:33.955634,4,3019
6921,2022-05-04 10:08:22.232885,4,2155
6922,2022-05-04 12:04:16.337449,4,3020
6923,2022-05-04 10:51:06.589547,4,258
6924,2022-05-04 12:09:46.353437,4,2970
6925,2022-05-04 19:33:53.003371,4,1964
6926,2022-05-04 21:13:19.055241,4,2734
6927,2022-05-04 16:30:00.416023,4,1074
6928,2022-05-04 14:28:59.787136,4,3021
6929,2022-05-04 19:35:39.198870,4,1093
6930,2022-05-04 17:01:18.199316,4,2774
6931,2022-05-04 13:29:00.712919,4,3022
6932,2022-05-04 23:02:31.369484,4,3023
6933,2022-05-04 13:27:31.882468,4,2895
6934,2022-05-04 13:34:43.805774,4,589
6935,2022-05-04 23:57:22.915935,4,2632
6936,2022-05-04 15:31:48.561101,4,3028
6937,2022-05-04 16:47:13.831200,4,2993
6938,2022-05-04 16:46:50.476040,4,3006
6939,2022-05-04 16:21:49.651998,4,157
6940,2022-05-04 19:40:00.402533,4,2844
6941,2022-05-04 16:37:17.223633,4,2908
6942,2022-05-04 17:22:47.526075,4,3029
6943,2022-05-04 17:28:04.875806,4,2990
6944,2022-05-04 17:40:18.134715,4,2634
6945,2022-05-04 17:48:22.665350,4,2959
6946,2022-05-04 19:14:04.841774,4,3008
6947,2022-05-04 18:26:37.405461,4,2980
6948,2022-05-04 20:21:47.450762,4,2186
6949,2022-05-04 19:10:57.577958,4,1015
6950,2022-05-04 19:44:41.331553,4,3030
6951,2022-05-04 21:14:20.831675,4,3002
6952,2022-05-04 19:19:06.726470,4,621
6953,2022-05-04 19:47:49.784398,4,2501
6954,2022-05-04 20:30:36.077547,4,290
6955,2022-05-04 21:23:51.227629,4,2986
6956,2022-05-04 22:04:58.716574,4,3032
6957,2022-05-04 21:59:46.127622,4,121
6958,2022-05-04 22:22:45.786624,4,3033
6959,2022-05-04 22:23:11.202731,4,3034
6960,2022-05-05 21:50:11.207823,4,2632
6961,2022-05-05 03:37:50.306700,4,3035
6962,2022-05-05 11:55:50.014843,4,2714
6963,2022-05-05 04:29:45.200783,4,2923
6964,2022-05-05 19:33:16.671125,4,3036
6965,2022-05-05 05:36:01.150048,4,2960
6966,2022-05-05 05:05:18.100599,4,2651
6967,2022-05-05 18:30:23.807285,4,2524
6968,2022-05-05 14:33:22.600790,4,3037
6969,2022-05-05 18:48:22.120597,4,3030
6970,2022-05-05 05:27:19.029905,4,2894
6971,2022-05-05 10:54:17.449624,4,3038
6972,2022-05-05 05:54:54.497303,4,258
6973,2022-05-05 12:04:12.759575,4,3039
6974,2022-05-05 19:17:42.819506,4,2634
6975,2022-05-05 06:42:23.070708,4,2860
6976,2022-05-05 09:19:29.798969,4,2578
6977,2022-05-05 08:21:32.046397,4,3040
6978,2022-05-05 13:10:55.870038,4,3041
6979,2022-05-05 08:42:38.993565,4,98
6980,2022-05-05 08:43:38.065133,4,3034
6981,2022-05-05 08:47:54.335188,4,2895
6982,2022-05-05 09:58:55.452863,4,2780
6983,2022-05-05 08:56:34.715499,4,2678
6984,2022-05-05 08:58:06.229644,4,589
6985,2022-05-05 17:12:18.327255,4,3042
6986,2022-05-05 14:44:36.908572,4,2848
6987,2022-05-05 14:40:42.845135,4,1074
6988,2022-05-05 09:29:15.465640,4,2155
6989,2022-05-05 14:12:47.258412,4,3023
6990,2022-05-05 10:17:20.671923,4,2980
6991,2022-05-05 17:20:54.971326,4,2734
6992,2022-05-05 10:38:17.032830,4,63
6993,2022-05-05 13:35:41.547945,4,2984
6994,2022-05-05 11:45:23.905324,4,2953
6995,2022-05-05 20:30:36.970393,4,3032
6996,2022-05-05 12:06:37.593385,4,2910
6997,2022-05-05 12:22:21.466686,4,220
6998,2022-05-05 17:51:09.991725,4,1943
6999,2022-05-05 13:31:51.748191,4,3043
7000,2022-05-05 13:14:23.487459,4,2604
7001,2022-05-05 14:41:53.988055,4,3044
7002,2022-05-05 14:03:03.044367,4,3045
7003,2022-05-05 14:39:59.948531,4,50
7004,2022-05-05 17:32:35.820928,4,2844
7005,2022-05-05 15:02:00.944255,4,3046
7006,2022-05-05 15:04:45.078947,4,3047
7007,2022-05-05 16:51:33.575713,4,3048
7008,2022-05-05 16:30:24.701176,4,1093
7009,2022-05-05 16:35:57.990183,4,2993
7010,2022-05-05 17:11:56.652941,4,621
7011,2022-05-05 18:09:42.246224,4,2353
7012,2022-05-05 17:49:19.515247,4,2955
7013,2022-05-05 20:26:02.828592,4,226
7014,2022-05-05 17:53:49.692284,4,3008
7015,2022-05-05 21:57:09.362143,4,2961
7016,2022-05-05 18:47:22.092008,4,1015
7017,2022-05-05 19:57:22.538503,4,2988
7018,2022-05-05 19:27:56.958136,4,2763
7019,2022-05-05 22:22:56.842724,4,3049
7020,2022-05-05 21:32:53.185214,4,2403
7021,2022-05-05 21:29:36.625175,4,3002
7022,2022-05-05 22:00:11.241342,4,121
7023,2022-05-06 02:02:29.172794,4,1818
7024,2022-05-06 16:55:15.631313,4,3051
7025,2022-05-06 04:48:02.393995,4,2524
7026,2022-05-06 07:52:45.379038,4,2714
7027,2022-05-06 05:12:27.172010,4,2774
7028,2022-05-06 14:23:14.031012,4,3037
7029,2022-05-06 08:00:40.641303,4,3038
7030,2022-05-06 06:11:55.148091,4,2776
7031,2022-05-06 06:26:23.658871,4,3032
7032,2022-05-06 06:27:17.755773,4,3052
7033,2022-05-06 07:17:06.316113,4,3053
7034,2022-05-06 10:34:20.796739,4,3055
7035,2022-05-06 07:12:09.998487,4,3056
7036,2022-05-06 16:17:05.259745,4,2960
7037,2022-05-06 07:43:32.637952,4,3023
7038,2022-05-06 08:15:09.454331,4,50
7039,2022-05-06 08:32:16.143886,4,3060
7040,2022-05-06 18:17:40.557394,4,3061
7041,2022-05-06 13:13:27.533501,4,3062
7042,2022-05-06 10:53:52.672591,4,2931
7043,2022-05-06 10:29:20.534277,4,3063
7044,2022-05-06 15:33:57.370863,4,1093
7045,2022-05-06 10:32:53.283825,4,2353
7046,2022-05-06 11:01:09.188798,4,2848
7047,2022-05-06 12:07:13.936518,4,2696
7048,2022-05-06 15:37:24.693968,4,63
7049,2022-05-06 13:15:34.517345,4,1943
7050,2022-05-06 14:52:23.953729,4,157
7051,2022-05-06 12:31:27.017139,4,3065
7052,2022-05-06 14:33:17.613548,4,2604
7053,2022-05-06 17:28:06.871810,4,3021
7054,2022-05-06 14:52:21.486707,4,2779
7055,2022-05-06 14:37:17.424551,4,621
7056,2022-05-06 14:55:07.593304,4,3066
7057,2022-05-06 15:11:10.397555,4,220
7058,2022-05-06 19:27:01.594821,4,2988
7059,2022-05-06 17:52:46.032575,4,1968
7060,2022-05-06 18:53:07.582959,4,226
7061,2022-05-06 19:30:26.005367,4,3008
7062,2022-05-06 18:36:29.592854,4,3067
7063,2022-05-06 19:58:32.957933,4,2512
7064,2022-05-06 18:55:49.016173,4,1015
7065,2022-05-06 19:09:43.785624,4,2634
7066,2022-05-06 19:03:11.662020,4,1964
7067,2022-05-06 19:27:41.601440,4,3068
7068,2022-05-06 20:55:50.239303,4,925
7069,2022-05-06 20:16:58.547769,4,589
7070,2022-05-06 20:29:50.055003,4,3069
7071,2022-05-06 21:04:00.280038,4,3070
7072,2022-05-06 22:53:54.739606,4,1543
7073,2022-05-06 21:47:10.510207,4,3071
7074,2022-05-06 22:00:11.607698,4,121
7075,2022-05-07 01:55:48.109004,4,925
7076,2022-05-07 07:39:13.020635,4,2714
7077,2022-05-07 11:01:56.018575,4,2960
7078,2022-05-07 17:06:04.835199,4,2848
7079,2022-05-07 08:17:41.450274,4,1968
7080,2022-05-07 12:26:43.115053,4,2604
7081,2022-05-07 08:09:26.597570,4,3072
7082,2022-05-07 08:17:52.513922,4,1015
7083,2022-05-07 18:11:54.546346,4,2734
7084,2022-05-07 18:53:08.748203,4,621
7085,2022-05-07 13:00:59.838123,4,3038
7086,2022-05-07 10:57:33.139514,4,1107
7087,2022-05-07 15:44:06.513494,4,3008
7088,2022-05-07 09:41:59.728940,4,50
7089,2022-05-07 14:02:49.358693,4,2524
7090,2022-05-07 21:24:02.243257,4,2913
7091,2022-05-07 12:31:15.805526,4,2931
7092,2022-05-07 12:40:19.517473,4,2938
7093,2022-05-07 13:19:04.509692,4,3073
7094,2022-05-07 16:56:06.720283,4,3074
7095,2022-05-07 15:43:19.705044,4,2529
7096,2022-05-07 17:40:48.964219,4,226
7097,2022-05-07 16:52:39.456966,4,2745
7098,2022-05-07 17:01:52.550744,4,3075
7099,2022-05-07 18:35:11.891182,4,2697
7100,2022-05-07 18:21:43.598865,4,3076
7101,2022-05-07 19:26:00.547572,4,3035
7102,2022-05-07 20:01:05.197907,4,3077
7103,2022-05-07 20:02:21.658445,4,1543
7104,2022-05-07 21:29:01.062121,4,3078
7105,2022-05-07 22:25:27.893195,4,2779
7106,2022-05-07 22:40:02.875159,4,3079
7107,2022-05-07 21:09:07.624895,4,2776
7108,2022-05-07 21:32:03.784698,4,2988
7109,2022-05-07 22:00:11.228143,4,121
7110,2022-05-07 23:29:27.049066,4,2186
7111,2022-05-08 06:01:35.030548,4,3061
7112,2022-05-08 12:35:12.993783,4,2960
7113,2022-05-08 10:27:23.124540,4,2779
7114,2022-05-08 07:22:37.453154,4,589
7115,2022-05-08 07:32:36.318202,4,2745
7116,2022-05-08 08:04:40.114835,4,2634
7117,2022-05-08 10:25:35.044838,4,2574
7118,2022-05-08 10:13:59.608446,4,1074
7119,2022-05-08 10:25:32.952869,4,2908
7120,2022-05-08 10:32:31.097211,4,1964
7121,2022-05-08 12:11:37.624334,4,3076
7122,2022-05-08 11:18:39.414009,4,3080
7123,2022-05-08 14:10:20.583199,4,2697
7124,2022-05-08 11:33:16.330135,4,3081
7125,2022-05-08 12:32:49.050836,4,3048
7126,2022-05-08 13:11:05.412727,4,2403
7127,2022-05-08 20:24:23.224977,4,3008
7128,2022-05-08 16:16:36.035480,4,2848
7129,2022-05-08 14:24:09.567152,4,3083
7130,2022-05-08 16:09:49.031134,4,2524
7131,2022-05-08 18:11:31.658984,4,1968
7132,2022-05-08 20:59:40.199726,4,3084
7133,2022-05-08 17:30:04.133856,4,3039
7134,2022-05-08 20:09:26.865570,4,3085
7135,2022-05-08 18:33:48.983751,4,3087
7136,2022-05-08 21:07:09.804209,4,3078
7137,2022-05-08 21:04:13.394853,4,185
7138,2022-05-08 21:25:26.547864,4,3089
7139,2022-05-08 22:00:11.228140,4,121
7140,2022-05-08 22:48:09.601970,4,3090
7141,2022-05-09 12:09:17.146837,4,3065
7142,2022-05-09 14:23:22.209275,4,2848
7143,2022-05-09 10:03:47.675018,4,2923
7144,2022-05-09 16:40:37.293914,4,3084
7145,2022-05-09 18:26:07.806717,4,2524
7146,2022-05-09 12:16:05.592365,4,3021
7147,2022-05-09 07:34:00.732303,4,3085
7148,2022-05-09 20:26:06.712557,4,3008
7149,2022-05-09 19:59:45.035249,4,3077
7150,2022-05-09 08:31:30.237477,4,185
7151,2022-05-09 10:05:05.670626,4,3091
7152,2022-05-09 09:13:16.459178,4,2661
7153,2022-05-09 17:37:05.985998,4,2697
7154,2022-05-09 10:12:23.163526,4,2678
7155,2022-05-09 10:51:46.492503,4,1968
7156,2022-05-09 11:14:18.187818,4,1504
7157,2022-05-09 10:44:44.313245,4,3038
7158,2022-05-09 11:11:06.620123,4,2895
7159,2022-05-09 11:05:43.919571,4,3092
7160,2022-05-09 23:29:38.343955,4,2632
7161,2022-05-09 14:38:57.065236,4,2796
7162,2022-05-09 16:49:06.605027,4,3094
7163,2022-05-09 14:29:15.210546,4,2342
7164,2022-05-09 15:19:27.357901,4,2503
7165,2022-05-09 21:50:28.423150,4,3095
7166,2022-05-09 15:52:15.173341,4,3096
7167,2022-05-09 16:39:26.647407,4,3097
7168,2022-05-09 18:44:34.719017,4,2866
7169,2022-05-09 17:07:20.468433,4,2873
7170,2022-05-09 18:25:48.302068,4,3098
7171,2022-05-09 17:32:41.733149,4,2961
7172,2022-05-09 22:49:25.070142,4,1918
7173,2022-05-09 18:52:02.294029,4,1015
7174,2022-05-09 19:54:59.745303,4,2913
7175,2022-05-09 20:09:00.779176,4,2776
7176,2022-05-09 21:25:39.182588,4,3068
7177,2022-05-09 21:49:27.905734,4,1074
7178,2022-05-09 22:00:10.744506,4,121
7179,2022-05-09 23:43:58.105903,4,3101
7180,2022-05-09 23:36:14.278555,4,2512
7181,2022-05-10 12:38:10.680169,4,3101
7182,2022-05-10 00:29:31.290671,4,2512
7183,2022-05-10 22:28:32.362743,4,2961
7184,2022-05-10 19:41:57.686980,4,2524
7185,2022-05-10 16:29:12.521083,4,2923
7186,2022-05-10 08:57:16.312248,4,3038
7187,2022-05-10 18:24:48.066289,4,220
7188,2022-05-10 07:43:52.275976,4,2866
7189,2022-05-10 16:54:35.530728,4,3077
7190,2022-05-10 08:35:38.538516,4,2222
7191,2022-05-10 08:38:35.060156,4,2353
7192,2022-05-10 08:40:22.913900,4,3102
7193,2022-05-10 14:10:43.063173,4,3103
7194,2022-05-10 08:51:46.434554,4,2631
7195,2022-05-10 08:56:04.932839,4,258
7196,2022-05-10 17:31:03.892590,4,2796
7197,2022-05-10 18:08:21.040867,4,3098
7198,2022-05-10 10:37:51.834409,4,2697
7199,2022-05-10 17:30:39.285739,4,2848
7200,2022-05-10 21:53:54.569255,4,1074
7201,2022-05-10 10:42:23.449636,4,2931
7202,2022-05-10 17:21:38.921706,4,63
7203,2022-05-10 18:16:11.833193,4,3095
7204,2022-05-10 12:52:46.422642,4,2908
7205,2022-05-10 14:14:00.082286,4,3008
7206,2022-05-10 13:15:25.542951,4,3106
7207,2022-05-10 17:01:02.439020,4,3094
7208,2022-05-10 15:14:27.179566,4,3107
7209,2022-05-10 15:04:30.678529,4,3081
7210,2022-05-10 15:47:23.428406,4,1495
7211,2022-05-10 15:36:53.738801,4,3002
7212,2022-05-10 16:10:53.772213,4,1107
7213,2022-05-10 16:34:39.306059,4,3108
7214,2022-05-10 17:14:08.230165,4,2873
7215,2022-05-10 17:22:48.921223,4,3075
7216,2022-05-10 17:49:17.403887,4,2678
7217,2022-05-10 18:23:51.161836,4,1015
7218,2022-05-10 23:27:44.731229,4,839
7219,2022-05-10 18:39:47.252420,4,2960
7220,2022-05-10 18:46:47.626642,4,3109
7221,2022-05-10 19:18:30.727264,4,3110
7222,2022-05-10 19:51:34.528161,4,2776
7223,2022-05-10 21:32:00.814528,4,3111
7224,2022-05-10 22:01:16.504843,4,121
7225,2022-05-10 22:56:20.989709,4,3112
7226,2022-05-11 00:44:23.375404,4,3102
7227,2022-05-11 18:49:52.308985,4,839
7228,2022-05-11 14:35:21.871073,4,2923
7229,2022-05-11 12:37:21.783787,4,3065
7230,2022-05-11 10:10:32.996081,4,3113
7231,2022-05-11 09:27:34.948881,4,2848
7232,2022-05-11 18:47:17.973142,4,3112
7233,2022-05-11 21:21:08.636718,4,3038
7234,2022-05-11 12:29:52.972849,4,2908
7235,2022-05-11 14:20:24.042985,4,2604
7236,2022-05-11 22:04:40.573107,4,2594
7237,2022-05-11 16:50:28.679379,4,2796
7238,2022-05-11 13:30:23.629049,4,3095
7239,2022-05-11 06:41:07.187279,4,2990
7240,2022-05-11 17:03:19.707813,4,3008
7241,2022-05-11 13:28:48.163165,4,2960
7242,2022-05-11 07:40:27.779169,4,3114
7243,2022-05-11 11:11:51.466766,4,3046
7244,2022-05-11 08:20:30.826629,4,2873
7245,2022-05-11 13:37:35.142879,4,3062
7246,2022-05-11 19:14:02.368071,4,3115
7247,2022-05-11 08:54:21.157758,4,3116
7248,2022-05-11 15:53:05.797493,4,63
7249,2022-05-11 09:32:47.258250,4,3097
7250,2022-05-11 16:55:47.710992,4,1074
7251,2022-05-11 18:06:59.053898,4,2524
7252,2022-05-11 10:03:38.528803,4,2186
7253,2022-05-11 17:58:46.713759,4,2353
7254,2022-05-11 12:40:11.377051,4,3117
7255,2022-05-11 10:31:51.106064,4,2512
7256,2022-05-11 15:19:42.208141,4,1093
7257,2022-05-11 12:01:13.305139,4,2632
7258,2022-05-11 11:03:10.256060,4,258
7259,2022-05-11 11:21:51.938447,4,589
7260,2022-05-11 11:23:58.779139,4,2678
7261,2022-05-11 12:57:06.698582,4,2661
7262,2022-05-11 12:28:54.588955,4,2961
7263,2022-05-11 11:57:40.433932,4,3021
7264,2022-05-11 12:17:47.532252,4,185
7265,2022-05-11 12:40:52.558249,4,220
7266,2022-05-11 12:34:37.741083,4,2803
7267,2022-05-11 18:31:19.102292,4,3080
7268,2022-05-11 13:12:33.692331,4,3118
7269,2022-05-11 13:29:52.297175,4,3119
7270,2022-05-11 16:27:35.140312,4,3077
7271,2022-05-11 13:23:36.833087,4,1943
7272,2022-05-11 15:49:59.835861,4,1931
7273,2022-05-11 14:40:16.551493,4,3023
7274,2022-05-11 17:29:32.467974,4,2734
7275,2022-05-11 16:29:55.416413,4,3098
7276,2022-05-11 15:52:09.209395,4,3120
7277,2022-05-11 22:29:08.000938,4,226
7278,2022-05-11 21:47:11.418098,4,2955
7279,2022-05-11 19:26:39.953723,4,3030
7280,2022-05-11 17:40:56.201456,4,2862
7281,2022-05-11 17:50:40.290483,4,3121
7282,2022-05-11 18:59:09.162919,4,1015
7283,2022-05-11 20:03:18.844957,4,3123
7284,2022-05-11 20:19:03.029554,4,3125
7285,2022-05-11 20:54:11.265468,4,3127
7286,2022-05-11 21:42:52.994471,4,3128
7287,2022-05-11 22:00:10.936905,4,121
7288,2022-05-12 13:22:59.984056,4,2923
7289,2022-05-12 13:07:18.915996,4,3115
7290,2022-05-12 17:16:07.649283,4,2960
7291,2022-05-12 04:45:06.957273,4,495
7292,2022-05-12 04:46:09.189899,4,494
7293,2022-05-12 11:56:37.191876,4,3065
7294,2022-05-12 14:11:08.449208,4,2604
7295,2022-05-12 05:43:52.201592,4,3008
7296,2022-05-12 20:33:09.713049,4,2796
7297,2022-05-12 13:56:02.063484,4,2353
7298,2022-05-12 05:59:37.541803,4,3129
7299,2022-05-12 08:37:10.535043,4,3121
7300,2022-05-12 10:30:38.950517,4,589
7301,2022-05-12 06:47:33.860265,4,3130
7302,2022-05-12 06:52:56.922634,4,3131
7303,2022-05-12 06:58:30.190033,4,3132
7304,2022-05-12 18:24:46.089163,4,2873
7305,2022-05-12 07:19:44.283875,4,3038
7306,2022-05-12 19:43:58.122154,4,2961
7307,2022-05-12 12:29:26.314783,4,3133
7308,2022-05-12 22:00:12.233175,4,121
7309,2022-05-12 07:50:37.509141,4,3108
7310,2022-05-12 08:54:57.802155,4,649
7311,2022-05-12 08:02:45.946602,4,3095
7312,2022-05-12 16:37:18.925945,4,1931
7313,2022-05-12 19:47:46.158568,4,2512
7314,2022-05-12 08:48:47.309441,4,2928
7315,2022-05-12 13:50:06.034068,4,3077
7316,2022-05-12 08:52:22.232512,4,2955
7317,2022-05-12 13:45:50.222577,4,2931
7318,2022-05-12 09:12:37.839161,4,3134
7319,2022-05-12 09:36:39.676673,4,3135
7320,2022-05-12 18:22:56.076807,4,3080
7321,2022-05-12 10:21:52.762230,4,258
7322,2022-05-12 22:18:37.017225,4,3119
7323,2022-05-12 18:16:02.037040,4,2734
7324,2022-05-12 14:25:03.800267,4,2335
7325,2022-05-12 18:39:52.625358,4,2678
7326,2022-05-12 11:41:18.897757,4,2295
7327,2022-05-12 21:08:51.996132,4,63
7328,2022-05-12 13:52:30.623559,4,3062
7329,2022-05-12 12:22:29.272137,4,1074
7330,2022-05-12 15:08:07.488947,4,226
7331,2022-05-12 12:28:56.860927,4,3136
7332,2022-05-12 12:48:32.334744,4,3040
7333,2022-05-12 12:53:16.498842,4,2848
7334,2022-05-12 13:12:11.499455,4,2741
7335,2022-05-12 16:52:23.528847,4,839
7336,2022-05-12 15:14:31.956613,4,3023
7337,2022-05-12 14:40:30.905640,4,98
7338,2022-05-12 15:30:40.612761,4,3051
7339,2022-05-12 16:06:32.638360,4,3138
7340,2022-05-12 16:21:39.309092,4,3098
7341,2022-05-12 17:16:09.414893,4,3139
7342,2022-05-12 19:46:10.101180,4,3140
7343,2022-05-12 17:25:03.888592,4,2524
7344,2022-05-12 18:34:18.991231,4,2993
7345,2022-05-12 17:46:13.157633,4,50
7346,2022-05-12 20:04:36.455015,4,3030
7347,2022-05-12 20:21:36.769633,4,1590
7348,2022-05-13 13:28:08.668469,4,2923
7349,2022-05-13 07:54:17.561115,4,649
7350,2022-05-13 18:11:34.219726,4,3077
7351,2022-05-13 13:26:04.704955,4,2604
7352,2022-05-13 22:49:16.949707,4,2186
7353,2022-05-13 17:02:12.392308,4,2960
7354,2022-05-13 14:49:14.886846,4,3095
7355,2022-05-13 10:49:26.581513,4,2796
7356,2022-05-13 12:26:21.559177,4,3065
7357,2022-05-13 07:08:32.241158,4,3111
7358,2022-05-13 16:54:04.230044,4,1931
7359,2022-05-13 10:03:12.539195,4,3141
7360,2022-05-13 10:48:16.231343,4,3142
7361,2022-05-13 21:04:15.840249,4,3049
7362,2022-05-13 08:31:37.727915,4,3015
7363,2022-05-13 08:32:10.753444,4,2856
7364,2022-05-13 12:20:59.861883,4,1590
7365,2022-05-13 08:42:25.461388,4,1495
7366,2022-05-13 16:48:44.597671,4,63
7367,2022-05-13 14:50:53.666804,4,2524
7368,2022-05-13 14:50:29.127035,4,226
7369,2022-05-13 20:47:45.360606,4,2988
7370,2022-05-13 09:39:21.544352,4,3143
7371,2022-05-13 11:25:53.557559,4,3144
7372,2022-05-13 10:22:46.464136,4,3038
7373,2022-05-13 23:10:05.332672,4,185
7374,2022-05-13 10:29:18.147972,4,2931
7375,2022-05-13 10:50:43.449099,4,2873
7376,2022-05-13 11:04:47.163104,4,3103
7377,2022-05-13 11:23:24.015696,4,1093
7378,2022-05-13 11:27:24.947658,4,2678
7379,2022-05-13 13:12:08.907699,4,3145
7380,2022-05-13 16:53:32.347283,4,2734
7381,2022-05-13 11:40:50.285379,4,3146
7382,2022-05-13 12:09:50.744546,4,3147
7383,2022-05-13 12:24:12.581080,4,589
7384,2022-05-13 13:31:36.223846,4,3115
7385,2022-05-13 12:55:31.567713,4,3148
7386,2022-05-13 13:25:37.515283,4,3136
7387,2022-05-13 13:07:48.652772,4,2890
7388,2022-05-13 15:29:24.899231,4,3149
7389,2022-05-13 19:52:20.028327,4,3150
7390,2022-05-13 13:55:04.594424,4,2363
7391,2022-05-13 20:44:22.156894,4,839
7392,2022-05-13 14:16:56.247889,4,2870
7393,2022-05-13 14:19:28.550737,4,1074
7394,2022-05-13 14:33:39.572153,4,3151
7395,2022-05-13 16:45:09.405545,4,3023
7396,2022-05-13 17:21:29.141079,4,2714
7397,2022-05-13 18:36:01.739228,4,3153
7398,2022-05-13 17:48:23.186939,4,3155
7399,2022-05-13 18:03:27.917162,4,3008
7400,2022-05-13 20:13:33.481646,4,3030
7401,2022-05-13 20:27:03.078963,4,3097
7402,2022-05-13 18:40:56.775786,4,3156
7403,2022-05-13 19:21:15.559681,4,2910
7404,2022-05-13 19:25:37.666746,4,3085
7405,2022-05-13 20:14:44.070640,4,3135
7406,2022-05-13 20:46:02.299587,4,2961
7407,2022-05-13 22:24:01.314938,4,2512
7408,2022-05-13 21:29:57.113757,4,3157
7409,2022-05-13 22:00:12.262689,4,121
7410,2022-05-14 11:03:01.713133,4,185
7411,2022-05-14 02:43:02.458008,4,3137
7412,2022-05-14 10:17:15.691030,4,2960
7413,2022-05-14 09:04:38.784795,4,3150
7414,2022-05-14 08:12:07.550872,4,3158
7415,2022-05-14 08:15:13.898972,4,2848
7416,2022-05-14 10:21:47.496909,4,2524
7417,2022-05-14 06:22:04.792697,4,2923
7418,2022-05-14 15:37:27.383305,4,3098
7419,2022-05-14 18:30:13.050786,4,2796
7420,2022-05-14 07:50:35.842907,4,2632
7421,2022-05-14 08:02:39.911713,4,3155
7422,2022-05-14 08:18:21.391860,4,1918
7423,2022-05-14 08:34:30.254230,4,3038
7424,2022-05-14 10:24:45.844570,4,1495
7425,2022-05-14 16:56:54.927321,4,135
7426,2022-05-14 15:03:56.927263,4,3030
7427,2022-05-14 13:01:38.282612,4,3160
7428,2022-05-14 10:34:19.532574,4,3161
7429,2022-05-14 17:52:41.741745,4,2186
7430,2022-05-14 11:15:16.508194,4,3163
7431,2022-05-14 13:38:18.423051,4,494
7432,2022-05-14 11:45:48.244488,4,3145
7433,2022-05-14 12:00:02.523950,4,3164
7434,2022-05-14 20:05:46.871405,4,3157
7435,2022-05-14 14:07:14.662746,4,3095
7436,2022-05-14 12:53:54.960712,4,2733
7437,2022-05-14 13:46:48.556906,4,839
7438,2022-05-14 17:55:05.131839,4,2604
7439,2022-05-14 14:18:04.680654,4,2678
7440,2022-05-14 15:15:17.640410,4,2503
7441,2022-05-14 15:20:05.709056,4,3143
7442,2022-05-14 17:28:22.605966,4,3165
7443,2022-05-14 21:25:18.481970,4,226
7444,2022-05-14 16:08:57.899102,4,2873
7445,2022-05-14 17:23:15.086715,4,2779
7446,2022-05-14 18:28:15.312990,4,2988
7447,2022-05-14 20:03:42.365047,4,2512
7448,2022-05-14 19:33:19.570398,4,3008
7449,2022-05-14 17:22:05.886615,4,3023
7450,2022-05-14 21:09:40.503666,4,3168
7451,2022-05-14 20:59:44.371529,4,3135
7452,2022-05-14 19:54:37.514633,4,623
7453,2022-05-14 20:38:32.233145,4,140
7454,2022-05-14 22:13:17.240792,4,257
7455,2022-05-14 20:43:46.909014,4,3171
7456,2022-05-14 20:58:38.358826,4,3123
7457,2022-05-14 21:36:27.062341,4,1093
7458,2022-05-14 21:22:21.200442,4,3170
7459,2022-05-14 22:00:12.420132,4,121
7460,2022-05-14 22:00:29.855922,4,3121
7461,2022-05-14 23:12:29.666591,4,3172
7462,2022-05-15 11:08:49.915715,4,2923
7463,2022-05-15 05:16:14.800569,4,3065
7464,2022-05-15 04:39:44.968193,4,3173
7465,2022-05-15 05:02:28.464651,4,257
7466,2022-05-15 12:22:34.121289,4,3150
7467,2022-05-15 13:40:21.267497,4,2960
7468,2022-05-15 16:45:54.063671,4,2796
7469,2022-05-15 19:34:21.671660,4,3008
7470,2022-05-15 14:07:37.231300,4,2733
7471,2022-05-15 23:16:30.482336,4,2848
7472,2022-05-15 08:01:42.197564,4,3174
7473,2022-05-15 08:44:39.987111,4,3095
7474,2022-05-15 08:50:09.294895,4,2634
7475,2022-05-15 09:10:34.425541,4,3175
7476,2022-05-15 09:14:35.655024,4,1495
7477,2022-05-15 13:18:37.427468,4,2779
7478,2022-05-15 10:08:07.894602,4,3107
7479,2022-05-15 13:08:32.500880,4,3176
7480,2022-05-15 16:28:23.022369,4,839
7481,2022-05-15 10:29:37.211818,4,3108
7482,2022-05-15 11:10:49.229496,4,3149
7483,2022-05-15 10:47:31.750680,4,3177
7484,2022-05-15 11:09:54.932318,4,2873
7485,2022-05-15 11:15:57.853138,4,2524
7486,2022-05-15 12:12:10.568005,4,3178
7487,2022-05-15 20:55:48.104066,4,63
7488,2022-05-15 12:56:14.089018,4,2678
7489,2022-05-15 13:08:32.820942,4,2993
7490,2022-05-15 21:31:51.138795,4,2512
7491,2022-05-15 14:07:33.238007,4,3158
7492,2022-05-15 14:14:04.114593,4,1211
7493,2022-05-15 16:18:08.045638,4,3117
7494,2022-05-15 18:02:04.295169,4,2924
7495,2022-05-15 17:00:35.144986,4,3030
7496,2022-05-15 16:44:38.090324,4,3038
7497,2022-05-15 16:54:47.274365,4,2186
7498,2022-05-15 19:37:47.801416,4,226
7499,2022-05-15 17:36:56.924427,4,233
7500,2022-05-15 18:17:04.251133,4,3157
7501,2022-05-15 20:08:56.520035,4,3115
7502,2022-05-15 21:33:27.068343,4,3170
7503,2022-05-15 22:38:49.868164,4,2954
7504,2022-05-15 21:40:06.088010,4,185
7505,2022-05-15 22:00:11.898696,4,121
7506,2022-05-15 22:13:05.586362,4,3180
7507,2022-05-16 12:15:22.151097,4,2678
7508,2022-05-16 02:35:34.777901,4,3065
7509,2022-05-16 15:11:49.323924,4,2923
7510,2022-05-16 03:11:47.680455,4,3143
7511,2022-05-16 04:53:42.517100,4,2931
7512,2022-05-16 05:02:44.835791,4,2848
7513,2022-05-16 16:55:04.257676,4,2796
7514,2022-05-16 19:47:19.442693,4,2924
7515,2022-05-16 12:26:13.951607,4,2604
7516,2022-05-16 07:31:11.622362,4,2733
7517,2022-05-16 18:44:18.270784,4,3077
7518,2022-05-16 19:07:22.800953,4,3008
7519,2022-05-16 16:46:29.622856,4,2960
7520,2022-05-16 06:32:53.452205,4,494
7521,2022-05-16 06:26:47.752495,4,3168
7522,2022-05-16 06:49:07.751651,4,589
7523,2022-05-16 08:44:18.905292,4,3181
7524,2022-05-16 07:28:17.856703,4,3108
7525,2022-05-16 08:13:12.185447,4,1495
7526,2022-05-16 07:49:26.643765,4,3147
7527,2022-05-16 07:56:48.368462,4,185
7528,2022-05-16 14:40:52.272489,4,1093
7529,2022-05-16 13:32:33.853361,4,3095
7530,2022-05-16 19:48:01.174170,4,2512
7531,2022-05-16 08:25:02.773233,4,3041
7532,2022-05-16 09:00:58.357697,4,3182
7533,2022-05-16 08:35:18.786080,4,2084
7534,2022-05-16 13:07:51.648968,4,171
7535,2022-05-16 18:18:53.405133,4,1074
7536,2022-05-16 17:53:41.730889,4,2961
7537,2022-05-16 10:06:42.867524,4,342
7538,2022-05-16 18:13:45.271478,4,1943
7539,2022-05-16 13:02:11.233025,4,3180
7540,2022-05-16 10:48:00.981567,4,2995
7541,2022-05-16 20:26:48.122728,4,275
7542,2022-05-16 14:11:56.032890,4,3150
7543,2022-05-16 22:26:03.231696,4,63
7544,2022-05-16 16:04:56.241445,4,2721
7545,2022-05-16 13:01:54.840825,4,2734
7546,2022-05-16 13:09:43.025566,4,226
7547,2022-05-16 19:35:38.458317,4,3170
7548,2022-05-16 14:29:48.427347,4,3184
7549,2022-05-16 12:38:00.047913,4,3179
7550,2022-05-16 13:12:03.586864,4,3185
7551,2022-05-16 17:21:46.805845,4,2186
7552,2022-05-16 13:51:37.501343,4,3186
7553,2022-05-16 13:41:07.924652,4,50
7554,2022-05-16 14:32:22.428500,4,3187
7555,2022-05-16 15:20:32.033825,4,3171
7556,2022-05-16 16:58:26.129749,4,3080
7557,2022-05-16 17:23:15.393986,4,2858
7558,2022-05-16 17:29:31.823258,4,3098
7559,2022-05-16 18:45:20.247589,4,73
7560,2022-05-16 18:45:56.777487,4,3117
7561,2022-05-16 20:06:38.933994,4,245
7562,2022-05-16 21:31:38.530233,4,3115
7563,2022-05-16 20:45:00.569923,4,3188
7564,2022-05-16 20:47:54.782470,4,638
7565,2022-05-16 22:00:10.608551,4,121
7566,2022-05-16 22:52:40.551276,4,3189
7567,2022-05-16 23:43:45.323757,4,839
7568,2022-05-17 01:14:08.679557,4,2605
7569,2022-05-17 11:52:42.996599,4,2923
7570,2022-05-17 22:59:23.018179,4,839
7571,2022-05-17 02:41:12.047957,4,1818
7572,2022-05-17 02:47:39.317084,4,2909
7573,2022-05-17 04:54:04.860546,4,3191
7574,2022-05-17 22:28:38.459442,4,2961
7575,2022-05-17 16:03:59.159616,4,2894
7576,2022-05-17 05:39:20.348567,4,2858
7577,2022-05-17 07:47:44.248636,4,2960
7578,2022-05-17 13:37:58.348523,4,3077
7579,2022-05-17 16:47:35.058715,4,2796
7580,2022-05-17 15:06:37.064791,4,2604
7581,2022-05-17 20:10:46.909908,4,3170
7582,2022-05-17 06:52:44.653736,4,589
7583,2022-05-17 19:45:28.466347,4,2924
7584,2022-05-17 07:59:51.794363,4,3171
7585,2022-05-17 08:03:23.605313,4,3065
7586,2022-05-17 08:10:10.994827,4,3095
7587,2022-05-17 20:08:10.907116,4,63
7588,2022-05-17 16:43:46.402050,4,2848
7589,2022-05-17 10:59:06.945318,4,171
7590,2022-05-17 09:10:03.301908,4,3192
7591,2022-05-17 09:24:50.236172,4,2949
7592,2022-05-17 16:14:33.778135,4,73
7593,2022-05-17 09:44:43.020981,4,1318
7594,2022-05-17 10:23:50.404953,4,3193
7595,2022-05-17 10:17:43.135982,4,1093
7596,2022-05-17 11:34:49.716561,4,3173
7597,2022-05-17 17:16:13.280180,4,226
7598,2022-05-17 11:13:44.286804,4,3194
7599,2022-05-17 14:05:57.566593,4,3195
7600,2022-05-17 18:46:04.746956,4,2524
7601,2022-05-17 19:09:55.424240,4,2678
7602,2022-05-17 14:29:55.503777,4,3196
7603,2022-05-17 13:56:37.755603,4,135
7604,2022-05-17 14:46:12.335843,4,3062
7605,2022-05-17 14:58:28.031961,4,1074
7606,2022-05-17 15:14:42.874857,4,3197
7607,2022-05-17 15:51:41.248810,4,3198
7608,2022-05-17 16:17:29.503528,4,3199
7609,2022-05-17 17:05:06.659575,4,3200
7610,2022-05-17 16:20:32.982742,4,1674
7611,2022-05-17 16:28:11.481255,4,3179
7612,2022-05-17 17:13:20.106091,4,3098
7613,2022-05-17 18:36:31.322840,4,1943
7614,2022-05-17 19:21:32.306440,4,3008
7615,2022-05-17 17:51:38.753187,4,3157
7616,2022-05-17 18:04:11.497567,4,3202
7617,2022-05-17 18:08:11.917171,4,2677
7618,2022-05-17 18:54:00.266492,4,3015
7619,2022-05-17 20:13:18.290785,4,3115
7620,2022-05-17 20:37:00.064696,4,2734
7621,2022-05-17 19:24:57.962448,4,3203
7622,2022-05-17 20:27:50.745489,4,3204
7623,2022-05-17 23:08:38.685752,4,3205
7624,2022-05-17 20:49:40.136972,4,3049
7625,2022-05-17 23:29:55.565230,4,2186
7626,2022-05-18 11:45:10.937566,4,2923
7627,2022-05-18 03:46:05.359477,4,3137
7628,2022-05-18 03:52:06.367152,4,2697
7629,2022-05-18 15:23:57.129504,4,2604
7630,2022-05-18 08:03:38.589576,4,649
7631,2022-05-18 14:16:55.148000,4,2960
7632,2022-05-18 13:42:41.407087,4,3077
7633,2022-05-18 06:16:43.027572,4,3170
7634,2022-05-18 06:40:25.078875,4,342
7635,2022-05-18 16:52:51.501728,4,2796
7636,2022-05-18 06:55:34.525042,4,1495
7637,2022-05-18 08:10:00.687963,4,3095
7638,2022-05-18 07:44:31.836364,4,2512
7639,2022-05-18 18:56:09.342254,4,3046
7640,2022-05-18 15:41:33.080059,4,2734
7641,2022-05-18 18:50:27.157084,4,63
7642,2022-05-18 18:19:01.140747,4,2186
7643,2022-05-18 14:42:54.007573,4,3062
7644,2022-05-18 12:44:04.224331,4,50
7645,2022-05-18 09:27:23.809969,4,2931
7646,2022-05-18 09:49:15.412821,4,589
7647,2022-05-18 10:27:00.754298,4,3207
7648,2022-05-18 09:58:37.607456,4,3192
7649,2022-05-18 10:15:27.284489,4,258
7650,2022-05-18 11:20:18.381048,4,3208
7651,2022-05-18 13:00:26.014350,4,1093
7652,2022-05-18 17:37:36.256599,4,3119
7653,2022-05-18 14:05:14.344281,4,3209
7654,2022-05-18 12:08:20.583886,4,3210
7655,2022-05-18 16:31:33.829342,4,2805
7656,2022-05-18 12:15:43.658581,4,3196
7657,2022-05-18 12:35:46.565047,4,3211
7658,2022-05-18 12:39:39.082250,4,3212
7659,2022-05-18 12:57:45.088620,4,2848
7660,2022-05-18 13:08:55.630719,4,73
7661,2022-05-18 13:19:12.702723,4,3214
7662,2022-05-18 18:39:57.704030,4,1943
7663,2022-05-18 14:38:02.502196,4,3213
7664,2022-05-18 14:41:31.510099,4,3150
7665,2022-05-18 15:08:04.445055,4,3216
7666,2022-05-18 16:01:07.965238,4,3217
7667,2022-05-18 15:49:09.885652,4,3038
7668,2022-05-18 16:05:26.989900,4,3193
7669,2022-05-18 17:09:56.855162,4,3008
7670,2022-05-18 18:44:49.879356,4,2524
7671,2022-05-18 17:55:04.405405,4,2605
7672,2022-05-18 18:19:08.212488,4,3218
7673,2022-05-18 19:03:25.063537,4,3157
7674,2022-05-18 20:03:02.952095,4,3219
7675,2022-05-18 20:04:08.257023,4,3220
7676,2022-05-18 21:34:30.127828,4,2961
7677,2022-05-18 20:42:07.465577,4,2924
7678,2022-05-18 22:00:09.976724,4,121
7679,2022-05-18 21:11:47.701808,4,3205
7680,2022-05-18 21:23:02.414635,4,2776
7681,2022-05-18 23:06:01.758020,4,2853
7682,2022-05-18 23:53:02.000854,4,839
7683,2022-05-19 22:57:19.290071,4,839
7684,2022-05-19 02:35:09.091821,4,2594
7685,2022-05-19 11:47:22.411833,4,2923
7686,2022-05-19 13:02:47.758071,4,2848
7687,2022-05-19 18:36:00.858921,4,2524
7688,2022-05-19 13:31:37.316559,4,2805
7689,2022-05-19 06:04:50.637356,4,2894
7690,2022-05-19 07:48:05.222242,4,3221
7691,2022-05-19 13:31:14.214970,4,3077
7692,2022-05-19 10:32:08.708663,4,2960
7693,2022-05-19 17:33:38.232059,4,3015
7694,2022-05-19 19:15:53.772833,4,2924
7695,2022-05-19 21:42:25.500002,4,63
7696,2022-05-19 08:17:29.125474,4,2604
7697,2022-05-19 07:26:55.075081,4,3222
7698,2022-05-19 07:35:52.833181,4,2661
7699,2022-05-19 13:38:46.467227,4,3046
7700,2022-05-19 16:37:22.802779,4,3170
7701,2022-05-19 13:30:33.303486,4,3150
7702,2022-05-19 15:56:36.713378,4,2734
7703,2022-05-19 14:19:00.938319,4,1931
7704,2022-05-19 08:39:00.697223,4,258
7705,2022-05-19 13:46:47.801272,4,3223
7706,2022-05-19 08:52:24.651072,4,3065
7707,2022-05-19 21:12:29.340178,4,3062
7708,2022-05-19 17:04:05.917238,4,226
7709,2022-05-19 14:12:52.678850,4,3224
7710,2022-05-19 11:50:00.519408,4,3072
7711,2022-05-19 09:49:23.991453,4,2556
7712,2022-05-19 14:00:27.322116,4,3225
7713,2022-05-19 10:18:18.518894,4,2961
7714,2022-05-19 10:43:53.853840,4,3226
7715,2022-05-19 11:15:01.173435,4,3220
7716,2022-05-19 12:05:12.903475,4,3013
7717,2022-05-19 11:50:28.118506,4,3199
7718,2022-05-19 12:11:14.189533,4,3229
7719,2022-05-19 12:05:13.706407,4,3230
7720,2022-05-19 12:43:03.403307,4,50
7721,2022-05-19 17:52:25.828723,4,1943
7722,2022-05-19 12:50:20.395150,4,3160
7723,2022-05-19 12:52:31.005040,4,2678
7724,2022-05-19 13:43:49.298131,4,3232
7725,2022-05-19 14:29:21.237275,4,3233
7726,2022-05-19 20:24:42.966122,4,3231
7727,2022-05-19 15:14:32.335771,4,3234
7728,2022-05-19 14:56:00.061500,4,1495
7729,2022-05-19 15:14:08.289298,4,3235
7730,2022-05-19 15:17:45.306843,4,1322
7731,2022-05-19 21:25:59.493613,4,2512
7732,2022-05-19 15:51:16.474756,4,3236
7733,2022-05-19 16:07:43.981562,4,2853
7734,2022-05-19 16:43:57.176168,4,3030
7735,2022-05-19 17:44:58.357625,4,2008
7736,2022-05-19 17:37:29.265856,4,3219
7737,2022-05-19 17:41:24.616507,4,3183
7738,2022-05-19 18:06:38.905878,4,3157
7739,2022-05-19 18:15:48.839120,4,3193
7740,2022-05-19 20:34:36.423137,4,3190
7741,2022-05-19 19:19:58.046435,4,3008
7742,2022-05-19 20:07:18.713877,4,3213
7743,2022-05-19 20:19:22.418408,4,157
7744,2022-05-19 21:00:51.555144,4,1360
7745,2022-05-19 21:23:09.677232,4,2631
7746,2022-05-19 22:54:30.951031,4,3205
7747,2022-05-19 21:39:12.766066,4,2605
7748,2022-05-19 22:00:10.853391,4,121
7749,2022-05-19 22:42:53.504419,4,3137
7750,2022-05-20 09:44:15.526273,4,839
7751,2022-05-20 01:21:25.521425,4,3065
7752,2022-05-20 11:54:44.630793,4,2923
7753,2022-05-20 03:35:58.367706,4,3182
7754,2022-05-20 05:11:55.055030,4,3072
7755,2022-05-20 04:20:50.540051,4,2697
7756,2022-05-20 17:38:35.478899,4,2524
7757,2022-05-20 05:25:38.267664,4,1175
7758,2022-05-20 17:57:16.778817,4,2848
7759,2022-05-20 10:52:44.025964,4,3231
7760,2022-05-20 12:09:14.019638,4,3077
7761,2022-05-20 13:48:00.757363,4,2604
7762,2022-05-20 12:49:59.906545,4,2960
7763,2022-05-20 08:03:08.701837,4,649
7764,2022-05-20 07:37:04.241545,4,3202
7765,2022-05-20 10:55:04.062274,4,3189
7766,2022-05-20 07:40:15.257790,4,2678
7767,2022-05-20 07:50:20.974399,4,2353
7768,2022-05-20 08:10:09.320228,4,589
7769,2022-05-20 11:45:20.115955,4,226
7770,2022-05-20 08:38:07.082290,4,3237
7771,2022-05-20 13:06:23.036988,4,3183
7772,2022-05-20 08:57:47.583803,4,3238
7773,2022-05-20 12:23:09.735680,4,3224
7774,2022-05-20 18:55:06.527153,4,3205
7775,2022-05-20 13:13:48.390551,4,2858
7776,2022-05-20 21:52:41.177026,4,3239
7777,2022-05-20 13:43:20.922064,4,157
7778,2022-05-20 10:31:04.095574,4,505
7779,2022-05-20 20:19:54.662461,4,63
7780,2022-05-20 11:30:18.106151,4,2990
7781,2022-05-20 10:36:45.907195,4,3095
7782,2022-05-20 10:48:02.234027,4,3220
7783,2022-05-20 10:53:39.982324,4,3232
7784,2022-05-20 11:10:45.386061,4,2734
7785,2022-05-20 16:17:34.528508,4,1943
7786,2022-05-20 12:26:51.586644,4,3153
7787,2022-05-20 13:14:11.349273,4,2008
7788,2022-05-20 12:58:42.799604,4,3240
7789,2022-05-20 13:14:45.384325,4,1931
7790,2022-05-20 22:45:14.635610,4,2512
7791,2022-05-20 17:05:27.400047,4,3008
7792,2022-05-20 17:07:03.537411,4,2970
7793,2022-05-20 17:49:46.393666,4,3241
7794,2022-05-20 17:55:28.869414,4,3115
7795,2022-05-20 18:11:37.010978,4,3242
7796,2022-05-20 20:06:46.471259,4,206
7797,2022-05-20 22:00:09.569453,4,121
7798,2022-05-20 21:37:16.790959,4,2961
7799,2022-05-20 23:31:32.442125,4,3137
7800,2022-05-21 04:01:41.250991,4,2923
7801,2022-05-21 13:00:46.386768,4,2960
7802,2022-05-21 11:24:48.925412,4,2970
7803,2022-05-21 09:38:15.092577,4,3243
7804,2022-05-21 07:46:25.993897,4,3072
7805,2022-05-21 09:02:46.940430,4,3244
7806,2022-05-21 09:41:24.723193,4,2524
7807,2022-05-21 14:23:01.636325,4,2604
7808,2022-05-21 11:16:49.704312,4,3245
7809,2022-05-21 17:15:51.925569,4,2848
7810,2022-05-21 14:23:44.845196,4,3246
7811,2022-05-21 14:59:19.006851,4,3224
7812,2022-05-21 14:59:58.847726,4,2222
7813,2022-05-21 16:49:34.814293,4,3095
7814,2022-05-21 17:18:26.490220,4,265
7815,2022-05-21 17:17:46.759199,4,268
7816,2022-05-21 20:01:27.671732,4,3247
7817,2022-05-21 18:43:33.301061,4,206
7818,2022-05-21 20:26:50.523468,4,2924
7819,2022-05-21 19:45:24.948782,4,3248
7820,2022-05-21 20:52:47.551932,4,2796
7821,2022-05-21 19:48:06.897807,4,1972
7822,2022-05-21 21:00:48.224354,4,3049
7823,2022-05-21 21:12:12.300108,4,3170
7824,2022-05-21 21:33:26.008914,4,2918
7825,2022-05-21 21:54:38.965243,4,2776
7826,2022-05-21 22:00:10.887849,4,121
7827,2022-05-21 22:19:29.460282,4,3249
7828,2022-05-21 23:30:10.122080,4,185
7829,2022-05-22 01:57:25.834181,4,1126
7830,2022-05-22 10:27:23.534483,4,3250
7831,2022-05-22 05:04:45.690446,4,2970
7832,2022-05-22 05:58:47.727081,4,2733
7833,2022-05-22 05:30:46.648077,4,2960
7834,2022-05-22 09:02:17.870596,4,3251
7835,2022-05-22 17:03:57.444677,4,3135
7836,2022-05-22 06:33:29.564512,4,220
7837,2022-05-22 16:48:28.333367,4,2796
7838,2022-05-22 20:44:51.119370,4,2924
7839,2022-05-22 07:39:41.509779,4,265
7840,2022-05-22 07:30:22.585591,4,3077
7841,2022-05-22 08:08:19.607878,4,185
7842,2022-05-22 20:21:11.390049,4,3252
7843,2022-05-22 13:20:07.584652,4,3243
7844,2022-05-22 15:47:26.038585,4,3158
7845,2022-05-22 17:46:58.844906,4,3253
7846,2022-05-22 08:58:06.686295,4,3254
7847,2022-05-22 10:55:15.629726,4,2524
7848,2022-05-22 10:55:30.208284,4,3255
7849,2022-05-22 09:20:57.727914,4,2734
7850,2022-05-22 09:40:53.951115,4,2848
7851,2022-05-22 10:02:15.408866,4,3163
7852,2022-05-22 13:53:51.705621,4,3247
7853,2022-05-22 10:23:31.767698,4,3023
7854,2022-05-22 12:24:21.592439,4,3256
7855,2022-05-22 17:25:32.723037,4,3257
7856,2022-05-22 13:36:51.356921,4,2604
7857,2022-05-22 15:26:38.460628,4,63
7858,2022-05-22 15:50:04.221105,4,3258
7859,2022-05-22 16:06:38.593698,4,3260
7860,2022-05-22 16:49:32.755930,4,3008
7861,2022-05-22 19:24:47.886387,4,3157
7862,2022-05-22 19:36:28.560423,4,1495
7863,2022-05-22 17:18:08.937824,4,3150
7864,2022-05-22 17:37:03.669848,4,3261
7865,2022-05-22 17:25:54.400060,4,3012
7866,2022-05-22 18:46:58.700852,4,505
7867,2022-05-22 17:52:50.851010,4,3263
7868,2022-05-22 18:43:50.905307,4,3262
7869,2022-05-22 23:55:44.972296,4,839
7870,2022-05-22 18:47:38.038630,4,3264
7871,2022-05-22 19:51:47.924000,4,2776
7872,2022-05-22 19:16:17.179686,4,2961
7873,2022-05-22 19:45:07.287779,4,3265
7874,2022-05-22 22:00:10.433022,4,121
7875,2022-05-22 21:14:19.017393,4,2186
7876,2022-05-22 20:13:56.100372,4,589
7877,2022-05-22 21:37:21.660134,4,3266
7878,2022-05-22 21:58:18.684554,4,3267
7879,2022-05-23 01:02:29.371287,4,839
7880,2022-05-23 10:25:15.272539,4,3257
7881,2022-05-23 18:04:59.446683,4,2960
7882,2022-05-23 15:43:07.170770,4,2604
7883,2022-05-23 17:46:52.924164,4,265
7884,2022-05-23 20:17:26.770433,4,2796
7885,2022-05-23 07:51:27.814323,4,649
7886,2022-05-23 06:38:26.456068,4,3021
7887,2022-05-23 20:23:46.744747,4,2924
7888,2022-05-23 09:18:11.441053,4,258
7889,2022-05-23 19:33:03.637606,4,3252
7890,2022-05-23 07:51:11.629384,4,3268
7891,2022-05-23 09:17:01.003501,4,3046
7892,2022-05-23 08:42:50.719277,4,3095
7893,2022-05-23 09:16:21.330868,4,3267
7894,2022-05-23 15:33:59.460185,4,3062
7895,2022-05-23 15:36:20.850983,4,185
7896,2022-05-23 10:07:48.531482,4,3049
7897,2022-05-23 10:30:56.740124,4,589
7898,2022-05-23 11:51:37.916990,4,3193
7899,2022-05-23 11:58:51.001441,4,3010
7900,2022-05-23 13:52:08.729460,4,3269
7901,2022-05-23 12:35:38.570528,4,3183
7902,2022-05-23 15:29:09.334888,4,63
7903,2022-05-23 14:32:00.958097,4,3255
7904,2022-05-23 13:09:52.548063,4,1093
7905,2022-05-23 13:15:46.419608,4,2923
7906,2022-05-23 18:45:42.258469,4,3157
7907,2022-05-23 13:35:53.499276,4,3270
7908,2022-05-23 13:56:49.471711,4,1943
7909,2022-05-23 15:05:51.188031,4,3251
7910,2022-05-23 15:04:03.692398,4,2683
7911,2022-05-23 14:17:27.243194,4,3147
7912,2022-05-23 16:17:21.892238,4,157
7913,2022-05-23 14:29:40.093951,4,3186
7914,2022-05-23 21:16:20.903577,4,3271
7915,2022-05-23 15:47:30.794966,4,2848
7916,2022-05-23 15:33:40.988026,4,2186
7917,2022-05-23 15:39:33.375544,4,3272
7918,2022-05-23 15:57:51.699472,4,3273
7919,2022-05-23 16:05:23.847626,4,3265
7920,2022-05-23 16:53:56.477909,4,3274
7921,2022-05-23 17:20:06.722837,4,502
7922,2022-05-23 17:26:42.662670,4,2524
7923,2022-05-23 17:54:21.544462,4,2862
7924,2022-05-23 18:05:39.976218,4,3275
7925,2022-05-23 18:41:12.730278,4,2353
7926,2022-05-23 18:29:10.387223,4,50
7927,2022-05-23 19:15:35.781966,4,206
7928,2022-05-23 19:28:58.437747,4,3067
7929,2022-05-23 19:47:59.703474,4,345
7930,2022-05-23 20:41:50.753331,4,2779
7931,2022-05-23 21:34:50.072584,4,2512
7932,2022-05-23 22:00:12.046345,4,121
7933,2022-05-23 22:44:21.721871,4,3220
7934,2022-05-24 01:24:54.746935,4,3274
7935,2022-05-24 02:17:45.542759,4,2594
7936,2022-05-24 19:11:16.513547,4,3243
7937,2022-05-24 12:49:16.644675,4,3269
7938,2022-05-24 18:02:41.543375,4,3257
7939,2022-05-24 04:51:21.288538,4,345
7940,2022-05-24 19:03:54.891711,4,2524
7941,2022-05-24 05:43:59.708270,4,3271
7942,2022-05-24 07:03:58.291952,4,2923
7943,2022-05-24 19:59:08.279527,4,2796
7944,2022-05-24 07:14:29.790912,4,649
7945,2022-05-24 13:36:13.551344,4,2604
7946,2022-05-24 05:53:14.328222,4,3276
7947,2022-05-24 19:53:56.432659,4,2924
7948,2022-05-24 12:15:06.313155,4,2960
7949,2022-05-24 15:51:14.188339,4,206
7950,2022-05-24 06:29:07.338141,4,50
7951,2022-05-24 16:14:04.259505,4,2848
7952,2022-05-24 06:59:08.038184,4,3143
7953,2022-05-24 07:29:18.027728,4,3265
7954,2022-05-24 07:39:23.005692,4,3278
7955,2022-05-24 16:37:29.622005,4,2512
7956,2022-05-24 08:06:49.147855,4,3268
7957,2022-05-24 08:27:43.331159,4,3279
7958,2022-05-24 09:05:00.132475,4,3280
7959,2022-05-24 16:09:18.710767,4,3281
7960,2022-05-24 09:18:13.368786,4,3095
7961,2022-05-24 10:08:34.138446,4,2970
7962,2022-05-24 21:51:54.029027,4,839
7963,2022-05-24 09:26:43.890717,4,1185
7964,2022-05-24 09:26:49.830222,4,3282
7965,2022-05-24 09:46:18.169574,4,3183
7966,2022-05-24 19:47:09.101859,4,3252
7967,2022-05-24 10:06:05.105901,4,185
7968,2022-05-24 19:22:16.092083,4,3283
7969,2022-05-24 10:44:12.030171,4,258
7970,2022-05-24 13:56:33.594410,4,3284
7971,2022-05-24 13:14:55.700405,4,2931
7972,2022-05-24 20:20:28.430600,4,1093
7973,2022-05-24 14:19:52.645997,4,3062
7974,2022-05-24 18:19:17.913556,4,3285
7975,2022-05-24 13:36:44.640399,4,589
7976,2022-05-24 13:53:21.865795,4,3286
7977,2022-05-24 16:24:00.398770,4,3287
7978,2022-05-24 14:46:59.177417,4,2733
7979,2022-05-24 15:08:18.079388,4,3288
7980,2022-05-24 16:42:35.994991,4,63
7981,2022-05-24 16:29:29.292772,4,3289
7982,2022-05-24 16:11:21.405846,4,2687
7983,2022-05-24 16:11:52.825210,4,3135
7984,2022-05-24 16:29:22.467874,4,3275
7985,2022-05-24 20:10:44.898081,4,3290
7986,2022-05-24 17:20:04.567735,4,3291
7987,2022-05-24 17:26:01.093432,4,3189
7988,2022-05-24 23:10:52.682532,4,3292
7989,2022-05-24 18:30:24.725397,4,3209
7990,2022-05-24 18:49:22.758974,4,3157
7991,2022-05-24 20:25:00.557579,4,3261
7992,2022-05-24 20:22:12.811344,4,3293
7993,2022-05-24 20:30:49.899845,4,3294
7994,2022-05-24 21:11:10.407605,4,2961
7995,2022-05-24 22:00:12.178406,4,121
